case,heads,stage,count,type,gx,gy,gz,bx,by,bz,dynamic_shared,registers,static_shared,local_bytes,max_ctas_per_sm,kernel
equal_n1,12,other,10,0,192,1,1,128,1,1,0,20,0,0,16,_ZN2at6native18elementwise_kernelILi128ELi4EZNS0_22gpu_kernel_impl_nocastIZZZNS0_23direct_copy_kernel_cudaERNS_18TensorIteratorBaseEENKUlvE1_clEvENKUlvE10_clEvEUlN3c108BFloat16EE_EEvS4_RKT_EUliE_EEviT1_
equal_n1,12,k1,10,0,512,12,1,256,1,1,21248,32,0,0,8,_Z22_flash_kda_fwd_prepareIN4cute9TiledCopyINS0_9Copy_AtomIJNS0_11Copy_TraitsINS0_13SM90_TMA_LOADEJNS0_1CILi32768EEENS0_12AuxTmaParamsINS0_5tupleIJNS0_11ScaledBasisINS5_ILi1EEEJLi2EEEENS9_ISA_JLi1EEEENS9_IiJLi0EEEEEEERKNS0_6LayoutINS8_IJNS5_ILi128EEENS5_ILi16EEESA_EEENS8_IJSB_SC_NS9_ISA_JLi0EEEEEEEEERKNS0_7SwizzleILi0ELi4ELi3EEEEEEEEN7cutlass10bfloat16_tEEEENSF_INS8_IJSA_NS8_IJNS8_IJNS8_IJSG_SH_EEESA_EEEEEEEEENS8_IJNS5_ILi0EEENS8_IJNS8_IJNS8_IJSH_SA_EEES11_EEEEEEEEEEENS8_IJSA_SH_SG_EEEEES18_NS1_INS2_IJNS3_IS4_JNS5_ILi512EEENS7_INS8_IJSJ_EEERKNSF_INS8_IJNS5_ILi32EEEEEES1A_EESR_EEEEESV_EEENSF_INS8_IJSA_NS8_IJNS8_IJS1B_SA_EEEEEEEEENS8_IJS11_NS8_IJNS8_IJSA_S11_EEEEEEEEEEES1C_EES18_NS1_INS2_IJNS3_IS4_JNS5_ILi4096EEENS7_INS8_IJSC_SJ_EEERKNSF_INS8_IJSG_SA_EEES1S_EESR_EEEEEfEEENSF_INS8_IJSA_NS8_IJS1T_EEEEEES1O_EENS8_IJSA_SG_EEEEENS1_INS2_IJNS3_INS0_14SM90_TMA_STOREEJNS5_ILi2048EEENS7_ISK_RKNSF_INS8_IJNS5_ILi8EEESH_SA_EEESK_EESR_EEEEESV_EEENSF_INS8_IJSA_NS8_IJNS8_IJNS8_IJS27_SH_EEESH_EEEEEEEEENS8_IJS11_NS8_IJNS8_IJS12_SG_EEEEEEEEEEES17_EES2N_S2N_NS1_INS2_IJNS3_IS25_JS1R_S1X_EEEfEEES22_S23_EENS1_IS2E_NSF_INS8_IJSA_NS8_IJNS8_IJS2F_NS5_ILi2EEEEEEEEEEEES2L_EENS8_IJSA_SH_SH_EEEEES2X_Li16ELi128ELi256ELb0EEvT_T0_T1_T2_T3_T4_T5_T6_T7_T8_T9_fiiiPKliPKffPKi
equal_n1,12,k2,10,0,1,12,1,192,1,1,98432,73,0,0,2,_Z25_flash_kda_fwd_recurrenceIN4cute9TiledCopyINS0_9Copy_AtomIJNS0_11Copy_TraitsINS0_13SM90_TMA_LOADEJNS0_1CILi2048EEENS0_12AuxTmaParamsINS0_5tupleIJNS0_11ScaledBasisINS5_ILi1EEEJLi2EEEENS9_ISA_JLi1EEEENS9_IiJLi0EEEEEEERKNS0_6LayoutINS8_IJNS5_ILi8EEENS5_ILi16EEESA_EEENS8_IJSB_SC_NS9_ISA_JLi0EEEEEEEEERKNS0_7SwizzleILi0ELi4ELi3EEEEEEEEN7cutlass10bfloat16_tEEEENSF_INS8_IJSA_NS8_IJNS8_IJNS8_IJSG_SH_EEESH_EEEEEEEEENS8_IJNS5_ILi0EEENS8_IJNS8_IJNS8_IJSH_SA_EEENS5_ILi128EEEEEEEEEEEEEENS8_IJSA_SH_S13_EEEEENS1_INS2_IJNS3_IS4_JNS5_ILi512EEENS7_INS8_IJSJ_EEERKNSF_INS8_IJNS5_ILi32EEEEEES1B_EESR_EEEEESV_EEENSF_INS8_IJSA_NS8_IJNS8_IJS1C_SA_EEEEEEEEENS8_IJS11_NS8_IJNS8_IJSA_S11_EEEEEEEEEEES1D_EENS1_INS2_IJNS3_IS4_JS6_NS7_ISK_SN_SR_EEEEESV_EEES17_S18_EES1V_S1V_NS1_INS2_IJNS3_IS4_JNS5_ILi4096EEENS7_INS8_IJSC_SJ_EEERKNSF_INS8_IJS13_SA_EEES1X_EESR_EEEEEfEEENSF_INS8_IJSA_NS8_IJS1Y_EEEEEES1P_EENS8_IJSA_S13_EEEEENS1_IS1U_NSF_INS8_IJSA_NS8_IJNS8_IJSX_NS5_ILi2EEEEEEEEEEEES16_EENS8_IJSA_SH_SH_EEEEES2G_NS1_INS2_IJNS3_IS4_JNS5_ILi16384EEENS7_ISK_RKNSF_INS8_IJSG_S13_SA_EEESK_EESR_EEEEESV_EEENSF_INS8_IJSA_NS8_IJNS8_IJNS8_IJSG_S13_EEESH_EEEEEEEEENS8_IJS11_NS8_IJNS8_IJS1Y_NS5_ILi1024EEEEEEEEEEEEEENS8_IJSA_S13_S13_EEEEENS1_INS2_IJNS3_INS0_14SM90_TMA_STOREEJS2H_S2M_EEESV_EEES2X_S2Y_EENS1_INS2_IJNS3_IS30_JS6_SS_EEESV_EEES17_S18_EELi16ELi128ELi3ELi2ELi192ELb1ELb1ELb0ELb0EEvT_T0_T1_T2_T3_T4_T5_T6_T7_T8_T9_PSV_iiiPKli
equal_n2,12,other,10,0,192,1,1,128,1,1,0,20,0,0,16,_ZN2at6native18elementwise_kernelILi128ELi4EZNS0_22gpu_kernel_impl_nocastIZZZNS0_23direct_copy_kernel_cudaERNS_18TensorIteratorBaseEENKUlvE1_clEvENKUlvE10_clEvEUlN3c108BFloat16EE_EEvS4_RKT_EUliE_EEviT1_
equal_n2,12,k1,10,0,512,12,1,256,1,1,21248,32,0,0,8,_Z22_flash_kda_fwd_prepareIN4cute9TiledCopyINS0_9Copy_AtomIJNS0_11Copy_TraitsINS0_13SM90_TMA_LOADEJNS0_1CILi32768EEENS0_12AuxTmaParamsINS0_5tupleIJNS0_11ScaledBasisINS5_ILi1EEEJLi2EEEENS9_ISA_JLi1EEEENS9_IiJLi0EEEEEEERKNS0_6LayoutINS8_IJNS5_ILi128EEENS5_ILi16EEESA_EEENS8_IJSB_SC_NS9_ISA_JLi0EEEEEEEEERKNS0_7SwizzleILi0ELi4ELi3EEEEEEEEN7cutlass10bfloat16_tEEEENSF_INS8_IJSA_NS8_IJNS8_IJNS8_IJSG_SH_EEESA_EEEEEEEEENS8_IJNS5_ILi0EEENS8_IJNS8_IJNS8_IJSH_SA_EEES11_EEEEEEEEEEENS8_IJSA_SH_SG_EEEEES18_NS1_INS2_IJNS3_IS4_JNS5_ILi512EEENS7_INS8_IJSJ_EEERKNSF_INS8_IJNS5_ILi32EEEEEES1A_EESR_EEEEESV_EEENSF_INS8_IJSA_NS8_IJNS8_IJS1B_SA_EEEEEEEEENS8_IJS11_NS8_IJNS8_IJSA_S11_EEEEEEEEEEES1C_EES18_NS1_INS2_IJNS3_IS4_JNS5_ILi4096EEENS7_INS8_IJSC_SJ_EEERKNSF_INS8_IJSG_SA_EEES1S_EESR_EEEEEfEEENSF_INS8_IJSA_NS8_IJS1T_EEEEEES1O_EENS8_IJSA_SG_EEEEENS1_INS2_IJNS3_INS0_14SM90_TMA_STOREEJNS5_ILi2048EEENS7_ISK_RKNSF_INS8_IJNS5_ILi8EEESH_SA_EEESK_EESR_EEEEESV_EEENSF_INS8_IJSA_NS8_IJNS8_IJNS8_IJS27_SH_EEESH_EEEEEEEEENS8_IJS11_NS8_IJNS8_IJS12_SG_EEEEEEEEEEES17_EES2N_S2N_NS1_INS2_IJNS3_IS25_JS1R_S1X_EEEfEEES22_S23_EENS1_IS2E_NSF_INS8_IJSA_NS8_IJNS8_IJS2F_NS5_ILi2EEEEEEEEEEEES2L_EENS8_IJSA_SH_SH_EEEEES2X_Li16ELi128ELi256ELb0EEvT_T0_T1_T2_T3_T4_T5_T6_T7_T8_T9_fiiiPKliPKffPKi
equal_n2,12,k2,10,0,2,12,1,192,1,1,98432,73,0,0,2,_Z25_flash_kda_fwd_recurrenceIN4cute9TiledCopyINS0_9Copy_AtomIJNS0_11Copy_TraitsINS0_13SM90_TMA_LOADEJNS0_1CILi2048EEENS0_12AuxTmaParamsINS0_5tupleIJNS0_11ScaledBasisINS5_ILi1EEEJLi2EEEENS9_ISA_JLi1EEEENS9_IiJLi0EEEEEEERKNS0_6LayoutINS8_IJNS5_ILi8EEENS5_ILi16EEESA_EEENS8_IJSB_SC_NS9_ISA_JLi0EEEEEEEEERKNS0_7SwizzleILi0ELi4ELi3EEEEEEEEN7cutlass10bfloat16_tEEEENSF_INS8_IJSA_NS8_IJNS8_IJNS8_IJSG_SH_EEESH_EEEEEEEEENS8_IJNS5_ILi0EEENS8_IJNS8_IJNS8_IJSH_SA_EEENS5_ILi128EEEEEEEEEEEEEENS8_IJSA_SH_S13_EEEEENS1_INS2_IJNS3_IS4_JNS5_ILi512EEENS7_INS8_IJSJ_EEERKNSF_INS8_IJNS5_ILi32EEEEEES1B_EESR_EEEEESV_EEENSF_INS8_IJSA_NS8_IJNS8_IJS1C_SA_EEEEEEEEENS8_IJS11_NS8_IJNS8_IJSA_S11_EEEEEEEEEEES1D_EENS1_INS2_IJNS3_IS4_JS6_NS7_ISK_SN_SR_EEEEESV_EEES17_S18_EES1V_S1V_NS1_INS2_IJNS3_IS4_JNS5_ILi4096EEENS7_INS8_IJSC_SJ_EEERKNSF_INS8_IJS13_SA_EEES1X_EESR_EEEEEfEEENSF_INS8_IJSA_NS8_IJS1Y_EEEEEES1P_EENS8_IJSA_S13_EEEEENS1_IS1U_NSF_INS8_IJSA_NS8_IJNS8_IJSX_NS5_ILi2EEEEEEEEEEEES16_EENS8_IJSA_SH_SH_EEEEES2G_NS1_INS2_IJNS3_IS4_JNS5_ILi16384EEENS7_ISK_RKNSF_INS8_IJSG_S13_SA_EEESK_EESR_EEEEESV_EEENSF_INS8_IJSA_NS8_IJNS8_IJNS8_IJSG_S13_EEESH_EEEEEEEEENS8_IJS11_NS8_IJNS8_IJS1Y_NS5_ILi1024EEEEEEEEEEEEEENS8_IJSA_S13_S13_EEEEENS1_INS2_IJNS3_INS0_14SM90_TMA_STOREEJS2H_S2M_EEESV_EEES2X_S2Y_EENS1_INS2_IJNS3_IS30_JS6_SS_EEESV_EEES17_S18_EELi16ELi128ELi3ELi2ELi192ELb1ELb1ELb0ELb0EEvT_T0_T1_T2_T3_T4_T5_T6_T7_T8_T9_PSV_iiiPKli
equal_n4,12,other,10,0,192,1,1,128,1,1,0,20,0,0,16,_ZN2at6native18elementwise_kernelILi128ELi4EZNS0_22gpu_kernel_impl_nocastIZZZNS0_23direct_copy_kernel_cudaERNS_18TensorIteratorBaseEENKUlvE1_clEvENKUlvE10_clEvEUlN3c108BFloat16EE_EEvS4_RKT_EUliE_EEviT1_
equal_n4,12,k1,10,0,512,12,1,256,1,1,21248,32,0,0,8,_Z22_flash_kda_fwd_prepareIN4cute9TiledCopyINS0_9Copy_AtomIJNS0_11Copy_TraitsINS0_13SM90_TMA_LOADEJNS0_1CILi32768EEENS0_12AuxTmaParamsINS0_5tupleIJNS0_11ScaledBasisINS5_ILi1EEEJLi2EEEENS9_ISA_JLi1EEEENS9_IiJLi0EEEEEEERKNS0_6LayoutINS8_IJNS5_ILi128EEENS5_ILi16EEESA_EEENS8_IJSB_SC_NS9_ISA_JLi0EEEEEEEEERKNS0_7SwizzleILi0ELi4ELi3EEEEEEEEN7cutlass10bfloat16_tEEEENSF_INS8_IJSA_NS8_IJNS8_IJNS8_IJSG_SH_EEESA_EEEEEEEEENS8_IJNS5_ILi0EEENS8_IJNS8_IJNS8_IJSH_SA_EEES11_EEEEEEEEEEENS8_IJSA_SH_SG_EEEEES18_NS1_INS2_IJNS3_IS4_JNS5_ILi512EEENS7_INS8_IJSJ_EEERKNSF_INS8_IJNS5_ILi32EEEEEES1A_EESR_EEEEESV_EEENSF_INS8_IJSA_NS8_IJNS8_IJS1B_SA_EEEEEEEEENS8_IJS11_NS8_IJNS8_IJSA_S11_EEEEEEEEEEES1C_EES18_NS1_INS2_IJNS3_IS4_JNS5_ILi4096EEENS7_INS8_IJSC_SJ_EEERKNSF_INS8_IJSG_SA_EEES1S_EESR_EEEEEfEEENSF_INS8_IJSA_NS8_IJS1T_EEEEEES1O_EENS8_IJSA_SG_EEEEENS1_INS2_IJNS3_INS0_14SM90_TMA_STOREEJNS5_ILi2048EEENS7_ISK_RKNSF_INS8_IJNS5_ILi8EEESH_SA_EEESK_EESR_EEEEESV_EEENSF_INS8_IJSA_NS8_IJNS8_IJNS8_IJS27_SH_EEESH_EEEEEEEEENS8_IJS11_NS8_IJNS8_IJS12_SG_EEEEEEEEEEES17_EES2N_S2N_NS1_INS2_IJNS3_IS25_JS1R_S1X_EEEfEEES22_S23_EENS1_IS2E_NSF_INS8_IJSA_NS8_IJNS8_IJS2F_NS5_ILi2EEEEEEEEEEEES2L_EENS8_IJSA_SH_SH_EEEEES2X_Li16ELi128ELi256ELb0EEvT_T0_T1_T2_T3_T4_T5_T6_T7_T8_T9_fiiiPKliPKffPKi
equal_n4,12,k2,10,0,4,12,1,192,1,1,98432,73,0,0,2,_Z25_flash_kda_fwd_recurrenceIN4cute9TiledCopyINS0_9Copy_AtomIJNS0_11Copy_TraitsINS0_13SM90_TMA_LOADEJNS0_1CILi2048EEENS0_12AuxTmaParamsINS0_5tupleIJNS0_11ScaledBasisINS5_ILi1EEEJLi2EEEENS9_ISA_JLi1EEEENS9_IiJLi0EEEEEEERKNS0_6LayoutINS8_IJNS5_ILi8EEENS5_ILi16EEESA_EEENS8_IJSB_SC_NS9_ISA_JLi0EEEEEEEEERKNS0_7SwizzleILi0ELi4ELi3EEEEEEEEN7cutlass10bfloat16_tEEEENSF_INS8_IJSA_NS8_IJNS8_IJNS8_IJSG_SH_EEESH_EEEEEEEEENS8_IJNS5_ILi0EEENS8_IJNS8_IJNS8_IJSH_SA_EEENS5_ILi128EEEEEEEEEEEEEENS8_IJSA_SH_S13_EEEEENS1_INS2_IJNS3_IS4_JNS5_ILi512EEENS7_INS8_IJSJ_EEERKNSF_INS8_IJNS5_ILi32EEEEEES1B_EESR_EEEEESV_EEENSF_INS8_IJSA_NS8_IJNS8_IJS1C_SA_EEEEEEEEENS8_IJS11_NS8_IJNS8_IJSA_S11_EEEEEEEEEEES1D_EENS1_INS2_IJNS3_IS4_JS6_NS7_ISK_SN_SR_EEEEESV_EEES17_S18_EES1V_S1V_NS1_INS2_IJNS3_IS4_JNS5_ILi4096EEENS7_INS8_IJSC_SJ_EEERKNSF_INS8_IJS13_SA_EEES1X_EESR_EEEEEfEEENSF_INS8_IJSA_NS8_IJS1Y_EEEEEES1P_EENS8_IJSA_S13_EEEEENS1_IS1U_NSF_INS8_IJSA_NS8_IJNS8_IJSX_NS5_ILi2EEEEEEEEEEEES16_EENS8_IJSA_SH_SH_EEEEES2G_NS1_INS2_IJNS3_IS4_JNS5_ILi16384EEENS7_ISK_RKNSF_INS8_IJSG_S13_SA_EEESK_EESR_EEEEESV_EEENSF_INS8_IJSA_NS8_IJNS8_IJNS8_IJSG_S13_EEESH_EEEEEEEEENS8_IJS11_NS8_IJNS8_IJS1Y_NS5_ILi1024EEEEEEEEEEEEEENS8_IJSA_S13_S13_EEEEENS1_INS2_IJNS3_INS0_14SM90_TMA_STOREEJS2H_S2M_EEESV_EEES2X_S2Y_EENS1_INS2_IJNS3_IS30_JS6_SS_EEESV_EEES17_S18_EELi16ELi128ELi3ELi2ELi192ELb1ELb1ELb0ELb0EEvT_T0_T1_T2_T3_T4_T5_T6_T7_T8_T9_PSV_iiiPKli
equal_n8,12,other,10,0,192,1,1,128,1,1,0,20,0,0,16,_ZN2at6native18elementwise_kernelILi128ELi4EZNS0_22gpu_kernel_impl_nocastIZZZNS0_23direct_copy_kernel_cudaERNS_18TensorIteratorBaseEENKUlvE1_clEvENKUlvE10_clEvEUlN3c108BFloat16EE_EEvS4_RKT_EUliE_EEviT1_
equal_n8,12,k1,10,0,512,12,1,256,1,1,21248,32,0,0,8,_Z22_flash_kda_fwd_prepareIN4cute9TiledCopyINS0_9Copy_AtomIJNS0_11Copy_TraitsINS0_13SM90_TMA_LOADEJNS0_1CILi32768EEENS0_12AuxTmaParamsINS0_5tupleIJNS0_11ScaledBasisINS5_ILi1EEEJLi2EEEENS9_ISA_JLi1EEEENS9_IiJLi0EEEEEEERKNS0_6LayoutINS8_IJNS5_ILi128EEENS5_ILi16EEESA_EEENS8_IJSB_SC_NS9_ISA_JLi0EEEEEEEEERKNS0_7SwizzleILi0ELi4ELi3EEEEEEEEN7cutlass10bfloat16_tEEEENSF_INS8_IJSA_NS8_IJNS8_IJNS8_IJSG_SH_EEESA_EEEEEEEEENS8_IJNS5_ILi0EEENS8_IJNS8_IJNS8_IJSH_SA_EEES11_EEEEEEEEEEENS8_IJSA_SH_SG_EEEEES18_NS1_INS2_IJNS3_IS4_JNS5_ILi512EEENS7_INS8_IJSJ_EEERKNSF_INS8_IJNS5_ILi32EEEEEES1A_EESR_EEEEESV_EEENSF_INS8_IJSA_NS8_IJNS8_IJS1B_SA_EEEEEEEEENS8_IJS11_NS8_IJNS8_IJSA_S11_EEEEEEEEEEES1C_EES18_NS1_INS2_IJNS3_IS4_JNS5_ILi4096EEENS7_INS8_IJSC_SJ_EEERKNSF_INS8_IJSG_SA_EEES1S_EESR_EEEEEfEEENSF_INS8_IJSA_NS8_IJS1T_EEEEEES1O_EENS8_IJSA_SG_EEEEENS1_INS2_IJNS3_INS0_14SM90_TMA_STOREEJNS5_ILi2048EEENS7_ISK_RKNSF_INS8_IJNS5_ILi8EEESH_SA_EEESK_EESR_EEEEESV_EEENSF_INS8_IJSA_NS8_IJNS8_IJNS8_IJS27_SH_EEESH_EEEEEEEEENS8_IJS11_NS8_IJNS8_IJS12_SG_EEEEEEEEEEES17_EES2N_S2N_NS1_INS2_IJNS3_IS25_JS1R_S1X_EEEfEEES22_S23_EENS1_IS2E_NSF_INS8_IJSA_NS8_IJNS8_IJS2F_NS5_ILi2EEEEEEEEEEEES2L_EENS8_IJSA_SH_SH_EEEEES2X_Li16ELi128ELi256ELb0EEvT_T0_T1_T2_T3_T4_T5_T6_T7_T8_T9_fiiiPKliPKffPKi
equal_n8,12,k2,10,0,8,12,1,192,1,1,98432,73,0,0,2,_Z25_flash_kda_fwd_recurrenceIN4cute9TiledCopyINS0_9Copy_AtomIJNS0_11Copy_TraitsINS0_13SM90_TMA_LOADEJNS0_1CILi2048EEENS0_12AuxTmaParamsINS0_5tupleIJNS0_11ScaledBasisINS5_ILi1EEEJLi2EEEENS9_ISA_JLi1EEEENS9_IiJLi0EEEEEEERKNS0_6LayoutINS8_IJNS5_ILi8EEENS5_ILi16EEESA_EEENS8_IJSB_SC_NS9_ISA_JLi0EEEEEEEEERKNS0_7SwizzleILi0ELi4ELi3EEEEEEEEN7cutlass10bfloat16_tEEEENSF_INS8_IJSA_NS8_IJNS8_IJNS8_IJSG_SH_EEESH_EEEEEEEEENS8_IJNS5_ILi0EEENS8_IJNS8_IJNS8_IJSH_SA_EEENS5_ILi128EEEEEEEEEEEEEENS8_IJSA_SH_S13_EEEEENS1_INS2_IJNS3_IS4_JNS5_ILi512EEENS7_INS8_IJSJ_EEERKNSF_INS8_IJNS5_ILi32EEEEEES1B_EESR_EEEEESV_EEENSF_INS8_IJSA_NS8_IJNS8_IJS1C_SA_EEEEEEEEENS8_IJS11_NS8_IJNS8_IJSA_S11_EEEEEEEEEEES1D_EENS1_INS2_IJNS3_IS4_JS6_NS7_ISK_SN_SR_EEEEESV_EEES17_S18_EES1V_S1V_NS1_INS2_IJNS3_IS4_JNS5_ILi4096EEENS7_INS8_IJSC_SJ_EEERKNSF_INS8_IJS13_SA_EEES1X_EESR_EEEEEfEEENSF_INS8_IJSA_NS8_IJS1Y_EEEEEES1P_EENS8_IJSA_S13_EEEEENS1_IS1U_NSF_INS8_IJSA_NS8_IJNS8_IJSX_NS5_ILi2EEEEEEEEEEEES16_EENS8_IJSA_SH_SH_EEEEES2G_NS1_INS2_IJNS3_IS4_JNS5_ILi16384EEENS7_ISK_RKNSF_INS8_IJSG_S13_SA_EEESK_EESR_EEEEESV_EEENSF_INS8_IJSA_NS8_IJNS8_IJNS8_IJSG_S13_EEESH_EEEEEEEEENS8_IJS11_NS8_IJNS8_IJS1Y_NS5_ILi1024EEEEEEEEEEEEEENS8_IJSA_S13_S13_EEEEENS1_INS2_IJNS3_INS0_14SM90_TMA_STOREEJS2H_S2M_EEESV_EEES2X_S2Y_EENS1_INS2_IJNS3_IS30_JS6_SS_EEESV_EEES17_S18_EELi16ELi128ELi3ELi2ELi192ELb1ELb1ELb0ELb0EEvT_T0_T1_T2_T3_T4_T5_T6_T7_T8_T9_PSV_iiiPKli
equal_n16,12,other,10,0,192,1,1,128,1,1,0,20,0,0,16,_ZN2at6native18elementwise_kernelILi128ELi4EZNS0_22gpu_kernel_impl_nocastIZZZNS0_23direct_copy_kernel_cudaERNS_18TensorIteratorBaseEENKUlvE1_clEvENKUlvE10_clEvEUlN3c108BFloat16EE_EEvS4_RKT_EUliE_EEviT1_
equal_n16,12,k1,10,0,512,12,1,256,1,1,21248,32,0,0,8,_Z22_flash_kda_fwd_prepareIN4cute9TiledCopyINS0_9Copy_AtomIJNS0_11Copy_TraitsINS0_13SM90_TMA_LOADEJNS0_1CILi32768EEENS0_12AuxTmaParamsINS0_5tupleIJNS0_11ScaledBasisINS5_ILi1EEEJLi2EEEENS9_ISA_JLi1EEEENS9_IiJLi0EEEEEEERKNS0_6LayoutINS8_IJNS5_ILi128EEENS5_ILi16EEESA_EEENS8_IJSB_SC_NS9_ISA_JLi0EEEEEEEEERKNS0_7SwizzleILi0ELi4ELi3EEEEEEEEN7cutlass10bfloat16_tEEEENSF_INS8_IJSA_NS8_IJNS8_IJNS8_IJSG_SH_EEESA_EEEEEEEEENS8_IJNS5_ILi0EEENS8_IJNS8_IJNS8_IJSH_SA_EEES11_EEEEEEEEEEENS8_IJSA_SH_SG_EEEEES18_NS1_INS2_IJNS3_IS4_JNS5_ILi512EEENS7_INS8_IJSJ_EEERKNSF_INS8_IJNS5_ILi32EEEEEES1A_EESR_EEEEESV_EEENSF_INS8_IJSA_NS8_IJNS8_IJS1B_SA_EEEEEEEEENS8_IJS11_NS8_IJNS8_IJSA_S11_EEEEEEEEEEES1C_EES18_NS1_INS2_IJNS3_IS4_JNS5_ILi4096EEENS7_INS8_IJSC_SJ_EEERKNSF_INS8_IJSG_SA_EEES1S_EESR_EEEEEfEEENSF_INS8_IJSA_NS8_IJS1T_EEEEEES1O_EENS8_IJSA_SG_EEEEENS1_INS2_IJNS3_INS0_14SM90_TMA_STOREEJNS5_ILi2048EEENS7_ISK_RKNSF_INS8_IJNS5_ILi8EEESH_SA_EEESK_EESR_EEEEESV_EEENSF_INS8_IJSA_NS8_IJNS8_IJNS8_IJS27_SH_EEESH_EEEEEEEEENS8_IJS11_NS8_IJNS8_IJS12_SG_EEEEEEEEEEES17_EES2N_S2N_NS1_INS2_IJNS3_IS25_JS1R_S1X_EEEfEEES22_S23_EENS1_IS2E_NSF_INS8_IJSA_NS8_IJNS8_IJS2F_NS5_ILi2EEEEEEEEEEEES2L_EENS8_IJSA_SH_SH_EEEEES2X_Li16ELi128ELi256ELb0EEvT_T0_T1_T2_T3_T4_T5_T6_T7_T8_T9_fiiiPKliPKffPKi
equal_n16,12,k2,10,0,16,12,1,192,1,1,98432,73,0,0,2,_Z25_flash_kda_fwd_recurrenceIN4cute9TiledCopyINS0_9Copy_AtomIJNS0_11Copy_TraitsINS0_13SM90_TMA_LOADEJNS0_1CILi2048EEENS0_12AuxTmaParamsINS0_5tupleIJNS0_11ScaledBasisINS5_ILi1EEEJLi2EEEENS9_ISA_JLi1EEEENS9_IiJLi0EEEEEEERKNS0_6LayoutINS8_IJNS5_ILi8EEENS5_ILi16EEESA_EEENS8_IJSB_SC_NS9_ISA_JLi0EEEEEEEEERKNS0_7SwizzleILi0ELi4ELi3EEEEEEEEN7cutlass10bfloat16_tEEEENSF_INS8_IJSA_NS8_IJNS8_IJNS8_IJSG_SH_EEESH_EEEEEEEEENS8_IJNS5_ILi0EEENS8_IJNS8_IJNS8_IJSH_SA_EEENS5_ILi128EEEEEEEEEEEEEENS8_IJSA_SH_S13_EEEEENS1_INS2_IJNS3_IS4_JNS5_ILi512EEENS7_INS8_IJSJ_EEERKNSF_INS8_IJNS5_ILi32EEEEEES1B_EESR_EEEEESV_EEENSF_INS8_IJSA_NS8_IJNS8_IJS1C_SA_EEEEEEEEENS8_IJS11_NS8_IJNS8_IJSA_S11_EEEEEEEEEEES1D_EENS1_INS2_IJNS3_IS4_JS6_NS7_ISK_SN_SR_EEEEESV_EEES17_S18_EES1V_S1V_NS1_INS2_IJNS3_IS4_JNS5_ILi4096EEENS7_INS8_IJSC_SJ_EEERKNSF_INS8_IJS13_SA_EEES1X_EESR_EEEEEfEEENSF_INS8_IJSA_NS8_IJS1Y_EEEEEES1P_EENS8_IJSA_S13_EEEEENS1_IS1U_NSF_INS8_IJSA_NS8_IJNS8_IJSX_NS5_ILi2EEEEEEEEEEEES16_EENS8_IJSA_SH_SH_EEEEES2G_NS1_INS2_IJNS3_IS4_JNS5_ILi16384EEENS7_ISK_RKNSF_INS8_IJSG_S13_SA_EEESK_EESR_EEEEESV_EEENSF_INS8_IJSA_NS8_IJNS8_IJNS8_IJSG_S13_EEESH_EEEEEEEEENS8_IJS11_NS8_IJNS8_IJS1Y_NS5_ILi1024EEEEEEEEEEEEEENS8_IJSA_S13_S13_EEEEENS1_INS2_IJNS3_INS0_14SM90_TMA_STOREEJS2H_S2M_EEESV_EEES2X_S2Y_EENS1_INS2_IJNS3_IS30_JS6_SS_EEESV_EEES17_S18_EELi16ELi128ELi3ELi2ELi192ELb1ELb1ELb0ELb0EEvT_T0_T1_T2_T3_T4_T5_T6_T7_T8_T9_PSV_iiiPKli
skew8,12,other,10,0,192,1,1,128,1,1,0,20,0,0,16,_ZN2at6native18elementwise_kernelILi128ELi4EZNS0_22gpu_kernel_impl_nocastIZZZNS0_23direct_copy_kernel_cudaERNS_18TensorIteratorBaseEENKUlvE1_clEvENKUlvE10_clEvEUlN3c108BFloat16EE_EEvS4_RKT_EUliE_EEviT1_
skew8,12,prefix,10,0,1,1,1,32,1,1,0,32,0,0,32,_Z28_flash_kda_build_tile_prefixPKliiPi
skew8,12,k1,10,0,520,12,1,256,1,1,21248,32,0,0,8,_Z22_flash_kda_fwd_prepareIN4cute9TiledCopyINS0_9Copy_AtomIJNS0_11Copy_TraitsINS0_13SM90_TMA_LOADEJNS0_1CILi32768EEENS0_12AuxTmaParamsINS0_5tupleIJNS0_11ScaledBasisINS5_ILi1EEEJLi2EEEENS9_ISA_JLi1EEEENS9_IiJLi0EEEEEEERKNS0_6LayoutINS8_IJNS5_ILi128EEENS5_ILi16EEESA_EEENS8_IJSB_SC_NS9_ISA_JLi0EEEEEEEEERKNS0_7SwizzleILi0ELi4ELi3EEEEEEEEN7cutlass10bfloat16_tEEEENSF_INS8_IJSA_NS8_IJNS8_IJNS8_IJSG_SH_EEESA_EEEEEEEEENS8_IJNS5_ILi0EEENS8_IJNS8_IJNS8_IJSH_SA_EEES11_EEEEEEEEEEENS8_IJSA_SH_SG_EEEEES18_NS1_INS2_IJNS3_IS4_JNS5_ILi512EEENS7_INS8_IJSJ_EEERKNSF_INS8_IJNS5_ILi32EEEEEES1A_EESR_EEEEESV_EEENSF_INS8_IJSA_NS8_IJNS8_IJS1B_SA_EEEEEEEEENS8_IJS11_NS8_IJNS8_IJSA_S11_EEEEEEEEEEES1C_EES18_NS1_INS2_IJNS3_IS4_JNS5_ILi4096EEENS7_INS8_IJSC_SJ_EEERKNSF_INS8_IJSG_SA_EEES1S_EESR_EEEEEfEEENSF_INS8_IJSA_NS8_IJS1T_EEEEEES1O_EENS8_IJSA_SG_EEEEENS1_INS2_IJNS3_INS0_14SM90_TMA_STOREEJNS5_ILi2048EEENS7_ISK_RKNSF_INS8_IJNS5_ILi8EEESH_SA_EEESK_EESR_EEEEESV_EEENSF_INS8_IJSA_NS8_IJNS8_IJNS8_IJS27_SH_EEESH_EEEEEEEEENS8_IJS11_NS8_IJNS8_IJS12_SG_EEEEEEEEEEES17_EES2N_S2N_NS1_INS2_IJNS3_IS25_JS1R_S1X_EEEfEEES22_S23_EENS1_IS2E_NSF_INS8_IJSA_NS8_IJNS8_IJS2F_NS5_ILi2EEEEEEEEEEEES2L_EENS8_IJSA_SH_SH_EEEEES2X_Li16ELi128ELi256ELb1EEvT_T0_T1_T2_T3_T4_T5_T6_T7_T8_T9_fiiiPKliPKffPKi
skew8,12,k2,10,0,8,12,1,192,1,1,98432,73,0,0,2,_Z25_flash_kda_fwd_recurrenceIN4cute9TiledCopyINS0_9Copy_AtomIJNS0_11Copy_TraitsINS0_13SM90_TMA_LOADEJNS0_1CILi2048EEENS0_12AuxTmaParamsINS0_5tupleIJNS0_11ScaledBasisINS5_ILi1EEEJLi2EEEENS9_ISA_JLi1EEEENS9_IiJLi0EEEEEEERKNS0_6LayoutINS8_IJNS5_ILi8EEENS5_ILi16EEESA_EEENS8_IJSB_SC_NS9_ISA_JLi0EEEEEEEEERKNS0_7SwizzleILi0ELi4ELi3EEEEEEEEN7cutlass10bfloat16_tEEEENSF_INS8_IJSA_NS8_IJNS8_IJNS8_IJSG_SH_EEESH_EEEEEEEEENS8_IJNS5_ILi0EEENS8_IJNS8_IJNS8_IJSH_SA_EEENS5_ILi128EEEEEEEEEEEEEENS8_IJSA_SH_S13_EEEEENS1_INS2_IJNS3_IS4_JNS5_ILi512EEENS7_INS8_IJSJ_EEERKNSF_INS8_IJNS5_ILi32EEEEEES1B_EESR_EEEEESV_EEENSF_INS8_IJSA_NS8_IJNS8_IJS1C_SA_EEEEEEEEENS8_IJS11_NS8_IJNS8_IJSA_S11_EEEEEEEEEEES1D_EENS1_INS2_IJNS3_IS4_JS6_NS7_ISK_SN_SR_EEEEESV_EEES17_S18_EES1V_S1V_NS1_INS2_IJNS3_IS4_JNS5_ILi4096EEENS7_INS8_IJSC_SJ_EEERKNSF_INS8_IJS13_SA_EEES1X_EESR_EEEEEfEEENSF_INS8_IJSA_NS8_IJS1Y_EEEEEES1P_EENS8_IJSA_S13_EEEEENS1_IS1U_NSF_INS8_IJSA_NS8_IJNS8_IJSX_NS5_ILi2EEEEEEEEEEEES16_EENS8_IJSA_SH_SH_EEEEES2G_NS1_INS2_IJNS3_IS4_JNS5_ILi16384EEENS7_ISK_RKNSF_INS8_IJSG_S13_SA_EEESK_EESR_EEEEESV_EEENSF_INS8_IJSA_NS8_IJNS8_IJNS8_IJSG_S13_EEESH_EEEEEEEEENS8_IJS11_NS8_IJNS8_IJS1Y_NS5_ILi1024EEEEEEEEEEEEEENS8_IJSA_S13_S13_EEEEENS1_INS2_IJNS3_INS0_14SM90_TMA_STOREEJS2H_S2M_EEESV_EEES2X_S2Y_EENS1_INS2_IJNS3_IS30_JS6_SS_EEESV_EEES17_S18_EELi16ELi128ELi3ELi2ELi192ELb1ELb1ELb0ELb1EEvT_T0_T1_T2_T3_T4_T5_T6_T7_T8_T9_PSV_iiiPKli
ragged6,12,other,10,0,192,1,1,128,1,1,0,20,0,0,16,_ZN2at6native18elementwise_kernelILi128ELi4EZNS0_22gpu_kernel_impl_nocastIZZZNS0_23direct_copy_kernel_cudaERNS_18TensorIteratorBaseEENKUlvE1_clEvENKUlvE10_clEvEUlN3c108BFloat16EE_EEvS4_RKT_EUliE_EEviT1_
ragged6,12,prefix,10,0,1,1,1,32,1,1,0,32,0,0,32,_Z28_flash_kda_build_tile_prefixPKliiPi
ragged6,12,k1,10,0,518,12,1,256,1,1,21248,32,0,0,8,_Z22_flash_kda_fwd_prepareIN4cute9TiledCopyINS0_9Copy_AtomIJNS0_11Copy_TraitsINS0_13SM90_TMA_LOADEJNS0_1CILi32768EEENS0_12AuxTmaParamsINS0_5tupleIJNS0_11ScaledBasisINS5_ILi1EEEJLi2EEEENS9_ISA_JLi1EEEENS9_IiJLi0EEEEEEERKNS0_6LayoutINS8_IJNS5_ILi128EEENS5_ILi16EEESA_EEENS8_IJSB_SC_NS9_ISA_JLi0EEEEEEEEERKNS0_7SwizzleILi0ELi4ELi3EEEEEEEEN7cutlass10bfloat16_tEEEENSF_INS8_IJSA_NS8_IJNS8_IJNS8_IJSG_SH_EEESA_EEEEEEEEENS8_IJNS5_ILi0EEENS8_IJNS8_IJNS8_IJSH_SA_EEES11_EEEEEEEEEEENS8_IJSA_SH_SG_EEEEES18_NS1_INS2_IJNS3_IS4_JNS5_ILi512EEENS7_INS8_IJSJ_EEERKNSF_INS8_IJNS5_ILi32EEEEEES1A_EESR_EEEEESV_EEENSF_INS8_IJSA_NS8_IJNS8_IJS1B_SA_EEEEEEEEENS8_IJS11_NS8_IJNS8_IJSA_S11_EEEEEEEEEEES1C_EES18_NS1_INS2_IJNS3_IS4_JNS5_ILi4096EEENS7_INS8_IJSC_SJ_EEERKNSF_INS8_IJSG_SA_EEES1S_EESR_EEEEEfEEENSF_INS8_IJSA_NS8_IJS1T_EEEEEES1O_EENS8_IJSA_SG_EEEEENS1_INS2_IJNS3_INS0_14SM90_TMA_STOREEJNS5_ILi2048EEENS7_ISK_RKNSF_INS8_IJNS5_ILi8EEESH_SA_EEESK_EESR_EEEEESV_EEENSF_INS8_IJSA_NS8_IJNS8_IJNS8_IJS27_SH_EEESH_EEEEEEEEENS8_IJS11_NS8_IJNS8_IJS12_SG_EEEEEEEEEEES17_EES2N_S2N_NS1_INS2_IJNS3_IS25_JS1R_S1X_EEEfEEES22_S23_EENS1_IS2E_NSF_INS8_IJSA_NS8_IJNS8_IJS2F_NS5_ILi2EEEEEEEEEEEES2L_EENS8_IJSA_SH_SH_EEEEES2X_Li16ELi128ELi256ELb1EEvT_T0_T1_T2_T3_T4_T5_T6_T7_T8_T9_fiiiPKliPKffPKi
ragged6,12,k2,10,0,6,12,1,192,1,1,98432,73,0,0,2,_Z25_flash_kda_fwd_recurrenceIN4cute9TiledCopyINS0_9Copy_AtomIJNS0_11Copy_TraitsINS0_13SM90_TMA_LOADEJNS0_1CILi2048EEENS0_12AuxTmaParamsINS0_5tupleIJNS0_11ScaledBasisINS5_ILi1EEEJLi2EEEENS9_ISA_JLi1EEEENS9_IiJLi0EEEEEEERKNS0_6LayoutINS8_IJNS5_ILi8EEENS5_ILi16EEESA_EEENS8_IJSB_SC_NS9_ISA_JLi0EEEEEEEEERKNS0_7SwizzleILi0ELi4ELi3EEEEEEEEN7cutlass10bfloat16_tEEEENSF_INS8_IJSA_NS8_IJNS8_IJNS8_IJSG_SH_EEESH_EEEEEEEEENS8_IJNS5_ILi0EEENS8_IJNS8_IJNS8_IJSH_SA_EEENS5_ILi128EEEEEEEEEEEEEENS8_IJSA_SH_S13_EEEEENS1_INS2_IJNS3_IS4_JNS5_ILi512EEENS7_INS8_IJSJ_EEERKNSF_INS8_IJNS5_ILi32EEEEEES1B_EESR_EEEEESV_EEENSF_INS8_IJSA_NS8_IJNS8_IJS1C_SA_EEEEEEEEENS8_IJS11_NS8_IJNS8_IJSA_S11_EEEEEEEEEEES1D_EENS1_INS2_IJNS3_IS4_JS6_NS7_ISK_SN_SR_EEEEESV_EEES17_S18_EES1V_S1V_NS1_INS2_IJNS3_IS4_JNS5_ILi4096EEENS7_INS8_IJSC_SJ_EEERKNSF_INS8_IJS13_SA_EEES1X_EESR_EEEEEfEEENSF_INS8_IJSA_NS8_IJS1Y_EEEEEES1P_EENS8_IJSA_S13_EEEEENS1_IS1U_NSF_INS8_IJSA_NS8_IJNS8_IJSX_NS5_ILi2EEEEEEEEEEEES16_EENS8_IJSA_SH_SH_EEEEES2G_NS1_INS2_IJNS3_IS4_JNS5_ILi16384EEENS7_ISK_RKNSF_INS8_IJSG_S13_SA_EEESK_EESR_EEEEESV_EEENSF_INS8_IJSA_NS8_IJNS8_IJNS8_IJSG_S13_EEESH_EEEEEEEEENS8_IJS11_NS8_IJNS8_IJS1Y_NS5_ILi1024EEEEEEEEEEEEEENS8_IJSA_S13_S13_EEEEENS1_INS2_IJNS3_INS0_14SM90_TMA_STOREEJS2H_S2M_EEESV_EEES2X_S2Y_EENS1_INS2_IJNS3_IS30_JS6_SS_EEESV_EEES17_S18_EELi16ELi128ELi3ELi2ELi192ELb1ELb1ELb0ELb1EEvT_T0_T1_T2_T3_T4_T5_T6_T7_T8_T9_PSV_iiiPKli
equal8_varlen,12,other,10,0,192,1,1,128,1,1,0,20,0,0,16,_ZN2at6native18elementwise_kernelILi128ELi4EZNS0_22gpu_kernel_impl_nocastIZZZNS0_23direct_copy_kernel_cudaERNS_18TensorIteratorBaseEENKUlvE1_clEvENKUlvE10_clEvEUlN3c108BFloat16EE_EEvS4_RKT_EUliE_EEviT1_
equal8_varlen,12,prefix,10,0,1,1,1,32,1,1,0,32,0,0,32,_Z28_flash_kda_build_tile_prefixPKliiPi
equal8_varlen,12,k1,10,0,520,12,1,256,1,1,21248,32,0,0,8,_Z22_flash_kda_fwd_prepareIN4cute9TiledCopyINS0_9Copy_AtomIJNS0_11Copy_TraitsINS0_13SM90_TMA_LOADEJNS0_1CILi32768EEENS0_12AuxTmaParamsINS0_5tupleIJNS0_11ScaledBasisINS5_ILi1EEEJLi2EEEENS9_ISA_JLi1EEEENS9_IiJLi0EEEEEEERKNS0_6LayoutINS8_IJNS5_ILi128EEENS5_ILi16EEESA_EEENS8_IJSB_SC_NS9_ISA_JLi0EEEEEEEEERKNS0_7SwizzleILi0ELi4ELi3EEEEEEEEN7cutlass10bfloat16_tEEEENSF_INS8_IJSA_NS8_IJNS8_IJNS8_IJSG_SH_EEESA_EEEEEEEEENS8_IJNS5_ILi0EEENS8_IJNS8_IJNS8_IJSH_SA_EEES11_EEEEEEEEEEENS8_IJSA_SH_SG_EEEEES18_NS1_INS2_IJNS3_IS4_JNS5_ILi512EEENS7_INS8_IJSJ_EEERKNSF_INS8_IJNS5_ILi32EEEEEES1A_EESR_EEEEESV_EEENSF_INS8_IJSA_NS8_IJNS8_IJS1B_SA_EEEEEEEEENS8_IJS11_NS8_IJNS8_IJSA_S11_EEEEEEEEEEES1C_EES18_NS1_INS2_IJNS3_IS4_JNS5_ILi4096EEENS7_INS8_IJSC_SJ_EEERKNSF_INS8_IJSG_SA_EEES1S_EESR_EEEEEfEEENSF_INS8_IJSA_NS8_IJS1T_EEEEEES1O_EENS8_IJSA_SG_EEEEENS1_INS2_IJNS3_INS0_14SM90_TMA_STOREEJNS5_ILi2048EEENS7_ISK_RKNSF_INS8_IJNS5_ILi8EEESH_SA_EEESK_EESR_EEEEESV_EEENSF_INS8_IJSA_NS8_IJNS8_IJNS8_IJS27_SH_EEESH_EEEEEEEEENS8_IJS11_NS8_IJNS8_IJS12_SG_EEEEEEEEEEES17_EES2N_S2N_NS1_INS2_IJNS3_IS25_JS1R_S1X_EEEfEEES22_S23_EENS1_IS2E_NSF_INS8_IJSA_NS8_IJNS8_IJS2F_NS5_ILi2EEEEEEEEEEEES2L_EENS8_IJSA_SH_SH_EEEEES2X_Li16ELi128ELi256ELb1EEvT_T0_T1_T2_T3_T4_T5_T6_T7_T8_T9_fiiiPKliPKffPKi
equal8_varlen,12,k2,10,0,8,12,1,192,1,1,98432,73,0,0,2,_Z25_flash_kda_fwd_recurrenceIN4cute9TiledCopyINS0_9Copy_AtomIJNS0_11Copy_TraitsINS0_13SM90_TMA_LOADEJNS0_1CILi2048EEENS0_12AuxTmaParamsINS0_5tupleIJNS0_11ScaledBasisINS5_ILi1EEEJLi2EEEENS9_ISA_JLi1EEEENS9_IiJLi0EEEEEEERKNS0_6LayoutINS8_IJNS5_ILi8EEENS5_ILi16EEESA_EEENS8_IJSB_SC_NS9_ISA_JLi0EEEEEEEEERKNS0_7SwizzleILi0ELi4ELi3EEEEEEEEN7cutlass10bfloat16_tEEEENSF_INS8_IJSA_NS8_IJNS8_IJNS8_IJSG_SH_EEESH_EEEEEEEEENS8_IJNS5_ILi0EEENS8_IJNS8_IJNS8_IJSH_SA_EEENS5_ILi128EEEEEEEEEEEEEENS8_IJSA_SH_S13_EEEEENS1_INS2_IJNS3_IS4_JNS5_ILi512EEENS7_INS8_IJSJ_EEERKNSF_INS8_IJNS5_ILi32EEEEEES1B_EESR_EEEEESV_EEENSF_INS8_IJSA_NS8_IJNS8_IJS1C_SA_EEEEEEEEENS8_IJS11_NS8_IJNS8_IJSA_S11_EEEEEEEEEEES1D_EENS1_INS2_IJNS3_IS4_JS6_NS7_ISK_SN_SR_EEEEESV_EEES17_S18_EES1V_S1V_NS1_INS2_IJNS3_IS4_JNS5_ILi4096EEENS7_INS8_IJSC_SJ_EEERKNSF_INS8_IJS13_SA_EEES1X_EESR_EEEEEfEEENSF_INS8_IJSA_NS8_IJS1Y_EEEEEES1P_EENS8_IJSA_S13_EEEEENS1_IS1U_NSF_INS8_IJSA_NS8_IJNS8_IJSX_NS5_ILi2EEEEEEEEEEEES16_EENS8_IJSA_SH_SH_EEEEES2G_NS1_INS2_IJNS3_IS4_JNS5_ILi16384EEENS7_ISK_RKNSF_INS8_IJSG_S13_SA_EEESK_EESR_EEEEESV_EEENSF_INS8_IJSA_NS8_IJNS8_IJNS8_IJSG_S13_EEESH_EEEEEEEEENS8_IJS11_NS8_IJNS8_IJS1Y_NS5_ILi1024EEEEEEEEEEEEEENS8_IJSA_S13_S13_EEEEENS1_INS2_IJNS3_INS0_14SM90_TMA_STOREEJS2H_S2M_EEESV_EEES2X_S2Y_EENS1_INS2_IJNS3_IS30_JS6_SS_EEESV_EEES17_S18_EELi16ELi128ELi3ELi2ELi192ELb1ELb1ELb0ELb1EEvT_T0_T1_T2_T3_T4_T5_T6_T7_T8_T9_PSV_iiiPKli
equal_n1,24,other,10,0,384,1,1,128,1,1,0,20,0,0,16,_ZN2at6native18elementwise_kernelILi128ELi4EZNS0_22gpu_kernel_impl_nocastIZZZNS0_23direct_copy_kernel_cudaERNS_18TensorIteratorBaseEENKUlvE1_clEvENKUlvE10_clEvEUlN3c108BFloat16EE_EEvS4_RKT_EUliE_EEviT1_
equal_n1,24,k1,10,0,512,24,1,256,1,1,21248,32,0,0,8,_Z22_flash_kda_fwd_prepareIN4cute9TiledCopyINS0_9Copy_AtomIJNS0_11Copy_TraitsINS0_13SM90_TMA_LOADEJNS0_1CILi32768EEENS0_12AuxTmaParamsINS0_5tupleIJNS0_11ScaledBasisINS5_ILi1EEEJLi2EEEENS9_ISA_JLi1EEEENS9_IiJLi0EEEEEEERKNS0_6LayoutINS8_IJNS5_ILi128EEENS5_ILi16EEESA_EEENS8_IJSB_SC_NS9_ISA_JLi0EEEEEEEEERKNS0_7SwizzleILi0ELi4ELi3EEEEEEEEN7cutlass10bfloat16_tEEEENSF_INS8_IJSA_NS8_IJNS8_IJNS8_IJSG_SH_EEESA_EEEEEEEEENS8_IJNS5_ILi0EEENS8_IJNS8_IJNS8_IJSH_SA_EEES11_EEEEEEEEEEENS8_IJSA_SH_SG_EEEEES18_NS1_INS2_IJNS3_IS4_JNS5_ILi512EEENS7_INS8_IJSJ_EEERKNSF_INS8_IJNS5_ILi32EEEEEES1A_EESR_EEEEESV_EEENSF_INS8_IJSA_NS8_IJNS8_IJS1B_SA_EEEEEEEEENS8_IJS11_NS8_IJNS8_IJSA_S11_EEEEEEEEEEES1C_EES18_NS1_INS2_IJNS3_IS4_JNS5_ILi4096EEENS7_INS8_IJSC_SJ_EEERKNSF_INS8_IJSG_SA_EEES1S_EESR_EEEEEfEEENSF_INS8_IJSA_NS8_IJS1T_EEEEEES1O_EENS8_IJSA_SG_EEEEENS1_INS2_IJNS3_INS0_14SM90_TMA_STOREEJNS5_ILi2048EEENS7_ISK_RKNSF_INS8_IJNS5_ILi8EEESH_SA_EEESK_EESR_EEEEESV_EEENSF_INS8_IJSA_NS8_IJNS8_IJNS8_IJS27_SH_EEESH_EEEEEEEEENS8_IJS11_NS8_IJNS8_IJS12_SG_EEEEEEEEEEES17_EES2N_S2N_NS1_INS2_IJNS3_IS25_JS1R_S1X_EEEfEEES22_S23_EENS1_IS2E_NSF_INS8_IJSA_NS8_IJNS8_IJS2F_NS5_ILi2EEEEEEEEEEEES2L_EENS8_IJSA_SH_SH_EEEEES2X_Li16ELi128ELi256ELb0EEvT_T0_T1_T2_T3_T4_T5_T6_T7_T8_T9_fiiiPKliPKffPKi
equal_n1,24,k2,10,0,1,24,1,192,1,1,98432,73,0,0,2,_Z25_flash_kda_fwd_recurrenceIN4cute9TiledCopyINS0_9Copy_AtomIJNS0_11Copy_TraitsINS0_13SM90_TMA_LOADEJNS0_1CILi2048EEENS0_12AuxTmaParamsINS0_5tupleIJNS0_11ScaledBasisINS5_ILi1EEEJLi2EEEENS9_ISA_JLi1EEEENS9_IiJLi0EEEEEEERKNS0_6LayoutINS8_IJNS5_ILi8EEENS5_ILi16EEESA_EEENS8_IJSB_SC_NS9_ISA_JLi0EEEEEEEEERKNS0_7SwizzleILi0ELi4ELi3EEEEEEEEN7cutlass10bfloat16_tEEEENSF_INS8_IJSA_NS8_IJNS8_IJNS8_IJSG_SH_EEESH_EEEEEEEEENS8_IJNS5_ILi0EEENS8_IJNS8_IJNS8_IJSH_SA_EEENS5_ILi128EEEEEEEEEEEEEENS8_IJSA_SH_S13_EEEEENS1_INS2_IJNS3_IS4_JNS5_ILi512EEENS7_INS8_IJSJ_EEERKNSF_INS8_IJNS5_ILi32EEEEEES1B_EESR_EEEEESV_EEENSF_INS8_IJSA_NS8_IJNS8_IJS1C_SA_EEEEEEEEENS8_IJS11_NS8_IJNS8_IJSA_S11_EEEEEEEEEEES1D_EENS1_INS2_IJNS3_IS4_JS6_NS7_ISK_SN_SR_EEEEESV_EEES17_S18_EES1V_S1V_NS1_INS2_IJNS3_IS4_JNS5_ILi4096EEENS7_INS8_IJSC_SJ_EEERKNSF_INS8_IJS13_SA_EEES1X_EESR_EEEEEfEEENSF_INS8_IJSA_NS8_IJS1Y_EEEEEES1P_EENS8_IJSA_S13_EEEEENS1_IS1U_NSF_INS8_IJSA_NS8_IJNS8_IJSX_NS5_ILi2EEEEEEEEEEEES16_EENS8_IJSA_SH_SH_EEEEES2G_NS1_INS2_IJNS3_IS4_JNS5_ILi16384EEENS7_ISK_RKNSF_INS8_IJSG_S13_SA_EEESK_EESR_EEEEESV_EEENSF_INS8_IJSA_NS8_IJNS8_IJNS8_IJSG_S13_EEESH_EEEEEEEEENS8_IJS11_NS8_IJNS8_IJS1Y_NS5_ILi1024EEEEEEEEEEEEEENS8_IJSA_S13_S13_EEEEENS1_INS2_IJNS3_INS0_14SM90_TMA_STOREEJS2H_S2M_EEESV_EEES2X_S2Y_EENS1_INS2_IJNS3_IS30_JS6_SS_EEESV_EEES17_S18_EELi16ELi128ELi3ELi2ELi192ELb1ELb1ELb0ELb0EEvT_T0_T1_T2_T3_T4_T5_T6_T7_T8_T9_PSV_iiiPKli
equal_n2,24,other,10,0,384,1,1,128,1,1,0,20,0,0,16,_ZN2at6native18elementwise_kernelILi128ELi4EZNS0_22gpu_kernel_impl_nocastIZZZNS0_23direct_copy_kernel_cudaERNS_18TensorIteratorBaseEENKUlvE1_clEvENKUlvE10_clEvEUlN3c108BFloat16EE_EEvS4_RKT_EUliE_EEviT1_
equal_n2,24,k1,10,0,512,24,1,256,1,1,21248,32,0,0,8,_Z22_flash_kda_fwd_prepareIN4cute9TiledCopyINS0_9Copy_AtomIJNS0_11Copy_TraitsINS0_13SM90_TMA_LOADEJNS0_1CILi32768EEENS0_12AuxTmaParamsINS0_5tupleIJNS0_11ScaledBasisINS5_ILi1EEEJLi2EEEENS9_ISA_JLi1EEEENS9_IiJLi0EEEEEEERKNS0_6LayoutINS8_IJNS5_ILi128EEENS5_ILi16EEESA_EEENS8_IJSB_SC_NS9_ISA_JLi0EEEEEEEEERKNS0_7SwizzleILi0ELi4ELi3EEEEEEEEN7cutlass10bfloat16_tEEEENSF_INS8_IJSA_NS8_IJNS8_IJNS8_IJSG_SH_EEESA_EEEEEEEEENS8_IJNS5_ILi0EEENS8_IJNS8_IJNS8_IJSH_SA_EEES11_EEEEEEEEEEENS8_IJSA_SH_SG_EEEEES18_NS1_INS2_IJNS3_IS4_JNS5_ILi512EEENS7_INS8_IJSJ_EEERKNSF_INS8_IJNS5_ILi32EEEEEES1A_EESR_EEEEESV_EEENSF_INS8_IJSA_NS8_IJNS8_IJS1B_SA_EEEEEEEEENS8_IJS11_NS8_IJNS8_IJSA_S11_EEEEEEEEEEES1C_EES18_NS1_INS2_IJNS3_IS4_JNS5_ILi4096EEENS7_INS8_IJSC_SJ_EEERKNSF_INS8_IJSG_SA_EEES1S_EESR_EEEEEfEEENSF_INS8_IJSA_NS8_IJS1T_EEEEEES1O_EENS8_IJSA_SG_EEEEENS1_INS2_IJNS3_INS0_14SM90_TMA_STOREEJNS5_ILi2048EEENS7_ISK_RKNSF_INS8_IJNS5_ILi8EEESH_SA_EEESK_EESR_EEEEESV_EEENSF_INS8_IJSA_NS8_IJNS8_IJNS8_IJS27_SH_EEESH_EEEEEEEEENS8_IJS11_NS8_IJNS8_IJS12_SG_EEEEEEEEEEES17_EES2N_S2N_NS1_INS2_IJNS3_IS25_JS1R_S1X_EEEfEEES22_S23_EENS1_IS2E_NSF_INS8_IJSA_NS8_IJNS8_IJS2F_NS5_ILi2EEEEEEEEEEEES2L_EENS8_IJSA_SH_SH_EEEEES2X_Li16ELi128ELi256ELb0EEvT_T0_T1_T2_T3_T4_T5_T6_T7_T8_T9_fiiiPKliPKffPKi
equal_n2,24,k2,10,0,2,24,1,192,1,1,98432,73,0,0,2,_Z25_flash_kda_fwd_recurrenceIN4cute9TiledCopyINS0_9Copy_AtomIJNS0_11Copy_TraitsINS0_13SM90_TMA_LOADEJNS0_1CILi2048EEENS0_12AuxTmaParamsINS0_5tupleIJNS0_11ScaledBasisINS5_ILi1EEEJLi2EEEENS9_ISA_JLi1EEEENS9_IiJLi0EEEEEEERKNS0_6LayoutINS8_IJNS5_ILi8EEENS5_ILi16EEESA_EEENS8_IJSB_SC_NS9_ISA_JLi0EEEEEEEEERKNS0_7SwizzleILi0ELi4ELi3EEEEEEEEN7cutlass10bfloat16_tEEEENSF_INS8_IJSA_NS8_IJNS8_IJNS8_IJSG_SH_EEESH_EEEEEEEEENS8_IJNS5_ILi0EEENS8_IJNS8_IJNS8_IJSH_SA_EEENS5_ILi128EEEEEEEEEEEEEENS8_IJSA_SH_S13_EEEEENS1_INS2_IJNS3_IS4_JNS5_ILi512EEENS7_INS8_IJSJ_EEERKNSF_INS8_IJNS5_ILi32EEEEEES1B_EESR_EEEEESV_EEENSF_INS8_IJSA_NS8_IJNS8_IJS1C_SA_EEEEEEEEENS8_IJS11_NS8_IJNS8_IJSA_S11_EEEEEEEEEEES1D_EENS1_INS2_IJNS3_IS4_JS6_NS7_ISK_SN_SR_EEEEESV_EEES17_S18_EES1V_S1V_NS1_INS2_IJNS3_IS4_JNS5_ILi4096EEENS7_INS8_IJSC_SJ_EEERKNSF_INS8_IJS13_SA_EEES1X_EESR_EEEEEfEEENSF_INS8_IJSA_NS8_IJS1Y_EEEEEES1P_EENS8_IJSA_S13_EEEEENS1_IS1U_NSF_INS8_IJSA_NS8_IJNS8_IJSX_NS5_ILi2EEEEEEEEEEEES16_EENS8_IJSA_SH_SH_EEEEES2G_NS1_INS2_IJNS3_IS4_JNS5_ILi16384EEENS7_ISK_RKNSF_INS8_IJSG_S13_SA_EEESK_EESR_EEEEESV_EEENSF_INS8_IJSA_NS8_IJNS8_IJNS8_IJSG_S13_EEESH_EEEEEEEEENS8_IJS11_NS8_IJNS8_IJS1Y_NS5_ILi1024EEEEEEEEEEEEEENS8_IJSA_S13_S13_EEEEENS1_INS2_IJNS3_INS0_14SM90_TMA_STOREEJS2H_S2M_EEESV_EEES2X_S2Y_EENS1_INS2_IJNS3_IS30_JS6_SS_EEESV_EEES17_S18_EELi16ELi128ELi3ELi2ELi192ELb1ELb1ELb0ELb0EEvT_T0_T1_T2_T3_T4_T5_T6_T7_T8_T9_PSV_iiiPKli
equal_n4,24,other,10,0,384,1,1,128,1,1,0,20,0,0,16,_ZN2at6native18elementwise_kernelILi128ELi4EZNS0_22gpu_kernel_impl_nocastIZZZNS0_23direct_copy_kernel_cudaERNS_18TensorIteratorBaseEENKUlvE1_clEvENKUlvE10_clEvEUlN3c108BFloat16EE_EEvS4_RKT_EUliE_EEviT1_
equal_n4,24,k1,10,0,512,24,1,256,1,1,21248,32,0,0,8,_Z22_flash_kda_fwd_prepareIN4cute9TiledCopyINS0_9Copy_AtomIJNS0_11Copy_TraitsINS0_13SM90_TMA_LOADEJNS0_1CILi32768EEENS0_12AuxTmaParamsINS0_5tupleIJNS0_11ScaledBasisINS5_ILi1EEEJLi2EEEENS9_ISA_JLi1EEEENS9_IiJLi0EEEEEEERKNS0_6LayoutINS8_IJNS5_ILi128EEENS5_ILi16EEESA_EEENS8_IJSB_SC_NS9_ISA_JLi0EEEEEEEEERKNS0_7SwizzleILi0ELi4ELi3EEEEEEEEN7cutlass10bfloat16_tEEEENSF_INS8_IJSA_NS8_IJNS8_IJNS8_IJSG_SH_EEESA_EEEEEEEEENS8_IJNS5_ILi0EEENS8_IJNS8_IJNS8_IJSH_SA_EEES11_EEEEEEEEEEENS8_IJSA_SH_SG_EEEEES18_NS1_INS2_IJNS3_IS4_JNS5_ILi512EEENS7_INS8_IJSJ_EEERKNSF_INS8_IJNS5_ILi32EEEEEES1A_EESR_EEEEESV_EEENSF_INS8_IJSA_NS8_IJNS8_IJS1B_SA_EEEEEEEEENS8_IJS11_NS8_IJNS8_IJSA_S11_EEEEEEEEEEES1C_EES18_NS1_INS2_IJNS3_IS4_JNS5_ILi4096EEENS7_INS8_IJSC_SJ_EEERKNSF_INS8_IJSG_SA_EEES1S_EESR_EEEEEfEEENSF_INS8_IJSA_NS8_IJS1T_EEEEEES1O_EENS8_IJSA_SG_EEEEENS1_INS2_IJNS3_INS0_14SM90_TMA_STOREEJNS5_ILi2048EEENS7_ISK_RKNSF_INS8_IJNS5_ILi8EEESH_SA_EEESK_EESR_EEEEESV_EEENSF_INS8_IJSA_NS8_IJNS8_IJNS8_IJS27_SH_EEESH_EEEEEEEEENS8_IJS11_NS8_IJNS8_IJS12_SG_EEEEEEEEEEES17_EES2N_S2N_NS1_INS2_IJNS3_IS25_JS1R_S1X_EEEfEEES22_S23_EENS1_IS2E_NSF_INS8_IJSA_NS8_IJNS8_IJS2F_NS5_ILi2EEEEEEEEEEEES2L_EENS8_IJSA_SH_SH_EEEEES2X_Li16ELi128ELi256ELb0EEvT_T0_T1_T2_T3_T4_T5_T6_T7_T8_T9_fiiiPKliPKffPKi
equal_n4,24,k2,10,0,4,24,1,192,1,1,98432,73,0,0,2,_Z25_flash_kda_fwd_recurrenceIN4cute9TiledCopyINS0_9Copy_AtomIJNS0_11Copy_TraitsINS0_13SM90_TMA_LOADEJNS0_1CILi2048EEENS0_12AuxTmaParamsINS0_5tupleIJNS0_11ScaledBasisINS5_ILi1EEEJLi2EEEENS9_ISA_JLi1EEEENS9_IiJLi0EEEEEEERKNS0_6LayoutINS8_IJNS5_ILi8EEENS5_ILi16EEESA_EEENS8_IJSB_SC_NS9_ISA_JLi0EEEEEEEEERKNS0_7SwizzleILi0ELi4ELi3EEEEEEEEN7cutlass10bfloat16_tEEEENSF_INS8_IJSA_NS8_IJNS8_IJNS8_IJSG_SH_EEESH_EEEEEEEEENS8_IJNS5_ILi0EEENS8_IJNS8_IJNS8_IJSH_SA_EEENS5_ILi128EEEEEEEEEEEEEENS8_IJSA_SH_S13_EEEEENS1_INS2_IJNS3_IS4_JNS5_ILi512EEENS7_INS8_IJSJ_EEERKNSF_INS8_IJNS5_ILi32EEEEEES1B_EESR_EEEEESV_EEENSF_INS8_IJSA_NS8_IJNS8_IJS1C_SA_EEEEEEEEENS8_IJS11_NS8_IJNS8_IJSA_S11_EEEEEEEEEEES1D_EENS1_INS2_IJNS3_IS4_JS6_NS7_ISK_SN_SR_EEEEESV_EEES17_S18_EES1V_S1V_NS1_INS2_IJNS3_IS4_JNS5_ILi4096EEENS7_INS8_IJSC_SJ_EEERKNSF_INS8_IJS13_SA_EEES1X_EESR_EEEEEfEEENSF_INS8_IJSA_NS8_IJS1Y_EEEEEES1P_EENS8_IJSA_S13_EEEEENS1_IS1U_NSF_INS8_IJSA_NS8_IJNS8_IJSX_NS5_ILi2EEEEEEEEEEEES16_EENS8_IJSA_SH_SH_EEEEES2G_NS1_INS2_IJNS3_IS4_JNS5_ILi16384EEENS7_ISK_RKNSF_INS8_IJSG_S13_SA_EEESK_EESR_EEEEESV_EEENSF_INS8_IJSA_NS8_IJNS8_IJNS8_IJSG_S13_EEESH_EEEEEEEEENS8_IJS11_NS8_IJNS8_IJS1Y_NS5_ILi1024EEEEEEEEEEEEEENS8_IJSA_S13_S13_EEEEENS1_INS2_IJNS3_INS0_14SM90_TMA_STOREEJS2H_S2M_EEESV_EEES2X_S2Y_EENS1_INS2_IJNS3_IS30_JS6_SS_EEESV_EEES17_S18_EELi16ELi128ELi3ELi2ELi192ELb1ELb1ELb0ELb0EEvT_T0_T1_T2_T3_T4_T5_T6_T7_T8_T9_PSV_iiiPKli
equal_n8,24,other,10,0,384,1,1,128,1,1,0,20,0,0,16,_ZN2at6native18elementwise_kernelILi128ELi4EZNS0_22gpu_kernel_impl_nocastIZZZNS0_23direct_copy_kernel_cudaERNS_18TensorIteratorBaseEENKUlvE1_clEvENKUlvE10_clEvEUlN3c108BFloat16EE_EEvS4_RKT_EUliE_EEviT1_
equal_n8,24,k1,10,0,512,24,1,256,1,1,21248,32,0,0,8,_Z22_flash_kda_fwd_prepareIN4cute9TiledCopyINS0_9Copy_AtomIJNS0_11Copy_TraitsINS0_13SM90_TMA_LOADEJNS0_1CILi32768EEENS0_12AuxTmaParamsINS0_5tupleIJNS0_11ScaledBasisINS5_ILi1EEEJLi2EEEENS9_ISA_JLi1EEEENS9_IiJLi0EEEEEEERKNS0_6LayoutINS8_IJNS5_ILi128EEENS5_ILi16EEESA_EEENS8_IJSB_SC_NS9_ISA_JLi0EEEEEEEEERKNS0_7SwizzleILi0ELi4ELi3EEEEEEEEN7cutlass10bfloat16_tEEEENSF_INS8_IJSA_NS8_IJNS8_IJNS8_IJSG_SH_EEESA_EEEEEEEEENS8_IJNS5_ILi0EEENS8_IJNS8_IJNS8_IJSH_SA_EEES11_EEEEEEEEEEENS8_IJSA_SH_SG_EEEEES18_NS1_INS2_IJNS3_IS4_JNS5_ILi512EEENS7_INS8_IJSJ_EEERKNSF_INS8_IJNS5_ILi32EEEEEES1A_EESR_EEEEESV_EEENSF_INS8_IJSA_NS8_IJNS8_IJS1B_SA_EEEEEEEEENS8_IJS11_NS8_IJNS8_IJSA_S11_EEEEEEEEEEES1C_EES18_NS1_INS2_IJNS3_IS4_JNS5_ILi4096EEENS7_INS8_IJSC_SJ_EEERKNSF_INS8_IJSG_SA_EEES1S_EESR_EEEEEfEEENSF_INS8_IJSA_NS8_IJS1T_EEEEEES1O_EENS8_IJSA_SG_EEEEENS1_INS2_IJNS3_INS0_14SM90_TMA_STOREEJNS5_ILi2048EEENS7_ISK_RKNSF_INS8_IJNS5_ILi8EEESH_SA_EEESK_EESR_EEEEESV_EEENSF_INS8_IJSA_NS8_IJNS8_IJNS8_IJS27_SH_EEESH_EEEEEEEEENS8_IJS11_NS8_IJNS8_IJS12_SG_EEEEEEEEEEES17_EES2N_S2N_NS1_INS2_IJNS3_IS25_JS1R_S1X_EEEfEEES22_S23_EENS1_IS2E_NSF_INS8_IJSA_NS8_IJNS8_IJS2F_NS5_ILi2EEEEEEEEEEEES2L_EENS8_IJSA_SH_SH_EEEEES2X_Li16ELi128ELi256ELb0EEvT_T0_T1_T2_T3_T4_T5_T6_T7_T8_T9_fiiiPKliPKffPKi
equal_n8,24,k2,10,0,8,24,1,192,1,1,98432,73,0,0,2,_Z25_flash_kda_fwd_recurrenceIN4cute9TiledCopyINS0_9Copy_AtomIJNS0_11Copy_TraitsINS0_13SM90_TMA_LOADEJNS0_1CILi2048EEENS0_12AuxTmaParamsINS0_5tupleIJNS0_11ScaledBasisINS5_ILi1EEEJLi2EEEENS9_ISA_JLi1EEEENS9_IiJLi0EEEEEEERKNS0_6LayoutINS8_IJNS5_ILi8EEENS5_ILi16EEESA_EEENS8_IJSB_SC_NS9_ISA_JLi0EEEEEEEEERKNS0_7SwizzleILi0ELi4ELi3EEEEEEEEN7cutlass10bfloat16_tEEEENSF_INS8_IJSA_NS8_IJNS8_IJNS8_IJSG_SH_EEESH_EEEEEEEEENS8_IJNS5_ILi0EEENS8_IJNS8_IJNS8_IJSH_SA_EEENS5_ILi128EEEEEEEEEEEEEENS8_IJSA_SH_S13_EEEEENS1_INS2_IJNS3_IS4_JNS5_ILi512EEENS7_INS8_IJSJ_EEERKNSF_INS8_IJNS5_ILi32EEEEEES1B_EESR_EEEEESV_EEENSF_INS8_IJSA_NS8_IJNS8_IJS1C_SA_EEEEEEEEENS8_IJS11_NS8_IJNS8_IJSA_S11_EEEEEEEEEEES1D_EENS1_INS2_IJNS3_IS4_JS6_NS7_ISK_SN_SR_EEEEESV_EEES17_S18_EES1V_S1V_NS1_INS2_IJNS3_IS4_JNS5_ILi4096EEENS7_INS8_IJSC_SJ_EEERKNSF_INS8_IJS13_SA_EEES1X_EESR_EEEEEfEEENSF_INS8_IJSA_NS8_IJS1Y_EEEEEES1P_EENS8_IJSA_S13_EEEEENS1_IS1U_NSF_INS8_IJSA_NS8_IJNS8_IJSX_NS5_ILi2EEEEEEEEEEEES16_EENS8_IJSA_SH_SH_EEEEES2G_NS1_INS2_IJNS3_IS4_JNS5_ILi16384EEENS7_ISK_RKNSF_INS8_IJSG_S13_SA_EEESK_EESR_EEEEESV_EEENSF_INS8_IJSA_NS8_IJNS8_IJNS8_IJSG_S13_EEESH_EEEEEEEEENS8_IJS11_NS8_IJNS8_IJS1Y_NS5_ILi1024EEEEEEEEEEEEEENS8_IJSA_S13_S13_EEEEENS1_INS2_IJNS3_INS0_14SM90_TMA_STOREEJS2H_S2M_EEESV_EEES2X_S2Y_EENS1_INS2_IJNS3_IS30_JS6_SS_EEESV_EEES17_S18_EELi16ELi128ELi3ELi2ELi192ELb1ELb1ELb0ELb0EEvT_T0_T1_T2_T3_T4_T5_T6_T7_T8_T9_PSV_iiiPKli
equal_n16,24,other,10,0,384,1,1,128,1,1,0,20,0,0,16,_ZN2at6native18elementwise_kernelILi128ELi4EZNS0_22gpu_kernel_impl_nocastIZZZNS0_23direct_copy_kernel_cudaERNS_18TensorIteratorBaseEENKUlvE1_clEvENKUlvE10_clEvEUlN3c108BFloat16EE_EEvS4_RKT_EUliE_EEviT1_
equal_n16,24,k1,10,0,512,24,1,256,1,1,21248,32,0,0,8,_Z22_flash_kda_fwd_prepareIN4cute9TiledCopyINS0_9Copy_AtomIJNS0_11Copy_TraitsINS0_13SM90_TMA_LOADEJNS0_1CILi32768EEENS0_12AuxTmaParamsINS0_5tupleIJNS0_11ScaledBasisINS5_ILi1EEEJLi2EEEENS9_ISA_JLi1EEEENS9_IiJLi0EEEEEEERKNS0_6LayoutINS8_IJNS5_ILi128EEENS5_ILi16EEESA_EEENS8_IJSB_SC_NS9_ISA_JLi0EEEEEEEEERKNS0_7SwizzleILi0ELi4ELi3EEEEEEEEN7cutlass10bfloat16_tEEEENSF_INS8_IJSA_NS8_IJNS8_IJNS8_IJSG_SH_EEESA_EEEEEEEEENS8_IJNS5_ILi0EEENS8_IJNS8_IJNS8_IJSH_SA_EEES11_EEEEEEEEEEENS8_IJSA_SH_SG_EEEEES18_NS1_INS2_IJNS3_IS4_JNS5_ILi512EEENS7_INS8_IJSJ_EEERKNSF_INS8_IJNS5_ILi32EEEEEES1A_EESR_EEEEESV_EEENSF_INS8_IJSA_NS8_IJNS8_IJS1B_SA_EEEEEEEEENS8_IJS11_NS8_IJNS8_IJSA_S11_EEEEEEEEEEES1C_EES18_NS1_INS2_IJNS3_IS4_JNS5_ILi4096EEENS7_INS8_IJSC_SJ_EEERKNSF_INS8_IJSG_SA_EEES1S_EESR_EEEEEfEEENSF_INS8_IJSA_NS8_IJS1T_EEEEEES1O_EENS8_IJSA_SG_EEEEENS1_INS2_IJNS3_INS0_14SM90_TMA_STOREEJNS5_ILi2048EEENS7_ISK_RKNSF_INS8_IJNS5_ILi8EEESH_SA_EEESK_EESR_EEEEESV_EEENSF_INS8_IJSA_NS8_IJNS8_IJNS8_IJS27_SH_EEESH_EEEEEEEEENS8_IJS11_NS8_IJNS8_IJS12_SG_EEEEEEEEEEES17_EES2N_S2N_NS1_INS2_IJNS3_IS25_JS1R_S1X_EEEfEEES22_S23_EENS1_IS2E_NSF_INS8_IJSA_NS8_IJNS8_IJS2F_NS5_ILi2EEEEEEEEEEEES2L_EENS8_IJSA_SH_SH_EEEEES2X_Li16ELi128ELi256ELb0EEvT_T0_T1_T2_T3_T4_T5_T6_T7_T8_T9_fiiiPKliPKffPKi
equal_n16,24,k2,10,0,16,24,1,192,1,1,98432,73,0,0,2,_Z25_flash_kda_fwd_recurrenceIN4cute9TiledCopyINS0_9Copy_AtomIJNS0_11Copy_TraitsINS0_13SM90_TMA_LOADEJNS0_1CILi2048EEENS0_12AuxTmaParamsINS0_5tupleIJNS0_11ScaledBasisINS5_ILi1EEEJLi2EEEENS9_ISA_JLi1EEEENS9_IiJLi0EEEEEEERKNS0_6LayoutINS8_IJNS5_ILi8EEENS5_ILi16EEESA_EEENS8_IJSB_SC_NS9_ISA_JLi0EEEEEEEEERKNS0_7SwizzleILi0ELi4ELi3EEEEEEEEN7cutlass10bfloat16_tEEEENSF_INS8_IJSA_NS8_IJNS8_IJNS8_IJSG_SH_EEESH_EEEEEEEEENS8_IJNS5_ILi0EEENS8_IJNS8_IJNS8_IJSH_SA_EEENS5_ILi128EEEEEEEEEEEEEENS8_IJSA_SH_S13_EEEEENS1_INS2_IJNS3_IS4_JNS5_ILi512EEENS7_INS8_IJSJ_EEERKNSF_INS8_IJNS5_ILi32EEEEEES1B_EESR_EEEEESV_EEENSF_INS8_IJSA_NS8_IJNS8_IJS1C_SA_EEEEEEEEENS8_IJS11_NS8_IJNS8_IJSA_S11_EEEEEEEEEEES1D_EENS1_INS2_IJNS3_IS4_JS6_NS7_ISK_SN_SR_EEEEESV_EEES17_S18_EES1V_S1V_NS1_INS2_IJNS3_IS4_JNS5_ILi4096EEENS7_INS8_IJSC_SJ_EEERKNSF_INS8_IJS13_SA_EEES1X_EESR_EEEEEfEEENSF_INS8_IJSA_NS8_IJS1Y_EEEEEES1P_EENS8_IJSA_S13_EEEEENS1_IS1U_NSF_INS8_IJSA_NS8_IJNS8_IJSX_NS5_ILi2EEEEEEEEEEEES16_EENS8_IJSA_SH_SH_EEEEES2G_NS1_INS2_IJNS3_IS4_JNS5_ILi16384EEENS7_ISK_RKNSF_INS8_IJSG_S13_SA_EEESK_EESR_EEEEESV_EEENSF_INS8_IJSA_NS8_IJNS8_IJNS8_IJSG_S13_EEESH_EEEEEEEEENS8_IJS11_NS8_IJNS8_IJS1Y_NS5_ILi1024EEEEEEEEEEEEEENS8_IJSA_S13_S13_EEEEENS1_INS2_IJNS3_INS0_14SM90_TMA_STOREEJS2H_S2M_EEESV_EEES2X_S2Y_EENS1_INS2_IJNS3_IS30_JS6_SS_EEESV_EEES17_S18_EELi16ELi128ELi3ELi2ELi192ELb1ELb1ELb0ELb0EEvT_T0_T1_T2_T3_T4_T5_T6_T7_T8_T9_PSV_iiiPKli
skew8,24,other,10,0,384,1,1,128,1,1,0,20,0,0,16,_ZN2at6native18elementwise_kernelILi128ELi4EZNS0_22gpu_kernel_impl_nocastIZZZNS0_23direct_copy_kernel_cudaERNS_18TensorIteratorBaseEENKUlvE1_clEvENKUlvE10_clEvEUlN3c108BFloat16EE_EEvS4_RKT_EUliE_EEviT1_
skew8,24,prefix,10,0,1,1,1,32,1,1,0,32,0,0,32,_Z28_flash_kda_build_tile_prefixPKliiPi
skew8,24,k1,10,0,520,24,1,256,1,1,21248,32,0,0,8,_Z22_flash_kda_fwd_prepareIN4cute9TiledCopyINS0_9Copy_AtomIJNS0_11Copy_TraitsINS0_13SM90_TMA_LOADEJNS0_1CILi32768EEENS0_12AuxTmaParamsINS0_5tupleIJNS0_11ScaledBasisINS5_ILi1EEEJLi2EEEENS9_ISA_JLi1EEEENS9_IiJLi0EEEEEEERKNS0_6LayoutINS8_IJNS5_ILi128EEENS5_ILi16EEESA_EEENS8_IJSB_SC_NS9_ISA_JLi0EEEEEEEEERKNS0_7SwizzleILi0ELi4ELi3EEEEEEEEN7cutlass10bfloat16_tEEEENSF_INS8_IJSA_NS8_IJNS8_IJNS8_IJSG_SH_EEESA_EEEEEEEEENS8_IJNS5_ILi0EEENS8_IJNS8_IJNS8_IJSH_SA_EEES11_EEEEEEEEEEENS8_IJSA_SH_SG_EEEEES18_NS1_INS2_IJNS3_IS4_JNS5_ILi512EEENS7_INS8_IJSJ_EEERKNSF_INS8_IJNS5_ILi32EEEEEES1A_EESR_EEEEESV_EEENSF_INS8_IJSA_NS8_IJNS8_IJS1B_SA_EEEEEEEEENS8_IJS11_NS8_IJNS8_IJSA_S11_EEEEEEEEEEES1C_EES18_NS1_INS2_IJNS3_IS4_JNS5_ILi4096EEENS7_INS8_IJSC_SJ_EEERKNSF_INS8_IJSG_SA_EEES1S_EESR_EEEEEfEEENSF_INS8_IJSA_NS8_IJS1T_EEEEEES1O_EENS8_IJSA_SG_EEEEENS1_INS2_IJNS3_INS0_14SM90_TMA_STOREEJNS5_ILi2048EEENS7_ISK_RKNSF_INS8_IJNS5_ILi8EEESH_SA_EEESK_EESR_EEEEESV_EEENSF_INS8_IJSA_NS8_IJNS8_IJNS8_IJS27_SH_EEESH_EEEEEEEEENS8_IJS11_NS8_IJNS8_IJS12_SG_EEEEEEEEEEES17_EES2N_S2N_NS1_INS2_IJNS3_IS25_JS1R_S1X_EEEfEEES22_S23_EENS1_IS2E_NSF_INS8_IJSA_NS8_IJNS8_IJS2F_NS5_ILi2EEEEEEEEEEEES2L_EENS8_IJSA_SH_SH_EEEEES2X_Li16ELi128ELi256ELb1EEvT_T0_T1_T2_T3_T4_T5_T6_T7_T8_T9_fiiiPKliPKffPKi
skew8,24,k2,10,0,8,24,1,192,1,1,98432,73,0,0,2,_Z25_flash_kda_fwd_recurrenceIN4cute9TiledCopyINS0_9Copy_AtomIJNS0_11Copy_TraitsINS0_13SM90_TMA_LOADEJNS0_1CILi2048EEENS0_12AuxTmaParamsINS0_5tupleIJNS0_11ScaledBasisINS5_ILi1EEEJLi2EEEENS9_ISA_JLi1EEEENS9_IiJLi0EEEEEEERKNS0_6LayoutINS8_IJNS5_ILi8EEENS5_ILi16EEESA_EEENS8_IJSB_SC_NS9_ISA_JLi0EEEEEEEEERKNS0_7SwizzleILi0ELi4ELi3EEEEEEEEN7cutlass10bfloat16_tEEEENSF_INS8_IJSA_NS8_IJNS8_IJNS8_IJSG_SH_EEESH_EEEEEEEEENS8_IJNS5_ILi0EEENS8_IJNS8_IJNS8_IJSH_SA_EEENS5_ILi128EEEEEEEEEEEEEENS8_IJSA_SH_S13_EEEEENS1_INS2_IJNS3_IS4_JNS5_ILi512EEENS7_INS8_IJSJ_EEERKNSF_INS8_IJNS5_ILi32EEEEEES1B_EESR_EEEEESV_EEENSF_INS8_IJSA_NS8_IJNS8_IJS1C_SA_EEEEEEEEENS8_IJS11_NS8_IJNS8_IJSA_S11_EEEEEEEEEEES1D_EENS1_INS2_IJNS3_IS4_JS6_NS7_ISK_SN_SR_EEEEESV_EEES17_S18_EES1V_S1V_NS1_INS2_IJNS3_IS4_JNS5_ILi4096EEENS7_INS8_IJSC_SJ_EEERKNSF_INS8_IJS13_SA_EEES1X_EESR_EEEEEfEEENSF_INS8_IJSA_NS8_IJS1Y_EEEEEES1P_EENS8_IJSA_S13_EEEEENS1_IS1U_NSF_INS8_IJSA_NS8_IJNS8_IJSX_NS5_ILi2EEEEEEEEEEEES16_EENS8_IJSA_SH_SH_EEEEES2G_NS1_INS2_IJNS3_IS4_JNS5_ILi16384EEENS7_ISK_RKNSF_INS8_IJSG_S13_SA_EEESK_EESR_EEEEESV_EEENSF_INS8_IJSA_NS8_IJNS8_IJNS8_IJSG_S13_EEESH_EEEEEEEEENS8_IJS11_NS8_IJNS8_IJS1Y_NS5_ILi1024EEEEEEEEEEEEEENS8_IJSA_S13_S13_EEEEENS1_INS2_IJNS3_INS0_14SM90_TMA_STOREEJS2H_S2M_EEESV_EEES2X_S2Y_EENS1_INS2_IJNS3_IS30_JS6_SS_EEESV_EEES17_S18_EELi16ELi128ELi3ELi2ELi192ELb1ELb1ELb0ELb1EEvT_T0_T1_T2_T3_T4_T5_T6_T7_T8_T9_PSV_iiiPKli
ragged6,24,other,10,0,384,1,1,128,1,1,0,20,0,0,16,_ZN2at6native18elementwise_kernelILi128ELi4EZNS0_22gpu_kernel_impl_nocastIZZZNS0_23direct_copy_kernel_cudaERNS_18TensorIteratorBaseEENKUlvE1_clEvENKUlvE10_clEvEUlN3c108BFloat16EE_EEvS4_RKT_EUliE_EEviT1_
ragged6,24,prefix,10,0,1,1,1,32,1,1,0,32,0,0,32,_Z28_flash_kda_build_tile_prefixPKliiPi
ragged6,24,k1,10,0,518,24,1,256,1,1,21248,32,0,0,8,_Z22_flash_kda_fwd_prepareIN4cute9TiledCopyINS0_9Copy_AtomIJNS0_11Copy_TraitsINS0_13SM90_TMA_LOADEJNS0_1CILi32768EEENS0_12AuxTmaParamsINS0_5tupleIJNS0_11ScaledBasisINS5_ILi1EEEJLi2EEEENS9_ISA_JLi1EEEENS9_IiJLi0EEEEEEERKNS0_6LayoutINS8_IJNS5_ILi128EEENS5_ILi16EEESA_EEENS8_IJSB_SC_NS9_ISA_JLi0EEEEEEEEERKNS0_7SwizzleILi0ELi4ELi3EEEEEEEEN7cutlass10bfloat16_tEEEENSF_INS8_IJSA_NS8_IJNS8_IJNS8_IJSG_SH_EEESA_EEEEEEEEENS8_IJNS5_ILi0EEENS8_IJNS8_IJNS8_IJSH_SA_EEES11_EEEEEEEEEEENS8_IJSA_SH_SG_EEEEES18_NS1_INS2_IJNS3_IS4_JNS5_ILi512EEENS7_INS8_IJSJ_EEERKNSF_INS8_IJNS5_ILi32EEEEEES1A_EESR_EEEEESV_EEENSF_INS8_IJSA_NS8_IJNS8_IJS1B_SA_EEEEEEEEENS8_IJS11_NS8_IJNS8_IJSA_S11_EEEEEEEEEEES1C_EES18_NS1_INS2_IJNS3_IS4_JNS5_ILi4096EEENS7_INS8_IJSC_SJ_EEERKNSF_INS8_IJSG_SA_EEES1S_EESR_EEEEEfEEENSF_INS8_IJSA_NS8_IJS1T_EEEEEES1O_EENS8_IJSA_SG_EEEEENS1_INS2_IJNS3_INS0_14SM90_TMA_STOREEJNS5_ILi2048EEENS7_ISK_RKNSF_INS8_IJNS5_ILi8EEESH_SA_EEESK_EESR_EEEEESV_EEENSF_INS8_IJSA_NS8_IJNS8_IJNS8_IJS27_SH_EEESH_EEEEEEEEENS8_IJS11_NS8_IJNS8_IJS12_SG_EEEEEEEEEEES17_EES2N_S2N_NS1_INS2_IJNS3_IS25_JS1R_S1X_EEEfEEES22_S23_EENS1_IS2E_NSF_INS8_IJSA_NS8_IJNS8_IJS2F_NS5_ILi2EEEEEEEEEEEES2L_EENS8_IJSA_SH_SH_EEEEES2X_Li16ELi128ELi256ELb1EEvT_T0_T1_T2_T3_T4_T5_T6_T7_T8_T9_fiiiPKliPKffPKi
ragged6,24,k2,10,0,6,24,1,192,1,1,98432,73,0,0,2,_Z25_flash_kda_fwd_recurrenceIN4cute9TiledCopyINS0_9Copy_AtomIJNS0_11Copy_TraitsINS0_13SM90_TMA_LOADEJNS0_1CILi2048EEENS0_12AuxTmaParamsINS0_5tupleIJNS0_11ScaledBasisINS5_ILi1EEEJLi2EEEENS9_ISA_JLi1EEEENS9_IiJLi0EEEEEEERKNS0_6LayoutINS8_IJNS5_ILi8EEENS5_ILi16EEESA_EEENS8_IJSB_SC_NS9_ISA_JLi0EEEEEEEEERKNS0_7SwizzleILi0ELi4ELi3EEEEEEEEN7cutlass10bfloat16_tEEEENSF_INS8_IJSA_NS8_IJNS8_IJNS8_IJSG_SH_EEESH_EEEEEEEEENS8_IJNS5_ILi0EEENS8_IJNS8_IJNS8_IJSH_SA_EEENS5_ILi128EEEEEEEEEEEEEENS8_IJSA_SH_S13_EEEEENS1_INS2_IJNS3_IS4_JNS5_ILi512EEENS7_INS8_IJSJ_EEERKNSF_INS8_IJNS5_ILi32EEEEEES1B_EESR_EEEEESV_EEENSF_INS8_IJSA_NS8_IJNS8_IJS1C_SA_EEEEEEEEENS8_IJS11_NS8_IJNS8_IJSA_S11_EEEEEEEEEEES1D_EENS1_INS2_IJNS3_IS4_JS6_NS7_ISK_SN_SR_EEEEESV_EEES17_S18_EES1V_S1V_NS1_INS2_IJNS3_IS4_JNS5_ILi4096EEENS7_INS8_IJSC_SJ_EEERKNSF_INS8_IJS13_SA_EEES1X_EESR_EEEEEfEEENSF_INS8_IJSA_NS8_IJS1Y_EEEEEES1P_EENS8_IJSA_S13_EEEEENS1_IS1U_NSF_INS8_IJSA_NS8_IJNS8_IJSX_NS5_ILi2EEEEEEEEEEEES16_EENS8_IJSA_SH_SH_EEEEES2G_NS1_INS2_IJNS3_IS4_JNS5_ILi16384EEENS7_ISK_RKNSF_INS8_IJSG_S13_SA_EEESK_EESR_EEEEESV_EEENSF_INS8_IJSA_NS8_IJNS8_IJNS8_IJSG_S13_EEESH_EEEEEEEEENS8_IJS11_NS8_IJNS8_IJS1Y_NS5_ILi1024EEEEEEEEEEEEEENS8_IJSA_S13_S13_EEEEENS1_INS2_IJNS3_INS0_14SM90_TMA_STOREEJS2H_S2M_EEESV_EEES2X_S2Y_EENS1_INS2_IJNS3_IS30_JS6_SS_EEESV_EEES17_S18_EELi16ELi128ELi3ELi2ELi192ELb1ELb1ELb0ELb1EEvT_T0_T1_T2_T3_T4_T5_T6_T7_T8_T9_PSV_iiiPKli
equal8_varlen,24,other,10,0,384,1,1,128,1,1,0,20,0,0,16,_ZN2at6native18elementwise_kernelILi128ELi4EZNS0_22gpu_kernel_impl_nocastIZZZNS0_23direct_copy_kernel_cudaERNS_18TensorIteratorBaseEENKUlvE1_clEvENKUlvE10_clEvEUlN3c108BFloat16EE_EEvS4_RKT_EUliE_EEviT1_
equal8_varlen,24,prefix,10,0,1,1,1,32,1,1,0,32,0,0,32,_Z28_flash_kda_build_tile_prefixPKliiPi
equal8_varlen,24,k1,10,0,520,24,1,256,1,1,21248,32,0,0,8,_Z22_flash_kda_fwd_prepareIN4cute9TiledCopyINS0_9Copy_AtomIJNS0_11Copy_TraitsINS0_13SM90_TMA_LOADEJNS0_1CILi32768EEENS0_12AuxTmaParamsINS0_5tupleIJNS0_11ScaledBasisINS5_ILi1EEEJLi2EEEENS9_ISA_JLi1EEEENS9_IiJLi0EEEEEEERKNS0_6LayoutINS8_IJNS5_ILi128EEENS5_ILi16EEESA_EEENS8_IJSB_SC_NS9_ISA_JLi0EEEEEEEEERKNS0_7SwizzleILi0ELi4ELi3EEEEEEEEN7cutlass10bfloat16_tEEEENSF_INS8_IJSA_NS8_IJNS8_IJNS8_IJSG_SH_EEESA_EEEEEEEEENS8_IJNS5_ILi0EEENS8_IJNS8_IJNS8_IJSH_SA_EEES11_EEEEEEEEEEENS8_IJSA_SH_SG_EEEEES18_NS1_INS2_IJNS3_IS4_JNS5_ILi512EEENS7_INS8_IJSJ_EEERKNSF_INS8_IJNS5_ILi32EEEEEES1A_EESR_EEEEESV_EEENSF_INS8_IJSA_NS8_IJNS8_IJS1B_SA_EEEEEEEEENS8_IJS11_NS8_IJNS8_IJSA_S11_EEEEEEEEEEES1C_EES18_NS1_INS2_IJNS3_IS4_JNS5_ILi4096EEENS7_INS8_IJSC_SJ_EEERKNSF_INS8_IJSG_SA_EEES1S_EESR_EEEEEfEEENSF_INS8_IJSA_NS8_IJS1T_EEEEEES1O_EENS8_IJSA_SG_EEEEENS1_INS2_IJNS3_INS0_14SM90_TMA_STOREEJNS5_ILi2048EEENS7_ISK_RKNSF_INS8_IJNS5_ILi8EEESH_SA_EEESK_EESR_EEEEESV_EEENSF_INS8_IJSA_NS8_IJNS8_IJNS8_IJS27_SH_EEESH_EEEEEEEEENS8_IJS11_NS8_IJNS8_IJS12_SG_EEEEEEEEEEES17_EES2N_S2N_NS1_INS2_IJNS3_IS25_JS1R_S1X_EEEfEEES22_S23_EENS1_IS2E_NSF_INS8_IJSA_NS8_IJNS8_IJS2F_NS5_ILi2EEEEEEEEEEEES2L_EENS8_IJSA_SH_SH_EEEEES2X_Li16ELi128ELi256ELb1EEvT_T0_T1_T2_T3_T4_T5_T6_T7_T8_T9_fiiiPKliPKffPKi
equal8_varlen,24,k2,10,0,8,24,1,192,1,1,98432,73,0,0,2,_Z25_flash_kda_fwd_recurrenceIN4cute9TiledCopyINS0_9Copy_AtomIJNS0_11Copy_TraitsINS0_13SM90_TMA_LOADEJNS0_1CILi2048EEENS0_12AuxTmaParamsINS0_5tupleIJNS0_11ScaledBasisINS5_ILi1EEEJLi2EEEENS9_ISA_JLi1EEEENS9_IiJLi0EEEEEEERKNS0_6LayoutINS8_IJNS5_ILi8EEENS5_ILi16EEESA_EEENS8_IJSB_SC_NS9_ISA_JLi0EEEEEEEEERKNS0_7SwizzleILi0ELi4ELi3EEEEEEEEN7cutlass10bfloat16_tEEEENSF_INS8_IJSA_NS8_IJNS8_IJNS8_IJSG_SH_EEESH_EEEEEEEEENS8_IJNS5_ILi0EEENS8_IJNS8_IJNS8_IJSH_SA_EEENS5_ILi128EEEEEEEEEEEEEENS8_IJSA_SH_S13_EEEEENS1_INS2_IJNS3_IS4_JNS5_ILi512EEENS7_INS8_IJSJ_EEERKNSF_INS8_IJNS5_ILi32EEEEEES1B_EESR_EEEEESV_EEENSF_INS8_IJSA_NS8_IJNS8_IJS1C_SA_EEEEEEEEENS8_IJS11_NS8_IJNS8_IJSA_S11_EEEEEEEEEEES1D_EENS1_INS2_IJNS3_IS4_JS6_NS7_ISK_SN_SR_EEEEESV_EEES17_S18_EES1V_S1V_NS1_INS2_IJNS3_IS4_JNS5_ILi4096EEENS7_INS8_IJSC_SJ_EEERKNSF_INS8_IJS13_SA_EEES1X_EESR_EEEEEfEEENSF_INS8_IJSA_NS8_IJS1Y_EEEEEES1P_EENS8_IJSA_S13_EEEEENS1_IS1U_NSF_INS8_IJSA_NS8_IJNS8_IJSX_NS5_ILi2EEEEEEEEEEEES16_EENS8_IJSA_SH_SH_EEEEES2G_NS1_INS2_IJNS3_IS4_JNS5_ILi16384EEENS7_ISK_RKNSF_INS8_IJSG_S13_SA_EEESK_EESR_EEEEESV_EEENSF_INS8_IJSA_NS8_IJNS8_IJNS8_IJSG_S13_EEESH_EEEEEEEEENS8_IJS11_NS8_IJNS8_IJS1Y_NS5_ILi1024EEEEEEEEEEEEEENS8_IJSA_S13_S13_EEEEENS1_INS2_IJNS3_INS0_14SM90_TMA_STOREEJS2H_S2M_EEESV_EEES2X_S2Y_EENS1_INS2_IJNS3_IS30_JS6_SS_EEESV_EEES17_S18_EELi16ELi128ELi3ELi2ELi192ELb1ELb1ELb0ELb1EEvT_T0_T1_T2_T3_T4_T5_T6_T7_T8_T9_PSV_iiiPKli
equal_n1,48,other,10,0,768,1,1,128,1,1,0,20,0,0,16,_ZN2at6native18elementwise_kernelILi128ELi4EZNS0_22gpu_kernel_impl_nocastIZZZNS0_23direct_copy_kernel_cudaERNS_18TensorIteratorBaseEENKUlvE1_clEvENKUlvE10_clEvEUlN3c108BFloat16EE_EEvS4_RKT_EUliE_EEviT1_
equal_n1,48,k1,10,0,512,48,1,256,1,1,21248,32,0,0,8,_Z22_flash_kda_fwd_prepareIN4cute9TiledCopyINS0_9Copy_AtomIJNS0_11Copy_TraitsINS0_13SM90_TMA_LOADEJNS0_1CILi32768EEENS0_12AuxTmaParamsINS0_5tupleIJNS0_11ScaledBasisINS5_ILi1EEEJLi2EEEENS9_ISA_JLi1EEEENS9_IiJLi0EEEEEEERKNS0_6LayoutINS8_IJNS5_ILi128EEENS5_ILi16EEESA_EEENS8_IJSB_SC_NS9_ISA_JLi0EEEEEEEEERKNS0_7SwizzleILi0ELi4ELi3EEEEEEEEN7cutlass10bfloat16_tEEEENSF_INS8_IJSA_NS8_IJNS8_IJNS8_IJSG_SH_EEESA_EEEEEEEEENS8_IJNS5_ILi0EEENS8_IJNS8_IJNS8_IJSH_SA_EEES11_EEEEEEEEEEENS8_IJSA_SH_SG_EEEEES18_NS1_INS2_IJNS3_IS4_JNS5_ILi512EEENS7_INS8_IJSJ_EEERKNSF_INS8_IJNS5_ILi32EEEEEES1A_EESR_EEEEESV_EEENSF_INS8_IJSA_NS8_IJNS8_IJS1B_SA_EEEEEEEEENS8_IJS11_NS8_IJNS8_IJSA_S11_EEEEEEEEEEES1C_EES18_NS1_INS2_IJNS3_IS4_JNS5_ILi4096EEENS7_INS8_IJSC_SJ_EEERKNSF_INS8_IJSG_SA_EEES1S_EESR_EEEEEfEEENSF_INS8_IJSA_NS8_IJS1T_EEEEEES1O_EENS8_IJSA_SG_EEEEENS1_INS2_IJNS3_INS0_14SM90_TMA_STOREEJNS5_ILi2048EEENS7_ISK_RKNSF_INS8_IJNS5_ILi8EEESH_SA_EEESK_EESR_EEEEESV_EEENSF_INS8_IJSA_NS8_IJNS8_IJNS8_IJS27_SH_EEESH_EEEEEEEEENS8_IJS11_NS8_IJNS8_IJS12_SG_EEEEEEEEEEES17_EES2N_S2N_NS1_INS2_IJNS3_IS25_JS1R_S1X_EEEfEEES22_S23_EENS1_IS2E_NSF_INS8_IJSA_NS8_IJNS8_IJS2F_NS5_ILi2EEEEEEEEEEEES2L_EENS8_IJSA_SH_SH_EEEEES2X_Li16ELi128ELi256ELb0EEvT_T0_T1_T2_T3_T4_T5_T6_T7_T8_T9_fiiiPKliPKffPKi
equal_n1,48,k2,10,0,1,48,1,192,1,1,98432,73,0,0,2,_Z25_flash_kda_fwd_recurrenceIN4cute9TiledCopyINS0_9Copy_AtomIJNS0_11Copy_TraitsINS0_13SM90_TMA_LOADEJNS0_1CILi2048EEENS0_12AuxTmaParamsINS0_5tupleIJNS0_11ScaledBasisINS5_ILi1EEEJLi2EEEENS9_ISA_JLi1EEEENS9_IiJLi0EEEEEEERKNS0_6LayoutINS8_IJNS5_ILi8EEENS5_ILi16EEESA_EEENS8_IJSB_SC_NS9_ISA_JLi0EEEEEEEEERKNS0_7SwizzleILi0ELi4ELi3EEEEEEEEN7cutlass10bfloat16_tEEEENSF_INS8_IJSA_NS8_IJNS8_IJNS8_IJSG_SH_EEESH_EEEEEEEEENS8_IJNS5_ILi0EEENS8_IJNS8_IJNS8_IJSH_SA_EEENS5_ILi128EEEEEEEEEEEEEENS8_IJSA_SH_S13_EEEEENS1_INS2_IJNS3_IS4_JNS5_ILi512EEENS7_INS8_IJSJ_EEERKNSF_INS8_IJNS5_ILi32EEEEEES1B_EESR_EEEEESV_EEENSF_INS8_IJSA_NS8_IJNS8_IJS1C_SA_EEEEEEEEENS8_IJS11_NS8_IJNS8_IJSA_S11_EEEEEEEEEEES1D_EENS1_INS2_IJNS3_IS4_JS6_NS7_ISK_SN_SR_EEEEESV_EEES17_S18_EES1V_S1V_NS1_INS2_IJNS3_IS4_JNS5_ILi4096EEENS7_INS8_IJSC_SJ_EEERKNSF_INS8_IJS13_SA_EEES1X_EESR_EEEEEfEEENSF_INS8_IJSA_NS8_IJS1Y_EEEEEES1P_EENS8_IJSA_S13_EEEEENS1_IS1U_NSF_INS8_IJSA_NS8_IJNS8_IJSX_NS5_ILi2EEEEEEEEEEEES16_EENS8_IJSA_SH_SH_EEEEES2G_NS1_INS2_IJNS3_IS4_JNS5_ILi16384EEENS7_ISK_RKNSF_INS8_IJSG_S13_SA_EEESK_EESR_EEEEESV_EEENSF_INS8_IJSA_NS8_IJNS8_IJNS8_IJSG_S13_EEESH_EEEEEEEEENS8_IJS11_NS8_IJNS8_IJS1Y_NS5_ILi1024EEEEEEEEEEEEEENS8_IJSA_S13_S13_EEEEENS1_INS2_IJNS3_INS0_14SM90_TMA_STOREEJS2H_S2M_EEESV_EEES2X_S2Y_EENS1_INS2_IJNS3_IS30_JS6_SS_EEESV_EEES17_S18_EELi16ELi128ELi3ELi2ELi192ELb1ELb1ELb0ELb0EEvT_T0_T1_T2_T3_T4_T5_T6_T7_T8_T9_PSV_iiiPKli
equal_n2,48,other,10,0,768,1,1,128,1,1,0,20,0,0,16,_ZN2at6native18elementwise_kernelILi128ELi4EZNS0_22gpu_kernel_impl_nocastIZZZNS0_23direct_copy_kernel_cudaERNS_18TensorIteratorBaseEENKUlvE1_clEvENKUlvE10_clEvEUlN3c108BFloat16EE_EEvS4_RKT_EUliE_EEviT1_
equal_n2,48,k1,10,0,512,48,1,256,1,1,21248,32,0,0,8,_Z22_flash_kda_fwd_prepareIN4cute9TiledCopyINS0_9Copy_AtomIJNS0_11Copy_TraitsINS0_13SM90_TMA_LOADEJNS0_1CILi32768EEENS0_12AuxTmaParamsINS0_5tupleIJNS0_11ScaledBasisINS5_ILi1EEEJLi2EEEENS9_ISA_JLi1EEEENS9_IiJLi0EEEEEEERKNS0_6LayoutINS8_IJNS5_ILi128EEENS5_ILi16EEESA_EEENS8_IJSB_SC_NS9_ISA_JLi0EEEEEEEEERKNS0_7SwizzleILi0ELi4ELi3EEEEEEEEN7cutlass10bfloat16_tEEEENSF_INS8_IJSA_NS8_IJNS8_IJNS8_IJSG_SH_EEESA_EEEEEEEEENS8_IJNS5_ILi0EEENS8_IJNS8_IJNS8_IJSH_SA_EEES11_EEEEEEEEEEENS8_IJSA_SH_SG_EEEEES18_NS1_INS2_IJNS3_IS4_JNS5_ILi512EEENS7_INS8_IJSJ_EEERKNSF_INS8_IJNS5_ILi32EEEEEES1A_EESR_EEEEESV_EEENSF_INS8_IJSA_NS8_IJNS8_IJS1B_SA_EEEEEEEEENS8_IJS11_NS8_IJNS8_IJSA_S11_EEEEEEEEEEES1C_EES18_NS1_INS2_IJNS3_IS4_JNS5_ILi4096EEENS7_INS8_IJSC_SJ_EEERKNSF_INS8_IJSG_SA_EEES1S_EESR_EEEEEfEEENSF_INS8_IJSA_NS8_IJS1T_EEEEEES1O_EENS8_IJSA_SG_EEEEENS1_INS2_IJNS3_INS0_14SM90_TMA_STOREEJNS5_ILi2048EEENS7_ISK_RKNSF_INS8_IJNS5_ILi8EEESH_SA_EEESK_EESR_EEEEESV_EEENSF_INS8_IJSA_NS8_IJNS8_IJNS8_IJS27_SH_EEESH_EEEEEEEEENS8_IJS11_NS8_IJNS8_IJS12_SG_EEEEEEEEEEES17_EES2N_S2N_NS1_INS2_IJNS3_IS25_JS1R_S1X_EEEfEEES22_S23_EENS1_IS2E_NSF_INS8_IJSA_NS8_IJNS8_IJS2F_NS5_ILi2EEEEEEEEEEEES2L_EENS8_IJSA_SH_SH_EEEEES2X_Li16ELi128ELi256ELb0EEvT_T0_T1_T2_T3_T4_T5_T6_T7_T8_T9_fiiiPKliPKffPKi
equal_n2,48,k2,10,0,2,48,1,192,1,1,98432,73,0,0,2,_Z25_flash_kda_fwd_recurrenceIN4cute9TiledCopyINS0_9Copy_AtomIJNS0_11Copy_TraitsINS0_13SM90_TMA_LOADEJNS0_1CILi2048EEENS0_12AuxTmaParamsINS0_5tupleIJNS0_11ScaledBasisINS5_ILi1EEEJLi2EEEENS9_ISA_JLi1EEEENS9_IiJLi0EEEEEEERKNS0_6LayoutINS8_IJNS5_ILi8EEENS5_ILi16EEESA_EEENS8_IJSB_SC_NS9_ISA_JLi0EEEEEEEEERKNS0_7SwizzleILi0ELi4ELi3EEEEEEEEN7cutlass10bfloat16_tEEEENSF_INS8_IJSA_NS8_IJNS8_IJNS8_IJSG_SH_EEESH_EEEEEEEEENS8_IJNS5_ILi0EEENS8_IJNS8_IJNS8_IJSH_SA_EEENS5_ILi128EEEEEEEEEEEEEENS8_IJSA_SH_S13_EEEEENS1_INS2_IJNS3_IS4_JNS5_ILi512EEENS7_INS8_IJSJ_EEERKNSF_INS8_IJNS5_ILi32EEEEEES1B_EESR_EEEEESV_EEENSF_INS8_IJSA_NS8_IJNS8_IJS1C_SA_EEEEEEEEENS8_IJS11_NS8_IJNS8_IJSA_S11_EEEEEEEEEEES1D_EENS1_INS2_IJNS3_IS4_JS6_NS7_ISK_SN_SR_EEEEESV_EEES17_S18_EES1V_S1V_NS1_INS2_IJNS3_IS4_JNS5_ILi4096EEENS7_INS8_IJSC_SJ_EEERKNSF_INS8_IJS13_SA_EEES1X_EESR_EEEEEfEEENSF_INS8_IJSA_NS8_IJS1Y_EEEEEES1P_EENS8_IJSA_S13_EEEEENS1_IS1U_NSF_INS8_IJSA_NS8_IJNS8_IJSX_NS5_ILi2EEEEEEEEEEEES16_EENS8_IJSA_SH_SH_EEEEES2G_NS1_INS2_IJNS3_IS4_JNS5_ILi16384EEENS7_ISK_RKNSF_INS8_IJSG_S13_SA_EEESK_EESR_EEEEESV_EEENSF_INS8_IJSA_NS8_IJNS8_IJNS8_IJSG_S13_EEESH_EEEEEEEEENS8_IJS11_NS8_IJNS8_IJS1Y_NS5_ILi1024EEEEEEEEEEEEEENS8_IJSA_S13_S13_EEEEENS1_INS2_IJNS3_INS0_14SM90_TMA_STOREEJS2H_S2M_EEESV_EEES2X_S2Y_EENS1_INS2_IJNS3_IS30_JS6_SS_EEESV_EEES17_S18_EELi16ELi128ELi3ELi2ELi192ELb1ELb1ELb0ELb0EEvT_T0_T1_T2_T3_T4_T5_T6_T7_T8_T9_PSV_iiiPKli
equal_n4,48,other,10,0,768,1,1,128,1,1,0,20,0,0,16,_ZN2at6native18elementwise_kernelILi128ELi4EZNS0_22gpu_kernel_impl_nocastIZZZNS0_23direct_copy_kernel_cudaERNS_18TensorIteratorBaseEENKUlvE1_clEvENKUlvE10_clEvEUlN3c108BFloat16EE_EEvS4_RKT_EUliE_EEviT1_
equal_n4,48,k1,10,0,512,48,1,256,1,1,21248,32,0,0,8,_Z22_flash_kda_fwd_prepareIN4cute9TiledCopyINS0_9Copy_AtomIJNS0_11Copy_TraitsINS0_13SM90_TMA_LOADEJNS0_1CILi32768EEENS0_12AuxTmaParamsINS0_5tupleIJNS0_11ScaledBasisINS5_ILi1EEEJLi2EEEENS9_ISA_JLi1EEEENS9_IiJLi0EEEEEEERKNS0_6LayoutINS8_IJNS5_ILi128EEENS5_ILi16EEESA_EEENS8_IJSB_SC_NS9_ISA_JLi0EEEEEEEEERKNS0_7SwizzleILi0ELi4ELi3EEEEEEEEN7cutlass10bfloat16_tEEEENSF_INS8_IJSA_NS8_IJNS8_IJNS8_IJSG_SH_EEESA_EEEEEEEEENS8_IJNS5_ILi0EEENS8_IJNS8_IJNS8_IJSH_SA_EEES11_EEEEEEEEEEENS8_IJSA_SH_SG_EEEEES18_NS1_INS2_IJNS3_IS4_JNS5_ILi512EEENS7_INS8_IJSJ_EEERKNSF_INS8_IJNS5_ILi32EEEEEES1A_EESR_EEEEESV_EEENSF_INS8_IJSA_NS8_IJNS8_IJS1B_SA_EEEEEEEEENS8_IJS11_NS8_IJNS8_IJSA_S11_EEEEEEEEEEES1C_EES18_NS1_INS2_IJNS3_IS4_JNS5_ILi4096EEENS7_INS8_IJSC_SJ_EEERKNSF_INS8_IJSG_SA_EEES1S_EESR_EEEEEfEEENSF_INS8_IJSA_NS8_IJS1T_EEEEEES1O_EENS8_IJSA_SG_EEEEENS1_INS2_IJNS3_INS0_14SM90_TMA_STOREEJNS5_ILi2048EEENS7_ISK_RKNSF_INS8_IJNS5_ILi8EEESH_SA_EEESK_EESR_EEEEESV_EEENSF_INS8_IJSA_NS8_IJNS8_IJNS8_IJS27_SH_EEESH_EEEEEEEEENS8_IJS11_NS8_IJNS8_IJS12_SG_EEEEEEEEEEES17_EES2N_S2N_NS1_INS2_IJNS3_IS25_JS1R_S1X_EEEfEEES22_S23_EENS1_IS2E_NSF_INS8_IJSA_NS8_IJNS8_IJS2F_NS5_ILi2EEEEEEEEEEEES2L_EENS8_IJSA_SH_SH_EEEEES2X_Li16ELi128ELi256ELb0EEvT_T0_T1_T2_T3_T4_T5_T6_T7_T8_T9_fiiiPKliPKffPKi
equal_n4,48,k2,10,0,4,48,1,192,1,1,98432,73,0,0,2,_Z25_flash_kda_fwd_recurrenceIN4cute9TiledCopyINS0_9Copy_AtomIJNS0_11Copy_TraitsINS0_13SM90_TMA_LOADEJNS0_1CILi2048EEENS0_12AuxTmaParamsINS0_5tupleIJNS0_11ScaledBasisINS5_ILi1EEEJLi2EEEENS9_ISA_JLi1EEEENS9_IiJLi0EEEEEEERKNS0_6LayoutINS8_IJNS5_ILi8EEENS5_ILi16EEESA_EEENS8_IJSB_SC_NS9_ISA_JLi0EEEEEEEEERKNS0_7SwizzleILi0ELi4ELi3EEEEEEEEN7cutlass10bfloat16_tEEEENSF_INS8_IJSA_NS8_IJNS8_IJNS8_IJSG_SH_EEESH_EEEEEEEEENS8_IJNS5_ILi0EEENS8_IJNS8_IJNS8_IJSH_SA_EEENS5_ILi128EEEEEEEEEEEEEENS8_IJSA_SH_S13_EEEEENS1_INS2_IJNS3_IS4_JNS5_ILi512EEENS7_INS8_IJSJ_EEERKNSF_INS8_IJNS5_ILi32EEEEEES1B_EESR_EEEEESV_EEENSF_INS8_IJSA_NS8_IJNS8_IJS1C_SA_EEEEEEEEENS8_IJS11_NS8_IJNS8_IJSA_S11_EEEEEEEEEEES1D_EENS1_INS2_IJNS3_IS4_JS6_NS7_ISK_SN_SR_EEEEESV_EEES17_S18_EES1V_S1V_NS1_INS2_IJNS3_IS4_JNS5_ILi4096EEENS7_INS8_IJSC_SJ_EEERKNSF_INS8_IJS13_SA_EEES1X_EESR_EEEEEfEEENSF_INS8_IJSA_NS8_IJS1Y_EEEEEES1P_EENS8_IJSA_S13_EEEEENS1_IS1U_NSF_INS8_IJSA_NS8_IJNS8_IJSX_NS5_ILi2EEEEEEEEEEEES16_EENS8_IJSA_SH_SH_EEEEES2G_NS1_INS2_IJNS3_IS4_JNS5_ILi16384EEENS7_ISK_RKNSF_INS8_IJSG_S13_SA_EEESK_EESR_EEEEESV_EEENSF_INS8_IJSA_NS8_IJNS8_IJNS8_IJSG_S13_EEESH_EEEEEEEEENS8_IJS11_NS8_IJNS8_IJS1Y_NS5_ILi1024EEEEEEEEEEEEEENS8_IJSA_S13_S13_EEEEENS1_INS2_IJNS3_INS0_14SM90_TMA_STOREEJS2H_S2M_EEESV_EEES2X_S2Y_EENS1_INS2_IJNS3_IS30_JS6_SS_EEESV_EEES17_S18_EELi16ELi128ELi3ELi2ELi192ELb1ELb1ELb0ELb0EEvT_T0_T1_T2_T3_T4_T5_T6_T7_T8_T9_PSV_iiiPKli
equal_n8,48,other,10,0,768,1,1,128,1,1,0,20,0,0,16,_ZN2at6native18elementwise_kernelILi128ELi4EZNS0_22gpu_kernel_impl_nocastIZZZNS0_23direct_copy_kernel_cudaERNS_18TensorIteratorBaseEENKUlvE1_clEvENKUlvE10_clEvEUlN3c108BFloat16EE_EEvS4_RKT_EUliE_EEviT1_
equal_n8,48,k1,10,0,512,48,1,256,1,1,21248,32,0,0,8,_Z22_flash_kda_fwd_prepareIN4cute9TiledCopyINS0_9Copy_AtomIJNS0_11Copy_TraitsINS0_13SM90_TMA_LOADEJNS0_1CILi32768EEENS0_12AuxTmaParamsINS0_5tupleIJNS0_11ScaledBasisINS5_ILi1EEEJLi2EEEENS9_ISA_JLi1EEEENS9_IiJLi0EEEEEEERKNS0_6LayoutINS8_IJNS5_ILi128EEENS5_ILi16EEESA_EEENS8_IJSB_SC_NS9_ISA_JLi0EEEEEEEEERKNS0_7SwizzleILi0ELi4ELi3EEEEEEEEN7cutlass10bfloat16_tEEEENSF_INS8_IJSA_NS8_IJNS8_IJNS8_IJSG_SH_EEESA_EEEEEEEEENS8_IJNS5_ILi0EEENS8_IJNS8_IJNS8_IJSH_SA_EEES11_EEEEEEEEEEENS8_IJSA_SH_SG_EEEEES18_NS1_INS2_IJNS3_IS4_JNS5_ILi512EEENS7_INS8_IJSJ_EEERKNSF_INS8_IJNS5_ILi32EEEEEES1A_EESR_EEEEESV_EEENSF_INS8_IJSA_NS8_IJNS8_IJS1B_SA_EEEEEEEEENS8_IJS11_NS8_IJNS8_IJSA_S11_EEEEEEEEEEES1C_EES18_NS1_INS2_IJNS3_IS4_JNS5_ILi4096EEENS7_INS8_IJSC_SJ_EEERKNSF_INS8_IJSG_SA_EEES1S_EESR_EEEEEfEEENSF_INS8_IJSA_NS8_IJS1T_EEEEEES1O_EENS8_IJSA_SG_EEEEENS1_INS2_IJNS3_INS0_14SM90_TMA_STOREEJNS5_ILi2048EEENS7_ISK_RKNSF_INS8_IJNS5_ILi8EEESH_SA_EEESK_EESR_EEEEESV_EEENSF_INS8_IJSA_NS8_IJNS8_IJNS8_IJS27_SH_EEESH_EEEEEEEEENS8_IJS11_NS8_IJNS8_IJS12_SG_EEEEEEEEEEES17_EES2N_S2N_NS1_INS2_IJNS3_IS25_JS1R_S1X_EEEfEEES22_S23_EENS1_IS2E_NSF_INS8_IJSA_NS8_IJNS8_IJS2F_NS5_ILi2EEEEEEEEEEEES2L_EENS8_IJSA_SH_SH_EEEEES2X_Li16ELi128ELi256ELb0EEvT_T0_T1_T2_T3_T4_T5_T6_T7_T8_T9_fiiiPKliPKffPKi
equal_n8,48,k2,10,0,8,48,1,192,1,1,98432,73,0,0,2,_Z25_flash_kda_fwd_recurrenceIN4cute9TiledCopyINS0_9Copy_AtomIJNS0_11Copy_TraitsINS0_13SM90_TMA_LOADEJNS0_1CILi2048EEENS0_12AuxTmaParamsINS0_5tupleIJNS0_11ScaledBasisINS5_ILi1EEEJLi2EEEENS9_ISA_JLi1EEEENS9_IiJLi0EEEEEEERKNS0_6LayoutINS8_IJNS5_ILi8EEENS5_ILi16EEESA_EEENS8_IJSB_SC_NS9_ISA_JLi0EEEEEEEEERKNS0_7SwizzleILi0ELi4ELi3EEEEEEEEN7cutlass10bfloat16_tEEEENSF_INS8_IJSA_NS8_IJNS8_IJNS8_IJSG_SH_EEESH_EEEEEEEEENS8_IJNS5_ILi0EEENS8_IJNS8_IJNS8_IJSH_SA_EEENS5_ILi128EEEEEEEEEEEEEENS8_IJSA_SH_S13_EEEEENS1_INS2_IJNS3_IS4_JNS5_ILi512EEENS7_INS8_IJSJ_EEERKNSF_INS8_IJNS5_ILi32EEEEEES1B_EESR_EEEEESV_EEENSF_INS8_IJSA_NS8_IJNS8_IJS1C_SA_EEEEEEEEENS8_IJS11_NS8_IJNS8_IJSA_S11_EEEEEEEEEEES1D_EENS1_INS2_IJNS3_IS4_JS6_NS7_ISK_SN_SR_EEEEESV_EEES17_S18_EES1V_S1V_NS1_INS2_IJNS3_IS4_JNS5_ILi4096EEENS7_INS8_IJSC_SJ_EEERKNSF_INS8_IJS13_SA_EEES1X_EESR_EEEEEfEEENSF_INS8_IJSA_NS8_IJS1Y_EEEEEES1P_EENS8_IJSA_S13_EEEEENS1_IS1U_NSF_INS8_IJSA_NS8_IJNS8_IJSX_NS5_ILi2EEEEEEEEEEEES16_EENS8_IJSA_SH_SH_EEEEES2G_NS1_INS2_IJNS3_IS4_JNS5_ILi16384EEENS7_ISK_RKNSF_INS8_IJSG_S13_SA_EEESK_EESR_EEEEESV_EEENSF_INS8_IJSA_NS8_IJNS8_IJNS8_IJSG_S13_EEESH_EEEEEEEEENS8_IJS11_NS8_IJNS8_IJS1Y_NS5_ILi1024EEEEEEEEEEEEEENS8_IJSA_S13_S13_EEEEENS1_INS2_IJNS3_INS0_14SM90_TMA_STOREEJS2H_S2M_EEESV_EEES2X_S2Y_EENS1_INS2_IJNS3_IS30_JS6_SS_EEESV_EEES17_S18_EELi16ELi128ELi3ELi2ELi192ELb1ELb1ELb0ELb0EEvT_T0_T1_T2_T3_T4_T5_T6_T7_T8_T9_PSV_iiiPKli
equal_n16,48,other,10,0,768,1,1,128,1,1,0,20,0,0,16,_ZN2at6native18elementwise_kernelILi128ELi4EZNS0_22gpu_kernel_impl_nocastIZZZNS0_23direct_copy_kernel_cudaERNS_18TensorIteratorBaseEENKUlvE1_clEvENKUlvE10_clEvEUlN3c108BFloat16EE_EEvS4_RKT_EUliE_EEviT1_
equal_n16,48,k1,10,0,512,48,1,256,1,1,21248,32,0,0,8,_Z22_flash_kda_fwd_prepareIN4cute9TiledCopyINS0_9Copy_AtomIJNS0_11Copy_TraitsINS0_13SM90_TMA_LOADEJNS0_1CILi32768EEENS0_12AuxTmaParamsINS0_5tupleIJNS0_11ScaledBasisINS5_ILi1EEEJLi2EEEENS9_ISA_JLi1EEEENS9_IiJLi0EEEEEEERKNS0_6LayoutINS8_IJNS5_ILi128EEENS5_ILi16EEESA_EEENS8_IJSB_SC_NS9_ISA_JLi0EEEEEEEEERKNS0_7SwizzleILi0ELi4ELi3EEEEEEEEN7cutlass10bfloat16_tEEEENSF_INS8_IJSA_NS8_IJNS8_IJNS8_IJSG_SH_EEESA_EEEEEEEEENS8_IJNS5_ILi0EEENS8_IJNS8_IJNS8_IJSH_SA_EEES11_EEEEEEEEEEENS8_IJSA_SH_SG_EEEEES18_NS1_INS2_IJNS3_IS4_JNS5_ILi512EEENS7_INS8_IJSJ_EEERKNSF_INS8_IJNS5_ILi32EEEEEES1A_EESR_EEEEESV_EEENSF_INS8_IJSA_NS8_IJNS8_IJS1B_SA_EEEEEEEEENS8_IJS11_NS8_IJNS8_IJSA_S11_EEEEEEEEEEES1C_EES18_NS1_INS2_IJNS3_IS4_JNS5_ILi4096EEENS7_INS8_IJSC_SJ_EEERKNSF_INS8_IJSG_SA_EEES1S_EESR_EEEEEfEEENSF_INS8_IJSA_NS8_IJS1T_EEEEEES1O_EENS8_IJSA_SG_EEEEENS1_INS2_IJNS3_INS0_14SM90_TMA_STOREEJNS5_ILi2048EEENS7_ISK_RKNSF_INS8_IJNS5_ILi8EEESH_SA_EEESK_EESR_EEEEESV_EEENSF_INS8_IJSA_NS8_IJNS8_IJNS8_IJS27_SH_EEESH_EEEEEEEEENS8_IJS11_NS8_IJNS8_IJS12_SG_EEEEEEEEEEES17_EES2N_S2N_NS1_INS2_IJNS3_IS25_JS1R_S1X_EEEfEEES22_S23_EENS1_IS2E_NSF_INS8_IJSA_NS8_IJNS8_IJS2F_NS5_ILi2EEEEEEEEEEEES2L_EENS8_IJSA_SH_SH_EEEEES2X_Li16ELi128ELi256ELb0EEvT_T0_T1_T2_T3_T4_T5_T6_T7_T8_T9_fiiiPKliPKffPKi
equal_n16,48,k2,10,0,16,48,1,192,1,1,98432,73,0,0,2,_Z25_flash_kda_fwd_recurrenceIN4cute9TiledCopyINS0_9Copy_AtomIJNS0_11Copy_TraitsINS0_13SM90_TMA_LOADEJNS0_1CILi2048EEENS0_12AuxTmaParamsINS0_5tupleIJNS0_11ScaledBasisINS5_ILi1EEEJLi2EEEENS9_ISA_JLi1EEEENS9_IiJLi0EEEEEEERKNS0_6LayoutINS8_IJNS5_ILi8EEENS5_ILi16EEESA_EEENS8_IJSB_SC_NS9_ISA_JLi0EEEEEEEEERKNS0_7SwizzleILi0ELi4ELi3EEEEEEEEN7cutlass10bfloat16_tEEEENSF_INS8_IJSA_NS8_IJNS8_IJNS8_IJSG_SH_EEESH_EEEEEEEEENS8_IJNS5_ILi0EEENS8_IJNS8_IJNS8_IJSH_SA_EEENS5_ILi128EEEEEEEEEEEEEENS8_IJSA_SH_S13_EEEEENS1_INS2_IJNS3_IS4_JNS5_ILi512EEENS7_INS8_IJSJ_EEERKNSF_INS8_IJNS5_ILi32EEEEEES1B_EESR_EEEEESV_EEENSF_INS8_IJSA_NS8_IJNS8_IJS1C_SA_EEEEEEEEENS8_IJS11_NS8_IJNS8_IJSA_S11_EEEEEEEEEEES1D_EENS1_INS2_IJNS3_IS4_JS6_NS7_ISK_SN_SR_EEEEESV_EEES17_S18_EES1V_S1V_NS1_INS2_IJNS3_IS4_JNS5_ILi4096EEENS7_INS8_IJSC_SJ_EEERKNSF_INS8_IJS13_SA_EEES1X_EESR_EEEEEfEEENSF_INS8_IJSA_NS8_IJS1Y_EEEEEES1P_EENS8_IJSA_S13_EEEEENS1_IS1U_NSF_INS8_IJSA_NS8_IJNS8_IJSX_NS5_ILi2EEEEEEEEEEEES16_EENS8_IJSA_SH_SH_EEEEES2G_NS1_INS2_IJNS3_IS4_JNS5_ILi16384EEENS7_ISK_RKNSF_INS8_IJSG_S13_SA_EEESK_EESR_EEEEESV_EEENSF_INS8_IJSA_NS8_IJNS8_IJNS8_IJSG_S13_EEESH_EEEEEEEEENS8_IJS11_NS8_IJNS8_IJS1Y_NS5_ILi1024EEEEEEEEEEEEEENS8_IJSA_S13_S13_EEEEENS1_INS2_IJNS3_INS0_14SM90_TMA_STOREEJS2H_S2M_EEESV_EEES2X_S2Y_EENS1_INS2_IJNS3_IS30_JS6_SS_EEESV_EEES17_S18_EELi16ELi128ELi3ELi2ELi192ELb1ELb1ELb0ELb0EEvT_T0_T1_T2_T3_T4_T5_T6_T7_T8_T9_PSV_iiiPKli
skew8,48,other,10,0,768,1,1,128,1,1,0,20,0,0,16,_ZN2at6native18elementwise_kernelILi128ELi4EZNS0_22gpu_kernel_impl_nocastIZZZNS0_23direct_copy_kernel_cudaERNS_18TensorIteratorBaseEENKUlvE1_clEvENKUlvE10_clEvEUlN3c108BFloat16EE_EEvS4_RKT_EUliE_EEviT1_
skew8,48,prefix,10,0,1,1,1,32,1,1,0,32,0,0,32,_Z28_flash_kda_build_tile_prefixPKliiPi
skew8,48,k1,10,0,520,48,1,256,1,1,21248,32,0,0,8,_Z22_flash_kda_fwd_prepareIN4cute9TiledCopyINS0_9Copy_AtomIJNS0_11Copy_TraitsINS0_13SM90_TMA_LOADEJNS0_1CILi32768EEENS0_12AuxTmaParamsINS0_5tupleIJNS0_11ScaledBasisINS5_ILi1EEEJLi2EEEENS9_ISA_JLi1EEEENS9_IiJLi0EEEEEEERKNS0_6LayoutINS8_IJNS5_ILi128EEENS5_ILi16EEESA_EEENS8_IJSB_SC_NS9_ISA_JLi0EEEEEEEEERKNS0_7SwizzleILi0ELi4ELi3EEEEEEEEN7cutlass10bfloat16_tEEEENSF_INS8_IJSA_NS8_IJNS8_IJNS8_IJSG_SH_EEESA_EEEEEEEEENS8_IJNS5_ILi0EEENS8_IJNS8_IJNS8_IJSH_SA_EEES11_EEEEEEEEEEENS8_IJSA_SH_SG_EEEEES18_NS1_INS2_IJNS3_IS4_JNS5_ILi512EEENS7_INS8_IJSJ_EEERKNSF_INS8_IJNS5_ILi32EEEEEES1A_EESR_EEEEESV_EEENSF_INS8_IJSA_NS8_IJNS8_IJS1B_SA_EEEEEEEEENS8_IJS11_NS8_IJNS8_IJSA_S11_EEEEEEEEEEES1C_EES18_NS1_INS2_IJNS3_IS4_JNS5_ILi4096EEENS7_INS8_IJSC_SJ_EEERKNSF_INS8_IJSG_SA_EEES1S_EESR_EEEEEfEEENSF_INS8_IJSA_NS8_IJS1T_EEEEEES1O_EENS8_IJSA_SG_EEEEENS1_INS2_IJNS3_INS0_14SM90_TMA_STOREEJNS5_ILi2048EEENS7_ISK_RKNSF_INS8_IJNS5_ILi8EEESH_SA_EEESK_EESR_EEEEESV_EEENSF_INS8_IJSA_NS8_IJNS8_IJNS8_IJS27_SH_EEESH_EEEEEEEEENS8_IJS11_NS8_IJNS8_IJS12_SG_EEEEEEEEEEES17_EES2N_S2N_NS1_INS2_IJNS3_IS25_JS1R_S1X_EEEfEEES22_S23_EENS1_IS2E_NSF_INS8_IJSA_NS8_IJNS8_IJS2F_NS5_ILi2EEEEEEEEEEEES2L_EENS8_IJSA_SH_SH_EEEEES2X_Li16ELi128ELi256ELb1EEvT_T0_T1_T2_T3_T4_T5_T6_T7_T8_T9_fiiiPKliPKffPKi
skew8,48,k2,10,0,8,48,1,192,1,1,98432,73,0,0,2,_Z25_flash_kda_fwd_recurrenceIN4cute9TiledCopyINS0_9Copy_AtomIJNS0_11Copy_TraitsINS0_13SM90_TMA_LOADEJNS0_1CILi2048EEENS0_12AuxTmaParamsINS0_5tupleIJNS0_11ScaledBasisINS5_ILi1EEEJLi2EEEENS9_ISA_JLi1EEEENS9_IiJLi0EEEEEEERKNS0_6LayoutINS8_IJNS5_ILi8EEENS5_ILi16EEESA_EEENS8_IJSB_SC_NS9_ISA_JLi0EEEEEEEEERKNS0_7SwizzleILi0ELi4ELi3EEEEEEEEN7cutlass10bfloat16_tEEEENSF_INS8_IJSA_NS8_IJNS8_IJNS8_IJSG_SH_EEESH_EEEEEEEEENS8_IJNS5_ILi0EEENS8_IJNS8_IJNS8_IJSH_SA_EEENS5_ILi128EEEEEEEEEEEEEENS8_IJSA_SH_S13_EEEEENS1_INS2_IJNS3_IS4_JNS5_ILi512EEENS7_INS8_IJSJ_EEERKNSF_INS8_IJNS5_ILi32EEEEEES1B_EESR_EEEEESV_EEENSF_INS8_IJSA_NS8_IJNS8_IJS1C_SA_EEEEEEEEENS8_IJS11_NS8_IJNS8_IJSA_S11_EEEEEEEEEEES1D_EENS1_INS2_IJNS3_IS4_JS6_NS7_ISK_SN_SR_EEEEESV_EEES17_S18_EES1V_S1V_NS1_INS2_IJNS3_IS4_JNS5_ILi4096EEENS7_INS8_IJSC_SJ_EEERKNSF_INS8_IJS13_SA_EEES1X_EESR_EEEEEfEEENSF_INS8_IJSA_NS8_IJS1Y_EEEEEES1P_EENS8_IJSA_S13_EEEEENS1_IS1U_NSF_INS8_IJSA_NS8_IJNS8_IJSX_NS5_ILi2EEEEEEEEEEEES16_EENS8_IJSA_SH_SH_EEEEES2G_NS1_INS2_IJNS3_IS4_JNS5_ILi16384EEENS7_ISK_RKNSF_INS8_IJSG_S13_SA_EEESK_EESR_EEEEESV_EEENSF_INS8_IJSA_NS8_IJNS8_IJNS8_IJSG_S13_EEESH_EEEEEEEEENS8_IJS11_NS8_IJNS8_IJS1Y_NS5_ILi1024EEEEEEEEEEEEEENS8_IJSA_S13_S13_EEEEENS1_INS2_IJNS3_INS0_14SM90_TMA_STOREEJS2H_S2M_EEESV_EEES2X_S2Y_EENS1_INS2_IJNS3_IS30_JS6_SS_EEESV_EEES17_S18_EELi16ELi128ELi3ELi2ELi192ELb1ELb1ELb0ELb1EEvT_T0_T1_T2_T3_T4_T5_T6_T7_T8_T9_PSV_iiiPKli
ragged6,48,other,10,0,768,1,1,128,1,1,0,20,0,0,16,_ZN2at6native18elementwise_kernelILi128ELi4EZNS0_22gpu_kernel_impl_nocastIZZZNS0_23direct_copy_kernel_cudaERNS_18TensorIteratorBaseEENKUlvE1_clEvENKUlvE10_clEvEUlN3c108BFloat16EE_EEvS4_RKT_EUliE_EEviT1_
ragged6,48,prefix,10,0,1,1,1,32,1,1,0,32,0,0,32,_Z28_flash_kda_build_tile_prefixPKliiPi
ragged6,48,k1,10,0,518,48,1,256,1,1,21248,32,0,0,8,_Z22_flash_kda_fwd_prepareIN4cute9TiledCopyINS0_9Copy_AtomIJNS0_11Copy_TraitsINS0_13SM90_TMA_LOADEJNS0_1CILi32768EEENS0_12AuxTmaParamsINS0_5tupleIJNS0_11ScaledBasisINS5_ILi1EEEJLi2EEEENS9_ISA_JLi1EEEENS9_IiJLi0EEEEEEERKNS0_6LayoutINS8_IJNS5_ILi128EEENS5_ILi16EEESA_EEENS8_IJSB_SC_NS9_ISA_JLi0EEEEEEEEERKNS0_7SwizzleILi0ELi4ELi3EEEEEEEEN7cutlass10bfloat16_tEEEENSF_INS8_IJSA_NS8_IJNS8_IJNS8_IJSG_SH_EEESA_EEEEEEEEENS8_IJNS5_ILi0EEENS8_IJNS8_IJNS8_IJSH_SA_EEES11_EEEEEEEEEEENS8_IJSA_SH_SG_EEEEES18_NS1_INS2_IJNS3_IS4_JNS5_ILi512EEENS7_INS8_IJSJ_EEERKNSF_INS8_IJNS5_ILi32EEEEEES1A_EESR_EEEEESV_EEENSF_INS8_IJSA_NS8_IJNS8_IJS1B_SA_EEEEEEEEENS8_IJS11_NS8_IJNS8_IJSA_S11_EEEEEEEEEEES1C_EES18_NS1_INS2_IJNS3_IS4_JNS5_ILi4096EEENS7_INS8_IJSC_SJ_EEERKNSF_INS8_IJSG_SA_EEES1S_EESR_EEEEEfEEENSF_INS8_IJSA_NS8_IJS1T_EEEEEES1O_EENS8_IJSA_SG_EEEEENS1_INS2_IJNS3_INS0_14SM90_TMA_STOREEJNS5_ILi2048EEENS7_ISK_RKNSF_INS8_IJNS5_ILi8EEESH_SA_EEESK_EESR_EEEEESV_EEENSF_INS8_IJSA_NS8_IJNS8_IJNS8_IJS27_SH_EEESH_EEEEEEEEENS8_IJS11_NS8_IJNS8_IJS12_SG_EEEEEEEEEEES17_EES2N_S2N_NS1_INS2_IJNS3_IS25_JS1R_S1X_EEEfEEES22_S23_EENS1_IS2E_NSF_INS8_IJSA_NS8_IJNS8_IJS2F_NS5_ILi2EEEEEEEEEEEES2L_EENS8_IJSA_SH_SH_EEEEES2X_Li16ELi128ELi256ELb1EEvT_T0_T1_T2_T3_T4_T5_T6_T7_T8_T9_fiiiPKliPKffPKi
ragged6,48,k2,10,0,6,48,1,192,1,1,98432,73,0,0,2,_Z25_flash_kda_fwd_recurrenceIN4cute9TiledCopyINS0_9Copy_AtomIJNS0_11Copy_TraitsINS0_13SM90_TMA_LOADEJNS0_1CILi2048EEENS0_12AuxTmaParamsINS0_5tupleIJNS0_11ScaledBasisINS5_ILi1EEEJLi2EEEENS9_ISA_JLi1EEEENS9_IiJLi0EEEEEEERKNS0_6LayoutINS8_IJNS5_ILi8EEENS5_ILi16EEESA_EEENS8_IJSB_SC_NS9_ISA_JLi0EEEEEEEEERKNS0_7SwizzleILi0ELi4ELi3EEEEEEEEN7cutlass10bfloat16_tEEEENSF_INS8_IJSA_NS8_IJNS8_IJNS8_IJSG_SH_EEESH_EEEEEEEEENS8_IJNS5_ILi0EEENS8_IJNS8_IJNS8_IJSH_SA_EEENS5_ILi128EEEEEEEEEEEEEENS8_IJSA_SH_S13_EEEEENS1_INS2_IJNS3_IS4_JNS5_ILi512EEENS7_INS8_IJSJ_EEERKNSF_INS8_IJNS5_ILi32EEEEEES1B_EESR_EEEEESV_EEENSF_INS8_IJSA_NS8_IJNS8_IJS1C_SA_EEEEEEEEENS8_IJS11_NS8_IJNS8_IJSA_S11_EEEEEEEEEEES1D_EENS1_INS2_IJNS3_IS4_JS6_NS7_ISK_SN_SR_EEEEESV_EEES17_S18_EES1V_S1V_NS1_INS2_IJNS3_IS4_JNS5_ILi4096EEENS7_INS8_IJSC_SJ_EEERKNSF_INS8_IJS13_SA_EEES1X_EESR_EEEEEfEEENSF_INS8_IJSA_NS8_IJS1Y_EEEEEES1P_EENS8_IJSA_S13_EEEEENS1_IS1U_NSF_INS8_IJSA_NS8_IJNS8_IJSX_NS5_ILi2EEEEEEEEEEEES16_EENS8_IJSA_SH_SH_EEEEES2G_NS1_INS2_IJNS3_IS4_JNS5_ILi16384EEENS7_ISK_RKNSF_INS8_IJSG_S13_SA_EEESK_EESR_EEEEESV_EEENSF_INS8_IJSA_NS8_IJNS8_IJNS8_IJSG_S13_EEESH_EEEEEEEEENS8_IJS11_NS8_IJNS8_IJS1Y_NS5_ILi1024EEEEEEEEEEEEEENS8_IJSA_S13_S13_EEEEENS1_INS2_IJNS3_INS0_14SM90_TMA_STOREEJS2H_S2M_EEESV_EEES2X_S2Y_EENS1_INS2_IJNS3_IS30_JS6_SS_EEESV_EEES17_S18_EELi16ELi128ELi3ELi2ELi192ELb1ELb1ELb0ELb1EEvT_T0_T1_T2_T3_T4_T5_T6_T7_T8_T9_PSV_iiiPKli
equal8_varlen,48,other,10,0,768,1,1,128,1,1,0,20,0,0,16,_ZN2at6native18elementwise_kernelILi128ELi4EZNS0_22gpu_kernel_impl_nocastIZZZNS0_23direct_copy_kernel_cudaERNS_18TensorIteratorBaseEENKUlvE1_clEvENKUlvE10_clEvEUlN3c108BFloat16EE_EEvS4_RKT_EUliE_EEviT1_
equal8_varlen,48,prefix,10,0,1,1,1,32,1,1,0,32,0,0,32,_Z28_flash_kda_build_tile_prefixPKliiPi
equal8_varlen,48,k1,10,0,520,48,1,256,1,1,21248,32,0,0,8,_Z22_flash_kda_fwd_prepareIN4cute9TiledCopyINS0_9Copy_AtomIJNS0_11Copy_TraitsINS0_13SM90_TMA_LOADEJNS0_1CILi32768EEENS0_12AuxTmaParamsINS0_5tupleIJNS0_11ScaledBasisINS5_ILi1EEEJLi2EEEENS9_ISA_JLi1EEEENS9_IiJLi0EEEEEEERKNS0_6LayoutINS8_IJNS5_ILi128EEENS5_ILi16EEESA_EEENS8_IJSB_SC_NS9_ISA_JLi0EEEEEEEEERKNS0_7SwizzleILi0ELi4ELi3EEEEEEEEN7cutlass10bfloat16_tEEEENSF_INS8_IJSA_NS8_IJNS8_IJNS8_IJSG_SH_EEESA_EEEEEEEEENS8_IJNS5_ILi0EEENS8_IJNS8_IJNS8_IJSH_SA_EEES11_EEEEEEEEEEENS8_IJSA_SH_SG_EEEEES18_NS1_INS2_IJNS3_IS4_JNS5_ILi512EEENS7_INS8_IJSJ_EEERKNSF_INS8_IJNS5_ILi32EEEEEES1A_EESR_EEEEESV_EEENSF_INS8_IJSA_NS8_IJNS8_IJS1B_SA_EEEEEEEEENS8_IJS11_NS8_IJNS8_IJSA_S11_EEEEEEEEEEES1C_EES18_NS1_INS2_IJNS3_IS4_JNS5_ILi4096EEENS7_INS8_IJSC_SJ_EEERKNSF_INS8_IJSG_SA_EEES1S_EESR_EEEEEfEEENSF_INS8_IJSA_NS8_IJS1T_EEEEEES1O_EENS8_IJSA_SG_EEEEENS1_INS2_IJNS3_INS0_14SM90_TMA_STOREEJNS5_ILi2048EEENS7_ISK_RKNSF_INS8_IJNS5_ILi8EEESH_SA_EEESK_EESR_EEEEESV_EEENSF_INS8_IJSA_NS8_IJNS8_IJNS8_IJS27_SH_EEESH_EEEEEEEEENS8_IJS11_NS8_IJNS8_IJS12_SG_EEEEEEEEEEES17_EES2N_S2N_NS1_INS2_IJNS3_IS25_JS1R_S1X_EEEfEEES22_S23_EENS1_IS2E_NSF_INS8_IJSA_NS8_IJNS8_IJS2F_NS5_ILi2EEEEEEEEEEEES2L_EENS8_IJSA_SH_SH_EEEEES2X_Li16ELi128ELi256ELb1EEvT_T0_T1_T2_T3_T4_T5_T6_T7_T8_T9_fiiiPKliPKffPKi
equal8_varlen,48,k2,10,0,8,48,1,192,1,1,98432,73,0,0,2,_Z25_flash_kda_fwd_recurrenceIN4cute9TiledCopyINS0_9Copy_AtomIJNS0_11Copy_TraitsINS0_13SM90_TMA_LOADEJNS0_1CILi2048EEENS0_12AuxTmaParamsINS0_5tupleIJNS0_11ScaledBasisINS5_ILi1EEEJLi2EEEENS9_ISA_JLi1EEEENS9_IiJLi0EEEEEEERKNS0_6LayoutINS8_IJNS5_ILi8EEENS5_ILi16EEESA_EEENS8_IJSB_SC_NS9_ISA_JLi0EEEEEEEEERKNS0_7SwizzleILi0ELi4ELi3EEEEEEEEN7cutlass10bfloat16_tEEEENSF_INS8_IJSA_NS8_IJNS8_IJNS8_IJSG_SH_EEESH_EEEEEEEEENS8_IJNS5_ILi0EEENS8_IJNS8_IJNS8_IJSH_SA_EEENS5_ILi128EEEEEEEEEEEEEENS8_IJSA_SH_S13_EEEEENS1_INS2_IJNS3_IS4_JNS5_ILi512EEENS7_INS8_IJSJ_EEERKNSF_INS8_IJNS5_ILi32EEEEEES1B_EESR_EEEEESV_EEENSF_INS8_IJSA_NS8_IJNS8_IJS1C_SA_EEEEEEEEENS8_IJS11_NS8_IJNS8_IJSA_S11_EEEEEEEEEEES1D_EENS1_INS2_IJNS3_IS4_JS6_NS7_ISK_SN_SR_EEEEESV_EEES17_S18_EES1V_S1V_NS1_INS2_IJNS3_IS4_JNS5_ILi4096EEENS7_INS8_IJSC_SJ_EEERKNSF_INS8_IJS13_SA_EEES1X_EESR_EEEEEfEEENSF_INS8_IJSA_NS8_IJS1Y_EEEEEES1P_EENS8_IJSA_S13_EEEEENS1_IS1U_NSF_INS8_IJSA_NS8_IJNS8_IJSX_NS5_ILi2EEEEEEEEEEEES16_EENS8_IJSA_SH_SH_EEEEES2G_NS1_INS2_IJNS3_IS4_JNS5_ILi16384EEENS7_ISK_RKNSF_INS8_IJSG_S13_SA_EEESK_EESR_EEEEESV_EEENSF_INS8_IJSA_NS8_IJNS8_IJNS8_IJSG_S13_EEESH_EEEEEEEEENS8_IJS11_NS8_IJNS8_IJS1Y_NS5_ILi1024EEEEEEEEEEEEEENS8_IJSA_S13_S13_EEEEENS1_INS2_IJNS3_INS0_14SM90_TMA_STOREEJS2H_S2M_EEESV_EEES2X_S2Y_EENS1_INS2_IJNS3_IS30_JS6_SS_EEESV_EEES17_S18_EELi16ELi128ELi3ELi2ELi192ELb1ELb1ELb0ELb1EEvT_T0_T1_T2_T3_T4_T5_T6_T7_T8_T9_PSV_iiiPKli
equal_n1,96,other,10,0,1536,1,1,128,1,1,0,20,0,0,16,_ZN2at6native18elementwise_kernelILi128ELi4EZNS0_22gpu_kernel_impl_nocastIZZZNS0_23direct_copy_kernel_cudaERNS_18TensorIteratorBaseEENKUlvE1_clEvENKUlvE10_clEvEUlN3c108BFloat16EE_EEvS4_RKT_EUliE_EEviT1_
equal_n1,96,k1,10,0,512,96,1,256,1,1,21248,32,0,0,8,_Z22_flash_kda_fwd_prepareIN4cute9TiledCopyINS0_9Copy_AtomIJNS0_11Copy_TraitsINS0_13SM90_TMA_LOADEJNS0_1CILi32768EEENS0_12AuxTmaParamsINS0_5tupleIJNS0_11ScaledBasisINS5_ILi1EEEJLi2EEEENS9_ISA_JLi1EEEENS9_IiJLi0EEEEEEERKNS0_6LayoutINS8_IJNS5_ILi128EEENS5_ILi16EEESA_EEENS8_IJSB_SC_NS9_ISA_JLi0EEEEEEEEERKNS0_7SwizzleILi0ELi4ELi3EEEEEEEEN7cutlass10bfloat16_tEEEENSF_INS8_IJSA_NS8_IJNS8_IJNS8_IJSG_SH_EEESA_EEEEEEEEENS8_IJNS5_ILi0EEENS8_IJNS8_IJNS8_IJSH_SA_EEES11_EEEEEEEEEEENS8_IJSA_SH_SG_EEEEES18_NS1_INS2_IJNS3_IS4_JNS5_ILi512EEENS7_INS8_IJSJ_EEERKNSF_INS8_IJNS5_ILi32EEEEEES1A_EESR_EEEEESV_EEENSF_INS8_IJSA_NS8_IJNS8_IJS1B_SA_EEEEEEEEENS8_IJS11_NS8_IJNS8_IJSA_S11_EEEEEEEEEEES1C_EES18_NS1_INS2_IJNS3_IS4_JNS5_ILi4096EEENS7_INS8_IJSC_SJ_EEERKNSF_INS8_IJSG_SA_EEES1S_EESR_EEEEEfEEENSF_INS8_IJSA_NS8_IJS1T_EEEEEES1O_EENS8_IJSA_SG_EEEEENS1_INS2_IJNS3_INS0_14SM90_TMA_STOREEJNS5_ILi2048EEENS7_ISK_RKNSF_INS8_IJNS5_ILi8EEESH_SA_EEESK_EESR_EEEEESV_EEENSF_INS8_IJSA_NS8_IJNS8_IJNS8_IJS27_SH_EEESH_EEEEEEEEENS8_IJS11_NS8_IJNS8_IJS12_SG_EEEEEEEEEEES17_EES2N_S2N_NS1_INS2_IJNS3_IS25_JS1R_S1X_EEEfEEES22_S23_EENS1_IS2E_NSF_INS8_IJSA_NS8_IJNS8_IJS2F_NS5_ILi2EEEEEEEEEEEES2L_EENS8_IJSA_SH_SH_EEEEES2X_Li16ELi128ELi256ELb0EEvT_T0_T1_T2_T3_T4_T5_T6_T7_T8_T9_fiiiPKliPKffPKi
equal_n1,96,k2,10,0,1,96,1,192,1,1,98432,73,0,0,2,_Z25_flash_kda_fwd_recurrenceIN4cute9TiledCopyINS0_9Copy_AtomIJNS0_11Copy_TraitsINS0_13SM90_TMA_LOADEJNS0_1CILi2048EEENS0_12AuxTmaParamsINS0_5tupleIJNS0_11ScaledBasisINS5_ILi1EEEJLi2EEEENS9_ISA_JLi1EEEENS9_IiJLi0EEEEEEERKNS0_6LayoutINS8_IJNS5_ILi8EEENS5_ILi16EEESA_EEENS8_IJSB_SC_NS9_ISA_JLi0EEEEEEEEERKNS0_7SwizzleILi0ELi4ELi3EEEEEEEEN7cutlass10bfloat16_tEEEENSF_INS8_IJSA_NS8_IJNS8_IJNS8_IJSG_SH_EEESH_EEEEEEEEENS8_IJNS5_ILi0EEENS8_IJNS8_IJNS8_IJSH_SA_EEENS5_ILi128EEEEEEEEEEEEEENS8_IJSA_SH_S13_EEEEENS1_INS2_IJNS3_IS4_JNS5_ILi512EEENS7_INS8_IJSJ_EEERKNSF_INS8_IJNS5_ILi32EEEEEES1B_EESR_EEEEESV_EEENSF_INS8_IJSA_NS8_IJNS8_IJS1C_SA_EEEEEEEEENS8_IJS11_NS8_IJNS8_IJSA_S11_EEEEEEEEEEES1D_EENS1_INS2_IJNS3_IS4_JS6_NS7_ISK_SN_SR_EEEEESV_EEES17_S18_EES1V_S1V_NS1_INS2_IJNS3_IS4_JNS5_ILi4096EEENS7_INS8_IJSC_SJ_EEERKNSF_INS8_IJS13_SA_EEES1X_EESR_EEEEEfEEENSF_INS8_IJSA_NS8_IJS1Y_EEEEEES1P_EENS8_IJSA_S13_EEEEENS1_IS1U_NSF_INS8_IJSA_NS8_IJNS8_IJSX_NS5_ILi2EEEEEEEEEEEES16_EENS8_IJSA_SH_SH_EEEEES2G_NS1_INS2_IJNS3_IS4_JNS5_ILi16384EEENS7_ISK_RKNSF_INS8_IJSG_S13_SA_EEESK_EESR_EEEEESV_EEENSF_INS8_IJSA_NS8_IJNS8_IJNS8_IJSG_S13_EEESH_EEEEEEEEENS8_IJS11_NS8_IJNS8_IJS1Y_NS5_ILi1024EEEEEEEEEEEEEENS8_IJSA_S13_S13_EEEEENS1_INS2_IJNS3_INS0_14SM90_TMA_STOREEJS2H_S2M_EEESV_EEES2X_S2Y_EENS1_INS2_IJNS3_IS30_JS6_SS_EEESV_EEES17_S18_EELi16ELi128ELi3ELi2ELi192ELb1ELb1ELb0ELb0EEvT_T0_T1_T2_T3_T4_T5_T6_T7_T8_T9_PSV_iiiPKli
equal_n2,96,other,10,0,1536,1,1,128,1,1,0,20,0,0,16,_ZN2at6native18elementwise_kernelILi128ELi4EZNS0_22gpu_kernel_impl_nocastIZZZNS0_23direct_copy_kernel_cudaERNS_18TensorIteratorBaseEENKUlvE1_clEvENKUlvE10_clEvEUlN3c108BFloat16EE_EEvS4_RKT_EUliE_EEviT1_
equal_n2,96,k1,10,0,512,96,1,256,1,1,21248,32,0,0,8,_Z22_flash_kda_fwd_prepareIN4cute9TiledCopyINS0_9Copy_AtomIJNS0_11Copy_TraitsINS0_13SM90_TMA_LOADEJNS0_1CILi32768EEENS0_12AuxTmaParamsINS0_5tupleIJNS0_11ScaledBasisINS5_ILi1EEEJLi2EEEENS9_ISA_JLi1EEEENS9_IiJLi0EEEEEEERKNS0_6LayoutINS8_IJNS5_ILi128EEENS5_ILi16EEESA_EEENS8_IJSB_SC_NS9_ISA_JLi0EEEEEEEEERKNS0_7SwizzleILi0ELi4ELi3EEEEEEEEN7cutlass10bfloat16_tEEEENSF_INS8_IJSA_NS8_IJNS8_IJNS8_IJSG_SH_EEESA_EEEEEEEEENS8_IJNS5_ILi0EEENS8_IJNS8_IJNS8_IJSH_SA_EEES11_EEEEEEEEEEENS8_IJSA_SH_SG_EEEEES18_NS1_INS2_IJNS3_IS4_JNS5_ILi512EEENS7_INS8_IJSJ_EEERKNSF_INS8_IJNS5_ILi32EEEEEES1A_EESR_EEEEESV_EEENSF_INS8_IJSA_NS8_IJNS8_IJS1B_SA_EEEEEEEEENS8_IJS11_NS8_IJNS8_IJSA_S11_EEEEEEEEEEES1C_EES18_NS1_INS2_IJNS3_IS4_JNS5_ILi4096EEENS7_INS8_IJSC_SJ_EEERKNSF_INS8_IJSG_SA_EEES1S_EESR_EEEEEfEEENSF_INS8_IJSA_NS8_IJS1T_EEEEEES1O_EENS8_IJSA_SG_EEEEENS1_INS2_IJNS3_INS0_14SM90_TMA_STOREEJNS5_ILi2048EEENS7_ISK_RKNSF_INS8_IJNS5_ILi8EEESH_SA_EEESK_EESR_EEEEESV_EEENSF_INS8_IJSA_NS8_IJNS8_IJNS8_IJS27_SH_EEESH_EEEEEEEEENS8_IJS11_NS8_IJNS8_IJS12_SG_EEEEEEEEEEES17_EES2N_S2N_NS1_INS2_IJNS3_IS25_JS1R_S1X_EEEfEEES22_S23_EENS1_IS2E_NSF_INS8_IJSA_NS8_IJNS8_IJS2F_NS5_ILi2EEEEEEEEEEEES2L_EENS8_IJSA_SH_SH_EEEEES2X_Li16ELi128ELi256ELb0EEvT_T0_T1_T2_T3_T4_T5_T6_T7_T8_T9_fiiiPKliPKffPKi
equal_n2,96,k2,10,0,2,96,1,192,1,1,98432,73,0,0,2,_Z25_flash_kda_fwd_recurrenceIN4cute9TiledCopyINS0_9Copy_AtomIJNS0_11Copy_TraitsINS0_13SM90_TMA_LOADEJNS0_1CILi2048EEENS0_12AuxTmaParamsINS0_5tupleIJNS0_11ScaledBasisINS5_ILi1EEEJLi2EEEENS9_ISA_JLi1EEEENS9_IiJLi0EEEEEEERKNS0_6LayoutINS8_IJNS5_ILi8EEENS5_ILi16EEESA_EEENS8_IJSB_SC_NS9_ISA_JLi0EEEEEEEEERKNS0_7SwizzleILi0ELi4ELi3EEEEEEEEN7cutlass10bfloat16_tEEEENSF_INS8_IJSA_NS8_IJNS8_IJNS8_IJSG_SH_EEESH_EEEEEEEEENS8_IJNS5_ILi0EEENS8_IJNS8_IJNS8_IJSH_SA_EEENS5_ILi128EEEEEEEEEEEEEENS8_IJSA_SH_S13_EEEEENS1_INS2_IJNS3_IS4_JNS5_ILi512EEENS7_INS8_IJSJ_EEERKNSF_INS8_IJNS5_ILi32EEEEEES1B_EESR_EEEEESV_EEENSF_INS8_IJSA_NS8_IJNS8_IJS1C_SA_EEEEEEEEENS8_IJS11_NS8_IJNS8_IJSA_S11_EEEEEEEEEEES1D_EENS1_INS2_IJNS3_IS4_JS6_NS7_ISK_SN_SR_EEEEESV_EEES17_S18_EES1V_S1V_NS1_INS2_IJNS3_IS4_JNS5_ILi4096EEENS7_INS8_IJSC_SJ_EEERKNSF_INS8_IJS13_SA_EEES1X_EESR_EEEEEfEEENSF_INS8_IJSA_NS8_IJS1Y_EEEEEES1P_EENS8_IJSA_S13_EEEEENS1_IS1U_NSF_INS8_IJSA_NS8_IJNS8_IJSX_NS5_ILi2EEEEEEEEEEEES16_EENS8_IJSA_SH_SH_EEEEES2G_NS1_INS2_IJNS3_IS4_JNS5_ILi16384EEENS7_ISK_RKNSF_INS8_IJSG_S13_SA_EEESK_EESR_EEEEESV_EEENSF_INS8_IJSA_NS8_IJNS8_IJNS8_IJSG_S13_EEESH_EEEEEEEEENS8_IJS11_NS8_IJNS8_IJS1Y_NS5_ILi1024EEEEEEEEEEEEEENS8_IJSA_S13_S13_EEEEENS1_INS2_IJNS3_INS0_14SM90_TMA_STOREEJS2H_S2M_EEESV_EEES2X_S2Y_EENS1_INS2_IJNS3_IS30_JS6_SS_EEESV_EEES17_S18_EELi16ELi128ELi3ELi2ELi192ELb1ELb1ELb0ELb0EEvT_T0_T1_T2_T3_T4_T5_T6_T7_T8_T9_PSV_iiiPKli
equal_n4,96,other,10,0,1536,1,1,128,1,1,0,20,0,0,16,_ZN2at6native18elementwise_kernelILi128ELi4EZNS0_22gpu_kernel_impl_nocastIZZZNS0_23direct_copy_kernel_cudaERNS_18TensorIteratorBaseEENKUlvE1_clEvENKUlvE10_clEvEUlN3c108BFloat16EE_EEvS4_RKT_EUliE_EEviT1_
equal_n4,96,k1,10,0,512,96,1,256,1,1,21248,32,0,0,8,_Z22_flash_kda_fwd_prepareIN4cute9TiledCopyINS0_9Copy_AtomIJNS0_11Copy_TraitsINS0_13SM90_TMA_LOADEJNS0_1CILi32768EEENS0_12AuxTmaParamsINS0_5tupleIJNS0_11ScaledBasisINS5_ILi1EEEJLi2EEEENS9_ISA_JLi1EEEENS9_IiJLi0EEEEEEERKNS0_6LayoutINS8_IJNS5_ILi128EEENS5_ILi16EEESA_EEENS8_IJSB_SC_NS9_ISA_JLi0EEEEEEEEERKNS0_7SwizzleILi0ELi4ELi3EEEEEEEEN7cutlass10bfloat16_tEEEENSF_INS8_IJSA_NS8_IJNS8_IJNS8_IJSG_SH_EEESA_EEEEEEEEENS8_IJNS5_ILi0EEENS8_IJNS8_IJNS8_IJSH_SA_EEES11_EEEEEEEEEEENS8_IJSA_SH_SG_EEEEES18_NS1_INS2_IJNS3_IS4_JNS5_ILi512EEENS7_INS8_IJSJ_EEERKNSF_INS8_IJNS5_ILi32EEEEEES1A_EESR_EEEEESV_EEENSF_INS8_IJSA_NS8_IJNS8_IJS1B_SA_EEEEEEEEENS8_IJS11_NS8_IJNS8_IJSA_S11_EEEEEEEEEEES1C_EES18_NS1_INS2_IJNS3_IS4_JNS5_ILi4096EEENS7_INS8_IJSC_SJ_EEERKNSF_INS8_IJSG_SA_EEES1S_EESR_EEEEEfEEENSF_INS8_IJSA_NS8_IJS1T_EEEEEES1O_EENS8_IJSA_SG_EEEEENS1_INS2_IJNS3_INS0_14SM90_TMA_STOREEJNS5_ILi2048EEENS7_ISK_RKNSF_INS8_IJNS5_ILi8EEESH_SA_EEESK_EESR_EEEEESV_EEENSF_INS8_IJSA_NS8_IJNS8_IJNS8_IJS27_SH_EEESH_EEEEEEEEENS8_IJS11_NS8_IJNS8_IJS12_SG_EEEEEEEEEEES17_EES2N_S2N_NS1_INS2_IJNS3_IS25_JS1R_S1X_EEEfEEES22_S23_EENS1_IS2E_NSF_INS8_IJSA_NS8_IJNS8_IJS2F_NS5_ILi2EEEEEEEEEEEES2L_EENS8_IJSA_SH_SH_EEEEES2X_Li16ELi128ELi256ELb0EEvT_T0_T1_T2_T3_T4_T5_T6_T7_T8_T9_fiiiPKliPKffPKi
equal_n4,96,k2,10,0,4,96,1,192,1,1,98432,73,0,0,2,_Z25_flash_kda_fwd_recurrenceIN4cute9TiledCopyINS0_9Copy_AtomIJNS0_11Copy_TraitsINS0_13SM90_TMA_LOADEJNS0_1CILi2048EEENS0_12AuxTmaParamsINS0_5tupleIJNS0_11ScaledBasisINS5_ILi1EEEJLi2EEEENS9_ISA_JLi1EEEENS9_IiJLi0EEEEEEERKNS0_6LayoutINS8_IJNS5_ILi8EEENS5_ILi16EEESA_EEENS8_IJSB_SC_NS9_ISA_JLi0EEEEEEEEERKNS0_7SwizzleILi0ELi4ELi3EEEEEEEEN7cutlass10bfloat16_tEEEENSF_INS8_IJSA_NS8_IJNS8_IJNS8_IJSG_SH_EEESH_EEEEEEEEENS8_IJNS5_ILi0EEENS8_IJNS8_IJNS8_IJSH_SA_EEENS5_ILi128EEEEEEEEEEEEEENS8_IJSA_SH_S13_EEEEENS1_INS2_IJNS3_IS4_JNS5_ILi512EEENS7_INS8_IJSJ_EEERKNSF_INS8_IJNS5_ILi32EEEEEES1B_EESR_EEEEESV_EEENSF_INS8_IJSA_NS8_IJNS8_IJS1C_SA_EEEEEEEEENS8_IJS11_NS8_IJNS8_IJSA_S11_EEEEEEEEEEES1D_EENS1_INS2_IJNS3_IS4_JS6_NS7_ISK_SN_SR_EEEEESV_EEES17_S18_EES1V_S1V_NS1_INS2_IJNS3_IS4_JNS5_ILi4096EEENS7_INS8_IJSC_SJ_EEERKNSF_INS8_IJS13_SA_EEES1X_EESR_EEEEEfEEENSF_INS8_IJSA_NS8_IJS1Y_EEEEEES1P_EENS8_IJSA_S13_EEEEENS1_IS1U_NSF_INS8_IJSA_NS8_IJNS8_IJSX_NS5_ILi2EEEEEEEEEEEES16_EENS8_IJSA_SH_SH_EEEEES2G_NS1_INS2_IJNS3_IS4_JNS5_ILi16384EEENS7_ISK_RKNSF_INS8_IJSG_S13_SA_EEESK_EESR_EEEEESV_EEENSF_INS8_IJSA_NS8_IJNS8_IJNS8_IJSG_S13_EEESH_EEEEEEEEENS8_IJS11_NS8_IJNS8_IJS1Y_NS5_ILi1024EEEEEEEEEEEEEENS8_IJSA_S13_S13_EEEEENS1_INS2_IJNS3_INS0_14SM90_TMA_STOREEJS2H_S2M_EEESV_EEES2X_S2Y_EENS1_INS2_IJNS3_IS30_JS6_SS_EEESV_EEES17_S18_EELi16ELi128ELi3ELi2ELi192ELb1ELb1ELb0ELb0EEvT_T0_T1_T2_T3_T4_T5_T6_T7_T8_T9_PSV_iiiPKli
equal_n8,96,other,10,0,1536,1,1,128,1,1,0,20,0,0,16,_ZN2at6native18elementwise_kernelILi128ELi4EZNS0_22gpu_kernel_impl_nocastIZZZNS0_23direct_copy_kernel_cudaERNS_18TensorIteratorBaseEENKUlvE1_clEvENKUlvE10_clEvEUlN3c108BFloat16EE_EEvS4_RKT_EUliE_EEviT1_
equal_n8,96,k1,10,0,512,96,1,256,1,1,21248,32,0,0,8,_Z22_flash_kda_fwd_prepareIN4cute9TiledCopyINS0_9Copy_AtomIJNS0_11Copy_TraitsINS0_13SM90_TMA_LOADEJNS0_1CILi32768EEENS0_12AuxTmaParamsINS0_5tupleIJNS0_11ScaledBasisINS5_ILi1EEEJLi2EEEENS9_ISA_JLi1EEEENS9_IiJLi0EEEEEEERKNS0_6LayoutINS8_IJNS5_ILi128EEENS5_ILi16EEESA_EEENS8_IJSB_SC_NS9_ISA_JLi0EEEEEEEEERKNS0_7SwizzleILi0ELi4ELi3EEEEEEEEN7cutlass10bfloat16_tEEEENSF_INS8_IJSA_NS8_IJNS8_IJNS8_IJSG_SH_EEESA_EEEEEEEEENS8_IJNS5_ILi0EEENS8_IJNS8_IJNS8_IJSH_SA_EEES11_EEEEEEEEEEENS8_IJSA_SH_SG_EEEEES18_NS1_INS2_IJNS3_IS4_JNS5_ILi512EEENS7_INS8_IJSJ_EEERKNSF_INS8_IJNS5_ILi32EEEEEES1A_EESR_EEEEESV_EEENSF_INS8_IJSA_NS8_IJNS8_IJS1B_SA_EEEEEEEEENS8_IJS11_NS8_IJNS8_IJSA_S11_EEEEEEEEEEES1C_EES18_NS1_INS2_IJNS3_IS4_JNS5_ILi4096EEENS7_INS8_IJSC_SJ_EEERKNSF_INS8_IJSG_SA_EEES1S_EESR_EEEEEfEEENSF_INS8_IJSA_NS8_IJS1T_EEEEEES1O_EENS8_IJSA_SG_EEEEENS1_INS2_IJNS3_INS0_14SM90_TMA_STOREEJNS5_ILi2048EEENS7_ISK_RKNSF_INS8_IJNS5_ILi8EEESH_SA_EEESK_EESR_EEEEESV_EEENSF_INS8_IJSA_NS8_IJNS8_IJNS8_IJS27_SH_EEESH_EEEEEEEEENS8_IJS11_NS8_IJNS8_IJS12_SG_EEEEEEEEEEES17_EES2N_S2N_NS1_INS2_IJNS3_IS25_JS1R_S1X_EEEfEEES22_S23_EENS1_IS2E_NSF_INS8_IJSA_NS8_IJNS8_IJS2F_NS5_ILi2EEEEEEEEEEEES2L_EENS8_IJSA_SH_SH_EEEEES2X_Li16ELi128ELi256ELb0EEvT_T0_T1_T2_T3_T4_T5_T6_T7_T8_T9_fiiiPKliPKffPKi
equal_n8,96,k2,10,0,8,96,1,192,1,1,98432,73,0,0,2,_Z25_flash_kda_fwd_recurrenceIN4cute9TiledCopyINS0_9Copy_AtomIJNS0_11Copy_TraitsINS0_13SM90_TMA_LOADEJNS0_1CILi2048EEENS0_12AuxTmaParamsINS0_5tupleIJNS0_11ScaledBasisINS5_ILi1EEEJLi2EEEENS9_ISA_JLi1EEEENS9_IiJLi0EEEEEEERKNS0_6LayoutINS8_IJNS5_ILi8EEENS5_ILi16EEESA_EEENS8_IJSB_SC_NS9_ISA_JLi0EEEEEEEEERKNS0_7SwizzleILi0ELi4ELi3EEEEEEEEN7cutlass10bfloat16_tEEEENSF_INS8_IJSA_NS8_IJNS8_IJNS8_IJSG_SH_EEESH_EEEEEEEEENS8_IJNS5_ILi0EEENS8_IJNS8_IJNS8_IJSH_SA_EEENS5_ILi128EEEEEEEEEEEEEENS8_IJSA_SH_S13_EEEEENS1_INS2_IJNS3_IS4_JNS5_ILi512EEENS7_INS8_IJSJ_EEERKNSF_INS8_IJNS5_ILi32EEEEEES1B_EESR_EEEEESV_EEENSF_INS8_IJSA_NS8_IJNS8_IJS1C_SA_EEEEEEEEENS8_IJS11_NS8_IJNS8_IJSA_S11_EEEEEEEEEEES1D_EENS1_INS2_IJNS3_IS4_JS6_NS7_ISK_SN_SR_EEEEESV_EEES17_S18_EES1V_S1V_NS1_INS2_IJNS3_IS4_JNS5_ILi4096EEENS7_INS8_IJSC_SJ_EEERKNSF_INS8_IJS13_SA_EEES1X_EESR_EEEEEfEEENSF_INS8_IJSA_NS8_IJS1Y_EEEEEES1P_EENS8_IJSA_S13_EEEEENS1_IS1U_NSF_INS8_IJSA_NS8_IJNS8_IJSX_NS5_ILi2EEEEEEEEEEEES16_EENS8_IJSA_SH_SH_EEEEES2G_NS1_INS2_IJNS3_IS4_JNS5_ILi16384EEENS7_ISK_RKNSF_INS8_IJSG_S13_SA_EEESK_EESR_EEEEESV_EEENSF_INS8_IJSA_NS8_IJNS8_IJNS8_IJSG_S13_EEESH_EEEEEEEEENS8_IJS11_NS8_IJNS8_IJS1Y_NS5_ILi1024EEEEEEEEEEEEEENS8_IJSA_S13_S13_EEEEENS1_INS2_IJNS3_INS0_14SM90_TMA_STOREEJS2H_S2M_EEESV_EEES2X_S2Y_EENS1_INS2_IJNS3_IS30_JS6_SS_EEESV_EEES17_S18_EELi16ELi128ELi3ELi2ELi192ELb1ELb1ELb0ELb0EEvT_T0_T1_T2_T3_T4_T5_T6_T7_T8_T9_PSV_iiiPKli
equal_n16,96,other,10,0,1536,1,1,128,1,1,0,20,0,0,16,_ZN2at6native18elementwise_kernelILi128ELi4EZNS0_22gpu_kernel_impl_nocastIZZZNS0_23direct_copy_kernel_cudaERNS_18TensorIteratorBaseEENKUlvE1_clEvENKUlvE10_clEvEUlN3c108BFloat16EE_EEvS4_RKT_EUliE_EEviT1_
equal_n16,96,k1,10,0,512,96,1,256,1,1,21248,32,0,0,8,_Z22_flash_kda_fwd_prepareIN4cute9TiledCopyINS0_9Copy_AtomIJNS0_11Copy_TraitsINS0_13SM90_TMA_LOADEJNS0_1CILi32768EEENS0_12AuxTmaParamsINS0_5tupleIJNS0_11ScaledBasisINS5_ILi1EEEJLi2EEEENS9_ISA_JLi1EEEENS9_IiJLi0EEEEEEERKNS0_6LayoutINS8_IJNS5_ILi128EEENS5_ILi16EEESA_EEENS8_IJSB_SC_NS9_ISA_JLi0EEEEEEEEERKNS0_7SwizzleILi0ELi4ELi3EEEEEEEEN7cutlass10bfloat16_tEEEENSF_INS8_IJSA_NS8_IJNS8_IJNS8_IJSG_SH_EEESA_EEEEEEEEENS8_IJNS5_ILi0EEENS8_IJNS8_IJNS8_IJSH_SA_EEES11_EEEEEEEEEEENS8_IJSA_SH_SG_EEEEES18_NS1_INS2_IJNS3_IS4_JNS5_ILi512EEENS7_INS8_IJSJ_EEERKNSF_INS8_IJNS5_ILi32EEEEEES1A_EESR_EEEEESV_EEENSF_INS8_IJSA_NS8_IJNS8_IJS1B_SA_EEEEEEEEENS8_IJS11_NS8_IJNS8_IJSA_S11_EEEEEEEEEEES1C_EES18_NS1_INS2_IJNS3_IS4_JNS5_ILi4096EEENS7_INS8_IJSC_SJ_EEERKNSF_INS8_IJSG_SA_EEES1S_EESR_EEEEEfEEENSF_INS8_IJSA_NS8_IJS1T_EEEEEES1O_EENS8_IJSA_SG_EEEEENS1_INS2_IJNS3_INS0_14SM90_TMA_STOREEJNS5_ILi2048EEENS7_ISK_RKNSF_INS8_IJNS5_ILi8EEESH_SA_EEESK_EESR_EEEEESV_EEENSF_INS8_IJSA_NS8_IJNS8_IJNS8_IJS27_SH_EEESH_EEEEEEEEENS8_IJS11_NS8_IJNS8_IJS12_SG_EEEEEEEEEEES17_EES2N_S2N_NS1_INS2_IJNS3_IS25_JS1R_S1X_EEEfEEES22_S23_EENS1_IS2E_NSF_INS8_IJSA_NS8_IJNS8_IJS2F_NS5_ILi2EEEEEEEEEEEES2L_EENS8_IJSA_SH_SH_EEEEES2X_Li16ELi128ELi256ELb0EEvT_T0_T1_T2_T3_T4_T5_T6_T7_T8_T9_fiiiPKliPKffPKi
equal_n16,96,k2,10,0,16,96,1,192,1,1,98432,73,0,0,2,_Z25_flash_kda_fwd_recurrenceIN4cute9TiledCopyINS0_9Copy_AtomIJNS0_11Copy_TraitsINS0_13SM90_TMA_LOADEJNS0_1CILi2048EEENS0_12AuxTmaParamsINS0_5tupleIJNS0_11ScaledBasisINS5_ILi1EEEJLi2EEEENS9_ISA_JLi1EEEENS9_IiJLi0EEEEEEERKNS0_6LayoutINS8_IJNS5_ILi8EEENS5_ILi16EEESA_EEENS8_IJSB_SC_NS9_ISA_JLi0EEEEEEEEERKNS0_7SwizzleILi0ELi4ELi3EEEEEEEEN7cutlass10bfloat16_tEEEENSF_INS8_IJSA_NS8_IJNS8_IJNS8_IJSG_SH_EEESH_EEEEEEEEENS8_IJNS5_ILi0EEENS8_IJNS8_IJNS8_IJSH_SA_EEENS5_ILi128EEEEEEEEEEEEEENS8_IJSA_SH_S13_EEEEENS1_INS2_IJNS3_IS4_JNS5_ILi512EEENS7_INS8_IJSJ_EEERKNSF_INS8_IJNS5_ILi32EEEEEES1B_EESR_EEEEESV_EEENSF_INS8_IJSA_NS8_IJNS8_IJS1C_SA_EEEEEEEEENS8_IJS11_NS8_IJNS8_IJSA_S11_EEEEEEEEEEES1D_EENS1_INS2_IJNS3_IS4_JS6_NS7_ISK_SN_SR_EEEEESV_EEES17_S18_EES1V_S1V_NS1_INS2_IJNS3_IS4_JNS5_ILi4096EEENS7_INS8_IJSC_SJ_EEERKNSF_INS8_IJS13_SA_EEES1X_EESR_EEEEEfEEENSF_INS8_IJSA_NS8_IJS1Y_EEEEEES1P_EENS8_IJSA_S13_EEEEENS1_IS1U_NSF_INS8_IJSA_NS8_IJNS8_IJSX_NS5_ILi2EEEEEEEEEEEES16_EENS8_IJSA_SH_SH_EEEEES2G_NS1_INS2_IJNS3_IS4_JNS5_ILi16384EEENS7_ISK_RKNSF_INS8_IJSG_S13_SA_EEESK_EESR_EEEEESV_EEENSF_INS8_IJSA_NS8_IJNS8_IJNS8_IJSG_S13_EEESH_EEEEEEEEENS8_IJS11_NS8_IJNS8_IJS1Y_NS5_ILi1024EEEEEEEEEEEEEENS8_IJSA_S13_S13_EEEEENS1_INS2_IJNS3_INS0_14SM90_TMA_STOREEJS2H_S2M_EEESV_EEES2X_S2Y_EENS1_INS2_IJNS3_IS30_JS6_SS_EEESV_EEES17_S18_EELi16ELi128ELi3ELi2ELi192ELb1ELb1ELb0ELb0EEvT_T0_T1_T2_T3_T4_T5_T6_T7_T8_T9_PSV_iiiPKli
skew8,96,other,10,0,1536,1,1,128,1,1,0,20,0,0,16,_ZN2at6native18elementwise_kernelILi128ELi4EZNS0_22gpu_kernel_impl_nocastIZZZNS0_23direct_copy_kernel_cudaERNS_18TensorIteratorBaseEENKUlvE1_clEvENKUlvE10_clEvEUlN3c108BFloat16EE_EEvS4_RKT_EUliE_EEviT1_
skew8,96,prefix,10,0,1,1,1,32,1,1,0,32,0,0,32,_Z28_flash_kda_build_tile_prefixPKliiPi
skew8,96,k1,10,0,520,96,1,256,1,1,21248,32,0,0,8,_Z22_flash_kda_fwd_prepareIN4cute9TiledCopyINS0_9Copy_AtomIJNS0_11Copy_TraitsINS0_13SM90_TMA_LOADEJNS0_1CILi32768EEENS0_12AuxTmaParamsINS0_5tupleIJNS0_11ScaledBasisINS5_ILi1EEEJLi2EEEENS9_ISA_JLi1EEEENS9_IiJLi0EEEEEEERKNS0_6LayoutINS8_IJNS5_ILi128EEENS5_ILi16EEESA_EEENS8_IJSB_SC_NS9_ISA_JLi0EEEEEEEEERKNS0_7SwizzleILi0ELi4ELi3EEEEEEEEN7cutlass10bfloat16_tEEEENSF_INS8_IJSA_NS8_IJNS8_IJNS8_IJSG_SH_EEESA_EEEEEEEEENS8_IJNS5_ILi0EEENS8_IJNS8_IJNS8_IJSH_SA_EEES11_EEEEEEEEEEENS8_IJSA_SH_SG_EEEEES18_NS1_INS2_IJNS3_IS4_JNS5_ILi512EEENS7_INS8_IJSJ_EEERKNSF_INS8_IJNS5_ILi32EEEEEES1A_EESR_EEEEESV_EEENSF_INS8_IJSA_NS8_IJNS8_IJS1B_SA_EEEEEEEEENS8_IJS11_NS8_IJNS8_IJSA_S11_EEEEEEEEEEES1C_EES18_NS1_INS2_IJNS3_IS4_JNS5_ILi4096EEENS7_INS8_IJSC_SJ_EEERKNSF_INS8_IJSG_SA_EEES1S_EESR_EEEEEfEEENSF_INS8_IJSA_NS8_IJS1T_EEEEEES1O_EENS8_IJSA_SG_EEEEENS1_INS2_IJNS3_INS0_14SM90_TMA_STOREEJNS5_ILi2048EEENS7_ISK_RKNSF_INS8_IJNS5_ILi8EEESH_SA_EEESK_EESR_EEEEESV_EEENSF_INS8_IJSA_NS8_IJNS8_IJNS8_IJS27_SH_EEESH_EEEEEEEEENS8_IJS11_NS8_IJNS8_IJS12_SG_EEEEEEEEEEES17_EES2N_S2N_NS1_INS2_IJNS3_IS25_JS1R_S1X_EEEfEEES22_S23_EENS1_IS2E_NSF_INS8_IJSA_NS8_IJNS8_IJS2F_NS5_ILi2EEEEEEEEEEEES2L_EENS8_IJSA_SH_SH_EEEEES2X_Li16ELi128ELi256ELb1EEvT_T0_T1_T2_T3_T4_T5_T6_T7_T8_T9_fiiiPKliPKffPKi
skew8,96,k2,10,0,8,96,1,192,1,1,98432,73,0,0,2,_Z25_flash_kda_fwd_recurrenceIN4cute9TiledCopyINS0_9Copy_AtomIJNS0_11Copy_TraitsINS0_13SM90_TMA_LOADEJNS0_1CILi2048EEENS0_12AuxTmaParamsINS0_5tupleIJNS0_11ScaledBasisINS5_ILi1EEEJLi2EEEENS9_ISA_JLi1EEEENS9_IiJLi0EEEEEEERKNS0_6LayoutINS8_IJNS5_ILi8EEENS5_ILi16EEESA_EEENS8_IJSB_SC_NS9_ISA_JLi0EEEEEEEEERKNS0_7SwizzleILi0ELi4ELi3EEEEEEEEN7cutlass10bfloat16_tEEEENSF_INS8_IJSA_NS8_IJNS8_IJNS8_IJSG_SH_EEESH_EEEEEEEEENS8_IJNS5_ILi0EEENS8_IJNS8_IJNS8_IJSH_SA_EEENS5_ILi128EEEEEEEEEEEEEENS8_IJSA_SH_S13_EEEEENS1_INS2_IJNS3_IS4_JNS5_ILi512EEENS7_INS8_IJSJ_EEERKNSF_INS8_IJNS5_ILi32EEEEEES1B_EESR_EEEEESV_EEENSF_INS8_IJSA_NS8_IJNS8_IJS1C_SA_EEEEEEEEENS8_IJS11_NS8_IJNS8_IJSA_S11_EEEEEEEEEEES1D_EENS1_INS2_IJNS3_IS4_JS6_NS7_ISK_SN_SR_EEEEESV_EEES17_S18_EES1V_S1V_NS1_INS2_IJNS3_IS4_JNS5_ILi4096EEENS7_INS8_IJSC_SJ_EEERKNSF_INS8_IJS13_SA_EEES1X_EESR_EEEEEfEEENSF_INS8_IJSA_NS8_IJS1Y_EEEEEES1P_EENS8_IJSA_S13_EEEEENS1_IS1U_NSF_INS8_IJSA_NS8_IJNS8_IJSX_NS5_ILi2EEEEEEEEEEEES16_EENS8_IJSA_SH_SH_EEEEES2G_NS1_INS2_IJNS3_IS4_JNS5_ILi16384EEENS7_ISK_RKNSF_INS8_IJSG_S13_SA_EEESK_EESR_EEEEESV_EEENSF_INS8_IJSA_NS8_IJNS8_IJNS8_IJSG_S13_EEESH_EEEEEEEEENS8_IJS11_NS8_IJNS8_IJS1Y_NS5_ILi1024EEEEEEEEEEEEEENS8_IJSA_S13_S13_EEEEENS1_INS2_IJNS3_INS0_14SM90_TMA_STOREEJS2H_S2M_EEESV_EEES2X_S2Y_EENS1_INS2_IJNS3_IS30_JS6_SS_EEESV_EEES17_S18_EELi16ELi128ELi3ELi2ELi192ELb1ELb1ELb0ELb1EEvT_T0_T1_T2_T3_T4_T5_T6_T7_T8_T9_PSV_iiiPKli
ragged6,96,other,10,0,1536,1,1,128,1,1,0,20,0,0,16,_ZN2at6native18elementwise_kernelILi128ELi4EZNS0_22gpu_kernel_impl_nocastIZZZNS0_23direct_copy_kernel_cudaERNS_18TensorIteratorBaseEENKUlvE1_clEvENKUlvE10_clEvEUlN3c108BFloat16EE_EEvS4_RKT_EUliE_EEviT1_
ragged6,96,prefix,10,0,1,1,1,32,1,1,0,32,0,0,32,_Z28_flash_kda_build_tile_prefixPKliiPi
ragged6,96,k1,10,0,518,96,1,256,1,1,21248,32,0,0,8,_Z22_flash_kda_fwd_prepareIN4cute9TiledCopyINS0_9Copy_AtomIJNS0_11Copy_TraitsINS0_13SM90_TMA_LOADEJNS0_1CILi32768EEENS0_12AuxTmaParamsINS0_5tupleIJNS0_11ScaledBasisINS5_ILi1EEEJLi2EEEENS9_ISA_JLi1EEEENS9_IiJLi0EEEEEEERKNS0_6LayoutINS8_IJNS5_ILi128EEENS5_ILi16EEESA_EEENS8_IJSB_SC_NS9_ISA_JLi0EEEEEEEEERKNS0_7SwizzleILi0ELi4ELi3EEEEEEEEN7cutlass10bfloat16_tEEEENSF_INS8_IJSA_NS8_IJNS8_IJNS8_IJSG_SH_EEESA_EEEEEEEEENS8_IJNS5_ILi0EEENS8_IJNS8_IJNS8_IJSH_SA_EEES11_EEEEEEEEEEENS8_IJSA_SH_SG_EEEEES18_NS1_INS2_IJNS3_IS4_JNS5_ILi512EEENS7_INS8_IJSJ_EEERKNSF_INS8_IJNS5_ILi32EEEEEES1A_EESR_EEEEESV_EEENSF_INS8_IJSA_NS8_IJNS8_IJS1B_SA_EEEEEEEEENS8_IJS11_NS8_IJNS8_IJSA_S11_EEEEEEEEEEES1C_EES18_NS1_INS2_IJNS3_IS4_JNS5_ILi4096EEENS7_INS8_IJSC_SJ_EEERKNSF_INS8_IJSG_SA_EEES1S_EESR_EEEEEfEEENSF_INS8_IJSA_NS8_IJS1T_EEEEEES1O_EENS8_IJSA_SG_EEEEENS1_INS2_IJNS3_INS0_14SM90_TMA_STOREEJNS5_ILi2048EEENS7_ISK_RKNSF_INS8_IJNS5_ILi8EEESH_SA_EEESK_EESR_EEEEESV_EEENSF_INS8_IJSA_NS8_IJNS8_IJNS8_IJS27_SH_EEESH_EEEEEEEEENS8_IJS11_NS8_IJNS8_IJS12_SG_EEEEEEEEEEES17_EES2N_S2N_NS1_INS2_IJNS3_IS25_JS1R_S1X_EEEfEEES22_S23_EENS1_IS2E_NSF_INS8_IJSA_NS8_IJNS8_IJS2F_NS5_ILi2EEEEEEEEEEEES2L_EENS8_IJSA_SH_SH_EEEEES2X_Li16ELi128ELi256ELb1EEvT_T0_T1_T2_T3_T4_T5_T6_T7_T8_T9_fiiiPKliPKffPKi
ragged6,96,k2,10,0,6,96,1,192,1,1,98432,73,0,0,2,_Z25_flash_kda_fwd_recurrenceIN4cute9TiledCopyINS0_9Copy_AtomIJNS0_11Copy_TraitsINS0_13SM90_TMA_LOADEJNS0_1CILi2048EEENS0_12AuxTmaParamsINS0_5tupleIJNS0_11ScaledBasisINS5_ILi1EEEJLi2EEEENS9_ISA_JLi1EEEENS9_IiJLi0EEEEEEERKNS0_6LayoutINS8_IJNS5_ILi8EEENS5_ILi16EEESA_EEENS8_IJSB_SC_NS9_ISA_JLi0EEEEEEEEERKNS0_7SwizzleILi0ELi4ELi3EEEEEEEEN7cutlass10bfloat16_tEEEENSF_INS8_IJSA_NS8_IJNS8_IJNS8_IJSG_SH_EEESH_EEEEEEEEENS8_IJNS5_ILi0EEENS8_IJNS8_IJNS8_IJSH_SA_EEENS5_ILi128EEEEEEEEEEEEEENS8_IJSA_SH_S13_EEEEENS1_INS2_IJNS3_IS4_JNS5_ILi512EEENS7_INS8_IJSJ_EEERKNSF_INS8_IJNS5_ILi32EEEEEES1B_EESR_EEEEESV_EEENSF_INS8_IJSA_NS8_IJNS8_IJS1C_SA_EEEEEEEEENS8_IJS11_NS8_IJNS8_IJSA_S11_EEEEEEEEEEES1D_EENS1_INS2_IJNS3_IS4_JS6_NS7_ISK_SN_SR_EEEEESV_EEES17_S18_EES1V_S1V_NS1_INS2_IJNS3_IS4_JNS5_ILi4096EEENS7_INS8_IJSC_SJ_EEERKNSF_INS8_IJS13_SA_EEES1X_EESR_EEEEEfEEENSF_INS8_IJSA_NS8_IJS1Y_EEEEEES1P_EENS8_IJSA_S13_EEEEENS1_IS1U_NSF_INS8_IJSA_NS8_IJNS8_IJSX_NS5_ILi2EEEEEEEEEEEES16_EENS8_IJSA_SH_SH_EEEEES2G_NS1_INS2_IJNS3_IS4_JNS5_ILi16384EEENS7_ISK_RKNSF_INS8_IJSG_S13_SA_EEESK_EESR_EEEEESV_EEENSF_INS8_IJSA_NS8_IJNS8_IJNS8_IJSG_S13_EEESH_EEEEEEEEENS8_IJS11_NS8_IJNS8_IJS1Y_NS5_ILi1024EEEEEEEEEEEEEENS8_IJSA_S13_S13_EEEEENS1_INS2_IJNS3_INS0_14SM90_TMA_STOREEJS2H_S2M_EEESV_EEES2X_S2Y_EENS1_INS2_IJNS3_IS30_JS6_SS_EEESV_EEES17_S18_EELi16ELi128ELi3ELi2ELi192ELb1ELb1ELb0ELb1EEvT_T0_T1_T2_T3_T4_T5_T6_T7_T8_T9_PSV_iiiPKli
equal8_varlen,96,other,10,0,1536,1,1,128,1,1,0,20,0,0,16,_ZN2at6native18elementwise_kernelILi128ELi4EZNS0_22gpu_kernel_impl_nocastIZZZNS0_23direct_copy_kernel_cudaERNS_18TensorIteratorBaseEENKUlvE1_clEvENKUlvE10_clEvEUlN3c108BFloat16EE_EEvS4_RKT_EUliE_EEviT1_
equal8_varlen,96,prefix,10,0,1,1,1,32,1,1,0,32,0,0,32,_Z28_flash_kda_build_tile_prefixPKliiPi
equal8_varlen,96,k1,10,0,520,96,1,256,1,1,21248,32,0,0,8,_Z22_flash_kda_fwd_prepareIN4cute9TiledCopyINS0_9Copy_AtomIJNS0_11Copy_TraitsINS0_13SM90_TMA_LOADEJNS0_1CILi32768EEENS0_12AuxTmaParamsINS0_5tupleIJNS0_11ScaledBasisINS5_ILi1EEEJLi2EEEENS9_ISA_JLi1EEEENS9_IiJLi0EEEEEEERKNS0_6LayoutINS8_IJNS5_ILi128EEENS5_ILi16EEESA_EEENS8_IJSB_SC_NS9_ISA_JLi0EEEEEEEEERKNS0_7SwizzleILi0ELi4ELi3EEEEEEEEN7cutlass10bfloat16_tEEEENSF_INS8_IJSA_NS8_IJNS8_IJNS8_IJSG_SH_EEESA_EEEEEEEEENS8_IJNS5_ILi0EEENS8_IJNS8_IJNS8_IJSH_SA_EEES11_EEEEEEEEEEENS8_IJSA_SH_SG_EEEEES18_NS1_INS2_IJNS3_IS4_JNS5_ILi512EEENS7_INS8_IJSJ_EEERKNSF_INS8_IJNS5_ILi32EEEEEES1A_EESR_EEEEESV_EEENSF_INS8_IJSA_NS8_IJNS8_IJS1B_SA_EEEEEEEEENS8_IJS11_NS8_IJNS8_IJSA_S11_EEEEEEEEEEES1C_EES18_NS1_INS2_IJNS3_IS4_JNS5_ILi4096EEENS7_INS8_IJSC_SJ_EEERKNSF_INS8_IJSG_SA_EEES1S_EESR_EEEEEfEEENSF_INS8_IJSA_NS8_IJS1T_EEEEEES1O_EENS8_IJSA_SG_EEEEENS1_INS2_IJNS3_INS0_14SM90_TMA_STOREEJNS5_ILi2048EEENS7_ISK_RKNSF_INS8_IJNS5_ILi8EEESH_SA_EEESK_EESR_EEEEESV_EEENSF_INS8_IJSA_NS8_IJNS8_IJNS8_IJS27_SH_EEESH_EEEEEEEEENS8_IJS11_NS8_IJNS8_IJS12_SG_EEEEEEEEEEES17_EES2N_S2N_NS1_INS2_IJNS3_IS25_JS1R_S1X_EEEfEEES22_S23_EENS1_IS2E_NSF_INS8_IJSA_NS8_IJNS8_IJS2F_NS5_ILi2EEEEEEEEEEEES2L_EENS8_IJSA_SH_SH_EEEEES2X_Li16ELi128ELi256ELb1EEvT_T0_T1_T2_T3_T4_T5_T6_T7_T8_T9_fiiiPKliPKffPKi
equal8_varlen,96,k2,10,0,8,96,1,192,1,1,98432,73,0,0,2,_Z25_flash_kda_fwd_recurrenceIN4cute9TiledCopyINS0_9Copy_AtomIJNS0_11Copy_TraitsINS0_13SM90_TMA_LOADEJNS0_1CILi2048EEENS0_12AuxTmaParamsINS0_5tupleIJNS0_11ScaledBasisINS5_ILi1EEEJLi2EEEENS9_ISA_JLi1EEEENS9_IiJLi0EEEEEEERKNS0_6LayoutINS8_IJNS5_ILi8EEENS5_ILi16EEESA_EEENS8_IJSB_SC_NS9_ISA_JLi0EEEEEEEEERKNS0_7SwizzleILi0ELi4ELi3EEEEEEEEN7cutlass10bfloat16_tEEEENSF_INS8_IJSA_NS8_IJNS8_IJNS8_IJSG_SH_EEESH_EEEEEEEEENS8_IJNS5_ILi0EEENS8_IJNS8_IJNS8_IJSH_SA_EEENS5_ILi128EEEEEEEEEEEEEENS8_IJSA_SH_S13_EEEEENS1_INS2_IJNS3_IS4_JNS5_ILi512EEENS7_INS8_IJSJ_EEERKNSF_INS8_IJNS5_ILi32EEEEEES1B_EESR_EEEEESV_EEENSF_INS8_IJSA_NS8_IJNS8_IJS1C_SA_EEEEEEEEENS8_IJS11_NS8_IJNS8_IJSA_S11_EEEEEEEEEEES1D_EENS1_INS2_IJNS3_IS4_JS6_NS7_ISK_SN_SR_EEEEESV_EEES17_S18_EES1V_S1V_NS1_INS2_IJNS3_IS4_JNS5_ILi4096EEENS7_INS8_IJSC_SJ_EEERKNSF_INS8_IJS13_SA_EEES1X_EESR_EEEEEfEEENSF_INS8_IJSA_NS8_IJS1Y_EEEEEES1P_EENS8_IJSA_S13_EEEEENS1_IS1U_NSF_INS8_IJSA_NS8_IJNS8_IJSX_NS5_ILi2EEEEEEEEEEEES16_EENS8_IJSA_SH_SH_EEEEES2G_NS1_INS2_IJNS3_IS4_JNS5_ILi16384EEENS7_ISK_RKNSF_INS8_IJSG_S13_SA_EEESK_EESR_EEEEESV_EEENSF_INS8_IJSA_NS8_IJNS8_IJNS8_IJSG_S13_EEESH_EEEEEEEEENS8_IJS11_NS8_IJNS8_IJS1Y_NS5_ILi1024EEEEEEEEEEEEEENS8_IJSA_S13_S13_EEEEENS1_INS2_IJNS3_INS0_14SM90_TMA_STOREEJS2H_S2M_EEESV_EEES2X_S2Y_EENS1_INS2_IJNS3_IS30_JS6_SS_EEESV_EEES17_S18_EELi16ELi128ELi3ELi2ELi192ELb1ELb1ELb0ELb1EEvT_T0_T1_T2_T3_T4_T5_T6_T7_T8_T9_PSV_iiiPKli
length128,12,other,10,0,3,1,1,128,1,1,0,20,0,0,16,_ZN2at6native18elementwise_kernelILi128ELi4EZNS0_22gpu_kernel_impl_nocastIZZZNS0_23direct_copy_kernel_cudaERNS_18TensorIteratorBaseEENKUlvE1_clEvENKUlvE10_clEvEUlN3c108BFloat16EE_EEvS4_RKT_EUliE_EEviT1_
length128,12,k1,10,0,8,12,1,256,1,1,21248,32,0,0,8,_Z22_flash_kda_fwd_prepareIN4cute9TiledCopyINS0_9Copy_AtomIJNS0_11Copy_TraitsINS0_13SM90_TMA_LOADEJNS0_1CILi32768EEENS0_12AuxTmaParamsINS0_5tupleIJNS0_11ScaledBasisINS5_ILi1EEEJLi2EEEENS9_ISA_JLi1EEEENS9_IiJLi0EEEEEEERKNS0_6LayoutINS8_IJNS5_ILi128EEENS5_ILi16EEESA_EEENS8_IJSB_SC_NS9_ISA_JLi0EEEEEEEEERKNS0_7SwizzleILi0ELi4ELi3EEEEEEEEN7cutlass10bfloat16_tEEEENSF_INS8_IJSA_NS8_IJNS8_IJNS8_IJSG_SH_EEESA_EEEEEEEEENS8_IJNS5_ILi0EEENS8_IJNS8_IJNS8_IJSH_SA_EEES11_EEEEEEEEEEENS8_IJSA_SH_SG_EEEEES18_NS1_INS2_IJNS3_IS4_JNS5_ILi512EEENS7_INS8_IJSJ_EEERKNSF_INS8_IJNS5_ILi32EEEEEES1A_EESR_EEEEESV_EEENSF_INS8_IJSA_NS8_IJNS8_IJS1B_SA_EEEEEEEEENS8_IJS11_NS8_IJNS8_IJSA_S11_EEEEEEEEEEES1C_EES18_NS1_INS2_IJNS3_IS4_JNS5_ILi4096EEENS7_INS8_IJSC_SJ_EEERKNSF_INS8_IJSG_SA_EEES1S_EESR_EEEEEfEEENSF_INS8_IJSA_NS8_IJS1T_EEEEEES1O_EENS8_IJSA_SG_EEEEENS1_INS2_IJNS3_INS0_14SM90_TMA_STOREEJNS5_ILi2048EEENS7_ISK_RKNSF_INS8_IJNS5_ILi8EEESH_SA_EEESK_EESR_EEEEESV_EEENSF_INS8_IJSA_NS8_IJNS8_IJNS8_IJS27_SH_EEESH_EEEEEEEEENS8_IJS11_NS8_IJNS8_IJS12_SG_EEEEEEEEEEES17_EES2N_S2N_NS1_INS2_IJNS3_IS25_JS1R_S1X_EEEfEEES22_S23_EENS1_IS2E_NSF_INS8_IJSA_NS8_IJNS8_IJS2F_NS5_ILi2EEEEEEEEEEEES2L_EENS8_IJSA_SH_SH_EEEEES2X_Li16ELi128ELi256ELb0EEvT_T0_T1_T2_T3_T4_T5_T6_T7_T8_T9_fiiiPKliPKffPKi
length128,12,k2,10,0,1,12,1,192,1,1,98432,73,0,0,2,_Z25_flash_kda_fwd_recurrenceIN4cute9TiledCopyINS0_9Copy_AtomIJNS0_11Copy_TraitsINS0_13SM90_TMA_LOADEJNS0_1CILi2048EEENS0_12AuxTmaParamsINS0_5tupleIJNS0_11ScaledBasisINS5_ILi1EEEJLi2EEEENS9_ISA_JLi1EEEENS9_IiJLi0EEEEEEERKNS0_6LayoutINS8_IJNS5_ILi8EEENS5_ILi16EEESA_EEENS8_IJSB_SC_NS9_ISA_JLi0EEEEEEEEERKNS0_7SwizzleILi0ELi4ELi3EEEEEEEEN7cutlass10bfloat16_tEEEENSF_INS8_IJSA_NS8_IJNS8_IJNS8_IJSG_SH_EEESH_EEEEEEEEENS8_IJNS5_ILi0EEENS8_IJNS8_IJNS8_IJSH_SA_EEENS5_ILi128EEEEEEEEEEEEEENS8_IJSA_SH_S13_EEEEENS1_INS2_IJNS3_IS4_JNS5_ILi512EEENS7_INS8_IJSJ_EEERKNSF_INS8_IJNS5_ILi32EEEEEES1B_EESR_EEEEESV_EEENSF_INS8_IJSA_NS8_IJNS8_IJS1C_SA_EEEEEEEEENS8_IJS11_NS8_IJNS8_IJSA_S11_EEEEEEEEEEES1D_EENS1_INS2_IJNS3_IS4_JS6_NS7_ISK_SN_SR_EEEEESV_EEES17_S18_EES1V_S1V_NS1_INS2_IJNS3_IS4_JNS5_ILi4096EEENS7_INS8_IJSC_SJ_EEERKNSF_INS8_IJS13_SA_EEES1X_EESR_EEEEEfEEENSF_INS8_IJSA_NS8_IJS1Y_EEEEEES1P_EENS8_IJSA_S13_EEEEENS1_IS1U_NSF_INS8_IJSA_NS8_IJNS8_IJSX_NS5_ILi2EEEEEEEEEEEES16_EENS8_IJSA_SH_SH_EEEEES2G_NS1_INS2_IJNS3_IS4_JNS5_ILi16384EEENS7_ISK_RKNSF_INS8_IJSG_S13_SA_EEESK_EESR_EEEEESV_EEENSF_INS8_IJSA_NS8_IJNS8_IJNS8_IJSG_S13_EEESH_EEEEEEEEENS8_IJS11_NS8_IJNS8_IJS1Y_NS5_ILi1024EEEEEEEEEEEEEENS8_IJSA_S13_S13_EEEEENS1_INS2_IJNS3_INS0_14SM90_TMA_STOREEJS2H_S2M_EEESV_EEES2X_S2Y_EENS1_INS2_IJNS3_IS30_JS6_SS_EEESV_EEES17_S18_EELi16ELi128ELi3ELi2ELi192ELb1ELb1ELb0ELb0EEvT_T0_T1_T2_T3_T4_T5_T6_T7_T8_T9_PSV_iiiPKli
length512,12,other,10,0,12,1,1,128,1,1,0,20,0,0,16,_ZN2at6native18elementwise_kernelILi128ELi4EZNS0_22gpu_kernel_impl_nocastIZZZNS0_23direct_copy_kernel_cudaERNS_18TensorIteratorBaseEENKUlvE1_clEvENKUlvE10_clEvEUlN3c108BFloat16EE_EEvS4_RKT_EUliE_EEviT1_
length512,12,k1,10,0,32,12,1,256,1,1,21248,32,0,0,8,_Z22_flash_kda_fwd_prepareIN4cute9TiledCopyINS0_9Copy_AtomIJNS0_11Copy_TraitsINS0_13SM90_TMA_LOADEJNS0_1CILi32768EEENS0_12AuxTmaParamsINS0_5tupleIJNS0_11ScaledBasisINS5_ILi1EEEJLi2EEEENS9_ISA_JLi1EEEENS9_IiJLi0EEEEEEERKNS0_6LayoutINS8_IJNS5_ILi128EEENS5_ILi16EEESA_EEENS8_IJSB_SC_NS9_ISA_JLi0EEEEEEEEERKNS0_7SwizzleILi0ELi4ELi3EEEEEEEEN7cutlass10bfloat16_tEEEENSF_INS8_IJSA_NS8_IJNS8_IJNS8_IJSG_SH_EEESA_EEEEEEEEENS8_IJNS5_ILi0EEENS8_IJNS8_IJNS8_IJSH_SA_EEES11_EEEEEEEEEEENS8_IJSA_SH_SG_EEEEES18_NS1_INS2_IJNS3_IS4_JNS5_ILi512EEENS7_INS8_IJSJ_EEERKNSF_INS8_IJNS5_ILi32EEEEEES1A_EESR_EEEEESV_EEENSF_INS8_IJSA_NS8_IJNS8_IJS1B_SA_EEEEEEEEENS8_IJS11_NS8_IJNS8_IJSA_S11_EEEEEEEEEEES1C_EES18_NS1_INS2_IJNS3_IS4_JNS5_ILi4096EEENS7_INS8_IJSC_SJ_EEERKNSF_INS8_IJSG_SA_EEES1S_EESR_EEEEEfEEENSF_INS8_IJSA_NS8_IJS1T_EEEEEES1O_EENS8_IJSA_SG_EEEEENS1_INS2_IJNS3_INS0_14SM90_TMA_STOREEJNS5_ILi2048EEENS7_ISK_RKNSF_INS8_IJNS5_ILi8EEESH_SA_EEESK_EESR_EEEEESV_EEENSF_INS8_IJSA_NS8_IJNS8_IJNS8_IJS27_SH_EEESH_EEEEEEEEENS8_IJS11_NS8_IJNS8_IJS12_SG_EEEEEEEEEEES17_EES2N_S2N_NS1_INS2_IJNS3_IS25_JS1R_S1X_EEEfEEES22_S23_EENS1_IS2E_NSF_INS8_IJSA_NS8_IJNS8_IJS2F_NS5_ILi2EEEEEEEEEEEES2L_EENS8_IJSA_SH_SH_EEEEES2X_Li16ELi128ELi256ELb0EEvT_T0_T1_T2_T3_T4_T5_T6_T7_T8_T9_fiiiPKliPKffPKi
length512,12,k2,10,0,1,12,1,192,1,1,98432,73,0,0,2,_Z25_flash_kda_fwd_recurrenceIN4cute9TiledCopyINS0_9Copy_AtomIJNS0_11Copy_TraitsINS0_13SM90_TMA_LOADEJNS0_1CILi2048EEENS0_12AuxTmaParamsINS0_5tupleIJNS0_11ScaledBasisINS5_ILi1EEEJLi2EEEENS9_ISA_JLi1EEEENS9_IiJLi0EEEEEEERKNS0_6LayoutINS8_IJNS5_ILi8EEENS5_ILi16EEESA_EEENS8_IJSB_SC_NS9_ISA_JLi0EEEEEEEEERKNS0_7SwizzleILi0ELi4ELi3EEEEEEEEN7cutlass10bfloat16_tEEEENSF_INS8_IJSA_NS8_IJNS8_IJNS8_IJSG_SH_EEESH_EEEEEEEEENS8_IJNS5_ILi0EEENS8_IJNS8_IJNS8_IJSH_SA_EEENS5_ILi128EEEEEEEEEEEEEENS8_IJSA_SH_S13_EEEEENS1_INS2_IJNS3_IS4_JNS5_ILi512EEENS7_INS8_IJSJ_EEERKNSF_INS8_IJNS5_ILi32EEEEEES1B_EESR_EEEEESV_EEENSF_INS8_IJSA_NS8_IJNS8_IJS1C_SA_EEEEEEEEENS8_IJS11_NS8_IJNS8_IJSA_S11_EEEEEEEEEEES1D_EENS1_INS2_IJNS3_IS4_JS6_NS7_ISK_SN_SR_EEEEESV_EEES17_S18_EES1V_S1V_NS1_INS2_IJNS3_IS4_JNS5_ILi4096EEENS7_INS8_IJSC_SJ_EEERKNSF_INS8_IJS13_SA_EEES1X_EESR_EEEEEfEEENSF_INS8_IJSA_NS8_IJS1Y_EEEEEES1P_EENS8_IJSA_S13_EEEEENS1_IS1U_NSF_INS8_IJSA_NS8_IJNS8_IJSX_NS5_ILi2EEEEEEEEEEEES16_EENS8_IJSA_SH_SH_EEEEES2G_NS1_INS2_IJNS3_IS4_JNS5_ILi16384EEENS7_ISK_RKNSF_INS8_IJSG_S13_SA_EEESK_EESR_EEEEESV_EEENSF_INS8_IJSA_NS8_IJNS8_IJNS8_IJSG_S13_EEESH_EEEEEEEEENS8_IJS11_NS8_IJNS8_IJS1Y_NS5_ILi1024EEEEEEEEEEEEEENS8_IJSA_S13_S13_EEEEENS1_INS2_IJNS3_INS0_14SM90_TMA_STOREEJS2H_S2M_EEESV_EEES2X_S2Y_EENS1_INS2_IJNS3_IS30_JS6_SS_EEESV_EEES17_S18_EELi16ELi128ELi3ELi2ELi192ELb1ELb1ELb0ELb0EEvT_T0_T1_T2_T3_T4_T5_T6_T7_T8_T9_PSV_iiiPKli
length2048,12,other,10,0,48,1,1,128,1,1,0,20,0,0,16,_ZN2at6native18elementwise_kernelILi128ELi4EZNS0_22gpu_kernel_impl_nocastIZZZNS0_23direct_copy_kernel_cudaERNS_18TensorIteratorBaseEENKUlvE1_clEvENKUlvE10_clEvEUlN3c108BFloat16EE_EEvS4_RKT_EUliE_EEviT1_
length2048,12,k1,10,0,128,12,1,256,1,1,21248,32,0,0,8,_Z22_flash_kda_fwd_prepareIN4cute9TiledCopyINS0_9Copy_AtomIJNS0_11Copy_TraitsINS0_13SM90_TMA_LOADEJNS0_1CILi32768EEENS0_12AuxTmaParamsINS0_5tupleIJNS0_11ScaledBasisINS5_ILi1EEEJLi2EEEENS9_ISA_JLi1EEEENS9_IiJLi0EEEEEEERKNS0_6LayoutINS8_IJNS5_ILi128EEENS5_ILi16EEESA_EEENS8_IJSB_SC_NS9_ISA_JLi0EEEEEEEEERKNS0_7SwizzleILi0ELi4ELi3EEEEEEEEN7cutlass10bfloat16_tEEEENSF_INS8_IJSA_NS8_IJNS8_IJNS8_IJSG_SH_EEESA_EEEEEEEEENS8_IJNS5_ILi0EEENS8_IJNS8_IJNS8_IJSH_SA_EEES11_EEEEEEEEEEENS8_IJSA_SH_SG_EEEEES18_NS1_INS2_IJNS3_IS4_JNS5_ILi512EEENS7_INS8_IJSJ_EEERKNSF_INS8_IJNS5_ILi32EEEEEES1A_EESR_EEEEESV_EEENSF_INS8_IJSA_NS8_IJNS8_IJS1B_SA_EEEEEEEEENS8_IJS11_NS8_IJNS8_IJSA_S11_EEEEEEEEEEES1C_EES18_NS1_INS2_IJNS3_IS4_JNS5_ILi4096EEENS7_INS8_IJSC_SJ_EEERKNSF_INS8_IJSG_SA_EEES1S_EESR_EEEEEfEEENSF_INS8_IJSA_NS8_IJS1T_EEEEEES1O_EENS8_IJSA_SG_EEEEENS1_INS2_IJNS3_INS0_14SM90_TMA_STOREEJNS5_ILi2048EEENS7_ISK_RKNSF_INS8_IJNS5_ILi8EEESH_SA_EEESK_EESR_EEEEESV_EEENSF_INS8_IJSA_NS8_IJNS8_IJNS8_IJS27_SH_EEESH_EEEEEEEEENS8_IJS11_NS8_IJNS8_IJS12_SG_EEEEEEEEEEES17_EES2N_S2N_NS1_INS2_IJNS3_IS25_JS1R_S1X_EEEfEEES22_S23_EENS1_IS2E_NSF_INS8_IJSA_NS8_IJNS8_IJS2F_NS5_ILi2EEEEEEEEEEEES2L_EENS8_IJSA_SH_SH_EEEEES2X_Li16ELi128ELi256ELb0EEvT_T0_T1_T2_T3_T4_T5_T6_T7_T8_T9_fiiiPKliPKffPKi
length2048,12,k2,10,0,1,12,1,192,1,1,98432,73,0,0,2,_Z25_flash_kda_fwd_recurrenceIN4cute9TiledCopyINS0_9Copy_AtomIJNS0_11Copy_TraitsINS0_13SM90_TMA_LOADEJNS0_1CILi2048EEENS0_12AuxTmaParamsINS0_5tupleIJNS0_11ScaledBasisINS5_ILi1EEEJLi2EEEENS9_ISA_JLi1EEEENS9_IiJLi0EEEEEEERKNS0_6LayoutINS8_IJNS5_ILi8EEENS5_ILi16EEESA_EEENS8_IJSB_SC_NS9_ISA_JLi0EEEEEEEEERKNS0_7SwizzleILi0ELi4ELi3EEEEEEEEN7cutlass10bfloat16_tEEEENSF_INS8_IJSA_NS8_IJNS8_IJNS8_IJSG_SH_EEESH_EEEEEEEEENS8_IJNS5_ILi0EEENS8_IJNS8_IJNS8_IJSH_SA_EEENS5_ILi128EEEEEEEEEEEEEENS8_IJSA_SH_S13_EEEEENS1_INS2_IJNS3_IS4_JNS5_ILi512EEENS7_INS8_IJSJ_EEERKNSF_INS8_IJNS5_ILi32EEEEEES1B_EESR_EEEEESV_EEENSF_INS8_IJSA_NS8_IJNS8_IJS1C_SA_EEEEEEEEENS8_IJS11_NS8_IJNS8_IJSA_S11_EEEEEEEEEEES1D_EENS1_INS2_IJNS3_IS4_JS6_NS7_ISK_SN_SR_EEEEESV_EEES17_S18_EES1V_S1V_NS1_INS2_IJNS3_IS4_JNS5_ILi4096EEENS7_INS8_IJSC_SJ_EEERKNSF_INS8_IJS13_SA_EEES1X_EESR_EEEEEfEEENSF_INS8_IJSA_NS8_IJS1Y_EEEEEES1P_EENS8_IJSA_S13_EEEEENS1_IS1U_NSF_INS8_IJSA_NS8_IJNS8_IJSX_NS5_ILi2EEEEEEEEEEEES16_EENS8_IJSA_SH_SH_EEEEES2G_NS1_INS2_IJNS3_IS4_JNS5_ILi16384EEENS7_ISK_RKNSF_INS8_IJSG_S13_SA_EEESK_EESR_EEEEESV_EEENSF_INS8_IJSA_NS8_IJNS8_IJNS8_IJSG_S13_EEESH_EEEEEEEEENS8_IJS11_NS8_IJNS8_IJS1Y_NS5_ILi1024EEEEEEEEEEEEEENS8_IJSA_S13_S13_EEEEENS1_INS2_IJNS3_INS0_14SM90_TMA_STOREEJS2H_S2M_EEESV_EEES2X_S2Y_EENS1_INS2_IJNS3_IS30_JS6_SS_EEESV_EEES17_S18_EELi16ELi128ELi3ELi2ELi192ELb1ELb1ELb0ELb0EEvT_T0_T1_T2_T3_T4_T5_T6_T7_T8_T9_PSV_iiiPKli
