timestamp, uuid, clocks.current.sm [MHz], clocks.current.memory [MHz], power.draw [W], temperature.gpu
2026/09/10 15:02:50.841, GPU-ab0e8f8b-abe0-a03f-c8e9-65622211a5f4, 2032 MHz, 3996 MHz, 192.14 W, 37
2026/09/10 15:02:51.055, GPU-ab0e8f8b-abe0-a03f-c8e9-65622211a5f4, 2032 MHz, 3996 MHz, 199.65 W, 38
2026/09/10 15:02:51.255, GPU-ab0e8f8b-abe0-a03f-c8e9-65622211a5f4, 2032 MHz, 3996 MHz, 211.88 W, 38
2026/09/10 15:02:51.456, GPU-ab0e8f8b-abe0-a03f-c8e9-65622211a5f4, 2032 MHz, 3996 MHz, 235.27 W, 39
2026/09/10 15:02:51.656, GPU-ab0e8f8b-abe0-a03f-c8e9-65622211a5f4, 2032 MHz, 3996 MHz, 270.26 W, 40
2026/09/10 15:02:51.856, GPU-ab0e8f8b-abe0-a03f-c8e9-65622211a5f4, 2032 MHz, 3996 MHz, 299.17 W, 40
2026/09/10 15:02:52.056, GPU-ab0e8f8b-abe0-a03f-c8e9-65622211a5f4, 2032 MHz, 3996 MHz, 303.87 W, 40
2026/09/10 15:02:52.257, GPU-ab0e8f8b-abe0-a03f-c8e9-65622211a5f4, 2032 MHz, 3996 MHz, 304.96 W, 39
2026/09/10 15:02:52.457, GPU-ab0e8f8b-abe0-a03f-c8e9-65622211a5f4, 2032 MHz, 3996 MHz, 293.53 W, 39
2026/09/10 15:02:52.657, GPU-ab0e8f8b-abe0-a03f-c8e9-65622211a5f4, 2032 MHz, 3996 MHz, 275.22 W, 39
2026/09/10 15:02:52.857, GPU-ab0e8f8b-abe0-a03f-c8e9-65622211a5f4, 2032 MHz, 3996 MHz, 253.22 W, 39
2026/09/10 15:02:53.057, GPU-ab0e8f8b-abe0-a03f-c8e9-65622211a5f4, 2032 MHz, 3996 MHz, 253.09 W, 39
2026/09/10 15:02:53.257, GPU-ab0e8f8b-abe0-a03f-c8e9-65622211a5f4, 2032 MHz, 3996 MHz, 253.09 W, 39
2026/09/10 15:02:53.457, GPU-ab0e8f8b-abe0-a03f-c8e9-65622211a5f4, 2032 MHz, 3996 MHz, 253.09 W, 39
2026/09/10 15:02:53.657, GPU-ab0e8f8b-abe0-a03f-c8e9-65622211a5f4, 2032 MHz, 3996 MHz, 253.09 W, 39
2026/09/10 15:02:53.857, GPU-ab0e8f8b-abe0-a03f-c8e9-65622211a5f4, 2032 MHz, 3996 MHz, 253.25 W, 39
2026/09/10 15:02:54.058, GPU-ab0e8f8b-abe0-a03f-c8e9-65622211a5f4, 2032 MHz, 3996 MHz, 253.24 W, 39
2026/09/10 15:02:54.258, GPU-ab0e8f8b-abe0-a03f-c8e9-65622211a5f4, 2032 MHz, 3996 MHz, 254.14 W, 39
2026/09/10 15:02:54.458, GPU-ab0e8f8b-abe0-a03f-c8e9-65622211a5f4, 2032 MHz, 3996 MHz, 260.80 W, 40
2026/09/10 15:02:54.658, GPU-ab0e8f8b-abe0-a03f-c8e9-65622211a5f4, 2032 MHz, 3996 MHz, 264.14 W, 40
2026/09/10 15:02:54.858, GPU-ab0e8f8b-abe0-a03f-c8e9-65622211a5f4, 2032 MHz, 3996 MHz, 268.69 W, 40
2026/09/10 15:02:55.058, GPU-ab0e8f8b-abe0-a03f-c8e9-65622211a5f4, 2032 MHz, 3996 MHz, 278.30 W, 40
2026/09/10 15:02:55.258, GPU-ab0e8f8b-abe0-a03f-c8e9-65622211a5f4, 2032 MHz, 3996 MHz, 283.02 W, 40
2026/09/10 15:02:55.458, GPU-ab0e8f8b-abe0-a03f-c8e9-65622211a5f4, 2032 MHz, 3996 MHz, 280.86 W, 40
2026/09/10 15:02:55.658, GPU-ab0e8f8b-abe0-a03f-c8e9-65622211a5f4, 2032 MHz, 3996 MHz, 286.55 W, 40
2026/09/10 15:02:55.858, GPU-ab0e8f8b-abe0-a03f-c8e9-65622211a5f4, 2032 MHz, 3996 MHz, 287.47 W, 40
2026/09/10 15:02:56.058, GPU-ab0e8f8b-abe0-a03f-c8e9-65622211a5f4, 2032 MHz, 3996 MHz, 277.93 W, 40
2026/09/10 15:02:56.259, GPU-ab0e8f8b-abe0-a03f-c8e9-65622211a5f4, 2032 MHz, 3996 MHz, 273.18 W, 40
2026/09/10 15:02:56.459, GPU-ab0e8f8b-abe0-a03f-c8e9-65622211a5f4, 2032 MHz, 3996 MHz, 268.32 W, 40
2026/09/10 15:02:56.659, GPU-ab0e8f8b-abe0-a03f-c8e9-65622211a5f4, 2032 MHz, 3996 MHz, 259.93 W, 39
2026/09/10 15:02:56.859, GPU-ab0e8f8b-abe0-a03f-c8e9-65622211a5f4, 2032 MHz, 3996 MHz, 253.36 W, 39
2026/09/10 15:02:57.059, GPU-ab0e8f8b-abe0-a03f-c8e9-65622211a5f4, 2032 MHz, 3996 MHz, 253.36 W, 39
2026/09/10 15:02:57.259, GPU-ab0e8f8b-abe0-a03f-c8e9-65622211a5f4, 2032 MHz, 3996 MHz, 253.33 W, 39
2026/09/10 15:02:57.459, GPU-ab0e8f8b-abe0-a03f-c8e9-65622211a5f4, 2032 MHz, 3996 MHz, 253.09 W, 39
2026/09/10 15:02:57.659, GPU-ab0e8f8b-abe0-a03f-c8e9-65622211a5f4, 2032 MHz, 3996 MHz, 253.09 W, 39
2026/09/10 15:02:57.859, GPU-ab0e8f8b-abe0-a03f-c8e9-65622211a5f4, 2032 MHz, 3996 MHz, 253.09 W, 39
2026/09/10 15:02:58.059, GPU-ab0e8f8b-abe0-a03f-c8e9-65622211a5f4, 2032 MHz, 3996 MHz, 253.09 W, 39
2026/09/10 15:02:58.260, GPU-ab0e8f8b-abe0-a03f-c8e9-65622211a5f4, 2032 MHz, 3996 MHz, 253.09 W, 39
2026/09/10 15:02:58.460, GPU-ab0e8f8b-abe0-a03f-c8e9-65622211a5f4, 2032 MHz, 3996 MHz, 253.09 W, 39
2026/09/10 15:02:58.660, GPU-ab0e8f8b-abe0-a03f-c8e9-65622211a5f4, 2032 MHz, 3996 MHz, 253.21 W, 39
2026/09/10 15:02:58.860, GPU-ab0e8f8b-abe0-a03f-c8e9-65622211a5f4, 2032 MHz, 3996 MHz, 253.25 W, 39
2026/09/10 15:02:59.060, GPU-ab0e8f8b-abe0-a03f-c8e9-65622211a5f4, 2032 MHz, 3996 MHz, 253.25 W, 39
2026/09/10 15:02:59.260, GPU-ab0e8f8b-abe0-a03f-c8e9-65622211a5f4, 2032 MHz, 3996 MHz, 253.72 W, 39
2026/09/10 15:02:59.460, GPU-ab0e8f8b-abe0-a03f-c8e9-65622211a5f4, 2032 MHz, 3996 MHz, 259.81 W, 40
2026/09/10 15:02:59.660, GPU-ab0e8f8b-abe0-a03f-c8e9-65622211a5f4, 2032 MHz, 3996 MHz, 264.71 W, 40
2026/09/10 15:02:59.860, GPU-ab0e8f8b-abe0-a03f-c8e9-65622211a5f4, 2032 MHz, 3996 MHz, 266.70 W, 40
2026/09/10 15:03:00.060, GPU-ab0e8f8b-abe0-a03f-c8e9-65622211a5f4, 2032 MHz, 3996 MHz, 265.03 W, 39
2026/09/10 15:03:00.260, GPU-ab0e8f8b-abe0-a03f-c8e9-65622211a5f4, 2032 MHz, 3996 MHz, 262.47 W, 39
2026/09/10 15:03:00.460, GPU-ab0e8f8b-abe0-a03f-c8e9-65622211a5f4, 2032 MHz, 3996 MHz, 255.58 W, 39
2026/09/10 15:03:00.661, GPU-ab0e8f8b-abe0-a03f-c8e9-65622211a5f4, 2032 MHz, 3996 MHz, 247.77 W, 39
2026/09/10 15:03:00.861, GPU-ab0e8f8b-abe0-a03f-c8e9-65622211a5f4, 2032 MHz, 3996 MHz, 244.31 W, 39
2026/09/10 15:03:01.061, GPU-ab0e8f8b-abe0-a03f-c8e9-65622211a5f4, 2032 MHz, 3996 MHz, 244.15 W, 39
2026/09/10 15:03:01.261, GPU-ab0e8f8b-abe0-a03f-c8e9-65622211a5f4, 2032 MHz, 3996 MHz, 244.19 W, 39
2026/09/10 15:03:01.461, GPU-ab0e8f8b-abe0-a03f-c8e9-65622211a5f4, 2032 MHz, 3996 MHz, 244.22 W, 39
2026/09/10 15:03:01.661, GPU-ab0e8f8b-abe0-a03f-c8e9-65622211a5f4, 2032 MHz, 3996 MHz, 244.16 W, 39
2026/09/10 15:03:01.861, GPU-ab0e8f8b-abe0-a03f-c8e9-65622211a5f4, 2032 MHz, 3996 MHz, 243.97 W, 39
2026/09/10 15:03:02.061, GPU-ab0e8f8b-abe0-a03f-c8e9-65622211a5f4, 2032 MHz, 3996 MHz, 243.87 W, 39
2026/09/10 15:03:02.261, GPU-ab0e8f8b-abe0-a03f-c8e9-65622211a5f4, 2032 MHz, 3996 MHz, 243.93 W, 39
2026/09/10 15:03:02.461, GPU-ab0e8f8b-abe0-a03f-c8e9-65622211a5f4, 2032 MHz, 3996 MHz, 243.93 W, 39
2026/09/10 15:03:02.661, GPU-ab0e8f8b-abe0-a03f-c8e9-65622211a5f4, 2032 MHz, 3996 MHz, 244.26 W, 39
2026/09/10 15:03:02.861, GPU-ab0e8f8b-abe0-a03f-c8e9-65622211a5f4, 2032 MHz, 3996 MHz, 244.22 W, 39
2026/09/10 15:03:03.062, GPU-ab0e8f8b-abe0-a03f-c8e9-65622211a5f4, 2032 MHz, 3996 MHz, 244.22 W, 39
2026/09/10 15:03:03.262, GPU-ab0e8f8b-abe0-a03f-c8e9-65622211a5f4, 2032 MHz, 3996 MHz, 245.57 W, 40
2026/09/10 15:03:03.462, GPU-ab0e8f8b-abe0-a03f-c8e9-65622211a5f4, 2032 MHz, 3996 MHz, 255.96 W, 40
2026/09/10 15:03:03.662, GPU-ab0e8f8b-abe0-a03f-c8e9-65622211a5f4, 2032 MHz, 3996 MHz, 266.42 W, 40
2026/09/10 15:03:03.862, GPU-ab0e8f8b-abe0-a03f-c8e9-65622211a5f4, 2032 MHz, 3996 MHz, 277.10 W, 40
2026/09/10 15:03:04.062, GPU-ab0e8f8b-abe0-a03f-c8e9-65622211a5f4, 2032 MHz, 3996 MHz, 288.25 W, 41
2026/09/10 15:03:04.262, GPU-ab0e8f8b-abe0-a03f-c8e9-65622211a5f4, 2032 MHz, 3996 MHz, 291.23 W, 40
2026/09/10 15:03:04.462, GPU-ab0e8f8b-abe0-a03f-c8e9-65622211a5f4, 2032 MHz, 3996 MHz, 284.78 W, 40
2026/09/10 15:03:04.662, GPU-ab0e8f8b-abe0-a03f-c8e9-65622211a5f4, 2032 MHz, 3996 MHz, 275.85 W, 40
2026/09/10 15:03:04.862, GPU-ab0e8f8b-abe0-a03f-c8e9-65622211a5f4, 2032 MHz, 3996 MHz, 265.77 W, 40
2026/09/10 15:03:05.062, GPU-ab0e8f8b-abe0-a03f-c8e9-65622211a5f4, 2032 MHz, 3996 MHz, 257.36 W, 40
2026/09/10 15:03:05.262, GPU-ab0e8f8b-abe0-a03f-c8e9-65622211a5f4, 2032 MHz, 3996 MHz, 253.27 W, 40
2026/09/10 15:03:05.463, GPU-ab0e8f8b-abe0-a03f-c8e9-65622211a5f4, 2032 MHz, 3996 MHz, 253.08 W, 40
2026/09/10 15:03:05.663, GPU-ab0e8f8b-abe0-a03f-c8e9-65622211a5f4, 2032 MHz, 3996 MHz, 253.23 W, 40
2026/09/10 15:03:05.863, GPU-ab0e8f8b-abe0-a03f-c8e9-65622211a5f4, 2032 MHz, 3996 MHz, 253.24 W, 39
2026/09/10 15:03:06.063, GPU-ab0e8f8b-abe0-a03f-c8e9-65622211a5f4, 2032 MHz, 3996 MHz, 253.24 W, 39
2026/09/10 15:03:06.263, GPU-ab0e8f8b-abe0-a03f-c8e9-65622211a5f4, 2032 MHz, 3996 MHz, 255.83 W, 40
2026/09/10 15:03:06.463, GPU-ab0e8f8b-abe0-a03f-c8e9-65622211a5f4, 2032 MHz, 3996 MHz, 263.86 W, 40
2026/09/10 15:03:06.663, GPU-ab0e8f8b-abe0-a03f-c8e9-65622211a5f4, 2032 MHz, 3996 MHz, 273.40 W, 40
2026/09/10 15:03:06.863, GPU-ab0e8f8b-abe0-a03f-c8e9-65622211a5f4, 2032 MHz, 3996 MHz, 282.16 W, 41
2026/09/10 15:03:07.063, GPU-ab0e8f8b-abe0-a03f-c8e9-65622211a5f4, 2032 MHz, 3996 MHz, 289.95 W, 41
2026/09/10 15:03:07.263, GPU-ab0e8f8b-abe0-a03f-c8e9-65622211a5f4, 2032 MHz, 3996 MHz, 289.20 W, 40
2026/09/10 15:03:07.463, GPU-ab0e8f8b-abe0-a03f-c8e9-65622211a5f4, 2032 MHz, 3996 MHz, 280.11 W, 40
2026/09/10 15:03:07.663, GPU-ab0e8f8b-abe0-a03f-c8e9-65622211a5f4, 2032 MHz, 3996 MHz, 271.10 W, 40
2026/09/10 15:03:07.863, GPU-ab0e8f8b-abe0-a03f-c8e9-65622211a5f4, 2032 MHz, 3996 MHz, 262.09 W, 40
2026/09/10 15:03:08.063, GPU-ab0e8f8b-abe0-a03f-c8e9-65622211a5f4, 2032 MHz, 3996 MHz, 252.50 W, 40
2026/09/10 15:03:08.264, GPU-ab0e8f8b-abe0-a03f-c8e9-65622211a5f4, 2032 MHz, 3996 MHz, 251.19 W, 40
2026/09/10 15:03:08.464, GPU-ab0e8f8b-abe0-a03f-c8e9-65622211a5f4, 2032 MHz, 3996 MHz, 251.15 W, 40
2026/09/10 15:03:08.664, GPU-ab0e8f8b-abe0-a03f-c8e9-65622211a5f4, 2032 MHz, 3996 MHz, 251.15 W, 40
2026/09/10 15:03:08.864, GPU-ab0e8f8b-abe0-a03f-c8e9-65622211a5f4, 2032 MHz, 3996 MHz, 251.07 W, 39
2026/09/10 15:03:09.064, GPU-ab0e8f8b-abe0-a03f-c8e9-65622211a5f4, 2032 MHz, 3996 MHz, 251.03 W, 39
2026/09/10 15:03:09.264, GPU-ab0e8f8b-abe0-a03f-c8e9-65622211a5f4, 2032 MHz, 3996 MHz, 253.20 W, 40
2026/09/10 15:03:09.464, GPU-ab0e8f8b-abe0-a03f-c8e9-65622211a5f4, 2032 MHz, 3996 MHz, 261.92 W, 40
2026/09/10 15:03:09.664, GPU-ab0e8f8b-abe0-a03f-c8e9-65622211a5f4, 2032 MHz, 3996 MHz, 270.56 W, 40
2026/09/10 15:03:09.864, GPU-ab0e8f8b-abe0-a03f-c8e9-65622211a5f4, 2032 MHz, 3996 MHz, 279.95 W, 41
2026/09/10 15:03:10.064, GPU-ab0e8f8b-abe0-a03f-c8e9-65622211a5f4, 2032 MHz, 3996 MHz, 284.95 W, 40
2026/09/10 15:03:10.264, GPU-ab0e8f8b-abe0-a03f-c8e9-65622211a5f4, 2032 MHz, 3996 MHz, 282.58 W, 40
2026/09/10 15:03:10.466, GPU-ab0e8f8b-abe0-a03f-c8e9-65622211a5f4, 2032 MHz, 3996 MHz, 274.11 W, 40
2026/09/10 15:03:10.667, GPU-ab0e8f8b-abe0-a03f-c8e9-65622211a5f4, 2032 MHz, 3996 MHz, 264.44 W, 40
2026/09/10 15:03:10.867, GPU-ab0e8f8b-abe0-a03f-c8e9-65622211a5f4, 2032 MHz, 3996 MHz, 256.13 W, 40
2026/09/10 15:03:11.067, GPU-ab0e8f8b-abe0-a03f-c8e9-65622211a5f4, 2032 MHz, 3996 MHz, 250.08 W, 40
2026/09/10 15:03:11.267, GPU-ab0e8f8b-abe0-a03f-c8e9-65622211a5f4, 2032 MHz, 3996 MHz, 249.85 W, 40
2026/09/10 15:03:11.467, GPU-ab0e8f8b-abe0-a03f-c8e9-65622211a5f4, 2032 MHz, 3996 MHz, 249.75 W, 40
2026/09/10 15:03:11.667, GPU-ab0e8f8b-abe0-a03f-c8e9-65622211a5f4, 2032 MHz, 3996 MHz, 249.58 W, 40
2026/09/10 15:03:11.867, GPU-ab0e8f8b-abe0-a03f-c8e9-65622211a5f4, 2032 MHz, 3996 MHz, 249.62 W, 39
2026/09/10 15:03:12.067, GPU-ab0e8f8b-abe0-a03f-c8e9-65622211a5f4, 2032 MHz, 3996 MHz, 249.73 W, 39
2026/09/10 15:03:12.267, GPU-ab0e8f8b-abe0-a03f-c8e9-65622211a5f4, 2032 MHz, 3996 MHz, 249.67 W, 39
2026/09/10 15:03:12.467, GPU-ab0e8f8b-abe0-a03f-c8e9-65622211a5f4, 2032 MHz, 3996 MHz, 249.82 W, 39
2026/09/10 15:03:12.667, GPU-ab0e8f8b-abe0-a03f-c8e9-65622211a5f4, 2032 MHz, 3996 MHz, 255.78 W, 40
2026/09/10 15:03:12.867, GPU-ab0e8f8b-abe0-a03f-c8e9-65622211a5f4, 2032 MHz, 3996 MHz, 264.95 W, 40
2026/09/10 15:03:13.067, GPU-ab0e8f8b-abe0-a03f-c8e9-65622211a5f4, 2032 MHz, 3996 MHz, 273.72 W, 41
2026/09/10 15:03:13.268, GPU-ab0e8f8b-abe0-a03f-c8e9-65622211a5f4, 2032 MHz, 3996 MHz, 283.52 W, 41
2026/09/10 15:03:13.468, GPU-ab0e8f8b-abe0-a03f-c8e9-65622211a5f4, 2032 MHz, 3996 MHz, 284.04 W, 40
2026/09/10 15:03:13.668, GPU-ab0e8f8b-abe0-a03f-c8e9-65622211a5f4, 2032 MHz, 3996 MHz, 279.13 W, 40
2026/09/10 15:03:13.870, GPU-ab0e8f8b-abe0-a03f-c8e9-65622211a5f4, 2032 MHz, 3996 MHz, 269.76 W, 40
2026/09/10 15:03:14.071, GPU-ab0e8f8b-abe0-a03f-c8e9-65622211a5f4, 2032 MHz, 3996 MHz, 260.45 W, 40
2026/09/10 15:03:14.271, GPU-ab0e8f8b-abe0-a03f-c8e9-65622211a5f4, 2032 MHz, 3996 MHz, 252.02 W, 40
2026/09/10 15:03:14.471, GPU-ab0e8f8b-abe0-a03f-c8e9-65622211a5f4, 2032 MHz, 3996 MHz, 249.78 W, 40
2026/09/10 15:03:14.671, GPU-ab0e8f8b-abe0-a03f-c8e9-65622211a5f4, 2032 MHz, 3996 MHz, 249.55 W, 40
2026/09/10 15:03:14.871, GPU-ab0e8f8b-abe0-a03f-c8e9-65622211a5f4, 2032 MHz, 3996 MHz, 249.47 W, 40
2026/09/10 15:03:15.071, GPU-ab0e8f8b-abe0-a03f-c8e9-65622211a5f4, 2032 MHz, 3996 MHz, 249.32 W, 40
2026/09/10 15:03:15.271, GPU-ab0e8f8b-abe0-a03f-c8e9-65622211a5f4, 2032 MHz, 3996 MHz, 249.51 W, 40
2026/09/10 15:03:15.471, GPU-ab0e8f8b-abe0-a03f-c8e9-65622211a5f4, 2032 MHz, 3996 MHz, 249.78 W, 40
2026/09/10 15:03:15.671, GPU-ab0e8f8b-abe0-a03f-c8e9-65622211a5f4, 2032 MHz, 3996 MHz, 249.78 W, 40
2026/09/10 15:03:15.871, GPU-ab0e8f8b-abe0-a03f-c8e9-65622211a5f4, 2032 MHz, 3996 MHz, 249.79 W, 40
2026/09/10 15:03:16.071, GPU-ab0e8f8b-abe0-a03f-c8e9-65622211a5f4, 2032 MHz, 3996 MHz, 252.07 W, 40
2026/09/10 15:03:16.271, GPU-ab0e8f8b-abe0-a03f-c8e9-65622211a5f4, 2032 MHz, 3996 MHz, 261.10 W, 40
2026/09/10 15:03:16.472, GPU-ab0e8f8b-abe0-a03f-c8e9-65622211a5f4, 2032 MHz, 3996 MHz, 269.64 W, 40
2026/09/10 15:03:16.672, GPU-ab0e8f8b-abe0-a03f-c8e9-65622211a5f4, 2032 MHz, 3996 MHz, 278.98 W, 41
2026/09/10 15:03:16.872, GPU-ab0e8f8b-abe0-a03f-c8e9-65622211a5f4, 2032 MHz, 3996 MHz, 282.18 W, 40
2026/09/10 15:03:17.072, GPU-ab0e8f8b-abe0-a03f-c8e9-65622211a5f4, 2032 MHz, 3996 MHz, 280.29 W, 40
2026/09/10 15:03:17.272, GPU-ab0e8f8b-abe0-a03f-c8e9-65622211a5f4, 2032 MHz, 3996 MHz, 270.94 W, 40
2026/09/10 15:03:17.472, GPU-ab0e8f8b-abe0-a03f-c8e9-65622211a5f4, 2032 MHz, 3996 MHz, 261.63 W, 40
2026/09/10 15:03:17.672, GPU-ab0e8f8b-abe0-a03f-c8e9-65622211a5f4, 2032 MHz, 3996 MHz, 253.49 W, 40
2026/09/10 15:03:17.872, GPU-ab0e8f8b-abe0-a03f-c8e9-65622211a5f4, 2032 MHz, 3996 MHz, 249.43 W, 40
2026/09/10 15:03:18.072, GPU-ab0e8f8b-abe0-a03f-c8e9-65622211a5f4, 2032 MHz, 3996 MHz, 249.20 W, 40
2026/09/10 15:03:18.272, GPU-ab0e8f8b-abe0-a03f-c8e9-65622211a5f4, 2032 MHz, 3996 MHz, 249.36 W, 40
2026/09/10 15:03:18.472, GPU-ab0e8f8b-abe0-a03f-c8e9-65622211a5f4, 2032 MHz, 3996 MHz, 249.39 W, 40
2026/09/10 15:03:18.672, GPU-ab0e8f8b-abe0-a03f-c8e9-65622211a5f4, 2032 MHz, 3996 MHz, 249.40 W, 40
2026/09/10 15:03:18.872, GPU-ab0e8f8b-abe0-a03f-c8e9-65622211a5f4, 2032 MHz, 3996 MHz, 250.42 W, 40
2026/09/10 15:03:19.073, GPU-ab0e8f8b-abe0-a03f-c8e9-65622211a5f4, 2032 MHz, 3996 MHz, 258.29 W, 40
2026/09/10 15:03:19.273, GPU-ab0e8f8b-abe0-a03f-c8e9-65622211a5f4, 2032 MHz, 3996 MHz, 267.26 W, 40
2026/09/10 15:03:19.473, GPU-ab0e8f8b-abe0-a03f-c8e9-65622211a5f4, 2032 MHz, 3996 MHz, 276.08 W, 41
2026/09/10 15:03:19.673, GPU-ab0e8f8b-abe0-a03f-c8e9-65622211a5f4, 2032 MHz, 3996 MHz, 281.51 W, 40
2026/09/10 15:03:19.873, GPU-ab0e8f8b-abe0-a03f-c8e9-65622211a5f4, 2032 MHz, 3996 MHz, 280.81 W, 40
2026/09/10 15:03:20.075, GPU-ab0e8f8b-abe0-a03f-c8e9-65622211a5f4, 2032 MHz, 3996 MHz, 272.81 W, 40
2026/09/10 15:03:20.276, GPU-ab0e8f8b-abe0-a03f-c8e9-65622211a5f4, 2032 MHz, 3996 MHz, 263.55 W, 40
2026/09/10 15:03:20.476, GPU-ab0e8f8b-abe0-a03f-c8e9-65622211a5f4, 2032 MHz, 3996 MHz, 254.48 W, 40
2026/09/10 15:03:20.676, GPU-ab0e8f8b-abe0-a03f-c8e9-65622211a5f4, 2032 MHz, 3996 MHz, 249.62 W, 40
2026/09/10 15:03:20.876, GPU-ab0e8f8b-abe0-a03f-c8e9-65622211a5f4, 2032 MHz, 3996 MHz, 249.24 W, 40
2026/09/10 15:03:21.076, GPU-ab0e8f8b-abe0-a03f-c8e9-65622211a5f4, 2032 MHz, 3996 MHz, 249.20 W, 40
2026/09/10 15:03:21.276, GPU-ab0e8f8b-abe0-a03f-c8e9-65622211a5f4, 2032 MHz, 3996 MHz, 249.20 W, 40
2026/09/10 15:03:21.476, GPU-ab0e8f8b-abe0-a03f-c8e9-65622211a5f4, 2032 MHz, 3996 MHz, 249.20 W, 40
2026/09/10 15:03:21.676, GPU-ab0e8f8b-abe0-a03f-c8e9-65622211a5f4, 2032 MHz, 3996 MHz, 249.36 W, 40
2026/09/10 15:03:21.876, GPU-ab0e8f8b-abe0-a03f-c8e9-65622211a5f4, 2032 MHz, 3996 MHz, 249.36 W, 40
2026/09/10 15:03:22.076, GPU-ab0e8f8b-abe0-a03f-c8e9-65622211a5f4, 2032 MHz, 3996 MHz, 249.36 W, 40
2026/09/10 15:03:22.276, GPU-ab0e8f8b-abe0-a03f-c8e9-65622211a5f4, 2032 MHz, 3996 MHz, 252.17 W, 40
2026/09/10 15:03:22.476, GPU-ab0e8f8b-abe0-a03f-c8e9-65622211a5f4, 2032 MHz, 3996 MHz, 261.13 W, 40
2026/09/10 15:03:22.676, GPU-ab0e8f8b-abe0-a03f-c8e9-65622211a5f4, 2032 MHz, 3996 MHz, 270.52 W, 40
2026/09/10 15:03:22.876, GPU-ab0e8f8b-abe0-a03f-c8e9-65622211a5f4, 2032 MHz, 3996 MHz, 278.95 W, 41
2026/09/10 15:03:23.077, GPU-ab0e8f8b-abe0-a03f-c8e9-65622211a5f4, 2032 MHz, 3996 MHz, 281.60 W, 40
2026/09/10 15:03:23.277, GPU-ab0e8f8b-abe0-a03f-c8e9-65622211a5f4, 2032 MHz, 3996 MHz, 278.98 W, 40
2026/09/10 15:03:23.478, GPU-ab0e8f8b-abe0-a03f-c8e9-65622211a5f4, 2032 MHz, 3996 MHz, 269.50 W, 40
2026/09/10 15:03:23.679, GPU-ab0e8f8b-abe0-a03f-c8e9-65622211a5f4, 2032 MHz, 3996 MHz, 260.89 W, 40
2026/09/10 15:03:23.879, GPU-ab0e8f8b-abe0-a03f-c8e9-65622211a5f4, 2032 MHz, 3996 MHz, 251.16 W, 40
2026/09/10 15:03:24.079, GPU-ab0e8f8b-abe0-a03f-c8e9-65622211a5f4, 2032 MHz, 3996 MHz, 249.39 W, 40
2026/09/10 15:03:24.279, GPU-ab0e8f8b-abe0-a03f-c8e9-65622211a5f4, 2032 MHz, 3996 MHz, 249.20 W, 40
2026/09/10 15:03:24.479, GPU-ab0e8f8b-abe0-a03f-c8e9-65622211a5f4, 2032 MHz, 3996 MHz, 249.20 W, 40
2026/09/10 15:03:24.679, GPU-ab0e8f8b-abe0-a03f-c8e9-65622211a5f4, 2032 MHz, 3996 MHz, 249.20 W, 40
2026/09/10 15:03:24.879, GPU-ab0e8f8b-abe0-a03f-c8e9-65622211a5f4, 2032 MHz, 3996 MHz, 249.24 W, 40
2026/09/10 15:03:25.079, GPU-ab0e8f8b-abe0-a03f-c8e9-65622211a5f4, 2032 MHz, 3996 MHz, 249.35 W, 40
2026/09/10 15:03:25.279, GPU-ab0e8f8b-abe0-a03f-c8e9-65622211a5f4, 2032 MHz, 3996 MHz, 249.43 W, 40
2026/09/10 15:03:25.479, GPU-ab0e8f8b-abe0-a03f-c8e9-65622211a5f4, 2032 MHz, 3996 MHz, 249.43 W, 40
2026/09/10 15:03:25.679, GPU-ab0e8f8b-abe0-a03f-c8e9-65622211a5f4, 2032 MHz, 3996 MHz, 249.43 W, 40
2026/09/10 15:03:25.879, GPU-ab0e8f8b-abe0-a03f-c8e9-65622211a5f4, 2032 MHz, 3996 MHz, 252.80 W, 40
2026/09/10 15:03:26.079, GPU-ab0e8f8b-abe0-a03f-c8e9-65622211a5f4, 2032 MHz, 3996 MHz, 261.66 W, 40
2026/09/10 15:03:26.280, GPU-ab0e8f8b-abe0-a03f-c8e9-65622211a5f4, 2032 MHz, 3996 MHz, 270.82 W, 41
2026/09/10 15:03:26.480, GPU-ab0e8f8b-abe0-a03f-c8e9-65622211a5f4, 2032 MHz, 3996 MHz, 279.64 W, 41
2026/09/10 15:03:26.680, GPU-ab0e8f8b-abe0-a03f-c8e9-65622211a5f4, 2032 MHz, 3996 MHz, 282.06 W, 40
2026/09/10 15:03:26.880, GPU-ab0e8f8b-abe0-a03f-c8e9-65622211a5f4, 2032 MHz, 3996 MHz, 278.81 W, 40
2026/09/10 15:03:27.080, GPU-ab0e8f8b-abe0-a03f-c8e9-65622211a5f4, 2032 MHz, 3996 MHz, 270.13 W, 40
2026/09/10 15:03:27.280, GPU-ab0e8f8b-abe0-a03f-c8e9-65622211a5f4, 2032 MHz, 3996 MHz, 260.17 W, 40
2026/09/10 15:03:27.480, GPU-ab0e8f8b-abe0-a03f-c8e9-65622211a5f4, 2032 MHz, 3996 MHz, 251.17 W, 40
2026/09/10 15:03:27.680, GPU-ab0e8f8b-abe0-a03f-c8e9-65622211a5f4, 2032 MHz, 3996 MHz, 249.36 W, 40
2026/09/10 15:03:27.880, GPU-ab0e8f8b-abe0-a03f-c8e9-65622211a5f4, 2032 MHz, 3996 MHz, 249.28 W, 40
2026/09/10 15:03:28.080, GPU-ab0e8f8b-abe0-a03f-c8e9-65622211a5f4, 2032 MHz, 3996 MHz, 249.43 W, 40
2026/09/10 15:03:28.280, GPU-ab0e8f8b-abe0-a03f-c8e9-65622211a5f4, 2032 MHz, 3996 MHz, 249.47 W, 40
2026/09/10 15:03:28.481, GPU-ab0e8f8b-abe0-a03f-c8e9-65622211a5f4, 2032 MHz, 3996 MHz, 249.46 W, 40
2026/09/10 15:03:28.681, GPU-ab0e8f8b-abe0-a03f-c8e9-65622211a5f4, 2032 MHz, 3996 MHz, 249.51 W, 40
2026/09/10 15:03:28.881, GPU-ab0e8f8b-abe0-a03f-c8e9-65622211a5f4, 2032 MHz, 3996 MHz, 257.32 W, 40
2026/09/10 15:03:29.081, GPU-ab0e8f8b-abe0-a03f-c8e9-65622211a5f4, 2032 MHz, 3996 MHz, 265.62 W, 40
2026/09/10 15:03:29.281, GPU-ab0e8f8b-abe0-a03f-c8e9-65622211a5f4, 2032 MHz, 3996 MHz, 274.27 W, 41
2026/09/10 15:03:29.481, GPU-ab0e8f8b-abe0-a03f-c8e9-65622211a5f4, 2032 MHz, 3996 MHz, 281.98 W, 40
2026/09/10 15:03:29.681, GPU-ab0e8f8b-abe0-a03f-c8e9-65622211a5f4, 2032 MHz, 3996 MHz, 281.54 W, 40
2026/09/10 15:03:29.881, GPU-ab0e8f8b-abe0-a03f-c8e9-65622211a5f4, 2032 MHz, 3996 MHz, 275.50 W, 40
2026/09/10 15:03:30.081, GPU-ab0e8f8b-abe0-a03f-c8e9-65622211a5f4, 2032 MHz, 3996 MHz, 266.49 W, 40
2026/09/10 15:03:30.281, GPU-ab0e8f8b-abe0-a03f-c8e9-65622211a5f4, 2032 MHz, 3996 MHz, 256.73 W, 40
2026/09/10 15:03:30.481, GPU-ab0e8f8b-abe0-a03f-c8e9-65622211a5f4, 2032 MHz, 3996 MHz, 249.54 W, 40
2026/09/10 15:03:30.681, GPU-ab0e8f8b-abe0-a03f-c8e9-65622211a5f4, 2032 MHz, 3996 MHz, 249.27 W, 40
2026/09/10 15:03:30.882, GPU-ab0e8f8b-abe0-a03f-c8e9-65622211a5f4, 2032 MHz, 3996 MHz, 249.19 W, 40
2026/09/10 15:03:31.082, GPU-ab0e8f8b-abe0-a03f-c8e9-65622211a5f4, 2032 MHz, 3996 MHz, 249.18 W, 40
2026/09/10 15:03:31.282, GPU-ab0e8f8b-abe0-a03f-c8e9-65622211a5f4, 2032 MHz, 3996 MHz, 249.18 W, 40
2026/09/10 15:03:31.482, GPU-ab0e8f8b-abe0-a03f-c8e9-65622211a5f4, 2032 MHz, 3996 MHz, 249.25 W, 40
2026/09/10 15:03:31.682, GPU-ab0e8f8b-abe0-a03f-c8e9-65622211a5f4, 2032 MHz, 3996 MHz, 249.29 W, 39
2026/09/10 15:03:31.882, GPU-ab0e8f8b-abe0-a03f-c8e9-65622211a5f4, 2032 MHz, 3996 MHz, 249.30 W, 39
2026/09/10 15:03:32.082, GPU-ab0e8f8b-abe0-a03f-c8e9-65622211a5f4, 2032 MHz, 3996 MHz, 251.82 W, 40
2026/09/10 15:03:32.282, GPU-ab0e8f8b-abe0-a03f-c8e9-65622211a5f4, 2032 MHz, 3996 MHz, 259.04 W, 40
2026/09/10 15:03:32.482, GPU-ab0e8f8b-abe0-a03f-c8e9-65622211a5f4, 2032 MHz, 3996 MHz, 268.39 W, 40
2026/09/10 15:03:32.682, GPU-ab0e8f8b-abe0-a03f-c8e9-65622211a5f4, 2032 MHz, 3996 MHz, 277.51 W, 41
2026/09/10 15:03:32.882, GPU-ab0e8f8b-abe0-a03f-c8e9-65622211a5f4, 2032 MHz, 3996 MHz, 281.80 W, 40
2026/09/10 15:03:33.082, GPU-ab0e8f8b-abe0-a03f-c8e9-65622211a5f4, 2032 MHz, 3996 MHz, 280.95 W, 40
2026/09/10 15:03:33.285, GPU-ab0e8f8b-abe0-a03f-c8e9-65622211a5f4, 2032 MHz, 3996 MHz, 272.16 W, 40
2026/09/10 15:03:33.486, GPU-ab0e8f8b-abe0-a03f-c8e9-65622211a5f4, 2032 MHz, 3996 MHz, 263.58 W, 40
2026/09/10 15:03:33.686, GPU-ab0e8f8b-abe0-a03f-c8e9-65622211a5f4, 2032 MHz, 3996 MHz, 253.78 W, 40
2026/09/10 15:03:33.886, GPU-ab0e8f8b-abe0-a03f-c8e9-65622211a5f4, 2032 MHz, 3996 MHz, 249.43 W, 40
2026/09/10 15:03:34.086, GPU-ab0e8f8b-abe0-a03f-c8e9-65622211a5f4, 2032 MHz, 3996 MHz, 249.20 W, 40
2026/09/10 15:03:34.286, GPU-ab0e8f8b-abe0-a03f-c8e9-65622211a5f4, 2032 MHz, 3996 MHz, 249.20 W, 40
2026/09/10 15:03:34.486, GPU-ab0e8f8b-abe0-a03f-c8e9-65622211a5f4, 2032 MHz, 3996 MHz, 249.20 W, 39
2026/09/10 15:03:34.686, GPU-ab0e8f8b-abe0-a03f-c8e9-65622211a5f4, 2032 MHz, 3996 MHz, 249.24 W, 39
2026/09/10 15:03:34.886, GPU-ab0e8f8b-abe0-a03f-c8e9-65622211a5f4, 2032 MHz, 3996 MHz, 249.32 W, 39
2026/09/10 15:03:35.086, GPU-ab0e8f8b-abe0-a03f-c8e9-65622211a5f4, 2032 MHz, 3996 MHz, 249.32 W, 39
2026/09/10 15:03:35.286, GPU-ab0e8f8b-abe0-a03f-c8e9-65622211a5f4, 2032 MHz, 3996 MHz, 249.35 W, 39
2026/09/10 15:03:35.486, GPU-ab0e8f8b-abe0-a03f-c8e9-65622211a5f4, 2032 MHz, 3996 MHz, 249.35 W, 39
2026/09/10 15:03:35.687, GPU-ab0e8f8b-abe0-a03f-c8e9-65622211a5f4, 2032 MHz, 3996 MHz, 249.30 W, 39
2026/09/10 15:03:35.887, GPU-ab0e8f8b-abe0-a03f-c8e9-65622211a5f4, 2032 MHz, 3996 MHz, 249.90 W, 40
2026/09/10 15:03:36.087, GPU-ab0e8f8b-abe0-a03f-c8e9-65622211a5f4, 2032 MHz, 3996 MHz, 257.75 W, 40
2026/09/10 15:03:36.287, GPU-ab0e8f8b-abe0-a03f-c8e9-65622211a5f4, 2032 MHz, 3996 MHz, 266.75 W, 40
2026/09/10 15:03:36.487, GPU-ab0e8f8b-abe0-a03f-c8e9-65622211a5f4, 2032 MHz, 3996 MHz, 275.56 W, 41
2026/09/10 15:03:36.687, GPU-ab0e8f8b-abe0-a03f-c8e9-65622211a5f4, 2032 MHz, 3996 MHz, 281.28 W, 40
2026/09/10 15:03:36.887, GPU-ab0e8f8b-abe0-a03f-c8e9-65622211a5f4, 2032 MHz, 3996 MHz, 280.30 W, 40
2026/09/10 15:03:37.087, GPU-ab0e8f8b-abe0-a03f-c8e9-65622211a5f4, 2032 MHz, 3996 MHz, 273.31 W, 40
2026/09/10 15:03:37.287, GPU-ab0e8f8b-abe0-a03f-c8e9-65622211a5f4, 2032 MHz, 3996 MHz, 263.67 W, 40
2026/09/10 15:03:37.487, GPU-ab0e8f8b-abe0-a03f-c8e9-65622211a5f4, 2032 MHz, 3996 MHz, 255.45 W, 40
2026/09/10 15:03:37.687, GPU-ab0e8f8b-abe0-a03f-c8e9-65622211a5f4, 2032 MHz, 3996 MHz, 249.41 W, 40
2026/09/10 15:03:37.887, GPU-ab0e8f8b-abe0-a03f-c8e9-65622211a5f4, 2032 MHz, 3996 MHz, 249.17 W, 40
2026/09/10 15:03:38.088, GPU-ab0e8f8b-abe0-a03f-c8e9-65622211a5f4, 2032 MHz, 3996 MHz, 249.17 W, 39
2026/09/10 15:03:38.288, GPU-ab0e8f8b-abe0-a03f-c8e9-65622211a5f4, 2032 MHz, 3996 MHz, 249.18 W, 39
2026/09/10 15:03:38.488, GPU-ab0e8f8b-abe0-a03f-c8e9-65622211a5f4, 2032 MHz, 3996 MHz, 249.17 W, 39
2026/09/10 15:03:38.688, GPU-ab0e8f8b-abe0-a03f-c8e9-65622211a5f4, 2032 MHz, 3996 MHz, 249.32 W, 39
2026/09/10 15:03:38.888, GPU-ab0e8f8b-abe0-a03f-c8e9-65622211a5f4, 2032 MHz, 3996 MHz, 249.32 W, 39
2026/09/10 15:03:39.088, GPU-ab0e8f8b-abe0-a03f-c8e9-65622211a5f4, 2032 MHz, 3996 MHz, 249.33 W, 39
2026/09/10 15:03:39.288, GPU-ab0e8f8b-abe0-a03f-c8e9-65622211a5f4, 2032 MHz, 3996 MHz, 250.88 W, 39
2026/09/10 15:03:39.488, GPU-ab0e8f8b-abe0-a03f-c8e9-65622211a5f4, 2032 MHz, 3996 MHz, 261.01 W, 40
2026/09/10 15:03:39.688, GPU-ab0e8f8b-abe0-a03f-c8e9-65622211a5f4, 2032 MHz, 3996 MHz, 269.74 W, 40
2026/09/10 15:03:39.888, GPU-ab0e8f8b-abe0-a03f-c8e9-65622211a5f4, 2032 MHz, 3996 MHz, 279.20 W, 41
2026/09/10 15:03:40.088, GPU-ab0e8f8b-abe0-a03f-c8e9-65622211a5f4, 2032 MHz, 3996 MHz, 280.93 W, 40
2026/09/10 15:03:40.288, GPU-ab0e8f8b-abe0-a03f-c8e9-65622211a5f4, 2032 MHz, 3996 MHz, 279.31 W, 40
2026/09/10 15:03:40.488, GPU-ab0e8f8b-abe0-a03f-c8e9-65622211a5f4, 2032 MHz, 3996 MHz, 270.66 W, 40
2026/09/10 15:03:40.688, GPU-ab0e8f8b-abe0-a03f-c8e9-65622211a5f4, 2032 MHz, 3996 MHz, 261.50 W, 40
2026/09/10 15:03:40.889, GPU-ab0e8f8b-abe0-a03f-c8e9-65622211a5f4, 2032 MHz, 3996 MHz, 252.60 W, 40
2026/09/10 15:03:41.089, GPU-ab0e8f8b-abe0-a03f-c8e9-65622211a5f4, 2032 MHz, 3996 MHz, 249.41 W, 40
2026/09/10 15:03:41.289, GPU-ab0e8f8b-abe0-a03f-c8e9-65622211a5f4, 2032 MHz, 3996 MHz, 249.17 W, 39
2026/09/10 15:03:41.489, GPU-ab0e8f8b-abe0-a03f-c8e9-65622211a5f4, 2032 MHz, 3996 MHz, 249.41 W, 39
2026/09/10 15:03:41.689, GPU-ab0e8f8b-abe0-a03f-c8e9-65622211a5f4, 2032 MHz, 3996 MHz, 249.42 W, 39
2026/09/10 15:03:41.889, GPU-ab0e8f8b-abe0-a03f-c8e9-65622211a5f4, 2032 MHz, 3996 MHz, 249.42 W, 39
2026/09/10 15:03:42.089, GPU-ab0e8f8b-abe0-a03f-c8e9-65622211a5f4, 2032 MHz, 3996 MHz, 250.32 W, 39
2026/09/10 15:03:42.289, GPU-ab0e8f8b-abe0-a03f-c8e9-65622211a5f4, 2032 MHz, 3996 MHz, 258.73 W, 40
2026/09/10 15:03:42.489, GPU-ab0e8f8b-abe0-a03f-c8e9-65622211a5f4, 2032 MHz, 3996 MHz, 267.88 W, 40
2026/09/10 15:03:42.689, GPU-ab0e8f8b-abe0-a03f-c8e9-65622211a5f4, 2032 MHz, 3996 MHz, 276.41 W, 40
2026/09/10 15:03:42.889, GPU-ab0e8f8b-abe0-a03f-c8e9-65622211a5f4, 2032 MHz, 3996 MHz, 282.04 W, 40
2026/09/10 15:03:43.089, GPU-ab0e8f8b-abe0-a03f-c8e9-65622211a5f4, 2032 MHz, 3996 MHz, 281.96 W, 40
2026/09/10 15:03:43.291, GPU-ab0e8f8b-abe0-a03f-c8e9-65622211a5f4, 2032 MHz, 3996 MHz, 273.84 W, 40
2026/09/10 15:03:43.491, GPU-ab0e8f8b-abe0-a03f-c8e9-65622211a5f4, 2032 MHz, 3996 MHz, 264.87 W, 40
2026/09/10 15:03:43.691, GPU-ab0e8f8b-abe0-a03f-c8e9-65622211a5f4, 2032 MHz, 3996 MHz, 255.14 W, 40
2026/09/10 15:03:43.891, GPU-ab0e8f8b-abe0-a03f-c8e9-65622211a5f4, 2032 MHz, 3996 MHz, 249.40 W, 40
2026/09/10 15:03:44.092, GPU-ab0e8f8b-abe0-a03f-c8e9-65622211a5f4, 2032 MHz, 3996 MHz, 249.19 W, 39
2026/09/10 15:03:44.292, GPU-ab0e8f8b-abe0-a03f-c8e9-65622211a5f4, 2032 MHz, 3996 MHz, 249.19 W, 39
2026/09/10 15:03:44.492, GPU-ab0e8f8b-abe0-a03f-c8e9-65622211a5f4, 2032 MHz, 3996 MHz, 249.19 W, 39
2026/09/10 15:03:44.692, GPU-ab0e8f8b-abe0-a03f-c8e9-65622211a5f4, 2032 MHz, 3996 MHz, 249.19 W, 39
2026/09/10 15:03:44.892, GPU-ab0e8f8b-abe0-a03f-c8e9-65622211a5f4, 2032 MHz, 3996 MHz, 249.19 W, 39
2026/09/10 15:03:45.092, GPU-ab0e8f8b-abe0-a03f-c8e9-65622211a5f4, 2032 MHz, 3996 MHz, 249.20 W, 39
2026/09/10 15:03:45.292, GPU-ab0e8f8b-abe0-a03f-c8e9-65622211a5f4, 2032 MHz, 3996 MHz, 249.28 W, 39
2026/09/10 15:03:45.492, GPU-ab0e8f8b-abe0-a03f-c8e9-65622211a5f4, 2032 MHz, 3996 MHz, 249.31 W, 39
2026/09/10 15:03:45.692, GPU-ab0e8f8b-abe0-a03f-c8e9-65622211a5f4, 2032 MHz, 3996 MHz, 249.27 W, 39
2026/09/10 15:03:45.892, GPU-ab0e8f8b-abe0-a03f-c8e9-65622211a5f4, 2032 MHz, 3996 MHz, 250.10 W, 39
2026/09/10 15:03:46.092, GPU-ab0e8f8b-abe0-a03f-c8e9-65622211a5f4, 2032 MHz, 3996 MHz, 258.88 W, 40
2026/09/10 15:03:46.292, GPU-ab0e8f8b-abe0-a03f-c8e9-65622211a5f4, 2032 MHz, 3996 MHz, 268.14 W, 40
2026/09/10 15:03:46.493, GPU-ab0e8f8b-abe0-a03f-c8e9-65622211a5f4, 2032 MHz, 3996 MHz, 276.52 W, 40
2026/09/10 15:03:46.693, GPU-ab0e8f8b-abe0-a03f-c8e9-65622211a5f4, 2032 MHz, 3996 MHz, 284.55 W, 41
2026/09/10 15:03:46.893, GPU-ab0e8f8b-abe0-a03f-c8e9-65622211a5f4, 2032 MHz, 3996 MHz, 284.55 W, 40
2026/09/10 15:03:47.093, GPU-ab0e8f8b-abe0-a03f-c8e9-65622211a5f4, 2032 MHz, 3996 MHz, 275.91 W, 40
2026/09/10 15:03:47.293, GPU-ab0e8f8b-abe0-a03f-c8e9-65622211a5f4, 2032 MHz, 3996 MHz, 267.17 W, 40
2026/09/10 15:03:47.493, GPU-ab0e8f8b-abe0-a03f-c8e9-65622211a5f4, 2032 MHz, 3996 MHz, 304.40 W, 41
2026/09/10 15:03:47.693, GPU-ab0e8f8b-abe0-a03f-c8e9-65622211a5f4, 2032 MHz, 3996 MHz, 296.69 W, 40
2026/09/10 15:03:47.893, GPU-ab0e8f8b-abe0-a03f-c8e9-65622211a5f4, 2032 MHz, 3996 MHz, 295.72 W, 40
2026/09/10 15:03:48.093, GPU-ab0e8f8b-abe0-a03f-c8e9-65622211a5f4, 2032 MHz, 3996 MHz, 295.68 W, 40
2026/09/10 15:03:48.293, GPU-ab0e8f8b-abe0-a03f-c8e9-65622211a5f4, 2032 MHz, 3996 MHz, 296.61 W, 40
2026/09/10 15:03:48.493, GPU-ab0e8f8b-abe0-a03f-c8e9-65622211a5f4, 2032 MHz, 3996 MHz, 249.84 W, 40
2026/09/10 15:03:48.694, GPU-ab0e8f8b-abe0-a03f-c8e9-65622211a5f4, 2032 MHz, 3996 MHz, 249.45 W, 40
2026/09/10 15:03:48.894, GPU-ab0e8f8b-abe0-a03f-c8e9-65622211a5f4, 2032 MHz, 3996 MHz, 249.41 W, 40
2026/09/10 15:03:49.094, GPU-ab0e8f8b-abe0-a03f-c8e9-65622211a5f4, 2032 MHz, 3996 MHz, 249.36 W, 40
2026/09/10 15:03:49.294, GPU-ab0e8f8b-abe0-a03f-c8e9-65622211a5f4, 2032 MHz, 3996 MHz, 249.40 W, 39
2026/09/10 15:03:49.494, GPU-ab0e8f8b-abe0-a03f-c8e9-65622211a5f4, 2032 MHz, 3996 MHz, 249.48 W, 39
2026/09/10 15:03:49.694, GPU-ab0e8f8b-abe0-a03f-c8e9-65622211a5f4, 2032 MHz, 3996 MHz, 249.48 W, 39
2026/09/10 15:03:49.894, GPU-ab0e8f8b-abe0-a03f-c8e9-65622211a5f4, 2032 MHz, 3996 MHz, 251.43 W, 40
2026/09/10 15:03:50.094, GPU-ab0e8f8b-abe0-a03f-c8e9-65622211a5f4, 2032 MHz, 3996 MHz, 255.84 W, 40
2026/09/10 15:03:50.294, GPU-ab0e8f8b-abe0-a03f-c8e9-65622211a5f4, 2032 MHz, 3996 MHz, 261.12 W, 40
2026/09/10 15:03:50.494, GPU-ab0e8f8b-abe0-a03f-c8e9-65622211a5f4, 2032 MHz, 3996 MHz, 264.80 W, 40
2026/09/10 15:03:50.694, GPU-ab0e8f8b-abe0-a03f-c8e9-65622211a5f4, 2032 MHz, 3996 MHz, 274.65 W, 40
2026/09/10 15:03:50.895, GPU-ab0e8f8b-abe0-a03f-c8e9-65622211a5f4, 2032 MHz, 3996 MHz, 281.04 W, 40
2026/09/10 15:03:51.095, GPU-ab0e8f8b-abe0-a03f-c8e9-65622211a5f4, 2032 MHz, 3996 MHz, 281.81 W, 40
2026/09/10 15:03:51.295, GPU-ab0e8f8b-abe0-a03f-c8e9-65622211a5f4, 2032 MHz, 3996 MHz, 287.26 W, 41
2026/09/10 15:03:51.495, GPU-ab0e8f8b-abe0-a03f-c8e9-65622211a5f4, 2032 MHz, 3996 MHz, 288.20 W, 40
2026/09/10 15:03:51.695, GPU-ab0e8f8b-abe0-a03f-c8e9-65622211a5f4, 2032 MHz, 3996 MHz, 279.33 W, 40
2026/09/10 15:03:51.895, GPU-ab0e8f8b-abe0-a03f-c8e9-65622211a5f4, 2032 MHz, 3996 MHz, 273.60 W, 40
2026/09/10 15:03:52.095, GPU-ab0e8f8b-abe0-a03f-c8e9-65622211a5f4, 2032 MHz, 3996 MHz, 267.43 W, 40
2026/09/10 15:03:52.295, GPU-ab0e8f8b-abe0-a03f-c8e9-65622211a5f4, 2032 MHz, 3996 MHz, 258.89 W, 40
2026/09/10 15:03:52.495, GPU-ab0e8f8b-abe0-a03f-c8e9-65622211a5f4, 2032 MHz, 3996 MHz, 253.53 W, 40
2026/09/10 15:03:52.696, GPU-ab0e8f8b-abe0-a03f-c8e9-65622211a5f4, 2032 MHz, 3996 MHz, 253.49 W, 40
2026/09/10 15:03:52.896, GPU-ab0e8f8b-abe0-a03f-c8e9-65622211a5f4, 2032 MHz, 3996 MHz, 253.45 W, 40
2026/09/10 15:03:53.096, GPU-ab0e8f8b-abe0-a03f-c8e9-65622211a5f4, 2032 MHz, 3996 MHz, 253.26 W, 40
2026/09/10 15:03:53.296, GPU-ab0e8f8b-abe0-a03f-c8e9-65622211a5f4, 2032 MHz, 3996 MHz, 253.26 W, 40
2026/09/10 15:03:53.496, GPU-ab0e8f8b-abe0-a03f-c8e9-65622211a5f4, 2032 MHz, 3996 MHz, 253.26 W, 40
2026/09/10 15:03:53.696, GPU-ab0e8f8b-abe0-a03f-c8e9-65622211a5f4, 2032 MHz, 3996 MHz, 253.26 W, 40
2026/09/10 15:03:53.896, GPU-ab0e8f8b-abe0-a03f-c8e9-65622211a5f4, 2032 MHz, 3996 MHz, 253.34 W, 40
2026/09/10 15:03:54.096, GPU-ab0e8f8b-abe0-a03f-c8e9-65622211a5f4, 2032 MHz, 3996 MHz, 253.34 W, 39
2026/09/10 15:03:54.297, GPU-ab0e8f8b-abe0-a03f-c8e9-65622211a5f4, 2032 MHz, 3996 MHz, 253.49 W, 39
2026/09/10 15:03:54.497, GPU-ab0e8f8b-abe0-a03f-c8e9-65622211a5f4, 2032 MHz, 3996 MHz, 260.40 W, 40
2026/09/10 15:03:54.697, GPU-ab0e8f8b-abe0-a03f-c8e9-65622211a5f4, 2032 MHz, 3996 MHz, 264.29 W, 40
2026/09/10 15:03:54.897, GPU-ab0e8f8b-abe0-a03f-c8e9-65622211a5f4, 2032 MHz, 3996 MHz, 262.43 W, 40
2026/09/10 15:03:55.097, GPU-ab0e8f8b-abe0-a03f-c8e9-65622211a5f4, 2032 MHz, 3996 MHz, 260.71 W, 39
2026/09/10 15:03:55.297, GPU-ab0e8f8b-abe0-a03f-c8e9-65622211a5f4, 2032 MHz, 3996 MHz, 258.73 W, 39
2026/09/10 15:03:55.497, GPU-ab0e8f8b-abe0-a03f-c8e9-65622211a5f4, 2032 MHz, 3996 MHz, 250.84 W, 39
2026/09/10 15:03:55.697, GPU-ab0e8f8b-abe0-a03f-c8e9-65622211a5f4, 2032 MHz, 3996 MHz, 244.62 W, 39
2026/09/10 15:03:55.918, GPU-ab0e8f8b-abe0-a03f-c8e9-65622211a5f4, 2032 MHz, 3996 MHz, 244.29 W, 39
2026/09/10 15:03:56.153, GPU-ab0e8f8b-abe0-a03f-c8e9-65622211a5f4, 2032 MHz, 3996 MHz, 244.16 W, 39
2026/09/10 15:03:56.353, GPU-ab0e8f8b-abe0-a03f-c8e9-65622211a5f4, 2032 MHz, 3996 MHz, 244.06 W, 39
2026/09/10 15:03:56.554, GPU-ab0e8f8b-abe0-a03f-c8e9-65622211a5f4, 2032 MHz, 3996 MHz, 243.80 W, 39
2026/09/10 15:03:56.754, GPU-ab0e8f8b-abe0-a03f-c8e9-65622211a5f4, 2032 MHz, 3996 MHz, 243.80 W, 39
2026/09/10 15:03:56.954, GPU-ab0e8f8b-abe0-a03f-c8e9-65622211a5f4, 2032 MHz, 3996 MHz, 243.83 W, 39
2026/09/10 15:03:57.154, GPU-ab0e8f8b-abe0-a03f-c8e9-65622211a5f4, 2032 MHz, 3996 MHz, 244.07 W, 39
2026/09/10 15:03:57.354, GPU-ab0e8f8b-abe0-a03f-c8e9-65622211a5f4, 2032 MHz, 3996 MHz, 244.29 W, 39
2026/09/10 15:03:57.554, GPU-ab0e8f8b-abe0-a03f-c8e9-65622211a5f4, 2032 MHz, 3996 MHz, 244.32 W, 39
2026/09/10 15:03:57.754, GPU-ab0e8f8b-abe0-a03f-c8e9-65622211a5f4, 2032 MHz, 3996 MHz, 244.28 W, 39
2026/09/10 15:03:57.954, GPU-ab0e8f8b-abe0-a03f-c8e9-65622211a5f4, 2032 MHz, 3996 MHz, 246.42 W, 39
2026/09/10 15:03:58.154, GPU-ab0e8f8b-abe0-a03f-c8e9-65622211a5f4, 2032 MHz, 3996 MHz, 256.87 W, 40
2026/09/10 15:03:58.354, GPU-ab0e8f8b-abe0-a03f-c8e9-65622211a5f4, 2032 MHz, 3996 MHz, 267.82 W, 40
2026/09/10 15:03:58.555, GPU-ab0e8f8b-abe0-a03f-c8e9-65622211a5f4, 2032 MHz, 3996 MHz, 278.39 W, 40
2026/09/10 15:03:58.755, GPU-ab0e8f8b-abe0-a03f-c8e9-65622211a5f4, 2032 MHz, 3996 MHz, 289.23 W, 41
2026/09/10 15:03:58.955, GPU-ab0e8f8b-abe0-a03f-c8e9-65622211a5f4, 2032 MHz, 3996 MHz, 291.14 W, 40
2026/09/10 15:03:59.155, GPU-ab0e8f8b-abe0-a03f-c8e9-65622211a5f4, 2032 MHz, 3996 MHz, 283.87 W, 40
2026/09/10 15:03:59.355, GPU-ab0e8f8b-abe0-a03f-c8e9-65622211a5f4, 2032 MHz, 3996 MHz, 274.84 W, 40
2026/09/10 15:03:59.556, GPU-ab0e8f8b-abe0-a03f-c8e9-65622211a5f4, 2032 MHz, 3996 MHz, 265.62 W, 40
2026/09/10 15:03:59.756, GPU-ab0e8f8b-abe0-a03f-c8e9-65622211a5f4, 2032 MHz, 3996 MHz, 255.79 W, 40
2026/09/10 15:03:59.956, GPU-ab0e8f8b-abe0-a03f-c8e9-65622211a5f4, 2032 MHz, 3996 MHz, 253.53 W, 40
2026/09/10 15:04:00.156, GPU-ab0e8f8b-abe0-a03f-c8e9-65622211a5f4, 2032 MHz, 3996 MHz, 253.31 W, 39
2026/09/10 15:04:00.356, GPU-ab0e8f8b-abe0-a03f-c8e9-65622211a5f4, 2032 MHz, 3996 MHz, 253.30 W, 39
2026/09/10 15:04:00.556, GPU-ab0e8f8b-abe0-a03f-c8e9-65622211a5f4, 2032 MHz, 3996 MHz, 253.30 W, 39
2026/09/10 15:04:00.756, GPU-ab0e8f8b-abe0-a03f-c8e9-65622211a5f4, 2032 MHz, 3996 MHz, 253.34 W, 39
2026/09/10 15:04:00.956, GPU-ab0e8f8b-abe0-a03f-c8e9-65622211a5f4, 2032 MHz, 3996 MHz, 253.50 W, 39
2026/09/10 15:04:01.156, GPU-ab0e8f8b-abe0-a03f-c8e9-65622211a5f4, 2032 MHz, 3996 MHz, 253.46 W, 39
2026/09/10 15:04:01.356, GPU-ab0e8f8b-abe0-a03f-c8e9-65622211a5f4, 2032 MHz, 3996 MHz, 253.49 W, 39
2026/09/10 15:04:01.557, GPU-ab0e8f8b-abe0-a03f-c8e9-65622211a5f4, 2032 MHz, 3996 MHz, 258.80 W, 40
2026/09/10 15:04:01.757, GPU-ab0e8f8b-abe0-a03f-c8e9-65622211a5f4, 2032 MHz, 3996 MHz, 267.47 W, 40
2026/09/10 15:04:01.957, GPU-ab0e8f8b-abe0-a03f-c8e9-65622211a5f4, 2032 MHz, 3996 MHz, 275.63 W, 40
2026/09/10 15:04:02.157, GPU-ab0e8f8b-abe0-a03f-c8e9-65622211a5f4, 2032 MHz, 3996 MHz, 284.12 W, 40
2026/09/10 15:04:02.357, GPU-ab0e8f8b-abe0-a03f-c8e9-65622211a5f4, 2032 MHz, 3996 MHz, 292.69 W, 40
2026/09/10 15:04:02.557, GPU-ab0e8f8b-abe0-a03f-c8e9-65622211a5f4, 2032 MHz, 3996 MHz, 287.38 W, 40
2026/09/10 15:04:02.757, GPU-ab0e8f8b-abe0-a03f-c8e9-65622211a5f4, 2032 MHz, 3996 MHz, 278.01 W, 40
2026/09/10 15:04:02.957, GPU-ab0e8f8b-abe0-a03f-c8e9-65622211a5f4, 2032 MHz, 3996 MHz, 268.84 W, 40
2026/09/10 15:04:03.160, GPU-ab0e8f8b-abe0-a03f-c8e9-65622211a5f4, 2032 MHz, 3996 MHz, 259.82 W, 39
2026/09/10 15:04:03.360, GPU-ab0e8f8b-abe0-a03f-c8e9-65622211a5f4, 2032 MHz, 3996 MHz, 251.69 W, 39
2026/09/10 15:04:03.560, GPU-ab0e8f8b-abe0-a03f-c8e9-65622211a5f4, 2032 MHz, 3996 MHz, 251.04 W, 39
2026/09/10 15:04:03.760, GPU-ab0e8f8b-abe0-a03f-c8e9-65622211a5f4, 2032 MHz, 3996 MHz, 250.78 W, 39
2026/09/10 15:04:03.961, GPU-ab0e8f8b-abe0-a03f-c8e9-65622211a5f4, 2032 MHz, 3996 MHz, 250.51 W, 39
2026/09/10 15:04:04.161, GPU-ab0e8f8b-abe0-a03f-c8e9-65622211a5f4, 2032 MHz, 3996 MHz, 250.28 W, 39
2026/09/10 15:04:04.361, GPU-ab0e8f8b-abe0-a03f-c8e9-65622211a5f4, 2032 MHz, 3996 MHz, 250.30 W, 39
2026/09/10 15:04:04.561, GPU-ab0e8f8b-abe0-a03f-c8e9-65622211a5f4, 2032 MHz, 3996 MHz, 250.43 W, 39
2026/09/10 15:04:04.761, GPU-ab0e8f8b-abe0-a03f-c8e9-65622211a5f4, 2032 MHz, 3996 MHz, 250.30 W, 39
2026/09/10 15:04:04.961, GPU-ab0e8f8b-abe0-a03f-c8e9-65622211a5f4, 2032 MHz, 3996 MHz, 250.32 W, 39
2026/09/10 15:04:05.161, GPU-ab0e8f8b-abe0-a03f-c8e9-65622211a5f4, 2032 MHz, 3996 MHz, 256.94 W, 40
2026/09/10 15:04:05.361, GPU-ab0e8f8b-abe0-a03f-c8e9-65622211a5f4, 2032 MHz, 3996 MHz, 265.49 W, 40
2026/09/10 15:04:05.561, GPU-ab0e8f8b-abe0-a03f-c8e9-65622211a5f4, 2032 MHz, 3996 MHz, 274.39 W, 40
2026/09/10 15:04:05.762, GPU-ab0e8f8b-abe0-a03f-c8e9-65622211a5f4, 2032 MHz, 3996 MHz, 283.97 W, 40
2026/09/10 15:04:05.962, GPU-ab0e8f8b-abe0-a03f-c8e9-65622211a5f4, 2032 MHz, 3996 MHz, 285.12 W, 40
2026/09/10 15:04:06.162, GPU-ab0e8f8b-abe0-a03f-c8e9-65622211a5f4, 2032 MHz, 3996 MHz, 279.12 W, 40
2026/09/10 15:04:06.362, GPU-ab0e8f8b-abe0-a03f-c8e9-65622211a5f4, 2032 MHz, 3996 MHz, 270.52 W, 40
2026/09/10 15:04:06.562, GPU-ab0e8f8b-abe0-a03f-c8e9-65622211a5f4, 2032 MHz, 3996 MHz, 261.31 W, 39
2026/09/10 15:04:06.762, GPU-ab0e8f8b-abe0-a03f-c8e9-65622211a5f4, 2032 MHz, 3996 MHz, 252.41 W, 39
2026/09/10 15:04:06.962, GPU-ab0e8f8b-abe0-a03f-c8e9-65622211a5f4, 2032 MHz, 3996 MHz, 249.56 W, 39
2026/09/10 15:04:07.162, GPU-ab0e8f8b-abe0-a03f-c8e9-65622211a5f4, 2032 MHz, 3996 MHz, 249.36 W, 39
2026/09/10 15:04:07.363, GPU-ab0e8f8b-abe0-a03f-c8e9-65622211a5f4, 2032 MHz, 3996 MHz, 249.36 W, 39
2026/09/10 15:04:07.563, GPU-ab0e8f8b-abe0-a03f-c8e9-65622211a5f4, 2032 MHz, 3996 MHz, 249.36 W, 39
2026/09/10 15:04:07.763, GPU-ab0e8f8b-abe0-a03f-c8e9-65622211a5f4, 2032 MHz, 3996 MHz, 249.44 W, 39
2026/09/10 15:04:07.963, GPU-ab0e8f8b-abe0-a03f-c8e9-65622211a5f4, 2032 MHz, 3996 MHz, 249.63 W, 39
2026/09/10 15:04:08.163, GPU-ab0e8f8b-abe0-a03f-c8e9-65622211a5f4, 2032 MHz, 3996 MHz, 249.63 W, 39
2026/09/10 15:04:08.363, GPU-ab0e8f8b-abe0-a03f-c8e9-65622211a5f4, 2032 MHz, 3996 MHz, 249.71 W, 39
2026/09/10 15:04:08.563, GPU-ab0e8f8b-abe0-a03f-c8e9-65622211a5f4, 2032 MHz, 3996 MHz, 255.12 W, 39
2026/09/10 15:04:08.763, GPU-ab0e8f8b-abe0-a03f-c8e9-65622211a5f4, 2032 MHz, 3996 MHz, 263.92 W, 40
2026/09/10 15:04:08.963, GPU-ab0e8f8b-abe0-a03f-c8e9-65622211a5f4, 2032 MHz, 3996 MHz, 273.22 W, 40
2026/09/10 15:04:09.163, GPU-ab0e8f8b-abe0-a03f-c8e9-65622211a5f4, 2032 MHz, 3996 MHz, 281.66 W, 40
2026/09/10 15:04:09.364, GPU-ab0e8f8b-abe0-a03f-c8e9-65622211a5f4, 2032 MHz, 3996 MHz, 284.75 W, 40
2026/09/10 15:04:09.564, GPU-ab0e8f8b-abe0-a03f-c8e9-65622211a5f4, 2032 MHz, 3996 MHz, 280.71 W, 40
2026/09/10 15:04:09.764, GPU-ab0e8f8b-abe0-a03f-c8e9-65622211a5f4, 2032 MHz, 3996 MHz, 271.96 W, 40
2026/09/10 15:04:09.964, GPU-ab0e8f8b-abe0-a03f-c8e9-65622211a5f4, 2032 MHz, 3996 MHz, 262.64 W, 39
2026/09/10 15:04:10.164, GPU-ab0e8f8b-abe0-a03f-c8e9-65622211a5f4, 2032 MHz, 3996 MHz, 252.90 W, 39
2026/09/10 15:04:10.364, GPU-ab0e8f8b-abe0-a03f-c8e9-65622211a5f4, 2032 MHz, 3996 MHz, 249.67 W, 39
2026/09/10 15:04:10.565, GPU-ab0e8f8b-abe0-a03f-c8e9-65622211a5f4, 2032 MHz, 3996 MHz, 249.36 W, 39
2026/09/10 15:04:10.765, GPU-ab0e8f8b-abe0-a03f-c8e9-65622211a5f4, 2032 MHz, 3996 MHz, 249.36 W, 39
2026/09/10 15:04:10.965, GPU-ab0e8f8b-abe0-a03f-c8e9-65622211a5f4, 2032 MHz, 3996 MHz, 249.36 W, 39
2026/09/10 15:04:11.165, GPU-ab0e8f8b-abe0-a03f-c8e9-65622211a5f4, 2032 MHz, 3996 MHz, 249.44 W, 39
2026/09/10 15:04:11.365, GPU-ab0e8f8b-abe0-a03f-c8e9-65622211a5f4, 2032 MHz, 3996 MHz, 249.67 W, 39
2026/09/10 15:04:11.565, GPU-ab0e8f8b-abe0-a03f-c8e9-65622211a5f4, 2032 MHz, 3996 MHz, 249.67 W, 39
2026/09/10 15:04:11.765, GPU-ab0e8f8b-abe0-a03f-c8e9-65622211a5f4, 2032 MHz, 3996 MHz, 249.71 W, 39
2026/09/10 15:04:11.965, GPU-ab0e8f8b-abe0-a03f-c8e9-65622211a5f4, 2032 MHz, 3996 MHz, 250.35 W, 39
2026/09/10 15:04:12.166, GPU-ab0e8f8b-abe0-a03f-c8e9-65622211a5f4, 2032 MHz, 3996 MHz, 262.91 W, 40
2026/09/10 15:04:12.366, GPU-ab0e8f8b-abe0-a03f-c8e9-65622211a5f4, 2032 MHz, 3996 MHz, 271.79 W, 40
2026/09/10 15:04:12.566, GPU-ab0e8f8b-abe0-a03f-c8e9-65622211a5f4, 2032 MHz, 3996 MHz, 276.25 W, 40
2026/09/10 15:04:12.766, GPU-ab0e8f8b-abe0-a03f-c8e9-65622211a5f4, 2032 MHz, 3996 MHz, 281.14 W, 40
2026/09/10 15:04:12.966, GPU-ab0e8f8b-abe0-a03f-c8e9-65622211a5f4, 2032 MHz, 3996 MHz, 277.11 W, 40
2026/09/10 15:04:13.167, GPU-ab0e8f8b-abe0-a03f-c8e9-65622211a5f4, 2032 MHz, 3996 MHz, 268.50 W, 39
2026/09/10 15:04:13.368, GPU-ab0e8f8b-abe0-a03f-c8e9-65622211a5f4, 2032 MHz, 3996 MHz, 259.52 W, 39
2026/09/10 15:04:13.568, GPU-ab0e8f8b-abe0-a03f-c8e9-65622211a5f4, 2032 MHz, 3996 MHz, 249.83 W, 39
2026/09/10 15:04:13.768, GPU-ab0e8f8b-abe0-a03f-c8e9-65622211a5f4, 2032 MHz, 3996 MHz, 249.48 W, 39
2026/09/10 15:04:13.968, GPU-ab0e8f8b-abe0-a03f-c8e9-65622211a5f4, 2032 MHz, 3996 MHz, 249.36 W, 39
2026/09/10 15:04:14.168, GPU-ab0e8f8b-abe0-a03f-c8e9-65622211a5f4, 2032 MHz, 3996 MHz, 249.36 W, 39
2026/09/10 15:04:14.368, GPU-ab0e8f8b-abe0-a03f-c8e9-65622211a5f4, 2032 MHz, 3996 MHz, 249.36 W, 39
2026/09/10 15:04:14.568, GPU-ab0e8f8b-abe0-a03f-c8e9-65622211a5f4, 2032 MHz, 3996 MHz, 249.36 W, 39
2026/09/10 15:04:14.768, GPU-ab0e8f8b-abe0-a03f-c8e9-65622211a5f4, 2032 MHz, 3996 MHz, 249.40 W, 39
2026/09/10 15:04:14.968, GPU-ab0e8f8b-abe0-a03f-c8e9-65622211a5f4, 2032 MHz, 3996 MHz, 249.40 W, 39
2026/09/10 15:04:15.168, GPU-ab0e8f8b-abe0-a03f-c8e9-65622211a5f4, 2032 MHz, 3996 MHz, 249.44 W, 39
2026/09/10 15:04:15.369, GPU-ab0e8f8b-abe0-a03f-c8e9-65622211a5f4, 2032 MHz, 3996 MHz, 251.77 W, 39
2026/09/10 15:04:15.569, GPU-ab0e8f8b-abe0-a03f-c8e9-65622211a5f4, 2032 MHz, 3996 MHz, 260.87 W, 40
2026/09/10 15:04:15.769, GPU-ab0e8f8b-abe0-a03f-c8e9-65622211a5f4, 2032 MHz, 3996 MHz, 269.51 W, 40
2026/09/10 15:04:15.969, GPU-ab0e8f8b-abe0-a03f-c8e9-65622211a5f4, 2032 MHz, 3996 MHz, 278.80 W, 40
2026/09/10 15:04:16.169, GPU-ab0e8f8b-abe0-a03f-c8e9-65622211a5f4, 2032 MHz, 3996 MHz, 281.11 W, 40
2026/09/10 15:04:16.369, GPU-ab0e8f8b-abe0-a03f-c8e9-65622211a5f4, 2032 MHz, 3996 MHz, 279.71 W, 40
2026/09/10 15:04:16.570, GPU-ab0e8f8b-abe0-a03f-c8e9-65622211a5f4, 2032 MHz, 3996 MHz, 270.92 W, 39
2026/09/10 15:04:16.770, GPU-ab0e8f8b-abe0-a03f-c8e9-65622211a5f4, 2032 MHz, 3996 MHz, 261.31 W, 39
2026/09/10 15:04:16.970, GPU-ab0e8f8b-abe0-a03f-c8e9-65622211a5f4, 2032 MHz, 3996 MHz, 253.21 W, 39
2026/09/10 15:04:17.170, GPU-ab0e8f8b-abe0-a03f-c8e9-65622211a5f4, 2032 MHz, 3996 MHz, 249.44 W, 39
2026/09/10 15:04:17.370, GPU-ab0e8f8b-abe0-a03f-c8e9-65622211a5f4, 2032 MHz, 3996 MHz, 249.36 W, 39
2026/09/10 15:04:17.570, GPU-ab0e8f8b-abe0-a03f-c8e9-65622211a5f4, 2032 MHz, 3996 MHz, 249.36 W, 39
2026/09/10 15:04:17.770, GPU-ab0e8f8b-abe0-a03f-c8e9-65622211a5f4, 2032 MHz, 3996 MHz, 249.36 W, 39
2026/09/10 15:04:17.970, GPU-ab0e8f8b-abe0-a03f-c8e9-65622211a5f4, 2032 MHz, 3996 MHz, 249.40 W, 39
2026/09/10 15:04:18.171, GPU-ab0e8f8b-abe0-a03f-c8e9-65622211a5f4, 2032 MHz, 3996 MHz, 249.44 W, 39
2026/09/10 15:04:18.371, GPU-ab0e8f8b-abe0-a03f-c8e9-65622211a5f4, 2032 MHz, 3996 MHz, 249.32 W, 39
2026/09/10 15:04:18.571, GPU-ab0e8f8b-abe0-a03f-c8e9-65622211a5f4, 2032 MHz, 3996 MHz, 249.29 W, 39
2026/09/10 15:04:18.771, GPU-ab0e8f8b-abe0-a03f-c8e9-65622211a5f4, 2032 MHz, 3996 MHz, 251.62 W, 39
2026/09/10 15:04:18.971, GPU-ab0e8f8b-abe0-a03f-c8e9-65622211a5f4, 2032 MHz, 3996 MHz, 260.76 W, 40
2026/09/10 15:04:19.171, GPU-ab0e8f8b-abe0-a03f-c8e9-65622211a5f4, 2032 MHz, 3996 MHz, 269.41 W, 40
2026/09/10 15:04:19.371, GPU-ab0e8f8b-abe0-a03f-c8e9-65622211a5f4, 2032 MHz, 3996 MHz, 278.20 W, 40
2026/09/10 15:04:19.571, GPU-ab0e8f8b-abe0-a03f-c8e9-65622211a5f4, 2032 MHz, 3996 MHz, 280.35 W, 40
2026/09/10 15:04:19.771, GPU-ab0e8f8b-abe0-a03f-c8e9-65622211a5f4, 2032 MHz, 3996 MHz, 278.72 W, 40
2026/09/10 15:04:19.971, GPU-ab0e8f8b-abe0-a03f-c8e9-65622211a5f4, 2032 MHz, 3996 MHz, 270.16 W, 39
2026/09/10 15:04:20.172, GPU-ab0e8f8b-abe0-a03f-c8e9-65622211a5f4, 2032 MHz, 3996 MHz, 260.45 W, 39
2026/09/10 15:04:20.372, GPU-ab0e8f8b-abe0-a03f-c8e9-65622211a5f4, 2032 MHz, 3996 MHz, 251.57 W, 39
2026/09/10 15:04:20.572, GPU-ab0e8f8b-abe0-a03f-c8e9-65622211a5f4, 2032 MHz, 3996 MHz, 249.44 W, 39
2026/09/10 15:04:20.772, GPU-ab0e8f8b-abe0-a03f-c8e9-65622211a5f4, 2032 MHz, 3996 MHz, 249.36 W, 39
2026/09/10 15:04:20.972, GPU-ab0e8f8b-abe0-a03f-c8e9-65622211a5f4, 2032 MHz, 3996 MHz, 249.36 W, 39
2026/09/10 15:04:21.172, GPU-ab0e8f8b-abe0-a03f-c8e9-65622211a5f4, 2032 MHz, 3996 MHz, 249.36 W, 39
2026/09/10 15:04:21.372, GPU-ab0e8f8b-abe0-a03f-c8e9-65622211a5f4, 2032 MHz, 3996 MHz, 249.36 W, 39
2026/09/10 15:04:21.572, GPU-ab0e8f8b-abe0-a03f-c8e9-65622211a5f4, 2032 MHz, 3996 MHz, 249.71 W, 39
2026/09/10 15:04:21.772, GPU-ab0e8f8b-abe0-a03f-c8e9-65622211a5f4, 2032 MHz, 3996 MHz, 257.13 W, 40
2026/09/10 15:04:21.972, GPU-ab0e8f8b-abe0-a03f-c8e9-65622211a5f4, 2032 MHz, 3996 MHz, 266.48 W, 40
2026/09/10 15:04:22.172, GPU-ab0e8f8b-abe0-a03f-c8e9-65622211a5f4, 2032 MHz, 3996 MHz, 274.89 W, 40
2026/09/10 15:04:22.373, GPU-ab0e8f8b-abe0-a03f-c8e9-65622211a5f4, 2032 MHz, 3996 MHz, 281.22 W, 40
2026/09/10 15:04:22.573, GPU-ab0e8f8b-abe0-a03f-c8e9-65622211a5f4, 2032 MHz, 3996 MHz, 280.91 W, 40
2026/09/10 15:04:22.773, GPU-ab0e8f8b-abe0-a03f-c8e9-65622211a5f4, 2032 MHz, 3996 MHz, 272.46 W, 39
2026/09/10 15:04:22.973, GPU-ab0e8f8b-abe0-a03f-c8e9-65622211a5f4, 2032 MHz, 3996 MHz, 263.89 W, 39
2026/09/10 15:04:23.173, GPU-ab0e8f8b-abe0-a03f-c8e9-65622211a5f4, 2032 MHz, 3996 MHz, 254.37 W, 39
2026/09/10 15:04:23.373, GPU-ab0e8f8b-abe0-a03f-c8e9-65622211a5f4, 2032 MHz, 3996 MHz, 249.44 W, 39
2026/09/10 15:04:23.573, GPU-ab0e8f8b-abe0-a03f-c8e9-65622211a5f4, 2032 MHz, 3996 MHz, 249.36 W, 39
2026/09/10 15:04:23.773, GPU-ab0e8f8b-abe0-a03f-c8e9-65622211a5f4, 2032 MHz, 3996 MHz, 249.36 W, 39
2026/09/10 15:04:23.973, GPU-ab0e8f8b-abe0-a03f-c8e9-65622211a5f4, 2032 MHz, 3996 MHz, 249.36 W, 39
2026/09/10 15:04:24.173, GPU-ab0e8f8b-abe0-a03f-c8e9-65622211a5f4, 2032 MHz, 3996 MHz, 249.36 W, 39
2026/09/10 15:04:24.373, GPU-ab0e8f8b-abe0-a03f-c8e9-65622211a5f4, 2032 MHz, 3996 MHz, 249.36 W, 39
2026/09/10 15:04:24.574, GPU-ab0e8f8b-abe0-a03f-c8e9-65622211a5f4, 2032 MHz, 3996 MHz, 249.36 W, 39
2026/09/10 15:04:24.774, GPU-ab0e8f8b-abe0-a03f-c8e9-65622211a5f4, 2032 MHz, 3996 MHz, 249.36 W, 39
2026/09/10 15:04:24.974, GPU-ab0e8f8b-abe0-a03f-c8e9-65622211a5f4, 2032 MHz, 3996 MHz, 251.89 W, 39
2026/09/10 15:04:25.174, GPU-ab0e8f8b-abe0-a03f-c8e9-65622211a5f4, 2032 MHz, 3996 MHz, 260.74 W, 40
2026/09/10 15:04:25.374, GPU-ab0e8f8b-abe0-a03f-c8e9-65622211a5f4, 2032 MHz, 3996 MHz, 269.76 W, 40
2026/09/10 15:04:25.574, GPU-ab0e8f8b-abe0-a03f-c8e9-65622211a5f4, 2032 MHz, 3996 MHz, 279.11 W, 40
2026/09/10 15:04:25.774, GPU-ab0e8f8b-abe0-a03f-c8e9-65622211a5f4, 2032 MHz, 3996 MHz, 282.19 W, 40
2026/09/10 15:04:25.974, GPU-ab0e8f8b-abe0-a03f-c8e9-65622211a5f4, 2032 MHz, 3996 MHz, 280.02 W, 40
2026/09/10 15:04:26.175, GPU-ab0e8f8b-abe0-a03f-c8e9-65622211a5f4, 2032 MHz, 3996 MHz, 270.67 W, 39
2026/09/10 15:04:26.375, GPU-ab0e8f8b-abe0-a03f-c8e9-65622211a5f4, 2032 MHz, 3996 MHz, 262.10 W, 39
2026/09/10 15:04:26.575, GPU-ab0e8f8b-abe0-a03f-c8e9-65622211a5f4, 2032 MHz, 3996 MHz, 253.35 W, 39
2026/09/10 15:04:26.775, GPU-ab0e8f8b-abe0-a03f-c8e9-65622211a5f4, 2032 MHz, 3996 MHz, 249.44 W, 39
2026/09/10 15:04:26.975, GPU-ab0e8f8b-abe0-a03f-c8e9-65622211a5f4, 2032 MHz, 3996 MHz, 249.36 W, 39
2026/09/10 15:04:27.175, GPU-ab0e8f8b-abe0-a03f-c8e9-65622211a5f4, 2032 MHz, 3996 MHz, 249.36 W, 39
2026/09/10 15:04:27.375, GPU-ab0e8f8b-abe0-a03f-c8e9-65622211a5f4, 2032 MHz, 3996 MHz, 249.36 W, 39
2026/09/10 15:04:27.575, GPU-ab0e8f8b-abe0-a03f-c8e9-65622211a5f4, 2032 MHz, 3996 MHz, 249.36 W, 39
2026/09/10 15:04:27.775, GPU-ab0e8f8b-abe0-a03f-c8e9-65622211a5f4, 2032 MHz, 3996 MHz, 249.36 W, 39
2026/09/10 15:04:27.975, GPU-ab0e8f8b-abe0-a03f-c8e9-65622211a5f4, 2032 MHz, 3996 MHz, 249.40 W, 39
2026/09/10 15:04:28.176, GPU-ab0e8f8b-abe0-a03f-c8e9-65622211a5f4, 2032 MHz, 3996 MHz, 249.29 W, 39
2026/09/10 15:04:28.376, GPU-ab0e8f8b-abe0-a03f-c8e9-65622211a5f4, 2032 MHz, 3996 MHz, 249.17 W, 39
2026/09/10 15:04:28.576, GPU-ab0e8f8b-abe0-a03f-c8e9-65622211a5f4, 2032 MHz, 3996 MHz, 248.91 W, 39
2026/09/10 15:04:28.776, GPU-ab0e8f8b-abe0-a03f-c8e9-65622211a5f4, 2032 MHz, 3996 MHz, 248.68 W, 39
2026/09/10 15:04:28.976, GPU-ab0e8f8b-abe0-a03f-c8e9-65622211a5f4, 2032 MHz, 3996 MHz, 248.66 W, 39
2026/09/10 15:04:29.176, GPU-ab0e8f8b-abe0-a03f-c8e9-65622211a5f4, 2032 MHz, 3996 MHz, 255.73 W, 40
2026/09/10 15:04:29.376, GPU-ab0e8f8b-abe0-a03f-c8e9-65622211a5f4, 2032 MHz, 3996 MHz, 264.61 W, 40
2026/09/10 15:04:29.576, GPU-ab0e8f8b-abe0-a03f-c8e9-65622211a5f4, 2032 MHz, 3996 MHz, 274.23 W, 40
2026/09/10 15:04:29.776, GPU-ab0e8f8b-abe0-a03f-c8e9-65622211a5f4, 2032 MHz, 3996 MHz, 280.82 W, 40
2026/09/10 15:04:29.977, GPU-ab0e8f8b-abe0-a03f-c8e9-65622211a5f4, 2032 MHz, 3996 MHz, 280.89 W, 40
2026/09/10 15:04:30.177, GPU-ab0e8f8b-abe0-a03f-c8e9-65622211a5f4, 2032 MHz, 3996 MHz, 274.91 W, 39
2026/09/10 15:04:30.377, GPU-ab0e8f8b-abe0-a03f-c8e9-65622211a5f4, 2032 MHz, 3996 MHz, 265.44 W, 39
2026/09/10 15:04:30.577, GPU-ab0e8f8b-abe0-a03f-c8e9-65622211a5f4, 2032 MHz, 3996 MHz, 256.46 W, 39
2026/09/10 15:04:30.777, GPU-ab0e8f8b-abe0-a03f-c8e9-65622211a5f4, 2032 MHz, 3996 MHz, 249.48 W, 39
2026/09/10 15:04:30.977, GPU-ab0e8f8b-abe0-a03f-c8e9-65622211a5f4, 2032 MHz, 3996 MHz, 249.36 W, 39
2026/09/10 15:04:31.177, GPU-ab0e8f8b-abe0-a03f-c8e9-65622211a5f4, 2032 MHz, 3996 MHz, 249.36 W, 39
2026/09/10 15:04:31.378, GPU-ab0e8f8b-abe0-a03f-c8e9-65622211a5f4, 2032 MHz, 3996 MHz, 249.36 W, 39
2026/09/10 15:04:31.578, GPU-ab0e8f8b-abe0-a03f-c8e9-65622211a5f4, 2032 MHz, 3996 MHz, 249.17 W, 39
2026/09/10 15:04:31.778, GPU-ab0e8f8b-abe0-a03f-c8e9-65622211a5f4, 2032 MHz, 3996 MHz, 249.21 W, 39
2026/09/10 15:04:31.978, GPU-ab0e8f8b-abe0-a03f-c8e9-65622211a5f4, 2032 MHz, 3996 MHz, 253.24 W, 40
2026/09/10 15:04:32.178, GPU-ab0e8f8b-abe0-a03f-c8e9-65622211a5f4, 2032 MHz, 3996 MHz, 262.07 W, 40
2026/09/10 15:04:32.378, GPU-ab0e8f8b-abe0-a03f-c8e9-65622211a5f4, 2032 MHz, 3996 MHz, 271.01 W, 40
2026/09/10 15:04:32.578, GPU-ab0e8f8b-abe0-a03f-c8e9-65622211a5f4, 2032 MHz, 3996 MHz, 280.56 W, 40
2026/09/10 15:04:32.778, GPU-ab0e8f8b-abe0-a03f-c8e9-65622211a5f4, 2032 MHz, 3996 MHz, 281.11 W, 40
2026/09/10 15:04:32.978, GPU-ab0e8f8b-abe0-a03f-c8e9-65622211a5f4, 2032 MHz, 3996 MHz, 277.03 W, 39
2026/09/10 15:04:33.178, GPU-ab0e8f8b-abe0-a03f-c8e9-65622211a5f4, 2032 MHz, 3996 MHz, 268.03 W, 39
2026/09/10 15:04:33.378, GPU-ab0e8f8b-abe0-a03f-c8e9-65622211a5f4, 2032 MHz, 3996 MHz, 259.60 W, 39
2026/09/10 15:04:33.579, GPU-ab0e8f8b-abe0-a03f-c8e9-65622211a5f4, 2032 MHz, 3996 MHz, 250.86 W, 39
2026/09/10 15:04:33.779, GPU-ab0e8f8b-abe0-a03f-c8e9-65622211a5f4, 2032 MHz, 3996 MHz, 249.40 W, 39
2026/09/10 15:04:33.979, GPU-ab0e8f8b-abe0-a03f-c8e9-65622211a5f4, 2032 MHz, 3996 MHz, 249.36 W, 39
2026/09/10 15:04:34.179, GPU-ab0e8f8b-abe0-a03f-c8e9-65622211a5f4, 2032 MHz, 3996 MHz, 249.36 W, 39
2026/09/10 15:04:34.379, GPU-ab0e8f8b-abe0-a03f-c8e9-65622211a5f4, 2032 MHz, 3996 MHz, 249.32 W, 39
2026/09/10 15:04:34.579, GPU-ab0e8f8b-abe0-a03f-c8e9-65622211a5f4, 2032 MHz, 3996 MHz, 249.32 W, 39
2026/09/10 15:04:34.779, GPU-ab0e8f8b-abe0-a03f-c8e9-65622211a5f4, 2032 MHz, 3996 MHz, 251.84 W, 40
2026/09/10 15:04:34.979, GPU-ab0e8f8b-abe0-a03f-c8e9-65622211a5f4, 2032 MHz, 3996 MHz, 260.92 W, 40
2026/09/10 15:04:35.179, GPU-ab0e8f8b-abe0-a03f-c8e9-65622211a5f4, 2032 MHz, 3996 MHz, 270.93 W, 40
2026/09/10 15:04:35.379, GPU-ab0e8f8b-abe0-a03f-c8e9-65622211a5f4, 2032 MHz, 3996 MHz, 279.33 W, 40
2026/09/10 15:04:35.579, GPU-ab0e8f8b-abe0-a03f-c8e9-65622211a5f4, 2032 MHz, 3996 MHz, 280.86 W, 40
2026/09/10 15:04:35.780, GPU-ab0e8f8b-abe0-a03f-c8e9-65622211a5f4, 2032 MHz, 3996 MHz, 277.85 W, 39
2026/09/10 15:04:35.980, GPU-ab0e8f8b-abe0-a03f-c8e9-65622211a5f4, 2032 MHz, 3996 MHz, 268.94 W, 39
2026/09/10 15:04:36.181, GPU-ab0e8f8b-abe0-a03f-c8e9-65622211a5f4, 2032 MHz, 3996 MHz, 259.97 W, 39
2026/09/10 15:04:36.381, GPU-ab0e8f8b-abe0-a03f-c8e9-65622211a5f4, 2032 MHz, 3996 MHz, 251.23 W, 39
2026/09/10 15:04:36.581, GPU-ab0e8f8b-abe0-a03f-c8e9-65622211a5f4, 2032 MHz, 3996 MHz, 249.44 W, 39
2026/09/10 15:04:36.781, GPU-ab0e8f8b-abe0-a03f-c8e9-65622211a5f4, 2032 MHz, 3996 MHz, 249.36 W, 39
2026/09/10 15:04:36.981, GPU-ab0e8f8b-abe0-a03f-c8e9-65622211a5f4, 2032 MHz, 3996 MHz, 249.36 W, 39
2026/09/10 15:04:37.181, GPU-ab0e8f8b-abe0-a03f-c8e9-65622211a5f4, 2032 MHz, 3996 MHz, 249.36 W, 39
2026/09/10 15:04:37.381, GPU-ab0e8f8b-abe0-a03f-c8e9-65622211a5f4, 2032 MHz, 3996 MHz, 249.36 W, 39
2026/09/10 15:04:37.581, GPU-ab0e8f8b-abe0-a03f-c8e9-65622211a5f4, 2032 MHz, 3996 MHz, 249.36 W, 39
2026/09/10 15:04:37.781, GPU-ab0e8f8b-abe0-a03f-c8e9-65622211a5f4, 2032 MHz, 3996 MHz, 249.21 W, 39
2026/09/10 15:04:37.982, GPU-ab0e8f8b-abe0-a03f-c8e9-65622211a5f4, 2032 MHz, 3996 MHz, 249.25 W, 39
2026/09/10 15:04:38.182, GPU-ab0e8f8b-abe0-a03f-c8e9-65622211a5f4, 2032 MHz, 3996 MHz, 255.96 W, 40
2026/09/10 15:04:38.382, GPU-ab0e8f8b-abe0-a03f-c8e9-65622211a5f4, 2032 MHz, 3996 MHz, 264.73 W, 40
2026/09/10 15:04:38.582, GPU-ab0e8f8b-abe0-a03f-c8e9-65622211a5f4, 2032 MHz, 3996 MHz, 274.04 W, 40
2026/09/10 15:04:38.782, GPU-ab0e8f8b-abe0-a03f-c8e9-65622211a5f4, 2032 MHz, 3996 MHz, 280.28 W, 40
2026/09/10 15:04:38.982, GPU-ab0e8f8b-abe0-a03f-c8e9-65622211a5f4, 2032 MHz, 3996 MHz, 280.98 W, 40
2026/09/10 15:04:39.182, GPU-ab0e8f8b-abe0-a03f-c8e9-65622211a5f4, 2032 MHz, 3996 MHz, 274.69 W, 39
2026/09/10 15:04:39.382, GPU-ab0e8f8b-abe0-a03f-c8e9-65622211a5f4, 2032 MHz, 3996 MHz, 265.23 W, 39
2026/09/10 15:04:39.582, GPU-ab0e8f8b-abe0-a03f-c8e9-65622211a5f4, 2032 MHz, 3996 MHz, 256.97 W, 39
2026/09/10 15:04:39.782, GPU-ab0e8f8b-abe0-a03f-c8e9-65622211a5f4, 2032 MHz, 3996 MHz, 249.55 W, 39
2026/09/10 15:04:39.983, GPU-ab0e8f8b-abe0-a03f-c8e9-65622211a5f4, 2032 MHz, 3996 MHz, 249.40 W, 39
2026/09/10 15:04:40.183, GPU-ab0e8f8b-abe0-a03f-c8e9-65622211a5f4, 2032 MHz, 3996 MHz, 249.36 W, 39
2026/09/10 15:04:40.383, GPU-ab0e8f8b-abe0-a03f-c8e9-65622211a5f4, 2032 MHz, 3996 MHz, 249.36 W, 39
2026/09/10 15:04:40.583, GPU-ab0e8f8b-abe0-a03f-c8e9-65622211a5f4, 2032 MHz, 3996 MHz, 249.36 W, 39
2026/09/10 15:04:40.783, GPU-ab0e8f8b-abe0-a03f-c8e9-65622211a5f4, 2032 MHz, 3996 MHz, 249.36 W, 39
2026/09/10 15:04:40.983, GPU-ab0e8f8b-abe0-a03f-c8e9-65622211a5f4, 2032 MHz, 3996 MHz, 249.36 W, 39
2026/09/10 15:04:41.183, GPU-ab0e8f8b-abe0-a03f-c8e9-65622211a5f4, 2032 MHz, 3996 MHz, 249.25 W, 39
2026/09/10 15:04:41.383, GPU-ab0e8f8b-abe0-a03f-c8e9-65622211a5f4, 2032 MHz, 3996 MHz, 250.01 W, 39
2026/09/10 15:04:41.583, GPU-ab0e8f8b-abe0-a03f-c8e9-65622211a5f4, 2032 MHz, 3996 MHz, 256.98 W, 40
2026/09/10 15:04:41.783, GPU-ab0e8f8b-abe0-a03f-c8e9-65622211a5f4, 2032 MHz, 3996 MHz, 266.28 W, 40
2026/09/10 15:04:41.983, GPU-ab0e8f8b-abe0-a03f-c8e9-65622211a5f4, 2032 MHz, 3996 MHz, 275.25 W, 40
2026/09/10 15:04:42.184, GPU-ab0e8f8b-abe0-a03f-c8e9-65622211a5f4, 2032 MHz, 3996 MHz, 281.99 W, 40
2026/09/10 15:04:42.384, GPU-ab0e8f8b-abe0-a03f-c8e9-65622211a5f4, 2032 MHz, 3996 MHz, 281.38 W, 40
2026/09/10 15:04:42.584, GPU-ab0e8f8b-abe0-a03f-c8e9-65622211a5f4, 2032 MHz, 3996 MHz, 274.70 W, 39
2026/09/10 15:04:42.784, GPU-ab0e8f8b-abe0-a03f-c8e9-65622211a5f4, 2032 MHz, 3996 MHz, 272.19 W, 39
2026/09/10 15:04:42.984, GPU-ab0e8f8b-abe0-a03f-c8e9-65622211a5f4, 2032 MHz, 3996 MHz, 375.63 W, 44
2026/09/10 15:04:43.184, GPU-ab0e8f8b-abe0-a03f-c8e9-65622211a5f4, 2032 MHz, 3996 MHz, 492.49 W, 47
2026/09/10 15:04:43.384, GPU-ab0e8f8b-abe0-a03f-c8e9-65622211a5f4, 2032 MHz, 3996 MHz, 612.67 W, 49
2026/09/10 15:04:43.584, GPU-ab0e8f8b-abe0-a03f-c8e9-65622211a5f4, 2032 MHz, 3996 MHz, 634.64 W, 45
2026/09/10 15:04:43.784, GPU-ab0e8f8b-abe0-a03f-c8e9-65622211a5f4, 2032 MHz, 3996 MHz, 628.89 W, 43
2026/09/10 15:04:43.985, GPU-ab0e8f8b-abe0-a03f-c8e9-65622211a5f4, 2032 MHz, 3996 MHz, 525.53 W, 42
2026/09/10 15:04:44.185, GPU-ab0e8f8b-abe0-a03f-c8e9-65622211a5f4, 2032 MHz, 3996 MHz, 405.10 W, 41
2026/09/10 15:04:44.385, GPU-ab0e8f8b-abe0-a03f-c8e9-65622211a5f4, 2032 MHz, 3996 MHz, 273.85 W, 41
2026/09/10 15:04:44.585, GPU-ab0e8f8b-abe0-a03f-c8e9-65622211a5f4, 2032 MHz, 3996 MHz, 251.50 W, 40
2026/09/10 15:04:44.785, GPU-ab0e8f8b-abe0-a03f-c8e9-65622211a5f4, 2032 MHz, 3996 MHz, 250.78 W, 40
2026/09/10 15:04:44.985, GPU-ab0e8f8b-abe0-a03f-c8e9-65622211a5f4, 2032 MHz, 3996 MHz, 250.26 W, 40
2026/09/10 15:04:45.185, GPU-ab0e8f8b-abe0-a03f-c8e9-65622211a5f4, 2032 MHz, 3996 MHz, 249.98 W, 40
2026/09/10 15:04:45.385, GPU-ab0e8f8b-abe0-a03f-c8e9-65622211a5f4, 2032 MHz, 3996 MHz, 249.71 W, 40
2026/09/10 15:04:45.585, GPU-ab0e8f8b-abe0-a03f-c8e9-65622211a5f4, 2032 MHz, 3996 MHz, 249.68 W, 40
2026/09/10 15:04:45.785, GPU-ab0e8f8b-abe0-a03f-c8e9-65622211a5f4, 2032 MHz, 3996 MHz, 250.18 W, 40
2026/09/10 15:04:45.985, GPU-ab0e8f8b-abe0-a03f-c8e9-65622211a5f4, 2032 MHz, 3996 MHz, 258.90 W, 40
2026/09/10 15:04:46.186, GPU-ab0e8f8b-abe0-a03f-c8e9-65622211a5f4, 2032 MHz, 3996 MHz, 266.70 W, 40
2026/09/10 15:04:46.386, GPU-ab0e8f8b-abe0-a03f-c8e9-65622211a5f4, 2032 MHz, 3996 MHz, 271.36 W, 40
2026/09/10 15:04:46.586, GPU-ab0e8f8b-abe0-a03f-c8e9-65622211a5f4, 2032 MHz, 3996 MHz, 281.09 W, 41
2026/09/10 15:04:46.786, GPU-ab0e8f8b-abe0-a03f-c8e9-65622211a5f4, 2032 MHz, 3996 MHz, 294.10 W, 41
2026/09/10 15:04:46.986, GPU-ab0e8f8b-abe0-a03f-c8e9-65622211a5f4, 2032 MHz, 3996 MHz, 288.18 W, 41
2026/09/10 15:04:47.186, GPU-ab0e8f8b-abe0-a03f-c8e9-65622211a5f4, 2032 MHz, 3996 MHz, 290.57 W, 41
2026/09/10 15:04:47.386, GPU-ab0e8f8b-abe0-a03f-c8e9-65622211a5f4, 2032 MHz, 3996 MHz, 300.97 W, 41
2026/09/10 15:04:47.586, GPU-ab0e8f8b-abe0-a03f-c8e9-65622211a5f4, 2032 MHz, 3996 MHz, 293.52 W, 40
2026/09/10 15:04:47.786, GPU-ab0e8f8b-abe0-a03f-c8e9-65622211a5f4, 2032 MHz, 3996 MHz, 281.94 W, 40
2026/09/10 15:04:47.986, GPU-ab0e8f8b-abe0-a03f-c8e9-65622211a5f4, 2032 MHz, 3996 MHz, 277.53 W, 40
2026/09/10 15:04:48.187, GPU-ab0e8f8b-abe0-a03f-c8e9-65622211a5f4, 2032 MHz, 3996 MHz, 267.89 W, 40
2026/09/10 15:04:48.387, GPU-ab0e8f8b-abe0-a03f-c8e9-65622211a5f4, 2032 MHz, 3996 MHz, 256.09 W, 40
2026/09/10 15:04:48.587, GPU-ab0e8f8b-abe0-a03f-c8e9-65622211a5f4, 2032 MHz, 3996 MHz, 253.64 W, 40
2026/09/10 15:04:48.789, GPU-ab0e8f8b-abe0-a03f-c8e9-65622211a5f4, 2032 MHz, 3996 MHz, 253.61 W, 40
2026/09/10 15:04:48.990, GPU-ab0e8f8b-abe0-a03f-c8e9-65622211a5f4, 2032 MHz, 3996 MHz, 253.46 W, 40
2026/09/10 15:04:49.190, GPU-ab0e8f8b-abe0-a03f-c8e9-65622211a5f4, 2032 MHz, 3996 MHz, 253.26 W, 40
2026/09/10 15:04:49.390, GPU-ab0e8f8b-abe0-a03f-c8e9-65622211a5f4, 2032 MHz, 3996 MHz, 253.26 W, 40
2026/09/10 15:04:49.590, GPU-ab0e8f8b-abe0-a03f-c8e9-65622211a5f4, 2032 MHz, 3996 MHz, 253.26 W, 40
2026/09/10 15:04:49.790, GPU-ab0e8f8b-abe0-a03f-c8e9-65622211a5f4, 2032 MHz, 3996 MHz, 253.26 W, 40
2026/09/10 15:04:49.990, GPU-ab0e8f8b-abe0-a03f-c8e9-65622211a5f4, 2032 MHz, 3996 MHz, 253.26 W, 40
2026/09/10 15:04:50.190, GPU-ab0e8f8b-abe0-a03f-c8e9-65622211a5f4, 2032 MHz, 3996 MHz, 253.30 W, 40
2026/09/10 15:04:50.390, GPU-ab0e8f8b-abe0-a03f-c8e9-65622211a5f4, 2032 MHz, 3996 MHz, 253.49 W, 40
2026/09/10 15:04:50.590, GPU-ab0e8f8b-abe0-a03f-c8e9-65622211a5f4, 2032 MHz, 3996 MHz, 253.57 W, 40
2026/09/10 15:04:50.790, GPU-ab0e8f8b-abe0-a03f-c8e9-65622211a5f4, 2032 MHz, 3996 MHz, 253.79 W, 40
2026/09/10 15:04:50.990, GPU-ab0e8f8b-abe0-a03f-c8e9-65622211a5f4, 2032 MHz, 3996 MHz, 265.24 W, 40
2026/09/10 15:04:51.191, GPU-ab0e8f8b-abe0-a03f-c8e9-65622211a5f4, 2032 MHz, 3996 MHz, 272.15 W, 40
2026/09/10 15:04:51.391, GPU-ab0e8f8b-abe0-a03f-c8e9-65622211a5f4, 2032 MHz, 3996 MHz, 272.25 W, 40
2026/09/10 15:04:51.591, GPU-ab0e8f8b-abe0-a03f-c8e9-65622211a5f4, 2032 MHz, 3996 MHz, 270.46 W, 40
2026/09/10 15:04:51.791, GPU-ab0e8f8b-abe0-a03f-c8e9-65622211a5f4, 2032 MHz, 3996 MHz, 268.94 W, 39
2026/09/10 15:04:51.991, GPU-ab0e8f8b-abe0-a03f-c8e9-65622211a5f4, 2032 MHz, 3996 MHz, 256.77 W, 39
2026/09/10 15:04:52.191, GPU-ab0e8f8b-abe0-a03f-c8e9-65622211a5f4, 2032 MHz, 3996 MHz, 247.02 W, 39
2026/09/10 15:04:52.391, GPU-ab0e8f8b-abe0-a03f-c8e9-65622211a5f4, 2032 MHz, 3996 MHz, 245.43 W, 39
2026/09/10 15:04:52.591, GPU-ab0e8f8b-abe0-a03f-c8e9-65622211a5f4, 2032 MHz, 3996 MHz, 245.05 W, 39
2026/09/10 15:04:52.791, GPU-ab0e8f8b-abe0-a03f-c8e9-65622211a5f4, 2032 MHz, 3996 MHz, 244.93 W, 39
2026/09/10 15:04:52.991, GPU-ab0e8f8b-abe0-a03f-c8e9-65622211a5f4, 2032 MHz, 3996 MHz, 244.69 W, 39
2026/09/10 15:04:53.192, GPU-ab0e8f8b-abe0-a03f-c8e9-65622211a5f4, 2032 MHz, 3996 MHz, 244.51 W, 39
2026/09/10 15:04:53.392, GPU-ab0e8f8b-abe0-a03f-c8e9-65622211a5f4, 2032 MHz, 3996 MHz, 244.29 W, 39
2026/09/10 15:04:53.592, GPU-ab0e8f8b-abe0-a03f-c8e9-65622211a5f4, 2032 MHz, 3996 MHz, 244.11 W, 39
2026/09/10 15:04:53.792, GPU-ab0e8f8b-abe0-a03f-c8e9-65622211a5f4, 2032 MHz, 3996 MHz, 244.10 W, 39
2026/09/10 15:04:53.992, GPU-ab0e8f8b-abe0-a03f-c8e9-65622211a5f4, 2032 MHz, 3996 MHz, 244.30 W, 39
2026/09/10 15:04:54.192, GPU-ab0e8f8b-abe0-a03f-c8e9-65622211a5f4, 2032 MHz, 3996 MHz, 244.28 W, 39
2026/09/10 15:04:54.392, GPU-ab0e8f8b-abe0-a03f-c8e9-65622211a5f4, 2032 MHz, 3996 MHz, 244.59 W, 39
2026/09/10 15:04:54.592, GPU-ab0e8f8b-abe0-a03f-c8e9-65622211a5f4, 2032 MHz, 3996 MHz, 253.65 W, 40
2026/09/10 15:04:54.792, GPU-ab0e8f8b-abe0-a03f-c8e9-65622211a5f4, 2032 MHz, 3996 MHz, 263.65 W, 40
2026/09/10 15:04:54.992, GPU-ab0e8f8b-abe0-a03f-c8e9-65622211a5f4, 2032 MHz, 3996 MHz, 274.56 W, 40
2026/09/10 15:04:55.192, GPU-ab0e8f8b-abe0-a03f-c8e9-65622211a5f4, 2032 MHz, 3996 MHz, 285.46 W, 41
2026/09/10 15:04:55.393, GPU-ab0e8f8b-abe0-a03f-c8e9-65622211a5f4, 2032 MHz, 3996 MHz, 296.16 W, 41
2026/09/10 15:04:55.593, GPU-ab0e8f8b-abe0-a03f-c8e9-65622211a5f4, 2032 MHz, 3996 MHz, 292.92 W, 40
2026/09/10 15:04:55.793, GPU-ab0e8f8b-abe0-a03f-c8e9-65622211a5f4, 2032 MHz, 3996 MHz, 285.83 W, 40
2026/09/10 15:04:55.993, GPU-ab0e8f8b-abe0-a03f-c8e9-65622211a5f4, 2032 MHz, 3996 MHz, 276.46 W, 40
2026/09/10 15:04:56.194, GPU-ab0e8f8b-abe0-a03f-c8e9-65622211a5f4, 2032 MHz, 3996 MHz, 266.67 W, 40
2026/09/10 15:04:56.394, GPU-ab0e8f8b-abe0-a03f-c8e9-65622211a5f4, 2032 MHz, 3996 MHz, 256.66 W, 40
2026/09/10 15:04:56.594, GPU-ab0e8f8b-abe0-a03f-c8e9-65622211a5f4, 2032 MHz, 3996 MHz, 253.60 W, 40
2026/09/10 15:04:56.794, GPU-ab0e8f8b-abe0-a03f-c8e9-65622211a5f4, 2032 MHz, 3996 MHz, 253.26 W, 40
2026/09/10 15:04:56.994, GPU-ab0e8f8b-abe0-a03f-c8e9-65622211a5f4, 2032 MHz, 3996 MHz, 253.26 W, 40
2026/09/10 15:04:57.194, GPU-ab0e8f8b-abe0-a03f-c8e9-65622211a5f4, 2032 MHz, 3996 MHz, 253.26 W, 40
2026/09/10 15:04:57.394, GPU-ab0e8f8b-abe0-a03f-c8e9-65622211a5f4, 2032 MHz, 3996 MHz, 253.30 W, 40
2026/09/10 15:04:57.594, GPU-ab0e8f8b-abe0-a03f-c8e9-65622211a5f4, 2032 MHz, 3996 MHz, 253.46 W, 40
2026/09/10 15:04:57.794, GPU-ab0e8f8b-abe0-a03f-c8e9-65622211a5f4, 2032 MHz, 3996 MHz, 253.69 W, 40
2026/09/10 15:04:57.994, GPU-ab0e8f8b-abe0-a03f-c8e9-65622211a5f4, 2032 MHz, 3996 MHz, 253.83 W, 40
2026/09/10 15:04:58.195, GPU-ab0e8f8b-abe0-a03f-c8e9-65622211a5f4, 2032 MHz, 3996 MHz, 262.02 W, 40
2026/09/10 15:04:58.395, GPU-ab0e8f8b-abe0-a03f-c8e9-65622211a5f4, 2032 MHz, 3996 MHz, 271.19 W, 41
2026/09/10 15:04:58.595, GPU-ab0e8f8b-abe0-a03f-c8e9-65622211a5f4, 2032 MHz, 3996 MHz, 280.08 W, 41
2026/09/10 15:04:58.795, GPU-ab0e8f8b-abe0-a03f-c8e9-65622211a5f4, 2032 MHz, 3996 MHz, 288.80 W, 41
2026/09/10 15:04:58.995, GPU-ab0e8f8b-abe0-a03f-c8e9-65622211a5f4, 2032 MHz, 3996 MHz, 296.32 W, 41
2026/09/10 15:04:59.195, GPU-ab0e8f8b-abe0-a03f-c8e9-65622211a5f4, 2032 MHz, 3996 MHz, 289.93 W, 40
2026/09/10 15:04:59.395, GPU-ab0e8f8b-abe0-a03f-c8e9-65622211a5f4, 2032 MHz, 3996 MHz, 280.38 W, 40
2026/09/10 15:04:59.595, GPU-ab0e8f8b-abe0-a03f-c8e9-65622211a5f4, 2032 MHz, 3996 MHz, 270.95 W, 40
2026/09/10 15:04:59.796, GPU-ab0e8f8b-abe0-a03f-c8e9-65622211a5f4, 2032 MHz, 3996 MHz, 261.61 W, 40
2026/09/10 15:04:59.996, GPU-ab0e8f8b-abe0-a03f-c8e9-65622211a5f4, 2032 MHz, 3996 MHz, 253.49 W, 40
2026/09/10 15:05:00.196, GPU-ab0e8f8b-abe0-a03f-c8e9-65622211a5f4, 2032 MHz, 3996 MHz, 251.36 W, 40
2026/09/10 15:05:00.396, GPU-ab0e8f8b-abe0-a03f-c8e9-65622211a5f4, 2032 MHz, 3996 MHz, 251.16 W, 40
2026/09/10 15:05:00.596, GPU-ab0e8f8b-abe0-a03f-c8e9-65622211a5f4, 2032 MHz, 3996 MHz, 251.16 W, 40
2026/09/10 15:05:00.796, GPU-ab0e8f8b-abe0-a03f-c8e9-65622211a5f4, 2032 MHz, 3996 MHz, 251.12 W, 40
2026/09/10 15:05:00.996, GPU-ab0e8f8b-abe0-a03f-c8e9-65622211a5f4, 2032 MHz, 3996 MHz, 250.96 W, 40
2026/09/10 15:05:01.196, GPU-ab0e8f8b-abe0-a03f-c8e9-65622211a5f4, 2032 MHz, 3996 MHz, 255.24 W, 40
2026/09/10 15:05:01.396, GPU-ab0e8f8b-abe0-a03f-c8e9-65622211a5f4, 2032 MHz, 3996 MHz, 262.97 W, 40
2026/09/10 15:05:01.596, GPU-ab0e8f8b-abe0-a03f-c8e9-65622211a5f4, 2032 MHz, 3996 MHz, 272.31 W, 41
2026/09/10 15:05:01.796, GPU-ab0e8f8b-abe0-a03f-c8e9-65622211a5f4, 2032 MHz, 3996 MHz, 281.80 W, 41
2026/09/10 15:05:01.997, GPU-ab0e8f8b-abe0-a03f-c8e9-65622211a5f4, 2032 MHz, 3996 MHz, 290.90 W, 41
2026/09/10 15:05:02.197, GPU-ab0e8f8b-abe0-a03f-c8e9-65622211a5f4, 2032 MHz, 3996 MHz, 289.78 W, 40
2026/09/10 15:05:02.397, GPU-ab0e8f8b-abe0-a03f-c8e9-65622211a5f4, 2032 MHz, 3996 MHz, 279.80 W, 40
2026/09/10 15:05:02.598, GPU-ab0e8f8b-abe0-a03f-c8e9-65622211a5f4, 2032 MHz, 3996 MHz, 270.45 W, 40
2026/09/10 15:05:02.798, GPU-ab0e8f8b-abe0-a03f-c8e9-65622211a5f4, 2032 MHz, 3996 MHz, 260.78 W, 40
2026/09/10 15:05:02.999, GPU-ab0e8f8b-abe0-a03f-c8e9-65622211a5f4, 2032 MHz, 3996 MHz, 251.66 W, 40
2026/09/10 15:05:03.199, GPU-ab0e8f8b-abe0-a03f-c8e9-65622211a5f4, 2032 MHz, 3996 MHz, 249.94 W, 40
2026/09/10 15:05:03.399, GPU-ab0e8f8b-abe0-a03f-c8e9-65622211a5f4, 2032 MHz, 3996 MHz, 249.36 W, 40
2026/09/10 15:05:03.599, GPU-ab0e8f8b-abe0-a03f-c8e9-65622211a5f4, 2032 MHz, 3996 MHz, 249.36 W, 40
2026/09/10 15:05:03.799, GPU-ab0e8f8b-abe0-a03f-c8e9-65622211a5f4, 2032 MHz, 3996 MHz, 249.36 W, 40
2026/09/10 15:05:03.999, GPU-ab0e8f8b-abe0-a03f-c8e9-65622211a5f4, 2032 MHz, 3996 MHz, 249.52 W, 40
2026/09/10 15:05:04.199, GPU-ab0e8f8b-abe0-a03f-c8e9-65622211a5f4, 2032 MHz, 3996 MHz, 249.86 W, 40
2026/09/10 15:05:04.399, GPU-ab0e8f8b-abe0-a03f-c8e9-65622211a5f4, 2032 MHz, 3996 MHz, 249.95 W, 40
2026/09/10 15:05:04.599, GPU-ab0e8f8b-abe0-a03f-c8e9-65622211a5f4, 2032 MHz, 3996 MHz, 250.70 W, 40
2026/09/10 15:05:04.799, GPU-ab0e8f8b-abe0-a03f-c8e9-65622211a5f4, 2032 MHz, 3996 MHz, 263.98 W, 40
2026/09/10 15:05:04.999, GPU-ab0e8f8b-abe0-a03f-c8e9-65622211a5f4, 2032 MHz, 3996 MHz, 273.63 W, 41
2026/09/10 15:05:05.200, GPU-ab0e8f8b-abe0-a03f-c8e9-65622211a5f4, 2032 MHz, 3996 MHz, 282.86 W, 41
2026/09/10 15:05:05.400, GPU-ab0e8f8b-abe0-a03f-c8e9-65622211a5f4, 2032 MHz, 3996 MHz, 291.26 W, 41
2026/09/10 15:05:05.600, GPU-ab0e8f8b-abe0-a03f-c8e9-65622211a5f4, 2032 MHz, 3996 MHz, 292.91 W, 40
2026/09/10 15:05:05.800, GPU-ab0e8f8b-abe0-a03f-c8e9-65622211a5f4, 2032 MHz, 3996 MHz, 279.76 W, 40
2026/09/10 15:05:06.001, GPU-ab0e8f8b-abe0-a03f-c8e9-65622211a5f4, 2032 MHz, 3996 MHz, 270.90 W, 40
2026/09/10 15:05:06.202, GPU-ab0e8f8b-abe0-a03f-c8e9-65622211a5f4, 2032 MHz, 3996 MHz, 260.82 W, 40
2026/09/10 15:05:06.402, GPU-ab0e8f8b-abe0-a03f-c8e9-65622211a5f4, 2032 MHz, 3996 MHz, 251.51 W, 40
2026/09/10 15:05:06.602, GPU-ab0e8f8b-abe0-a03f-c8e9-65622211a5f4, 2032 MHz, 3996 MHz, 249.87 W, 40
2026/09/10 15:05:06.802, GPU-ab0e8f8b-abe0-a03f-c8e9-65622211a5f4, 2032 MHz, 3996 MHz, 249.51 W, 40
2026/09/10 15:05:07.002, GPU-ab0e8f8b-abe0-a03f-c8e9-65622211a5f4, 2032 MHz, 3996 MHz, 249.36 W, 40
2026/09/10 15:05:07.202, GPU-ab0e8f8b-abe0-a03f-c8e9-65622211a5f4, 2032 MHz, 3996 MHz, 249.36 W, 40
2026/09/10 15:05:07.402, GPU-ab0e8f8b-abe0-a03f-c8e9-65622211a5f4, 2032 MHz, 3996 MHz, 249.59 W, 40
2026/09/10 15:05:07.602, GPU-ab0e8f8b-abe0-a03f-c8e9-65622211a5f4, 2032 MHz, 3996 MHz, 249.94 W, 40
2026/09/10 15:05:07.802, GPU-ab0e8f8b-abe0-a03f-c8e9-65622211a5f4, 2032 MHz, 3996 MHz, 249.99 W, 40
2026/09/10 15:05:08.002, GPU-ab0e8f8b-abe0-a03f-c8e9-65622211a5f4, 2032 MHz, 3996 MHz, 250.66 W, 40
2026/09/10 15:05:08.202, GPU-ab0e8f8b-abe0-a03f-c8e9-65622211a5f4, 2032 MHz, 3996 MHz, 260.73 W, 40
2026/09/10 15:05:08.403, GPU-ab0e8f8b-abe0-a03f-c8e9-65622211a5f4, 2032 MHz, 3996 MHz, 270.75 W, 41
2026/09/10 15:05:08.603, GPU-ab0e8f8b-abe0-a03f-c8e9-65622211a5f4, 2032 MHz, 3996 MHz, 280.01 W, 41
2026/09/10 15:05:08.803, GPU-ab0e8f8b-abe0-a03f-c8e9-65622211a5f4, 2032 MHz, 3996 MHz, 287.97 W, 41
2026/09/10 15:05:09.003, GPU-ab0e8f8b-abe0-a03f-c8e9-65622211a5f4, 2032 MHz, 3996 MHz, 288.09 W, 40
2026/09/10 15:05:09.203, GPU-ab0e8f8b-abe0-a03f-c8e9-65622211a5f4, 2032 MHz, 3996 MHz, 278.36 W, 40
2026/09/10 15:05:09.403, GPU-ab0e8f8b-abe0-a03f-c8e9-65622211a5f4, 2032 MHz, 3996 MHz, 268.92 W, 40
2026/09/10 15:05:09.603, GPU-ab0e8f8b-abe0-a03f-c8e9-65622211a5f4, 2032 MHz, 3996 MHz, 259.45 W, 40
2026/09/10 15:05:09.803, GPU-ab0e8f8b-abe0-a03f-c8e9-65622211a5f4, 2032 MHz, 3996 MHz, 250.58 W, 40
2026/09/10 15:05:10.003, GPU-ab0e8f8b-abe0-a03f-c8e9-65622211a5f4, 2032 MHz, 3996 MHz, 249.60 W, 40
2026/09/10 15:05:10.204, GPU-ab0e8f8b-abe0-a03f-c8e9-65622211a5f4, 2032 MHz, 3996 MHz, 249.36 W, 40
2026/09/10 15:05:10.404, GPU-ab0e8f8b-abe0-a03f-c8e9-65622211a5f4, 2032 MHz, 3996 MHz, 249.36 W, 40
2026/09/10 15:05:10.604, GPU-ab0e8f8b-abe0-a03f-c8e9-65622211a5f4, 2032 MHz, 3996 MHz, 249.36 W, 40
2026/09/10 15:05:10.804, GPU-ab0e8f8b-abe0-a03f-c8e9-65622211a5f4, 2032 MHz, 3996 MHz, 249.48 W, 40
2026/09/10 15:05:11.004, GPU-ab0e8f8b-abe0-a03f-c8e9-65622211a5f4, 2032 MHz, 3996 MHz, 249.56 W, 40
2026/09/10 15:05:11.204, GPU-ab0e8f8b-abe0-a03f-c8e9-65622211a5f4, 2032 MHz, 3996 MHz, 255.82 W, 40
2026/09/10 15:05:11.404, GPU-ab0e8f8b-abe0-a03f-c8e9-65622211a5f4, 2032 MHz, 3996 MHz, 264.26 W, 41
2026/09/10 15:05:11.604, GPU-ab0e8f8b-abe0-a03f-c8e9-65622211a5f4, 2032 MHz, 3996 MHz, 273.81 W, 41
2026/09/10 15:05:11.804, GPU-ab0e8f8b-abe0-a03f-c8e9-65622211a5f4, 2032 MHz, 3996 MHz, 282.93 W, 41
2026/09/10 15:05:12.004, GPU-ab0e8f8b-abe0-a03f-c8e9-65622211a5f4, 2032 MHz, 3996 MHz, 286.87 W, 40
2026/09/10 15:05:12.204, GPU-ab0e8f8b-abe0-a03f-c8e9-65622211a5f4, 2032 MHz, 3996 MHz, 281.91 W, 40
2026/09/10 15:05:12.405, GPU-ab0e8f8b-abe0-a03f-c8e9-65622211a5f4, 2032 MHz, 3996 MHz, 273.27 W, 40
2026/09/10 15:05:12.605, GPU-ab0e8f8b-abe0-a03f-c8e9-65622211a5f4, 2032 MHz, 3996 MHz, 264.39 W, 40
2026/09/10 15:05:12.805, GPU-ab0e8f8b-abe0-a03f-c8e9-65622211a5f4, 2032 MHz, 3996 MHz, 255.30 W, 40
2026/09/10 15:05:13.005, GPU-ab0e8f8b-abe0-a03f-c8e9-65622211a5f4, 2032 MHz, 3996 MHz, 249.71 W, 40
2026/09/10 15:05:13.205, GPU-ab0e8f8b-abe0-a03f-c8e9-65622211a5f4, 2032 MHz, 3996 MHz, 249.36 W, 40
2026/09/10 15:05:13.405, GPU-ab0e8f8b-abe0-a03f-c8e9-65622211a5f4, 2032 MHz, 3996 MHz, 249.48 W, 40
2026/09/10 15:05:13.605, GPU-ab0e8f8b-abe0-a03f-c8e9-65622211a5f4, 2032 MHz, 3996 MHz, 249.63 W, 40
2026/09/10 15:05:13.805, GPU-ab0e8f8b-abe0-a03f-c8e9-65622211a5f4, 2032 MHz, 3996 MHz, 249.78 W, 40
2026/09/10 15:05:14.005, GPU-ab0e8f8b-abe0-a03f-c8e9-65622211a5f4, 2032 MHz, 3996 MHz, 255.96 W, 40
2026/09/10 15:05:14.205, GPU-ab0e8f8b-abe0-a03f-c8e9-65622211a5f4, 2032 MHz, 3996 MHz, 264.60 W, 40
2026/09/10 15:05:14.406, GPU-ab0e8f8b-abe0-a03f-c8e9-65622211a5f4, 2032 MHz, 3996 MHz, 273.55 W, 41
2026/09/10 15:05:14.606, GPU-ab0e8f8b-abe0-a03f-c8e9-65622211a5f4, 2032 MHz, 3996 MHz, 282.53 W, 41
2026/09/10 15:05:14.806, GPU-ab0e8f8b-abe0-a03f-c8e9-65622211a5f4, 2032 MHz, 3996 MHz, 287.97 W, 40
2026/09/10 15:05:15.006, GPU-ab0e8f8b-abe0-a03f-c8e9-65622211a5f4, 2032 MHz, 3996 MHz, 287.87 W, 40
2026/09/10 15:05:15.206, GPU-ab0e8f8b-abe0-a03f-c8e9-65622211a5f4, 2032 MHz, 3996 MHz, 274.72 W, 40
2026/09/10 15:05:15.406, GPU-ab0e8f8b-abe0-a03f-c8e9-65622211a5f4, 2032 MHz, 3996 MHz, 265.34 W, 40
2026/09/10 15:05:15.606, GPU-ab0e8f8b-abe0-a03f-c8e9-65622211a5f4, 2032 MHz, 3996 MHz, 255.39 W, 40
2026/09/10 15:05:15.806, GPU-ab0e8f8b-abe0-a03f-c8e9-65622211a5f4, 2032 MHz, 3996 MHz, 249.71 W, 40
2026/09/10 15:05:16.006, GPU-ab0e8f8b-abe0-a03f-c8e9-65622211a5f4, 2032 MHz, 3996 MHz, 249.36 W, 40
2026/09/10 15:05:16.206, GPU-ab0e8f8b-abe0-a03f-c8e9-65622211a5f4, 2032 MHz, 3996 MHz, 249.36 W, 40
2026/09/10 15:05:16.406, GPU-ab0e8f8b-abe0-a03f-c8e9-65622211a5f4, 2032 MHz, 3996 MHz, 249.52 W, 40
2026/09/10 15:05:16.606, GPU-ab0e8f8b-abe0-a03f-c8e9-65622211a5f4, 2032 MHz, 3996 MHz, 249.64 W, 40
2026/09/10 15:05:16.807, GPU-ab0e8f8b-abe0-a03f-c8e9-65622211a5f4, 2032 MHz, 3996 MHz, 252.46 W, 40
2026/09/10 15:05:17.007, GPU-ab0e8f8b-abe0-a03f-c8e9-65622211a5f4, 2032 MHz, 3996 MHz, 262.23 W, 40
2026/09/10 15:05:17.207, GPU-ab0e8f8b-abe0-a03f-c8e9-65622211a5f4, 2032 MHz, 3996 MHz, 271.54 W, 41
2026/09/10 15:05:17.407, GPU-ab0e8f8b-abe0-a03f-c8e9-65622211a5f4, 2032 MHz, 3996 MHz, 281.22 W, 41
2026/09/10 15:05:17.607, GPU-ab0e8f8b-abe0-a03f-c8e9-65622211a5f4, 2032 MHz, 3996 MHz, 287.20 W, 41
2026/09/10 15:05:17.807, GPU-ab0e8f8b-abe0-a03f-c8e9-65622211a5f4, 2032 MHz, 3996 MHz, 285.38 W, 40
2026/09/10 15:05:18.007, GPU-ab0e8f8b-abe0-a03f-c8e9-65622211a5f4, 2032 MHz, 3996 MHz, 275.46 W, 40
2026/09/10 15:05:18.207, GPU-ab0e8f8b-abe0-a03f-c8e9-65622211a5f4, 2032 MHz, 3996 MHz, 266.55 W, 40
2026/09/10 15:05:18.407, GPU-ab0e8f8b-abe0-a03f-c8e9-65622211a5f4, 2032 MHz, 3996 MHz, 257.35 W, 40
2026/09/10 15:05:18.608, GPU-ab0e8f8b-abe0-a03f-c8e9-65622211a5f4, 2032 MHz, 3996 MHz, 249.71 W, 40
2026/09/10 15:05:18.808, GPU-ab0e8f8b-abe0-a03f-c8e9-65622211a5f4, 2032 MHz, 3996 MHz, 249.48 W, 40
2026/09/10 15:05:19.008, GPU-ab0e8f8b-abe0-a03f-c8e9-65622211a5f4, 2032 MHz, 3996 MHz, 249.36 W, 40
2026/09/10 15:05:19.209, GPU-ab0e8f8b-abe0-a03f-c8e9-65622211a5f4, 2032 MHz, 3996 MHz, 249.52 W, 40
2026/09/10 15:05:19.409, GPU-ab0e8f8b-abe0-a03f-c8e9-65622211a5f4, 2032 MHz, 3996 MHz, 249.56 W, 40
2026/09/10 15:05:19.609, GPU-ab0e8f8b-abe0-a03f-c8e9-65622211a5f4, 2032 MHz, 3996 MHz, 249.82 W, 40
2026/09/10 15:05:19.809, GPU-ab0e8f8b-abe0-a03f-c8e9-65622211a5f4, 2032 MHz, 3996 MHz, 258.24 W, 40
2026/09/10 15:05:20.009, GPU-ab0e8f8b-abe0-a03f-c8e9-65622211a5f4, 2032 MHz, 3996 MHz, 268.05 W, 41
2026/09/10 15:05:20.209, GPU-ab0e8f8b-abe0-a03f-c8e9-65622211a5f4, 2032 MHz, 3996 MHz, 277.42 W, 41
2026/09/10 15:05:20.409, GPU-ab0e8f8b-abe0-a03f-c8e9-65622211a5f4, 2032 MHz, 3996 MHz, 286.70 W, 41
2026/09/10 15:05:20.610, GPU-ab0e8f8b-abe0-a03f-c8e9-65622211a5f4, 2032 MHz, 3996 MHz, 287.67 W, 40
2026/09/10 15:05:20.810, GPU-ab0e8f8b-abe0-a03f-c8e9-65622211a5f4, 2032 MHz, 3996 MHz, 279.44 W, 40
2026/09/10 15:05:21.010, GPU-ab0e8f8b-abe0-a03f-c8e9-65622211a5f4, 2032 MHz, 3996 MHz, 270.56 W, 40
2026/09/10 15:05:21.210, GPU-ab0e8f8b-abe0-a03f-c8e9-65622211a5f4, 2032 MHz, 3996 MHz, 261.04 W, 40
2026/09/10 15:05:21.410, GPU-ab0e8f8b-abe0-a03f-c8e9-65622211a5f4, 2032 MHz, 3996 MHz, 251.14 W, 40
2026/09/10 15:05:21.610, GPU-ab0e8f8b-abe0-a03f-c8e9-65622211a5f4, 2032 MHz, 3996 MHz, 249.71 W, 40
2026/09/10 15:05:21.810, GPU-ab0e8f8b-abe0-a03f-c8e9-65622211a5f4, 2032 MHz, 3996 MHz, 249.36 W, 40
2026/09/10 15:05:22.010, GPU-ab0e8f8b-abe0-a03f-c8e9-65622211a5f4, 2032 MHz, 3996 MHz, 249.36 W, 40
2026/09/10 15:05:22.211, GPU-ab0e8f8b-abe0-a03f-c8e9-65622211a5f4, 2032 MHz, 3996 MHz, 249.36 W, 40
2026/09/10 15:05:22.411, GPU-ab0e8f8b-abe0-a03f-c8e9-65622211a5f4, 2032 MHz, 3996 MHz, 249.36 W, 40
2026/09/10 15:05:22.611, GPU-ab0e8f8b-abe0-a03f-c8e9-65622211a5f4, 2032 MHz, 3996 MHz, 249.40 W, 40
2026/09/10 15:05:22.811, GPU-ab0e8f8b-abe0-a03f-c8e9-65622211a5f4, 2032 MHz, 3996 MHz, 249.67 W, 40
2026/09/10 15:05:23.011, GPU-ab0e8f8b-abe0-a03f-c8e9-65622211a5f4, 2032 MHz, 3996 MHz, 249.71 W, 40
2026/09/10 15:05:23.211, GPU-ab0e8f8b-abe0-a03f-c8e9-65622211a5f4, 2032 MHz, 3996 MHz, 252.46 W, 40
2026/09/10 15:05:23.411, GPU-ab0e8f8b-abe0-a03f-c8e9-65622211a5f4, 2032 MHz, 3996 MHz, 262.17 W, 41
2026/09/10 15:05:23.611, GPU-ab0e8f8b-abe0-a03f-c8e9-65622211a5f4, 2032 MHz, 3996 MHz, 272.33 W, 41
2026/09/10 15:05:23.811, GPU-ab0e8f8b-abe0-a03f-c8e9-65622211a5f4, 2032 MHz, 3996 MHz, 281.41 W, 41
2026/09/10 15:05:24.011, GPU-ab0e8f8b-abe0-a03f-c8e9-65622211a5f4, 2032 MHz, 3996 MHz, 286.89 W, 41
2026/09/10 15:05:24.212, GPU-ab0e8f8b-abe0-a03f-c8e9-65622211a5f4, 2032 MHz, 3996 MHz, 285.26 W, 40
2026/09/10 15:05:24.412, GPU-ab0e8f8b-abe0-a03f-c8e9-65622211a5f4, 2032 MHz, 3996 MHz, 275.40 W, 40
2026/09/10 15:05:24.612, GPU-ab0e8f8b-abe0-a03f-c8e9-65622211a5f4, 2032 MHz, 3996 MHz, 265.46 W, 40
2026/09/10 15:05:24.812, GPU-ab0e8f8b-abe0-a03f-c8e9-65622211a5f4, 2032 MHz, 3996 MHz, 256.86 W, 40
2026/09/10 15:05:25.012, GPU-ab0e8f8b-abe0-a03f-c8e9-65622211a5f4, 2032 MHz, 3996 MHz, 249.86 W, 40
2026/09/10 15:05:25.212, GPU-ab0e8f8b-abe0-a03f-c8e9-65622211a5f4, 2032 MHz, 3996 MHz, 249.59 W, 40
2026/09/10 15:05:25.412, GPU-ab0e8f8b-abe0-a03f-c8e9-65622211a5f4, 2032 MHz, 3996 MHz, 249.40 W, 40
2026/09/10 15:05:25.612, GPU-ab0e8f8b-abe0-a03f-c8e9-65622211a5f4, 2032 MHz, 3996 MHz, 249.48 W, 40
2026/09/10 15:05:25.812, GPU-ab0e8f8b-abe0-a03f-c8e9-65622211a5f4, 2032 MHz, 3996 MHz, 249.56 W, 40
2026/09/10 15:05:26.012, GPU-ab0e8f8b-abe0-a03f-c8e9-65622211a5f4, 2032 MHz, 3996 MHz, 249.91 W, 40
2026/09/10 15:05:26.212, GPU-ab0e8f8b-abe0-a03f-c8e9-65622211a5f4, 2032 MHz, 3996 MHz, 258.19 W, 40
2026/09/10 15:05:26.413, GPU-ab0e8f8b-abe0-a03f-c8e9-65622211a5f4, 2032 MHz, 3996 MHz, 268.07 W, 41
2026/09/10 15:05:26.613, GPU-ab0e8f8b-abe0-a03f-c8e9-65622211a5f4, 2032 MHz, 3996 MHz, 276.95 W, 41
2026/09/10 15:05:26.813, GPU-ab0e8f8b-abe0-a03f-c8e9-65622211a5f4, 2032 MHz, 3996 MHz, 286.40 W, 41
2026/09/10 15:05:27.013, GPU-ab0e8f8b-abe0-a03f-c8e9-65622211a5f4, 2032 MHz, 3996 MHz, 288.10 W, 40
2026/09/10 15:05:27.213, GPU-ab0e8f8b-abe0-a03f-c8e9-65622211a5f4, 2032 MHz, 3996 MHz, 279.98 W, 40
2026/09/10 15:05:27.413, GPU-ab0e8f8b-abe0-a03f-c8e9-65622211a5f4, 2032 MHz, 3996 MHz, 270.98 W, 40
2026/09/10 15:05:27.613, GPU-ab0e8f8b-abe0-a03f-c8e9-65622211a5f4, 2032 MHz, 3996 MHz, 260.73 W, 40
2026/09/10 15:05:27.813, GPU-ab0e8f8b-abe0-a03f-c8e9-65622211a5f4, 2032 MHz, 3996 MHz, 252.64 W, 40
2026/09/10 15:05:28.013, GPU-ab0e8f8b-abe0-a03f-c8e9-65622211a5f4, 2032 MHz, 3996 MHz, 249.71 W, 40
2026/09/10 15:05:28.214, GPU-ab0e8f8b-abe0-a03f-c8e9-65622211a5f4, 2032 MHz, 3996 MHz, 249.36 W, 40
2026/09/10 15:05:28.414, GPU-ab0e8f8b-abe0-a03f-c8e9-65622211a5f4, 2032 MHz, 3996 MHz, 249.36 W, 40
2026/09/10 15:05:28.614, GPU-ab0e8f8b-abe0-a03f-c8e9-65622211a5f4, 2032 MHz, 3996 MHz, 249.36 W, 40
2026/09/10 15:05:28.814, GPU-ab0e8f8b-abe0-a03f-c8e9-65622211a5f4, 2032 MHz, 3996 MHz, 249.40 W, 40
2026/09/10 15:05:29.014, GPU-ab0e8f8b-abe0-a03f-c8e9-65622211a5f4, 2032 MHz, 3996 MHz, 249.55 W, 40
2026/09/10 15:05:29.214, GPU-ab0e8f8b-abe0-a03f-c8e9-65622211a5f4, 2032 MHz, 3996 MHz, 249.55 W, 40
2026/09/10 15:05:29.414, GPU-ab0e8f8b-abe0-a03f-c8e9-65622211a5f4, 2032 MHz, 3996 MHz, 250.09 W, 40
2026/09/10 15:05:29.614, GPU-ab0e8f8b-abe0-a03f-c8e9-65622211a5f4, 2032 MHz, 3996 MHz, 262.56 W, 40
2026/09/10 15:05:29.814, GPU-ab0e8f8b-abe0-a03f-c8e9-65622211a5f4, 2032 MHz, 3996 MHz, 271.79 W, 41
2026/09/10 15:05:30.014, GPU-ab0e8f8b-abe0-a03f-c8e9-65622211a5f4, 2032 MHz, 3996 MHz, 281.00 W, 41
2026/09/10 15:05:30.214, GPU-ab0e8f8b-abe0-a03f-c8e9-65622211a5f4, 2032 MHz, 3996 MHz, 289.81 W, 41
2026/09/10 15:05:30.414, GPU-ab0e8f8b-abe0-a03f-c8e9-65622211a5f4, 2032 MHz, 3996 MHz, 288.84 W, 40
2026/09/10 15:05:30.615, GPU-ab0e8f8b-abe0-a03f-c8e9-65622211a5f4, 2032 MHz, 3996 MHz, 277.84 W, 40
2026/09/10 15:05:30.816, GPU-ab0e8f8b-abe0-a03f-c8e9-65622211a5f4, 2032 MHz, 3996 MHz, 267.77 W, 40
2026/09/10 15:05:31.017, GPU-ab0e8f8b-abe0-a03f-c8e9-65622211a5f4, 2032 MHz, 3996 MHz, 258.99 W, 40
2026/09/10 15:05:31.217, GPU-ab0e8f8b-abe0-a03f-c8e9-65622211a5f4, 2032 MHz, 3996 MHz, 250.17 W, 40
2026/09/10 15:05:31.417, GPU-ab0e8f8b-abe0-a03f-c8e9-65622211a5f4, 2032 MHz, 3996 MHz, 249.72 W, 40
2026/09/10 15:05:31.617, GPU-ab0e8f8b-abe0-a03f-c8e9-65622211a5f4, 2032 MHz, 3996 MHz, 249.44 W, 40
2026/09/10 15:05:31.817, GPU-ab0e8f8b-abe0-a03f-c8e9-65622211a5f4, 2032 MHz, 3996 MHz, 249.67 W, 40
2026/09/10 15:05:32.017, GPU-ab0e8f8b-abe0-a03f-c8e9-65622211a5f4, 2032 MHz, 3996 MHz, 249.95 W, 40
2026/09/10 15:05:32.217, GPU-ab0e8f8b-abe0-a03f-c8e9-65622211a5f4, 2032 MHz, 3996 MHz, 250.06 W, 40
2026/09/10 15:05:32.417, GPU-ab0e8f8b-abe0-a03f-c8e9-65622211a5f4, 2032 MHz, 3996 MHz, 250.45 W, 40
2026/09/10 15:05:32.618, GPU-ab0e8f8b-abe0-a03f-c8e9-65622211a5f4, 2032 MHz, 3996 MHz, 267.64 W, 41
2026/09/10 15:05:32.818, GPU-ab0e8f8b-abe0-a03f-c8e9-65622211a5f4, 2032 MHz, 3996 MHz, 276.96 W, 41
2026/09/10 15:05:33.018, GPU-ab0e8f8b-abe0-a03f-c8e9-65622211a5f4, 2032 MHz, 3996 MHz, 285.17 W, 41
2026/09/10 15:05:33.218, GPU-ab0e8f8b-abe0-a03f-c8e9-65622211a5f4, 2032 MHz, 3996 MHz, 289.54 W, 41
2026/09/10 15:05:33.418, GPU-ab0e8f8b-abe0-a03f-c8e9-65622211a5f4, 2032 MHz, 3996 MHz, 281.55 W, 40
2026/09/10 15:05:33.618, GPU-ab0e8f8b-abe0-a03f-c8e9-65622211a5f4, 2032 MHz, 3996 MHz, 272.32 W, 40
2026/09/10 15:05:33.818, GPU-ab0e8f8b-abe0-a03f-c8e9-65622211a5f4, 2032 MHz, 3996 MHz, 263.31 W, 40
2026/09/10 15:05:34.018, GPU-ab0e8f8b-abe0-a03f-c8e9-65622211a5f4, 2032 MHz, 3996 MHz, 254.31 W, 40
2026/09/10 15:05:34.218, GPU-ab0e8f8b-abe0-a03f-c8e9-65622211a5f4, 2032 MHz, 3996 MHz, 249.71 W, 40
2026/09/10 15:05:34.418, GPU-ab0e8f8b-abe0-a03f-c8e9-65622211a5f4, 2032 MHz, 3996 MHz, 249.36 W, 40
2026/09/10 15:05:34.618, GPU-ab0e8f8b-abe0-a03f-c8e9-65622211a5f4, 2032 MHz, 3996 MHz, 249.40 W, 40
2026/09/10 15:05:34.819, GPU-ab0e8f8b-abe0-a03f-c8e9-65622211a5f4, 2032 MHz, 3996 MHz, 249.64 W, 40
2026/09/10 15:05:35.019, GPU-ab0e8f8b-abe0-a03f-c8e9-65622211a5f4, 2032 MHz, 3996 MHz, 249.83 W, 40
2026/09/10 15:05:35.219, GPU-ab0e8f8b-abe0-a03f-c8e9-65622211a5f4, 2032 MHz, 3996 MHz, 254.13 W, 40
2026/09/10 15:05:35.419, GPU-ab0e8f8b-abe0-a03f-c8e9-65622211a5f4, 2032 MHz, 3996 MHz, 262.21 W, 41
2026/09/10 15:05:35.619, GPU-ab0e8f8b-abe0-a03f-c8e9-65622211a5f4, 2032 MHz, 3996 MHz, 272.41 W, 41
2026/09/10 15:05:35.819, GPU-ab0e8f8b-abe0-a03f-c8e9-65622211a5f4, 2032 MHz, 3996 MHz, 280.90 W, 41
2026/09/10 15:05:36.019, GPU-ab0e8f8b-abe0-a03f-c8e9-65622211a5f4, 2032 MHz, 3996 MHz, 285.43 W, 41
2026/09/10 15:05:36.219, GPU-ab0e8f8b-abe0-a03f-c8e9-65622211a5f4, 2032 MHz, 3996 MHz, 287.11 W, 40
2026/09/10 15:05:36.419, GPU-ab0e8f8b-abe0-a03f-c8e9-65622211a5f4, 2032 MHz, 3996 MHz, 279.99 W, 40
2026/09/10 15:05:36.619, GPU-ab0e8f8b-abe0-a03f-c8e9-65622211a5f4, 2032 MHz, 3996 MHz, 270.36 W, 40
2026/09/10 15:05:36.819, GPU-ab0e8f8b-abe0-a03f-c8e9-65622211a5f4, 2032 MHz, 3996 MHz, 338.22 W, 47
2026/09/10 15:05:37.020, GPU-ab0e8f8b-abe0-a03f-c8e9-65622211a5f4, 2002 MHz, 3996 MHz, 503.66 W, 51
2026/09/10 15:05:37.220, GPU-ab0e8f8b-abe0-a03f-c8e9-65622211a5f4, 2032 MHz, 3996 MHz, 626.06 W, 47
2026/09/10 15:05:37.420, GPU-ab0e8f8b-abe0-a03f-c8e9-65622211a5f4, 2032 MHz, 3996 MHz, 627.39 W, 45
2026/09/10 15:05:37.620, GPU-ab0e8f8b-abe0-a03f-c8e9-65622211a5f4, 2032 MHz, 3996 MHz, 627.65 W, 43
2026/09/10 15:05:37.820, GPU-ab0e8f8b-abe0-a03f-c8e9-65622211a5f4, 2032 MHz, 3996 MHz, 560.04 W, 42
2026/09/10 15:05:38.020, GPU-ab0e8f8b-abe0-a03f-c8e9-65622211a5f4, 2032 MHz, 3996 MHz, 392.14 W, 42
2026/09/10 15:05:38.220, GPU-ab0e8f8b-abe0-a03f-c8e9-65622211a5f4, 2032 MHz, 3996 MHz, 252.89 W, 41
2026/09/10 15:05:38.420, GPU-ab0e8f8b-abe0-a03f-c8e9-65622211a5f4, 2032 MHz, 3996 MHz, 251.86 W, 41
2026/09/10 15:05:38.620, GPU-ab0e8f8b-abe0-a03f-c8e9-65622211a5f4, 2032 MHz, 3996 MHz, 251.47 W, 41
2026/09/10 15:05:38.820, GPU-ab0e8f8b-abe0-a03f-c8e9-65622211a5f4, 2032 MHz, 3996 MHz, 251.20 W, 40
2026/09/10 15:05:39.020, GPU-ab0e8f8b-abe0-a03f-c8e9-65622211a5f4, 2032 MHz, 3996 MHz, 251.20 W, 40
2026/09/10 15:05:39.220, GPU-ab0e8f8b-abe0-a03f-c8e9-65622211a5f4, 2032 MHz, 3996 MHz, 251.16 W, 40
2026/09/10 15:05:39.421, GPU-ab0e8f8b-abe0-a03f-c8e9-65622211a5f4, 2032 MHz, 3996 MHz, 250.82 W, 40
2026/09/10 15:05:39.621, GPU-ab0e8f8b-abe0-a03f-c8e9-65622211a5f4, 2032 MHz, 3996 MHz, 255.99 W, 41
2026/09/10 15:05:39.821, GPU-ab0e8f8b-abe0-a03f-c8e9-65622211a5f4, 2032 MHz, 3996 MHz, 264.55 W, 41
2026/09/10 15:05:40.021, GPU-ab0e8f8b-abe0-a03f-c8e9-65622211a5f4, 2032 MHz, 3996 MHz, 267.27 W, 40
2026/09/10 15:05:40.221, GPU-ab0e8f8b-abe0-a03f-c8e9-65622211a5f4, 2032 MHz, 3996 MHz, 275.37 W, 41
2026/09/10 15:05:40.421, GPU-ab0e8f8b-abe0-a03f-c8e9-65622211a5f4, 2032 MHz, 3996 MHz, 287.23 W, 41
2026/09/10 15:05:40.621, GPU-ab0e8f8b-abe0-a03f-c8e9-65622211a5f4, 2032 MHz, 3996 MHz, 287.60 W, 41
2026/09/10 15:05:40.821, GPU-ab0e8f8b-abe0-a03f-c8e9-65622211a5f4, 2032 MHz, 3996 MHz, 289.18 W, 41
2026/09/10 15:05:41.021, GPU-ab0e8f8b-abe0-a03f-c8e9-65622211a5f4, 2032 MHz, 3996 MHz, 299.92 W, 42
2026/09/10 15:05:41.221, GPU-ab0e8f8b-abe0-a03f-c8e9-65622211a5f4, 2032 MHz, 3996 MHz, 294.85 W, 41
2026/09/10 15:05:41.422, GPU-ab0e8f8b-abe0-a03f-c8e9-65622211a5f4, 2032 MHz, 3996 MHz, 285.50 W, 41
2026/09/10 15:05:41.622, GPU-ab0e8f8b-abe0-a03f-c8e9-65622211a5f4, 2032 MHz, 3996 MHz, 278.70 W, 40
2026/09/10 15:05:41.822, GPU-ab0e8f8b-abe0-a03f-c8e9-65622211a5f4, 2032 MHz, 3996 MHz, 270.56 W, 40
2026/09/10 15:05:42.022, GPU-ab0e8f8b-abe0-a03f-c8e9-65622211a5f4, 2032 MHz, 3996 MHz, 256.61 W, 40
2026/09/10 15:05:42.222, GPU-ab0e8f8b-abe0-a03f-c8e9-65622211a5f4, 2032 MHz, 3996 MHz, 254.56 W, 40
2026/09/10 15:05:42.422, GPU-ab0e8f8b-abe0-a03f-c8e9-65622211a5f4, 2032 MHz, 3996 MHz, 254.23 W, 40
2026/09/10 15:05:42.622, GPU-ab0e8f8b-abe0-a03f-c8e9-65622211a5f4, 2032 MHz, 3996 MHz, 253.92 W, 40
2026/09/10 15:05:42.822, GPU-ab0e8f8b-abe0-a03f-c8e9-65622211a5f4, 2032 MHz, 3996 MHz, 253.64 W, 40
2026/09/10 15:05:43.022, GPU-ab0e8f8b-abe0-a03f-c8e9-65622211a5f4, 2032 MHz, 3996 MHz, 253.61 W, 40
2026/09/10 15:05:43.223, GPU-ab0e8f8b-abe0-a03f-c8e9-65622211a5f4, 2032 MHz, 3996 MHz, 253.57 W, 40
2026/09/10 15:05:43.423, GPU-ab0e8f8b-abe0-a03f-c8e9-65622211a5f4, 2032 MHz, 3996 MHz, 253.69 W, 40
2026/09/10 15:05:43.623, GPU-ab0e8f8b-abe0-a03f-c8e9-65622211a5f4, 2032 MHz, 3996 MHz, 253.77 W, 40
2026/09/10 15:05:43.823, GPU-ab0e8f8b-abe0-a03f-c8e9-65622211a5f4, 2032 MHz, 3996 MHz, 253.81 W, 40
2026/09/10 15:05:44.023, GPU-ab0e8f8b-abe0-a03f-c8e9-65622211a5f4, 2032 MHz, 3996 MHz, 253.77 W, 40
2026/09/10 15:05:44.223, GPU-ab0e8f8b-abe0-a03f-c8e9-65622211a5f4, 2032 MHz, 3996 MHz, 254.02 W, 40
2026/09/10 15:05:44.423, GPU-ab0e8f8b-abe0-a03f-c8e9-65622211a5f4, 2032 MHz, 3996 MHz, 254.10 W, 40
2026/09/10 15:05:44.623, GPU-ab0e8f8b-abe0-a03f-c8e9-65622211a5f4, 2032 MHz, 3996 MHz, 254.29 W, 40
2026/09/10 15:05:44.823, GPU-ab0e8f8b-abe0-a03f-c8e9-65622211a5f4, 2032 MHz, 3996 MHz, 260.48 W, 41
2026/09/10 15:05:45.023, GPU-ab0e8f8b-abe0-a03f-c8e9-65622211a5f4, 2032 MHz, 3996 MHz, 267.47 W, 41
2026/09/10 15:05:45.224, GPU-ab0e8f8b-abe0-a03f-c8e9-65622211a5f4, 2032 MHz, 3996 MHz, 269.03 W, 40
2026/09/10 15:05:45.424, GPU-ab0e8f8b-abe0-a03f-c8e9-65622211a5f4, 2032 MHz, 3996 MHz, 267.50 W, 40
2026/09/10 15:05:45.624, GPU-ab0e8f8b-abe0-a03f-c8e9-65622211a5f4, 2032 MHz, 3996 MHz, 266.19 W, 40
2026/09/10 15:05:45.824, GPU-ab0e8f8b-abe0-a03f-c8e9-65622211a5f4, 2032 MHz, 3996 MHz, 260.07 W, 40
2026/09/10 15:05:46.024, GPU-ab0e8f8b-abe0-a03f-c8e9-65622211a5f4, 2032 MHz, 3996 MHz, 249.32 W, 40
2026/09/10 15:05:46.224, GPU-ab0e8f8b-abe0-a03f-c8e9-65622211a5f4, 2032 MHz, 3996 MHz, 246.08 W, 40
2026/09/10 15:05:46.426, GPU-ab0e8f8b-abe0-a03f-c8e9-65622211a5f4, 2032 MHz, 3996 MHz, 245.81 W, 40
2026/09/10 15:05:46.627, GPU-ab0e8f8b-abe0-a03f-c8e9-65622211a5f4, 2032 MHz, 3996 MHz, 245.55 W, 40
2026/09/10 15:05:46.827, GPU-ab0e8f8b-abe0-a03f-c8e9-65622211a5f4, 2032 MHz, 3996 MHz, 245.55 W, 40
2026/09/10 15:05:47.027, GPU-ab0e8f8b-abe0-a03f-c8e9-65622211a5f4, 2032 MHz, 3996 MHz, 245.51 W, 40
2026/09/10 15:05:47.227, GPU-ab0e8f8b-abe0-a03f-c8e9-65622211a5f4, 2032 MHz, 3996 MHz, 245.43 W, 40
2026/09/10 15:05:47.427, GPU-ab0e8f8b-abe0-a03f-c8e9-65622211a5f4, 2032 MHz, 3996 MHz, 245.43 W, 40
2026/09/10 15:05:47.627, GPU-ab0e8f8b-abe0-a03f-c8e9-65622211a5f4, 2032 MHz, 3996 MHz, 245.44 W, 40
2026/09/10 15:05:47.827, GPU-ab0e8f8b-abe0-a03f-c8e9-65622211a5f4, 2032 MHz, 3996 MHz, 245.43 W, 40
2026/09/10 15:05:48.027, GPU-ab0e8f8b-abe0-a03f-c8e9-65622211a5f4, 2032 MHz, 3996 MHz, 245.55 W, 40
2026/09/10 15:05:48.227, GPU-ab0e8f8b-abe0-a03f-c8e9-65622211a5f4, 2032 MHz, 3996 MHz, 245.43 W, 40
2026/09/10 15:05:48.427, GPU-ab0e8f8b-abe0-a03f-c8e9-65622211a5f4, 2032 MHz, 3996 MHz, 245.77 W, 40
2026/09/10 15:05:48.628, GPU-ab0e8f8b-abe0-a03f-c8e9-65622211a5f4, 2032 MHz, 3996 MHz, 257.24 W, 40
2026/09/10 15:05:48.828, GPU-ab0e8f8b-abe0-a03f-c8e9-65622211a5f4, 2032 MHz, 3996 MHz, 266.62 W, 41
2026/09/10 15:05:49.028, GPU-ab0e8f8b-abe0-a03f-c8e9-65622211a5f4, 2032 MHz, 3996 MHz, 278.50 W, 41
2026/09/10 15:05:49.228, GPU-ab0e8f8b-abe0-a03f-c8e9-65622211a5f4, 2032 MHz, 3996 MHz, 289.24 W, 41
2026/09/10 15:05:49.428, GPU-ab0e8f8b-abe0-a03f-c8e9-65622211a5f4, 2032 MHz, 3996 MHz, 299.75 W, 41
2026/09/10 15:05:49.628, GPU-ab0e8f8b-abe0-a03f-c8e9-65622211a5f4, 2032 MHz, 3996 MHz, 293.09 W, 41
2026/09/10 15:05:49.828, GPU-ab0e8f8b-abe0-a03f-c8e9-65622211a5f4, 2032 MHz, 3996 MHz, 285.29 W, 40
2026/09/10 15:05:50.030, GPU-ab0e8f8b-abe0-a03f-c8e9-65622211a5f4, 2032 MHz, 3996 MHz, 275.98 W, 40
2026/09/10 15:05:50.231, GPU-ab0e8f8b-abe0-a03f-c8e9-65622211a5f4, 2032 MHz, 3996 MHz, 265.70 W, 40
2026/09/10 15:05:50.431, GPU-ab0e8f8b-abe0-a03f-c8e9-65622211a5f4, 2032 MHz, 3996 MHz, 257.34 W, 40
2026/09/10 15:05:50.631, GPU-ab0e8f8b-abe0-a03f-c8e9-65622211a5f4, 2032 MHz, 3996 MHz, 254.00 W, 40
2026/09/10 15:05:50.831, GPU-ab0e8f8b-abe0-a03f-c8e9-65622211a5f4, 2032 MHz, 3996 MHz, 253.60 W, 40
2026/09/10 15:05:51.031, GPU-ab0e8f8b-abe0-a03f-c8e9-65622211a5f4, 2032 MHz, 3996 MHz, 253.57 W, 40
2026/09/10 15:05:51.231, GPU-ab0e8f8b-abe0-a03f-c8e9-65622211a5f4, 2032 MHz, 3996 MHz, 253.41 W, 40
2026/09/10 15:05:51.431, GPU-ab0e8f8b-abe0-a03f-c8e9-65622211a5f4, 2032 MHz, 3996 MHz, 253.46 W, 40
2026/09/10 15:05:51.631, GPU-ab0e8f8b-abe0-a03f-c8e9-65622211a5f4, 2032 MHz, 3996 MHz, 253.72 W, 40
2026/09/10 15:05:51.831, GPU-ab0e8f8b-abe0-a03f-c8e9-65622211a5f4, 2032 MHz, 3996 MHz, 253.80 W, 40
2026/09/10 15:05:52.031, GPU-ab0e8f8b-abe0-a03f-c8e9-65622211a5f4, 2032 MHz, 3996 MHz, 253.91 W, 40
2026/09/10 15:05:52.232, GPU-ab0e8f8b-abe0-a03f-c8e9-65622211a5f4, 2032 MHz, 3996 MHz, 258.90 W, 40
2026/09/10 15:05:52.432, GPU-ab0e8f8b-abe0-a03f-c8e9-65622211a5f4, 2032 MHz, 3996 MHz, 266.69 W, 41
2026/09/10 15:05:52.632, GPU-ab0e8f8b-abe0-a03f-c8e9-65622211a5f4, 2032 MHz, 3996 MHz, 275.35 W, 41
2026/09/10 15:05:52.832, GPU-ab0e8f8b-abe0-a03f-c8e9-65622211a5f4, 2032 MHz, 3996 MHz, 284.93 W, 41
2026/09/10 15:05:53.032, GPU-ab0e8f8b-abe0-a03f-c8e9-65622211a5f4, 2032 MHz, 3996 MHz, 292.86 W, 41
2026/09/10 15:05:53.232, GPU-ab0e8f8b-abe0-a03f-c8e9-65622211a5f4, 2032 MHz, 3996 MHz, 293.78 W, 41
2026/09/10 15:05:53.432, GPU-ab0e8f8b-abe0-a03f-c8e9-65622211a5f4, 2032 MHz, 3996 MHz, 285.51 W, 40
2026/09/10 15:05:53.632, GPU-ab0e8f8b-abe0-a03f-c8e9-65622211a5f4, 2032 MHz, 3996 MHz, 276.01 W, 40
2026/09/10 15:05:53.833, GPU-ab0e8f8b-abe0-a03f-c8e9-65622211a5f4, 2032 MHz, 3996 MHz, 267.07 W, 40
2026/09/10 15:05:54.033, GPU-ab0e8f8b-abe0-a03f-c8e9-65622211a5f4, 2032 MHz, 3996 MHz, 257.10 W, 40
2026/09/10 15:05:54.233, GPU-ab0e8f8b-abe0-a03f-c8e9-65622211a5f4, 2032 MHz, 3996 MHz, 251.54 W, 40
2026/09/10 15:05:54.433, GPU-ab0e8f8b-abe0-a03f-c8e9-65622211a5f4, 2032 MHz, 3996 MHz, 251.31 W, 40
2026/09/10 15:05:54.633, GPU-ab0e8f8b-abe0-a03f-c8e9-65622211a5f4, 2032 MHz, 3996 MHz, 251.31 W, 40
2026/09/10 15:05:54.833, GPU-ab0e8f8b-abe0-a03f-c8e9-65622211a5f4, 2032 MHz, 3996 MHz, 251.31 W, 40
2026/09/10 15:05:55.033, GPU-ab0e8f8b-abe0-a03f-c8e9-65622211a5f4, 2032 MHz, 3996 MHz, 251.31 W, 40
2026/09/10 15:05:55.233, GPU-ab0e8f8b-abe0-a03f-c8e9-65622211a5f4, 2032 MHz, 3996 MHz, 251.35 W, 40
2026/09/10 15:05:55.434, GPU-ab0e8f8b-abe0-a03f-c8e9-65622211a5f4, 2032 MHz, 3996 MHz, 251.54 W, 40
2026/09/10 15:05:55.634, GPU-ab0e8f8b-abe0-a03f-c8e9-65622211a5f4, 2032 MHz, 3996 MHz, 251.50 W, 40
2026/09/10 15:05:55.834, GPU-ab0e8f8b-abe0-a03f-c8e9-65622211a5f4, 2032 MHz, 3996 MHz, 258.45 W, 40
2026/09/10 15:05:56.034, GPU-ab0e8f8b-abe0-a03f-c8e9-65622211a5f4, 2032 MHz, 3996 MHz, 266.19 W, 41
2026/09/10 15:05:56.234, GPU-ab0e8f8b-abe0-a03f-c8e9-65622211a5f4, 2032 MHz, 3996 MHz, 275.96 W, 41
2026/09/10 15:05:56.434, GPU-ab0e8f8b-abe0-a03f-c8e9-65622211a5f4, 2032 MHz, 3996 MHz, 284.30 W, 41
2026/09/10 15:05:56.634, GPU-ab0e8f8b-abe0-a03f-c8e9-65622211a5f4, 2032 MHz, 3996 MHz, 293.92 W, 41
2026/09/10 15:05:56.835, GPU-ab0e8f8b-abe0-a03f-c8e9-65622211a5f4, 2032 MHz, 3996 MHz, 294.03 W, 40
2026/09/10 15:05:57.035, GPU-ab0e8f8b-abe0-a03f-c8e9-65622211a5f4, 2032 MHz, 3996 MHz, 280.85 W, 40
2026/09/10 15:05:57.237, GPU-ab0e8f8b-abe0-a03f-c8e9-65622211a5f4, 2032 MHz, 3996 MHz, 271.74 W, 40
2026/09/10 15:05:57.438, GPU-ab0e8f8b-abe0-a03f-c8e9-65622211a5f4, 2032 MHz, 3996 MHz, 261.79 W, 40
2026/09/10 15:05:57.638, GPU-ab0e8f8b-abe0-a03f-c8e9-65622211a5f4, 2032 MHz, 3996 MHz, 253.48 W, 40
2026/09/10 15:05:57.838, GPU-ab0e8f8b-abe0-a03f-c8e9-65622211a5f4, 2032 MHz, 3996 MHz, 250.61 W, 40
2026/09/10 15:05:58.038, GPU-ab0e8f8b-abe0-a03f-c8e9-65622211a5f4, 2032 MHz, 3996 MHz, 250.24 W, 40
2026/09/10 15:05:58.238, GPU-ab0e8f8b-abe0-a03f-c8e9-65622211a5f4, 2032 MHz, 3996 MHz, 250.03 W, 40
2026/09/10 15:05:58.438, GPU-ab0e8f8b-abe0-a03f-c8e9-65622211a5f4, 2032 MHz, 3996 MHz, 249.91 W, 40
2026/09/10 15:05:58.639, GPU-ab0e8f8b-abe0-a03f-c8e9-65622211a5f4, 2032 MHz, 3996 MHz, 249.98 W, 40
2026/09/10 15:05:58.839, GPU-ab0e8f8b-abe0-a03f-c8e9-65622211a5f4, 2032 MHz, 3996 MHz, 250.22 W, 40
2026/09/10 15:05:59.039, GPU-ab0e8f8b-abe0-a03f-c8e9-65622211a5f4, 2032 MHz, 3996 MHz, 250.15 W, 40
2026/09/10 15:05:59.239, GPU-ab0e8f8b-abe0-a03f-c8e9-65622211a5f4, 2032 MHz, 3996 MHz, 250.30 W, 40
2026/09/10 15:05:59.439, GPU-ab0e8f8b-abe0-a03f-c8e9-65622211a5f4, 2032 MHz, 3996 MHz, 260.83 W, 40
2026/09/10 15:05:59.639, GPU-ab0e8f8b-abe0-a03f-c8e9-65622211a5f4, 2032 MHz, 3996 MHz, 269.98 W, 41
2026/09/10 15:05:59.839, GPU-ab0e8f8b-abe0-a03f-c8e9-65622211a5f4, 2032 MHz, 3996 MHz, 279.21 W, 41
2026/09/10 15:06:00.039, GPU-ab0e8f8b-abe0-a03f-c8e9-65622211a5f4, 2032 MHz, 3996 MHz, 289.16 W, 41
2026/09/10 15:06:00.239, GPU-ab0e8f8b-abe0-a03f-c8e9-65622211a5f4, 2032 MHz, 3996 MHz, 294.88 W, 41
2026/09/10 15:06:00.439, GPU-ab0e8f8b-abe0-a03f-c8e9-65622211a5f4, 2032 MHz, 3996 MHz, 285.45 W, 40
2026/09/10 15:06:00.640, GPU-ab0e8f8b-abe0-a03f-c8e9-65622211a5f4, 2032 MHz, 3996 MHz, 276.65 W, 40
2026/09/10 15:06:00.840, GPU-ab0e8f8b-abe0-a03f-c8e9-65622211a5f4, 2032 MHz, 3996 MHz, 266.59 W, 40
2026/09/10 15:06:01.040, GPU-ab0e8f8b-abe0-a03f-c8e9-65622211a5f4, 2032 MHz, 3996 MHz, 258.20 W, 40
2026/09/10 15:06:01.240, GPU-ab0e8f8b-abe0-a03f-c8e9-65622211a5f4, 2032 MHz, 3996 MHz, 250.65 W, 40
2026/09/10 15:06:01.440, GPU-ab0e8f8b-abe0-a03f-c8e9-65622211a5f4, 2032 MHz, 3996 MHz, 250.44 W, 40
2026/09/10 15:06:01.640, GPU-ab0e8f8b-abe0-a03f-c8e9-65622211a5f4, 2032 MHz, 3996 MHz, 250.05 W, 40
2026/09/10 15:06:01.840, GPU-ab0e8f8b-abe0-a03f-c8e9-65622211a5f4, 2032 MHz, 3996 MHz, 250.01 W, 40
2026/09/10 15:06:02.040, GPU-ab0e8f8b-abe0-a03f-c8e9-65622211a5f4, 2032 MHz, 3996 MHz, 249.95 W, 40
2026/09/10 15:06:02.240, GPU-ab0e8f8b-abe0-a03f-c8e9-65622211a5f4, 2032 MHz, 3996 MHz, 250.22 W, 40
2026/09/10 15:06:02.441, GPU-ab0e8f8b-abe0-a03f-c8e9-65622211a5f4, 2032 MHz, 3996 MHz, 250.36 W, 40
2026/09/10 15:06:02.641, GPU-ab0e8f8b-abe0-a03f-c8e9-65622211a5f4, 2032 MHz, 3996 MHz, 250.55 W, 40
2026/09/10 15:06:02.841, GPU-ab0e8f8b-abe0-a03f-c8e9-65622211a5f4, 2032 MHz, 3996 MHz, 256.62 W, 40
2026/09/10 15:06:03.041, GPU-ab0e8f8b-abe0-a03f-c8e9-65622211a5f4, 2032 MHz, 3996 MHz, 265.96 W, 41
2026/09/10 15:06:03.241, GPU-ab0e8f8b-abe0-a03f-c8e9-65622211a5f4, 2032 MHz, 3996 MHz, 275.08 W, 41
2026/09/10 15:06:03.441, GPU-ab0e8f8b-abe0-a03f-c8e9-65622211a5f4, 2032 MHz, 3996 MHz, 284.05 W, 41
2026/09/10 15:06:03.641, GPU-ab0e8f8b-abe0-a03f-c8e9-65622211a5f4, 2032 MHz, 3996 MHz, 291.47 W, 41
2026/09/10 15:06:03.841, GPU-ab0e8f8b-abe0-a03f-c8e9-65622211a5f4, 2032 MHz, 3996 MHz, 286.30 W, 40
2026/09/10 15:06:04.042, GPU-ab0e8f8b-abe0-a03f-c8e9-65622211a5f4, 2032 MHz, 3996 MHz, 277.37 W, 40
2026/09/10 15:06:04.242, GPU-ab0e8f8b-abe0-a03f-c8e9-65622211a5f4, 2032 MHz, 3996 MHz, 267.27 W, 40
2026/09/10 15:06:04.442, GPU-ab0e8f8b-abe0-a03f-c8e9-65622211a5f4, 2032 MHz, 3996 MHz, 257.80 W, 40
2026/09/10 15:06:04.642, GPU-ab0e8f8b-abe0-a03f-c8e9-65622211a5f4, 2032 MHz, 3996 MHz, 249.97 W, 40
2026/09/10 15:06:04.842, GPU-ab0e8f8b-abe0-a03f-c8e9-65622211a5f4, 2032 MHz, 3996 MHz, 249.69 W, 40
2026/09/10 15:06:05.042, GPU-ab0e8f8b-abe0-a03f-c8e9-65622211a5f4, 2032 MHz, 3996 MHz, 249.36 W, 40
2026/09/10 15:06:05.242, GPU-ab0e8f8b-abe0-a03f-c8e9-65622211a5f4, 2032 MHz, 3996 MHz, 249.36 W, 40
2026/09/10 15:06:05.442, GPU-ab0e8f8b-abe0-a03f-c8e9-65622211a5f4, 2032 MHz, 3996 MHz, 249.36 W, 40
2026/09/10 15:06:05.643, GPU-ab0e8f8b-abe0-a03f-c8e9-65622211a5f4, 2032 MHz, 3996 MHz, 249.55 W, 40
2026/09/10 15:06:05.843, GPU-ab0e8f8b-abe0-a03f-c8e9-65622211a5f4, 2032 MHz, 3996 MHz, 249.67 W, 40
2026/09/10 15:06:06.043, GPU-ab0e8f8b-abe0-a03f-c8e9-65622211a5f4, 2032 MHz, 3996 MHz, 249.75 W, 40
2026/09/10 15:06:06.243, GPU-ab0e8f8b-abe0-a03f-c8e9-65622211a5f4, 2032 MHz, 3996 MHz, 250.65 W, 40
2026/09/10 15:06:06.443, GPU-ab0e8f8b-abe0-a03f-c8e9-65622211a5f4, 2032 MHz, 3996 MHz, 264.52 W, 41
2026/09/10 15:06:06.643, GPU-ab0e8f8b-abe0-a03f-c8e9-65622211a5f4, 2032 MHz, 3996 MHz, 273.54 W, 41
2026/09/10 15:06:06.843, GPU-ab0e8f8b-abe0-a03f-c8e9-65622211a5f4, 2032 MHz, 3996 MHz, 282.79 W, 41
2026/09/10 15:06:07.043, GPU-ab0e8f8b-abe0-a03f-c8e9-65622211a5f4, 2032 MHz, 3996 MHz, 291.46 W, 41
2026/09/10 15:06:07.244, GPU-ab0e8f8b-abe0-a03f-c8e9-65622211a5f4, 2032 MHz, 3996 MHz, 291.60 W, 40
2026/09/10 15:06:07.444, GPU-ab0e8f8b-abe0-a03f-c8e9-65622211a5f4, 2032 MHz, 3996 MHz, 278.36 W, 40
2026/09/10 15:06:07.644, GPU-ab0e8f8b-abe0-a03f-c8e9-65622211a5f4, 2032 MHz, 3996 MHz, 268.39 W, 40
2026/09/10 15:06:07.844, GPU-ab0e8f8b-abe0-a03f-c8e9-65622211a5f4, 2032 MHz, 3996 MHz, 258.84 W, 40
2026/09/10 15:06:08.044, GPU-ab0e8f8b-abe0-a03f-c8e9-65622211a5f4, 2032 MHz, 3996 MHz, 250.02 W, 40
2026/09/10 15:06:08.244, GPU-ab0e8f8b-abe0-a03f-c8e9-65622211a5f4, 2032 MHz, 3996 MHz, 249.68 W, 40
2026/09/10 15:06:08.444, GPU-ab0e8f8b-abe0-a03f-c8e9-65622211a5f4, 2032 MHz, 3996 MHz, 249.36 W, 40
2026/09/10 15:06:08.644, GPU-ab0e8f8b-abe0-a03f-c8e9-65622211a5f4, 2032 MHz, 3996 MHz, 249.36 W, 40
2026/09/10 15:06:08.845, GPU-ab0e8f8b-abe0-a03f-c8e9-65622211a5f4, 2032 MHz, 3996 MHz, 249.36 W, 40
2026/09/10 15:06:09.045, GPU-ab0e8f8b-abe0-a03f-c8e9-65622211a5f4, 2032 MHz, 3996 MHz, 249.48 W, 40
2026/09/10 15:06:09.245, GPU-ab0e8f8b-abe0-a03f-c8e9-65622211a5f4, 2032 MHz, 3996 MHz, 249.60 W, 40
2026/09/10 15:06:09.445, GPU-ab0e8f8b-abe0-a03f-c8e9-65622211a5f4, 2032 MHz, 3996 MHz, 249.63 W, 40
2026/09/10 15:06:09.645, GPU-ab0e8f8b-abe0-a03f-c8e9-65622211a5f4, 2032 MHz, 3996 MHz, 250.14 W, 40
2026/09/10 15:06:09.845, GPU-ab0e8f8b-abe0-a03f-c8e9-65622211a5f4, 2032 MHz, 3996 MHz, 255.44 W, 40
2026/09/10 15:06:10.045, GPU-ab0e8f8b-abe0-a03f-c8e9-65622211a5f4, 2032 MHz, 3996 MHz, 264.60 W, 41
2026/09/10 15:06:10.245, GPU-ab0e8f8b-abe0-a03f-c8e9-65622211a5f4, 2032 MHz, 3996 MHz, 274.22 W, 41
2026/09/10 15:06:10.445, GPU-ab0e8f8b-abe0-a03f-c8e9-65622211a5f4, 2032 MHz, 3996 MHz, 283.55 W, 41
2026/09/10 15:06:10.645, GPU-ab0e8f8b-abe0-a03f-c8e9-65622211a5f4, 2032 MHz, 3996 MHz, 287.77 W, 40
2026/09/10 15:06:10.846, GPU-ab0e8f8b-abe0-a03f-c8e9-65622211a5f4, 2032 MHz, 3996 MHz, 282.26 W, 40
2026/09/10 15:06:11.048, GPU-ab0e8f8b-abe0-a03f-c8e9-65622211a5f4, 2032 MHz, 3996 MHz, 272.91 W, 40
2026/09/10 15:06:11.249, GPU-ab0e8f8b-abe0-a03f-c8e9-65622211a5f4, 2032 MHz, 3996 MHz, 264.01 W, 40
2026/09/10 15:06:11.449, GPU-ab0e8f8b-abe0-a03f-c8e9-65622211a5f4, 2032 MHz, 3996 MHz, 254.88 W, 40
2026/09/10 15:06:11.649, GPU-ab0e8f8b-abe0-a03f-c8e9-65622211a5f4, 2032 MHz, 3996 MHz, 249.75 W, 40
2026/09/10 15:06:11.849, GPU-ab0e8f8b-abe0-a03f-c8e9-65622211a5f4, 2032 MHz, 3996 MHz, 249.36 W, 40
2026/09/10 15:06:12.049, GPU-ab0e8f8b-abe0-a03f-c8e9-65622211a5f4, 2032 MHz, 3996 MHz, 249.36 W, 40
2026/09/10 15:06:12.249, GPU-ab0e8f8b-abe0-a03f-c8e9-65622211a5f4, 2032 MHz, 3996 MHz, 249.36 W, 40
2026/09/10 15:06:12.449, GPU-ab0e8f8b-abe0-a03f-c8e9-65622211a5f4, 2032 MHz, 3996 MHz, 249.40 W, 40
2026/09/10 15:06:12.649, GPU-ab0e8f8b-abe0-a03f-c8e9-65622211a5f4, 2032 MHz, 3996 MHz, 249.52 W, 40
2026/09/10 15:06:12.849, GPU-ab0e8f8b-abe0-a03f-c8e9-65622211a5f4, 2032 MHz, 3996 MHz, 249.64 W, 40
2026/09/10 15:06:13.050, GPU-ab0e8f8b-abe0-a03f-c8e9-65622211a5f4, 2032 MHz, 3996 MHz, 249.75 W, 40
2026/09/10 15:06:13.250, GPU-ab0e8f8b-abe0-a03f-c8e9-65622211a5f4, 2032 MHz, 3996 MHz, 257.75 W, 40
2026/09/10 15:06:13.450, GPU-ab0e8f8b-abe0-a03f-c8e9-65622211a5f4, 2032 MHz, 3996 MHz, 265.07 W, 41
2026/09/10 15:06:13.650, GPU-ab0e8f8b-abe0-a03f-c8e9-65622211a5f4, 2032 MHz, 3996 MHz, 275.03 W, 41
2026/09/10 15:06:13.850, GPU-ab0e8f8b-abe0-a03f-c8e9-65622211a5f4, 2032 MHz, 3996 MHz, 283.59 W, 41
2026/09/10 15:06:14.050, GPU-ab0e8f8b-abe0-a03f-c8e9-65622211a5f4, 2032 MHz, 3996 MHz, 288.81 W, 40
2026/09/10 15:06:14.250, GPU-ab0e8f8b-abe0-a03f-c8e9-65622211a5f4, 2032 MHz, 3996 MHz, 283.36 W, 40
2026/09/10 15:06:14.450, GPU-ab0e8f8b-abe0-a03f-c8e9-65622211a5f4, 2032 MHz, 3996 MHz, 274.36 W, 40
2026/09/10 15:06:14.650, GPU-ab0e8f8b-abe0-a03f-c8e9-65622211a5f4, 2032 MHz, 3996 MHz, 265.23 W, 40
2026/09/10 15:06:14.851, GPU-ab0e8f8b-abe0-a03f-c8e9-65622211a5f4, 2032 MHz, 3996 MHz, 255.98 W, 40
2026/09/10 15:06:15.051, GPU-ab0e8f8b-abe0-a03f-c8e9-65622211a5f4, 2032 MHz, 3996 MHz, 249.75 W, 40
2026/09/10 15:06:15.251, GPU-ab0e8f8b-abe0-a03f-c8e9-65622211a5f4, 2032 MHz, 3996 MHz, 249.40 W, 40
2026/09/10 15:06:15.451, GPU-ab0e8f8b-abe0-a03f-c8e9-65622211a5f4, 2032 MHz, 3996 MHz, 249.36 W, 40
2026/09/10 15:06:15.651, GPU-ab0e8f8b-abe0-a03f-c8e9-65622211a5f4, 2032 MHz, 3996 MHz, 249.36 W, 40
2026/09/10 15:06:15.851, GPU-ab0e8f8b-abe0-a03f-c8e9-65622211a5f4, 2032 MHz, 3996 MHz, 249.36 W, 40
2026/09/10 15:06:16.051, GPU-ab0e8f8b-abe0-a03f-c8e9-65622211a5f4, 2032 MHz, 3996 MHz, 249.55 W, 40
2026/09/10 15:06:16.251, GPU-ab0e8f8b-abe0-a03f-c8e9-65622211a5f4, 2032 MHz, 3996 MHz, 249.64 W, 40
2026/09/10 15:06:16.452, GPU-ab0e8f8b-abe0-a03f-c8e9-65622211a5f4, 2032 MHz, 3996 MHz, 249.71 W, 40
2026/09/10 15:06:16.652, GPU-ab0e8f8b-abe0-a03f-c8e9-65622211a5f4, 2032 MHz, 3996 MHz, 253.48 W, 40
2026/09/10 15:06:16.852, GPU-ab0e8f8b-abe0-a03f-c8e9-65622211a5f4, 2032 MHz, 3996 MHz, 261.70 W, 41
2026/09/10 15:06:17.052, GPU-ab0e8f8b-abe0-a03f-c8e9-65622211a5f4, 2032 MHz, 3996 MHz, 270.85 W, 41
2026/09/10 15:06:17.252, GPU-ab0e8f8b-abe0-a03f-c8e9-65622211a5f4, 2032 MHz, 3996 MHz, 279.37 W, 41
2026/09/10 15:06:17.452, GPU-ab0e8f8b-abe0-a03f-c8e9-65622211a5f4, 2032 MHz, 3996 MHz, 286.69 W, 40
2026/09/10 15:06:17.652, GPU-ab0e8f8b-abe0-a03f-c8e9-65622211a5f4, 2032 MHz, 3996 MHz, 285.31 W, 40
2026/09/10 15:06:17.853, GPU-ab0e8f8b-abe0-a03f-c8e9-65622211a5f4, 2032 MHz, 3996 MHz, 275.70 W, 40
2026/09/10 15:06:18.053, GPU-ab0e8f8b-abe0-a03f-c8e9-65622211a5f4, 2032 MHz, 3996 MHz, 265.90 W, 40
2026/09/10 15:06:18.253, GPU-ab0e8f8b-abe0-a03f-c8e9-65622211a5f4, 2032 MHz, 3996 MHz, 257.43 W, 40
2026/09/10 15:06:18.453, GPU-ab0e8f8b-abe0-a03f-c8e9-65622211a5f4, 2032 MHz, 3996 MHz, 249.91 W, 40
2026/09/10 15:06:18.653, GPU-ab0e8f8b-abe0-a03f-c8e9-65622211a5f4, 2032 MHz, 3996 MHz, 249.44 W, 40
2026/09/10 15:06:18.853, GPU-ab0e8f8b-abe0-a03f-c8e9-65622211a5f4, 2032 MHz, 3996 MHz, 249.36 W, 40
2026/09/10 15:06:19.053, GPU-ab0e8f8b-abe0-a03f-c8e9-65622211a5f4, 2032 MHz, 3996 MHz, 249.36 W, 40
2026/09/10 15:06:19.253, GPU-ab0e8f8b-abe0-a03f-c8e9-65622211a5f4, 2032 MHz, 3996 MHz, 249.36 W, 40
2026/09/10 15:06:19.453, GPU-ab0e8f8b-abe0-a03f-c8e9-65622211a5f4, 2032 MHz, 3996 MHz, 249.44 W, 40
2026/09/10 15:06:19.654, GPU-ab0e8f8b-abe0-a03f-c8e9-65622211a5f4, 2032 MHz, 3996 MHz, 249.67 W, 40
2026/09/10 15:06:19.854, GPU-ab0e8f8b-abe0-a03f-c8e9-65622211a5f4, 2032 MHz, 3996 MHz, 249.71 W, 40
2026/09/10 15:06:20.054, GPU-ab0e8f8b-abe0-a03f-c8e9-65622211a5f4, 2032 MHz, 3996 MHz, 250.81 W, 40
2026/09/10 15:06:20.254, GPU-ab0e8f8b-abe0-a03f-c8e9-65622211a5f4, 2032 MHz, 3996 MHz, 264.30 W, 40
2026/09/10 15:06:20.454, GPU-ab0e8f8b-abe0-a03f-c8e9-65622211a5f4, 2032 MHz, 3996 MHz, 273.70 W, 41
2026/09/10 15:06:20.654, GPU-ab0e8f8b-abe0-a03f-c8e9-65622211a5f4, 2032 MHz, 3996 MHz, 283.30 W, 41
2026/09/10 15:06:20.854, GPU-ab0e8f8b-abe0-a03f-c8e9-65622211a5f4, 2032 MHz, 3996 MHz, 291.26 W, 41
2026/09/10 15:06:21.054, GPU-ab0e8f8b-abe0-a03f-c8e9-65622211a5f4, 2032 MHz, 3996 MHz, 289.75 W, 40
2026/09/10 15:06:21.254, GPU-ab0e8f8b-abe0-a03f-c8e9-65622211a5f4, 2032 MHz, 3996 MHz, 277.41 W, 40
2026/09/10 15:06:21.454, GPU-ab0e8f8b-abe0-a03f-c8e9-65622211a5f4, 2032 MHz, 3996 MHz, 267.78 W, 40
2026/09/10 15:06:21.654, GPU-ab0e8f8b-abe0-a03f-c8e9-65622211a5f4, 2032 MHz, 3996 MHz, 258.50 W, 40
2026/09/10 15:06:21.855, GPU-ab0e8f8b-abe0-a03f-c8e9-65622211a5f4, 2032 MHz, 3996 MHz, 249.79 W, 40
2026/09/10 15:06:22.055, GPU-ab0e8f8b-abe0-a03f-c8e9-65622211a5f4, 2032 MHz, 3996 MHz, 249.48 W, 40
2026/09/10 15:06:22.255, GPU-ab0e8f8b-abe0-a03f-c8e9-65622211a5f4, 2032 MHz, 3996 MHz, 249.36 W, 40
2026/09/10 15:06:22.455, GPU-ab0e8f8b-abe0-a03f-c8e9-65622211a5f4, 2032 MHz, 3996 MHz, 249.36 W, 40
2026/09/10 15:06:22.655, GPU-ab0e8f8b-abe0-a03f-c8e9-65622211a5f4, 2032 MHz, 3996 MHz, 249.36 W, 40
2026/09/10 15:06:22.855, GPU-ab0e8f8b-abe0-a03f-c8e9-65622211a5f4, 2032 MHz, 3996 MHz, 249.44 W, 40
2026/09/10 15:06:23.055, GPU-ab0e8f8b-abe0-a03f-c8e9-65622211a5f4, 2032 MHz, 3996 MHz, 249.68 W, 40
2026/09/10 15:06:23.255, GPU-ab0e8f8b-abe0-a03f-c8e9-65622211a5f4, 2032 MHz, 3996 MHz, 249.71 W, 40
2026/09/10 15:06:23.455, GPU-ab0e8f8b-abe0-a03f-c8e9-65622211a5f4, 2032 MHz, 3996 MHz, 253.80 W, 40
2026/09/10 15:06:23.655, GPU-ab0e8f8b-abe0-a03f-c8e9-65622211a5f4, 2032 MHz, 3996 MHz, 262.08 W, 41
2026/09/10 15:06:23.855, GPU-ab0e8f8b-abe0-a03f-c8e9-65622211a5f4, 2032 MHz, 3996 MHz, 271.39 W, 41
2026/09/10 15:06:24.056, GPU-ab0e8f8b-abe0-a03f-c8e9-65622211a5f4, 2032 MHz, 3996 MHz, 280.82 W, 41
2026/09/10 15:06:24.256, GPU-ab0e8f8b-abe0-a03f-c8e9-65622211a5f4, 2032 MHz, 3996 MHz, 286.94 W, 41
2026/09/10 15:06:24.456, GPU-ab0e8f8b-abe0-a03f-c8e9-65622211a5f4, 2032 MHz, 3996 MHz, 286.79 W, 40
2026/09/10 15:06:24.656, GPU-ab0e8f8b-abe0-a03f-c8e9-65622211a5f4, 2032 MHz, 3996 MHz, 276.31 W, 40
2026/09/10 15:06:24.856, GPU-ab0e8f8b-abe0-a03f-c8e9-65622211a5f4, 2032 MHz, 3996 MHz, 267.06 W, 40
2026/09/10 15:06:25.056, GPU-ab0e8f8b-abe0-a03f-c8e9-65622211a5f4, 2032 MHz, 3996 MHz, 257.59 W, 40
2026/09/10 15:06:25.256, GPU-ab0e8f8b-abe0-a03f-c8e9-65622211a5f4, 2032 MHz, 3996 MHz, 249.91 W, 40
2026/09/10 15:06:25.456, GPU-ab0e8f8b-abe0-a03f-c8e9-65622211a5f4, 2032 MHz, 3996 MHz, 249.53 W, 40
2026/09/10 15:06:25.656, GPU-ab0e8f8b-abe0-a03f-c8e9-65622211a5f4, 2032 MHz, 3996 MHz, 249.36 W, 40
2026/09/10 15:06:25.857, GPU-ab0e8f8b-abe0-a03f-c8e9-65622211a5f4, 2032 MHz, 3996 MHz, 249.36 W, 40
2026/09/10 15:06:26.057, GPU-ab0e8f8b-abe0-a03f-c8e9-65622211a5f4, 2032 MHz, 3996 MHz, 249.36 W, 40
2026/09/10 15:06:26.257, GPU-ab0e8f8b-abe0-a03f-c8e9-65622211a5f4, 2032 MHz, 3996 MHz, 249.44 W, 40
2026/09/10 15:06:26.457, GPU-ab0e8f8b-abe0-a03f-c8e9-65622211a5f4, 2032 MHz, 3996 MHz, 249.56 W, 40
2026/09/10 15:06:26.657, GPU-ab0e8f8b-abe0-a03f-c8e9-65622211a5f4, 2032 MHz, 3996 MHz, 249.59 W, 40
2026/09/10 15:06:26.857, GPU-ab0e8f8b-abe0-a03f-c8e9-65622211a5f4, 2032 MHz, 3996 MHz, 250.58 W, 40
2026/09/10 15:06:27.057, GPU-ab0e8f8b-abe0-a03f-c8e9-65622211a5f4, 2032 MHz, 3996 MHz, 261.15 W, 40
2026/09/10 15:06:27.257, GPU-ab0e8f8b-abe0-a03f-c8e9-65622211a5f4, 2032 MHz, 3996 MHz, 270.89 W, 41
2026/09/10 15:06:27.457, GPU-ab0e8f8b-abe0-a03f-c8e9-65622211a5f4, 2032 MHz, 3996 MHz, 280.52 W, 41
2026/09/10 15:06:27.657, GPU-ab0e8f8b-abe0-a03f-c8e9-65622211a5f4, 2032 MHz, 3996 MHz, 289.00 W, 41
2026/09/10 15:06:27.858, GPU-ab0e8f8b-abe0-a03f-c8e9-65622211a5f4, 2032 MHz, 3996 MHz, 288.74 W, 40
2026/09/10 15:06:28.058, GPU-ab0e8f8b-abe0-a03f-c8e9-65622211a5f4, 2032 MHz, 3996 MHz, 278.89 W, 40
2026/09/10 15:06:28.258, GPU-ab0e8f8b-abe0-a03f-c8e9-65622211a5f4, 2032 MHz, 3996 MHz, 269.31 W, 40
2026/09/10 15:06:28.458, GPU-ab0e8f8b-abe0-a03f-c8e9-65622211a5f4, 2032 MHz, 3996 MHz, 260.29 W, 40
2026/09/10 15:06:28.658, GPU-ab0e8f8b-abe0-a03f-c8e9-65622211a5f4, 2032 MHz, 3996 MHz, 250.26 W, 40
2026/09/10 15:06:28.858, GPU-ab0e8f8b-abe0-a03f-c8e9-65622211a5f4, 2032 MHz, 3996 MHz, 249.68 W, 40
2026/09/10 15:06:29.058, GPU-ab0e8f8b-abe0-a03f-c8e9-65622211a5f4, 2032 MHz, 3996 MHz, 249.36 W, 40
2026/09/10 15:06:29.258, GPU-ab0e8f8b-abe0-a03f-c8e9-65622211a5f4, 2032 MHz, 3996 MHz, 249.36 W, 40
2026/09/10 15:06:29.458, GPU-ab0e8f8b-abe0-a03f-c8e9-65622211a5f4, 2032 MHz, 3996 MHz, 249.36 W, 40
2026/09/10 15:06:29.658, GPU-ab0e8f8b-abe0-a03f-c8e9-65622211a5f4, 2032 MHz, 3996 MHz, 249.40 W, 40
2026/09/10 15:06:29.858, GPU-ab0e8f8b-abe0-a03f-c8e9-65622211a5f4, 2032 MHz, 3996 MHz, 249.68 W, 40
2026/09/10 15:06:30.058, GPU-ab0e8f8b-abe0-a03f-c8e9-65622211a5f4, 2032 MHz, 3996 MHz, 249.79 W, 40
2026/09/10 15:06:30.259, GPU-ab0e8f8b-abe0-a03f-c8e9-65622211a5f4, 2032 MHz, 3996 MHz, 251.00 W, 40
2026/09/10 15:06:30.459, GPU-ab0e8f8b-abe0-a03f-c8e9-65622211a5f4, 2032 MHz, 3996 MHz, 262.25 W, 40
2026/09/10 15:06:30.659, GPU-ab0e8f8b-abe0-a03f-c8e9-65622211a5f4, 2032 MHz, 3996 MHz, 271.85 W, 41
2026/09/10 15:06:30.859, GPU-ab0e8f8b-abe0-a03f-c8e9-65622211a5f4, 2032 MHz, 3996 MHz, 280.94 W, 41
2026/09/10 15:06:31.059, GPU-ab0e8f8b-abe0-a03f-c8e9-65622211a5f4, 2032 MHz, 3996 MHz, 290.03 W, 41
2026/09/10 15:06:31.259, GPU-ab0e8f8b-abe0-a03f-c8e9-65622211a5f4, 2032 MHz, 3996 MHz, 291.19 W, 40
2026/09/10 15:06:31.459, GPU-ab0e8f8b-abe0-a03f-c8e9-65622211a5f4, 2032 MHz, 3996 MHz, 280.57 W, 40
2026/09/10 15:06:31.659, GPU-ab0e8f8b-abe0-a03f-c8e9-65622211a5f4, 2032 MHz, 3996 MHz, 270.18 W, 40
2026/09/10 15:06:31.859, GPU-ab0e8f8b-abe0-a03f-c8e9-65622211a5f4, 2032 MHz, 3996 MHz, 261.32 W, 40
2026/09/10 15:06:32.060, GPU-ab0e8f8b-abe0-a03f-c8e9-65622211a5f4, 2032 MHz, 3996 MHz, 252.23 W, 40
2026/09/10 15:06:32.260, GPU-ab0e8f8b-abe0-a03f-c8e9-65622211a5f4, 2032 MHz, 3996 MHz, 249.67 W, 40
2026/09/10 15:06:32.460, GPU-ab0e8f8b-abe0-a03f-c8e9-65622211a5f4, 2032 MHz, 3996 MHz, 249.36 W, 40
2026/09/10 15:06:32.660, GPU-ab0e8f8b-abe0-a03f-c8e9-65622211a5f4, 2032 MHz, 3996 MHz, 249.55 W, 40
2026/09/10 15:06:32.860, GPU-ab0e8f8b-abe0-a03f-c8e9-65622211a5f4, 2032 MHz, 3996 MHz, 249.83 W, 40
2026/09/10 15:06:33.060, GPU-ab0e8f8b-abe0-a03f-c8e9-65622211a5f4, 2032 MHz, 3996 MHz, 249.95 W, 40
2026/09/10 15:06:33.260, GPU-ab0e8f8b-abe0-a03f-c8e9-65622211a5f4, 2032 MHz, 3996 MHz, 250.61 W, 40
2026/09/10 15:06:33.460, GPU-ab0e8f8b-abe0-a03f-c8e9-65622211a5f4, 2032 MHz, 3996 MHz, 261.51 W, 41
2026/09/10 15:06:33.660, GPU-ab0e8f8b-abe0-a03f-c8e9-65622211a5f4, 2032 MHz, 3996 MHz, 270.66 W, 41
2026/09/10 15:06:33.860, GPU-ab0e8f8b-abe0-a03f-c8e9-65622211a5f4, 2032 MHz, 3996 MHz, 279.89 W, 41
2026/09/10 15:06:34.060, GPU-ab0e8f8b-abe0-a03f-c8e9-65622211a5f4, 2032 MHz, 3996 MHz, 287.61 W, 41
2026/09/10 15:06:34.261, GPU-ab0e8f8b-abe0-a03f-c8e9-65622211a5f4, 2032 MHz, 3996 MHz, 286.48 W, 40
2026/09/10 15:06:34.461, GPU-ab0e8f8b-abe0-a03f-c8e9-65622211a5f4, 2032 MHz, 3996 MHz, 277.11 W, 40
2026/09/10 15:06:34.661, GPU-ab0e8f8b-abe0-a03f-c8e9-65622211a5f4, 2032 MHz, 3996 MHz, 267.22 W, 40
2026/09/10 15:06:34.861, GPU-ab0e8f8b-abe0-a03f-c8e9-65622211a5f4, 2032 MHz, 3996 MHz, 276.13 W, 40
2026/09/10 15:06:35.061, GPU-ab0e8f8b-abe0-a03f-c8e9-65622211a5f4, 2032 MHz, 3996 MHz, 388.73 W, 46
2026/09/10 15:06:35.261, GPU-ab0e8f8b-abe0-a03f-c8e9-65622211a5f4, 2032 MHz, 3996 MHz, 514.32 W, 48
2026/09/10 15:06:35.461, GPU-ab0e8f8b-abe0-a03f-c8e9-65622211a5f4, 2032 MHz, 3996 MHz, 635.49 W, 50
2026/09/10 15:06:35.661, GPU-ab0e8f8b-abe0-a03f-c8e9-65622211a5f4, 2032 MHz, 3996 MHz, 639.75 W, 45
2026/09/10 15:06:35.861, GPU-ab0e8f8b-abe0-a03f-c8e9-65622211a5f4, 2032 MHz, 3996 MHz, 625.22 W, 43
2026/09/10 15:06:36.062, GPU-ab0e8f8b-abe0-a03f-c8e9-65622211a5f4, 2032 MHz, 3996 MHz, 511.11 W, 42
2026/09/10 15:06:36.262, GPU-ab0e8f8b-abe0-a03f-c8e9-65622211a5f4, 2032 MHz, 3996 MHz, 385.70 W, 42
2026/09/10 15:06:36.462, GPU-ab0e8f8b-abe0-a03f-c8e9-65622211a5f4, 2032 MHz, 3996 MHz, 265.42 W, 41
2026/09/10 15:06:36.662, GPU-ab0e8f8b-abe0-a03f-c8e9-65622211a5f4, 2032 MHz, 3996 MHz, 252.00 W, 41
2026/09/10 15:06:36.862, GPU-ab0e8f8b-abe0-a03f-c8e9-65622211a5f4, 2032 MHz, 3996 MHz, 251.58 W, 41
2026/09/10 15:06:37.062, GPU-ab0e8f8b-abe0-a03f-c8e9-65622211a5f4, 2032 MHz, 3996 MHz, 251.24 W, 41
2026/09/10 15:06:37.262, GPU-ab0e8f8b-abe0-a03f-c8e9-65622211a5f4, 2032 MHz, 3996 MHz, 251.01 W, 40
2026/09/10 15:06:37.462, GPU-ab0e8f8b-abe0-a03f-c8e9-65622211a5f4, 2032 MHz, 3996 MHz, 257.70 W, 41
2026/09/10 15:06:37.662, GPU-ab0e8f8b-abe0-a03f-c8e9-65622211a5f4, 2032 MHz, 3996 MHz, 266.04 W, 41
2026/09/10 15:06:37.863, GPU-ab0e8f8b-abe0-a03f-c8e9-65622211a5f4, 2032 MHz, 3996 MHz, 269.60 W, 41
2026/09/10 15:06:38.063, GPU-ab0e8f8b-abe0-a03f-c8e9-65622211a5f4, 2032 MHz, 3996 MHz, 279.20 W, 41
2026/09/10 15:06:38.263, GPU-ab0e8f8b-abe0-a03f-c8e9-65622211a5f4, 2032 MHz, 3996 MHz, 291.62 W, 41
2026/09/10 15:06:38.463, GPU-ab0e8f8b-abe0-a03f-c8e9-65622211a5f4, 2032 MHz, 3996 MHz, 289.07 W, 41
2026/09/10 15:06:38.663, GPU-ab0e8f8b-abe0-a03f-c8e9-65622211a5f4, 2032 MHz, 3996 MHz, 291.68 W, 41
2026/09/10 15:06:38.863, GPU-ab0e8f8b-abe0-a03f-c8e9-65622211a5f4, 2032 MHz, 3996 MHz, 302.60 W, 42
2026/09/10 15:06:39.063, GPU-ab0e8f8b-abe0-a03f-c8e9-65622211a5f4, 2032 MHz, 3996 MHz, 294.49 W, 41
2026/09/10 15:06:39.264, GPU-ab0e8f8b-abe0-a03f-c8e9-65622211a5f4, 2032 MHz, 3996 MHz, 282.65 W, 41
2026/09/10 15:06:39.464, GPU-ab0e8f8b-abe0-a03f-c8e9-65622211a5f4, 2032 MHz, 3996 MHz, 278.24 W, 40
2026/09/10 15:06:39.664, GPU-ab0e8f8b-abe0-a03f-c8e9-65622211a5f4, 2032 MHz, 3996 MHz, 269.53 W, 40
2026/09/10 15:06:39.864, GPU-ab0e8f8b-abe0-a03f-c8e9-65622211a5f4, 2032 MHz, 3996 MHz, 255.58 W, 40
2026/09/10 15:06:40.064, GPU-ab0e8f8b-abe0-a03f-c8e9-65622211a5f4, 2032 MHz, 3996 MHz, 254.98 W, 40
2026/09/10 15:06:40.264, GPU-ab0e8f8b-abe0-a03f-c8e9-65622211a5f4, 2032 MHz, 3996 MHz, 254.94 W, 40
2026/09/10 15:06:40.465, GPU-ab0e8f8b-abe0-a03f-c8e9-65622211a5f4, 2032 MHz, 3996 MHz, 254.70 W, 40
2026/09/10 15:06:40.665, GPU-ab0e8f8b-abe0-a03f-c8e9-65622211a5f4, 2032 MHz, 3996 MHz, 254.33 W, 40
2026/09/10 15:06:40.866, GPU-ab0e8f8b-abe0-a03f-c8e9-65622211a5f4, 2032 MHz, 3996 MHz, 254.16 W, 40
2026/09/10 15:06:41.066, GPU-ab0e8f8b-abe0-a03f-c8e9-65622211a5f4, 2032 MHz, 3996 MHz, 254.06 W, 40
2026/09/10 15:06:41.266, GPU-ab0e8f8b-abe0-a03f-c8e9-65622211a5f4, 2032 MHz, 3996 MHz, 253.76 W, 40
2026/09/10 15:06:41.466, GPU-ab0e8f8b-abe0-a03f-c8e9-65622211a5f4, 2032 MHz, 3996 MHz, 253.70 W, 40
2026/09/10 15:06:41.666, GPU-ab0e8f8b-abe0-a03f-c8e9-65622211a5f4, 2032 MHz, 3996 MHz, 253.73 W, 40
2026/09/10 15:06:41.866, GPU-ab0e8f8b-abe0-a03f-c8e9-65622211a5f4, 2032 MHz, 3996 MHz, 254.16 W, 40
2026/09/10 15:06:42.066, GPU-ab0e8f8b-abe0-a03f-c8e9-65622211a5f4, 2032 MHz, 3996 MHz, 254.20 W, 40
2026/09/10 15:06:42.266, GPU-ab0e8f8b-abe0-a03f-c8e9-65622211a5f4, 2032 MHz, 3996 MHz, 254.79 W, 40
2026/09/10 15:06:42.466, GPU-ab0e8f8b-abe0-a03f-c8e9-65622211a5f4, 2032 MHz, 3996 MHz, 267.38 W, 41
2026/09/10 15:06:42.666, GPU-ab0e8f8b-abe0-a03f-c8e9-65622211a5f4, 2032 MHz, 3996 MHz, 271.92 W, 40
2026/09/10 15:06:42.866, GPU-ab0e8f8b-abe0-a03f-c8e9-65622211a5f4, 2032 MHz, 3996 MHz, 270.93 W, 40
2026/09/10 15:06:43.067, GPU-ab0e8f8b-abe0-a03f-c8e9-65622211a5f4, 2032 MHz, 3996 MHz, 269.45 W, 40
2026/09/10 15:06:43.267, GPU-ab0e8f8b-abe0-a03f-c8e9-65622211a5f4, 2032 MHz, 3996 MHz, 266.99 W, 40
2026/09/10 15:06:43.467, GPU-ab0e8f8b-abe0-a03f-c8e9-65622211a5f4, 2032 MHz, 3996 MHz, 253.08 W, 40
2026/09/10 15:06:43.667, GPU-ab0e8f8b-abe0-a03f-c8e9-65622211a5f4, 2032 MHz, 3996 MHz, 246.54 W, 40
2026/09/10 15:06:43.867, GPU-ab0e8f8b-abe0-a03f-c8e9-65622211a5f4, 2032 MHz, 3996 MHz, 245.89 W, 40
2026/09/10 15:06:44.067, GPU-ab0e8f8b-abe0-a03f-c8e9-65622211a5f4, 2032 MHz, 3996 MHz, 245.67 W, 40
2026/09/10 15:06:44.267, GPU-ab0e8f8b-abe0-a03f-c8e9-65622211a5f4, 2032 MHz, 3996 MHz, 245.67 W, 40
2026/09/10 15:06:44.467, GPU-ab0e8f8b-abe0-a03f-c8e9-65622211a5f4, 2032 MHz, 3996 MHz, 245.68 W, 40
2026/09/10 15:06:44.667, GPU-ab0e8f8b-abe0-a03f-c8e9-65622211a5f4, 2032 MHz, 3996 MHz, 245.48 W, 40
2026/09/10 15:06:44.867, GPU-ab0e8f8b-abe0-a03f-c8e9-65622211a5f4, 2032 MHz, 3996 MHz, 245.48 W, 40
2026/09/10 15:06:45.067, GPU-ab0e8f8b-abe0-a03f-c8e9-65622211a5f4, 2032 MHz, 3996 MHz, 245.47 W, 40
2026/09/10 15:06:45.268, GPU-ab0e8f8b-abe0-a03f-c8e9-65622211a5f4, 2032 MHz, 3996 MHz, 245.47 W, 40
2026/09/10 15:06:45.468, GPU-ab0e8f8b-abe0-a03f-c8e9-65622211a5f4, 2032 MHz, 3996 MHz, 245.43 W, 40
2026/09/10 15:06:45.668, GPU-ab0e8f8b-abe0-a03f-c8e9-65622211a5f4, 2032 MHz, 3996 MHz, 245.35 W, 40
2026/09/10 15:06:45.868, GPU-ab0e8f8b-abe0-a03f-c8e9-65622211a5f4, 2032 MHz, 3996 MHz, 251.26 W, 42
2026/09/10 15:06:46.068, GPU-ab0e8f8b-abe0-a03f-c8e9-65622211a5f4, 2032 MHz, 3996 MHz, 258.82 W, 41
2026/09/10 15:06:46.268, GPU-ab0e8f8b-abe0-a03f-c8e9-65622211a5f4, 2032 MHz, 3996 MHz, 269.25 W, 41
2026/09/10 15:06:46.468, GPU-ab0e8f8b-abe0-a03f-c8e9-65622211a5f4, 2032 MHz, 3996 MHz, 281.27 W, 41
2026/09/10 15:06:46.668, GPU-ab0e8f8b-abe0-a03f-c8e9-65622211a5f4, 2032 MHz, 3996 MHz, 291.45 W, 41
2026/09/10 15:06:46.868, GPU-ab0e8f8b-abe0-a03f-c8e9-65622211a5f4, 2032 MHz, 3996 MHz, 299.60 W, 41
2026/09/10 15:06:47.068, GPU-ab0e8f8b-abe0-a03f-c8e9-65622211a5f4, 2032 MHz, 3996 MHz, 289.28 W, 41
2026/09/10 15:06:47.268, GPU-ab0e8f8b-abe0-a03f-c8e9-65622211a5f4, 2032 MHz, 3996 MHz, 280.52 W, 40
2026/09/10 15:06:47.469, GPU-ab0e8f8b-abe0-a03f-c8e9-65622211a5f4, 2032 MHz, 3996 MHz, 270.81 W, 40
2026/09/10 15:06:47.669, GPU-ab0e8f8b-abe0-a03f-c8e9-65622211a5f4, 2032 MHz, 3996 MHz, 261.50 W, 40
2026/09/10 15:06:47.869, GPU-ab0e8f8b-abe0-a03f-c8e9-65622211a5f4, 2032 MHz, 3996 MHz, 254.52 W, 40
2026/09/10 15:06:48.069, GPU-ab0e8f8b-abe0-a03f-c8e9-65622211a5f4, 2032 MHz, 3996 MHz, 254.24 W, 40
2026/09/10 15:06:48.269, GPU-ab0e8f8b-abe0-a03f-c8e9-65622211a5f4, 2032 MHz, 3996 MHz, 254.10 W, 40
2026/09/10 15:06:48.469, GPU-ab0e8f8b-abe0-a03f-c8e9-65622211a5f4, 2032 MHz, 3996 MHz, 253.95 W, 40
2026/09/10 15:06:48.669, GPU-ab0e8f8b-abe0-a03f-c8e9-65622211a5f4, 2032 MHz, 3996 MHz, 253.85 W, 40
2026/09/10 15:06:48.869, GPU-ab0e8f8b-abe0-a03f-c8e9-65622211a5f4, 2032 MHz, 3996 MHz, 253.96 W, 40
2026/09/10 15:06:49.069, GPU-ab0e8f8b-abe0-a03f-c8e9-65622211a5f4, 2032 MHz, 3996 MHz, 254.10 W, 40
2026/09/10 15:06:49.270, GPU-ab0e8f8b-abe0-a03f-c8e9-65622211a5f4, 2032 MHz, 3996 MHz, 254.03 W, 40
2026/09/10 15:06:49.470, GPU-ab0e8f8b-abe0-a03f-c8e9-65622211a5f4, 2032 MHz, 3996 MHz, 258.63 W, 41
2026/09/10 15:06:49.670, GPU-ab0e8f8b-abe0-a03f-c8e9-65622211a5f4, 2032 MHz, 3996 MHz, 266.50 W, 41
2026/09/10 15:06:49.870, GPU-ab0e8f8b-abe0-a03f-c8e9-65622211a5f4, 2032 MHz, 3996 MHz, 274.83 W, 41
2026/09/10 15:06:50.070, GPU-ab0e8f8b-abe0-a03f-c8e9-65622211a5f4, 2032 MHz, 3996 MHz, 283.58 W, 41
2026/09/10 15:06:50.270, GPU-ab0e8f8b-abe0-a03f-c8e9-65622211a5f4, 2032 MHz, 3996 MHz, 292.84 W, 41
2026/09/10 15:06:50.470, GPU-ab0e8f8b-abe0-a03f-c8e9-65622211a5f4, 2032 MHz, 3996 MHz, 295.17 W, 41
2026/09/10 15:06:50.670, GPU-ab0e8f8b-abe0-a03f-c8e9-65622211a5f4, 2032 MHz, 3996 MHz, 284.84 W, 40
2026/09/10 15:06:50.870, GPU-ab0e8f8b-abe0-a03f-c8e9-65622211a5f4, 2032 MHz, 3996 MHz, 275.94 W, 40
2026/09/10 15:06:51.070, GPU-ab0e8f8b-abe0-a03f-c8e9-65622211a5f4, 2032 MHz, 3996 MHz, 265.87 W, 40
2026/09/10 15:06:51.271, GPU-ab0e8f8b-abe0-a03f-c8e9-65622211a5f4, 2032 MHz, 3996 MHz, 256.72 W, 40
2026/09/10 15:06:51.471, GPU-ab0e8f8b-abe0-a03f-c8e9-65622211a5f4, 2032 MHz, 3996 MHz, 251.62 W, 40
2026/09/10 15:06:51.671, GPU-ab0e8f8b-abe0-a03f-c8e9-65622211a5f4, 2032 MHz, 3996 MHz, 251.35 W, 40
2026/09/10 15:06:51.871, GPU-ab0e8f8b-abe0-a03f-c8e9-65622211a5f4, 2032 MHz, 3996 MHz, 251.31 W, 40
2026/09/10 15:06:52.071, GPU-ab0e8f8b-abe0-a03f-c8e9-65622211a5f4, 2032 MHz, 3996 MHz, 251.31 W, 40
2026/09/10 15:06:52.271, GPU-ab0e8f8b-abe0-a03f-c8e9-65622211a5f4, 2032 MHz, 3996 MHz, 251.31 W, 40
2026/09/10 15:06:52.471, GPU-ab0e8f8b-abe0-a03f-c8e9-65622211a5f4, 2032 MHz, 3996 MHz, 251.31 W, 40
2026/09/10 15:06:52.671, GPU-ab0e8f8b-abe0-a03f-c8e9-65622211a5f4, 2032 MHz, 3996 MHz, 251.43 W, 40
2026/09/10 15:06:52.871, GPU-ab0e8f8b-abe0-a03f-c8e9-65622211a5f4, 2032 MHz, 3996 MHz, 251.50 W, 40
2026/09/10 15:06:53.071, GPU-ab0e8f8b-abe0-a03f-c8e9-65622211a5f4, 2032 MHz, 3996 MHz, 258.21 W, 40
2026/09/10 15:06:53.271, GPU-ab0e8f8b-abe0-a03f-c8e9-65622211a5f4, 2032 MHz, 3996 MHz, 266.55 W, 41
2026/09/10 15:06:53.472, GPU-ab0e8f8b-abe0-a03f-c8e9-65622211a5f4, 2032 MHz, 3996 MHz, 275.62 W, 41
2026/09/10 15:06:53.672, GPU-ab0e8f8b-abe0-a03f-c8e9-65622211a5f4, 2032 MHz, 3996 MHz, 284.48 W, 41
2026/09/10 15:06:53.872, GPU-ab0e8f8b-abe0-a03f-c8e9-65622211a5f4, 2032 MHz, 3996 MHz, 291.55 W, 41
2026/09/10 15:06:54.072, GPU-ab0e8f8b-abe0-a03f-c8e9-65622211a5f4, 2032 MHz, 3996 MHz, 285.85 W, 40
2026/09/10 15:06:54.272, GPU-ab0e8f8b-abe0-a03f-c8e9-65622211a5f4, 2032 MHz, 3996 MHz, 276.99 W, 40
2026/09/10 15:06:54.472, GPU-ab0e8f8b-abe0-a03f-c8e9-65622211a5f4, 2032 MHz, 3996 MHz, 267.64 W, 40
2026/09/10 15:06:54.672, GPU-ab0e8f8b-abe0-a03f-c8e9-65622211a5f4, 2032 MHz, 3996 MHz, 257.80 W, 40
2026/09/10 15:06:54.872, GPU-ab0e8f8b-abe0-a03f-c8e9-65622211a5f4, 2032 MHz, 3996 MHz, 251.24 W, 40
2026/09/10 15:06:55.072, GPU-ab0e8f8b-abe0-a03f-c8e9-65622211a5f4, 2032 MHz, 3996 MHz, 250.93 W, 40
2026/09/10 15:06:55.272, GPU-ab0e8f8b-abe0-a03f-c8e9-65622211a5f4, 2032 MHz, 3996 MHz, 250.85 W, 40
2026/09/10 15:06:55.472, GPU-ab0e8f8b-abe0-a03f-c8e9-65622211a5f4, 2032 MHz, 3996 MHz, 250.61 W, 40
2026/09/10 15:06:55.673, GPU-ab0e8f8b-abe0-a03f-c8e9-65622211a5f4, 2032 MHz, 3996 MHz, 250.47 W, 40
2026/09/10 15:06:55.873, GPU-ab0e8f8b-abe0-a03f-c8e9-65622211a5f4, 2032 MHz, 3996 MHz, 250.47 W, 40
2026/09/10 15:06:56.073, GPU-ab0e8f8b-abe0-a03f-c8e9-65622211a5f4, 2032 MHz, 3996 MHz, 250.43 W, 40
2026/09/10 15:06:56.273, GPU-ab0e8f8b-abe0-a03f-c8e9-65622211a5f4, 2032 MHz, 3996 MHz, 250.59 W, 40
2026/09/10 15:06:56.473, GPU-ab0e8f8b-abe0-a03f-c8e9-65622211a5f4, 2032 MHz, 3996 MHz, 257.92 W, 40
2026/09/10 15:06:56.673, GPU-ab0e8f8b-abe0-a03f-c8e9-65622211a5f4, 2032 MHz, 3996 MHz, 266.84 W, 41
2026/09/10 15:06:56.873, GPU-ab0e8f8b-abe0-a03f-c8e9-65622211a5f4, 2032 MHz, 3996 MHz, 277.02 W, 41
2026/09/10 15:06:57.073, GPU-ab0e8f8b-abe0-a03f-c8e9-65622211a5f4, 2032 MHz, 3996 MHz, 286.21 W, 41
2026/09/10 15:06:57.273, GPU-ab0e8f8b-abe0-a03f-c8e9-65622211a5f4, 2032 MHz, 3996 MHz, 290.98 W, 41
2026/09/10 15:06:57.473, GPU-ab0e8f8b-abe0-a03f-c8e9-65622211a5f4, 2032 MHz, 3996 MHz, 284.30 W, 40
2026/09/10 15:06:57.674, GPU-ab0e8f8b-abe0-a03f-c8e9-65622211a5f4, 2032 MHz, 3996 MHz, 275.03 W, 40
2026/09/10 15:06:57.874, GPU-ab0e8f8b-abe0-a03f-c8e9-65622211a5f4, 2032 MHz, 3996 MHz, 265.17 W, 40
2026/09/10 15:06:58.074, GPU-ab0e8f8b-abe0-a03f-c8e9-65622211a5f4, 2032 MHz, 3996 MHz, 256.87 W, 40
2026/09/10 15:06:58.274, GPU-ab0e8f8b-abe0-a03f-c8e9-65622211a5f4, 2032 MHz, 3996 MHz, 251.20 W, 40
2026/09/10 15:06:58.474, GPU-ab0e8f8b-abe0-a03f-c8e9-65622211a5f4, 2032 MHz, 3996 MHz, 250.97 W, 40
2026/09/10 15:06:58.674, GPU-ab0e8f8b-abe0-a03f-c8e9-65622211a5f4, 2032 MHz, 3996 MHz, 250.78 W, 40
2026/09/10 15:06:58.874, GPU-ab0e8f8b-abe0-a03f-c8e9-65622211a5f4, 2032 MHz, 3996 MHz, 250.70 W, 40
2026/09/10 15:06:59.074, GPU-ab0e8f8b-abe0-a03f-c8e9-65622211a5f4, 2032 MHz, 3996 MHz, 250.69 W, 40
2026/09/10 15:06:59.274, GPU-ab0e8f8b-abe0-a03f-c8e9-65622211a5f4, 2032 MHz, 3996 MHz, 250.74 W, 40
2026/09/10 15:06:59.474, GPU-ab0e8f8b-abe0-a03f-c8e9-65622211a5f4, 2032 MHz, 3996 MHz, 250.69 W, 40
2026/09/10 15:06:59.675, GPU-ab0e8f8b-abe0-a03f-c8e9-65622211a5f4, 2032 MHz, 3996 MHz, 250.73 W, 40
2026/09/10 15:06:59.875, GPU-ab0e8f8b-abe0-a03f-c8e9-65622211a5f4, 2032 MHz, 3996 MHz, 258.84 W, 41
2026/09/10 15:07:00.075, GPU-ab0e8f8b-abe0-a03f-c8e9-65622211a5f4, 2032 MHz, 3996 MHz, 267.17 W, 41
2026/09/10 15:07:00.275, GPU-ab0e8f8b-abe0-a03f-c8e9-65622211a5f4, 2032 MHz, 3996 MHz, 276.53 W, 41
2026/09/10 15:07:00.475, GPU-ab0e8f8b-abe0-a03f-c8e9-65622211a5f4, 2032 MHz, 3996 MHz, 286.15 W, 41
2026/09/10 15:07:00.675, GPU-ab0e8f8b-abe0-a03f-c8e9-65622211a5f4, 2032 MHz, 3996 MHz, 289.65 W, 41
2026/09/10 15:07:00.875, GPU-ab0e8f8b-abe0-a03f-c8e9-65622211a5f4, 2032 MHz, 3996 MHz, 282.28 W, 40
2026/09/10 15:07:01.075, GPU-ab0e8f8b-abe0-a03f-c8e9-65622211a5f4, 2032 MHz, 3996 MHz, 273.88 W, 40
2026/09/10 15:07:01.275, GPU-ab0e8f8b-abe0-a03f-c8e9-65622211a5f4, 2032 MHz, 3996 MHz, 264.24 W, 40
2026/09/10 15:07:01.475, GPU-ab0e8f8b-abe0-a03f-c8e9-65622211a5f4, 2032 MHz, 3996 MHz, 255.04 W, 40
2026/09/10 15:07:01.676, GPU-ab0e8f8b-abe0-a03f-c8e9-65622211a5f4, 2032 MHz, 3996 MHz, 249.71 W, 40
2026/09/10 15:07:01.876, GPU-ab0e8f8b-abe0-a03f-c8e9-65622211a5f4, 2032 MHz, 3996 MHz, 249.36 W, 40
2026/09/10 15:07:02.076, GPU-ab0e8f8b-abe0-a03f-c8e9-65622211a5f4, 2032 MHz, 3996 MHz, 249.40 W, 40
2026/09/10 15:07:02.276, GPU-ab0e8f8b-abe0-a03f-c8e9-65622211a5f4, 2032 MHz, 3996 MHz, 249.64 W, 40
2026/09/10 15:07:02.476, GPU-ab0e8f8b-abe0-a03f-c8e9-65622211a5f4, 2032 MHz, 3996 MHz, 249.71 W, 40
2026/09/10 15:07:02.676, GPU-ab0e8f8b-abe0-a03f-c8e9-65622211a5f4, 2032 MHz, 3996 MHz, 249.94 W, 40
2026/09/10 15:07:02.876, GPU-ab0e8f8b-abe0-a03f-c8e9-65622211a5f4, 2032 MHz, 3996 MHz, 260.03 W, 40
2026/09/10 15:07:03.076, GPU-ab0e8f8b-abe0-a03f-c8e9-65622211a5f4, 2032 MHz, 3996 MHz, 269.34 W, 41
2026/09/10 15:07:03.276, GPU-ab0e8f8b-abe0-a03f-c8e9-65622211a5f4, 2032 MHz, 3996 MHz, 278.96 W, 41
2026/09/10 15:07:03.476, GPU-ab0e8f8b-abe0-a03f-c8e9-65622211a5f4, 2032 MHz, 3996 MHz, 288.19 W, 41
2026/09/10 15:07:03.677, GPU-ab0e8f8b-abe0-a03f-c8e9-65622211a5f4, 2032 MHz, 3996 MHz, 291.53 W, 41
2026/09/10 15:07:03.877, GPU-ab0e8f8b-abe0-a03f-c8e9-65622211a5f4, 2032 MHz, 3996 MHz, 281.90 W, 40
2026/09/10 15:07:04.077, GPU-ab0e8f8b-abe0-a03f-c8e9-65622211a5f4, 2032 MHz, 3996 MHz, 272.62 W, 40
2026/09/10 15:07:04.277, GPU-ab0e8f8b-abe0-a03f-c8e9-65622211a5f4, 2032 MHz, 3996 MHz, 262.85 W, 40
2026/09/10 15:07:04.477, GPU-ab0e8f8b-abe0-a03f-c8e9-65622211a5f4, 2032 MHz, 3996 MHz, 253.54 W, 40
2026/09/10 15:07:04.677, GPU-ab0e8f8b-abe0-a03f-c8e9-65622211a5f4, 2032 MHz, 3996 MHz, 249.99 W, 40
2026/09/10 15:07:04.877, GPU-ab0e8f8b-abe0-a03f-c8e9-65622211a5f4, 2032 MHz, 3996 MHz, 249.48 W, 40
2026/09/10 15:07:05.077, GPU-ab0e8f8b-abe0-a03f-c8e9-65622211a5f4, 2032 MHz, 3996 MHz, 249.44 W, 40
2026/09/10 15:07:05.278, GPU-ab0e8f8b-abe0-a03f-c8e9-65622211a5f4, 2032 MHz, 3996 MHz, 249.40 W, 40
2026/09/10 15:07:05.478, GPU-ab0e8f8b-abe0-a03f-c8e9-65622211a5f4, 2032 MHz, 3996 MHz, 249.52 W, 40
2026/09/10 15:07:05.678, GPU-ab0e8f8b-abe0-a03f-c8e9-65622211a5f4, 2032 MHz, 3996 MHz, 249.75 W, 40
2026/09/10 15:07:05.878, GPU-ab0e8f8b-abe0-a03f-c8e9-65622211a5f4, 2032 MHz, 3996 MHz, 249.90 W, 40
2026/09/10 15:07:06.078, GPU-ab0e8f8b-abe0-a03f-c8e9-65622211a5f4, 2032 MHz, 3996 MHz, 250.28 W, 40
2026/09/10 15:07:06.278, GPU-ab0e8f8b-abe0-a03f-c8e9-65622211a5f4, 2032 MHz, 3996 MHz, 260.30 W, 40
2026/09/10 15:07:06.479, GPU-ab0e8f8b-abe0-a03f-c8e9-65622211a5f4, 2032 MHz, 3996 MHz, 269.83 W, 41
2026/09/10 15:07:06.679, GPU-ab0e8f8b-abe0-a03f-c8e9-65622211a5f4, 2032 MHz, 3996 MHz, 279.55 W, 41
2026/09/10 15:07:06.879, GPU-ab0e8f8b-abe0-a03f-c8e9-65622211a5f4, 2032 MHz, 3996 MHz, 287.93 W, 41
2026/09/10 15:07:07.079, GPU-ab0e8f8b-abe0-a03f-c8e9-65622211a5f4, 2032 MHz, 3996 MHz, 289.89 W, 41
2026/09/10 15:07:07.279, GPU-ab0e8f8b-abe0-a03f-c8e9-65622211a5f4, 2032 MHz, 3996 MHz, 280.61 W, 40
2026/09/10 15:07:07.479, GPU-ab0e8f8b-abe0-a03f-c8e9-65622211a5f4, 2032 MHz, 3996 MHz, 271.02 W, 40
2026/09/10 15:07:07.679, GPU-ab0e8f8b-abe0-a03f-c8e9-65622211a5f4, 2032 MHz, 3996 MHz, 260.82 W, 40
2026/09/10 15:07:07.879, GPU-ab0e8f8b-abe0-a03f-c8e9-65622211a5f4, 2032 MHz, 3996 MHz, 252.38 W, 40
2026/09/10 15:07:08.080, GPU-ab0e8f8b-abe0-a03f-c8e9-65622211a5f4, 2032 MHz, 3996 MHz, 249.90 W, 40
2026/09/10 15:07:08.280, GPU-ab0e8f8b-abe0-a03f-c8e9-65622211a5f4, 2032 MHz, 3996 MHz, 249.56 W, 40
2026/09/10 15:07:08.480, GPU-ab0e8f8b-abe0-a03f-c8e9-65622211a5f4, 2032 MHz, 3996 MHz, 249.68 W, 40
2026/09/10 15:07:08.680, GPU-ab0e8f8b-abe0-a03f-c8e9-65622211a5f4, 2032 MHz, 3996 MHz, 249.67 W, 40
2026/09/10 15:07:08.880, GPU-ab0e8f8b-abe0-a03f-c8e9-65622211a5f4, 2032 MHz, 3996 MHz, 249.78 W, 40
2026/09/10 15:07:09.080, GPU-ab0e8f8b-abe0-a03f-c8e9-65622211a5f4, 2032 MHz, 3996 MHz, 255.80 W, 41
2026/09/10 15:07:09.280, GPU-ab0e8f8b-abe0-a03f-c8e9-65622211a5f4, 2032 MHz, 3996 MHz, 266.11 W, 41
2026/09/10 15:07:09.480, GPU-ab0e8f8b-abe0-a03f-c8e9-65622211a5f4, 2032 MHz, 3996 MHz, 275.51 W, 41
2026/09/10 15:07:09.681, GPU-ab0e8f8b-abe0-a03f-c8e9-65622211a5f4, 2032 MHz, 3996 MHz, 285.26 W, 41
2026/09/10 15:07:09.881, GPU-ab0e8f8b-abe0-a03f-c8e9-65622211a5f4, 2032 MHz, 3996 MHz, 287.00 W, 41
2026/09/10 15:07:10.081, GPU-ab0e8f8b-abe0-a03f-c8e9-65622211a5f4, 2032 MHz, 3996 MHz, 280.79 W, 40
2026/09/10 15:07:10.281, GPU-ab0e8f8b-abe0-a03f-c8e9-65622211a5f4, 2032 MHz, 3996 MHz, 270.87 W, 40
2026/09/10 15:07:10.481, GPU-ab0e8f8b-abe0-a03f-c8e9-65622211a5f4, 2032 MHz, 3996 MHz, 261.09 W, 40
2026/09/10 15:07:10.681, GPU-ab0e8f8b-abe0-a03f-c8e9-65622211a5f4, 2032 MHz, 3996 MHz, 252.64 W, 40
2026/09/10 15:07:10.881, GPU-ab0e8f8b-abe0-a03f-c8e9-65622211a5f4, 2032 MHz, 3996 MHz, 249.79 W, 40
2026/09/10 15:07:11.081, GPU-ab0e8f8b-abe0-a03f-c8e9-65622211a5f4, 2032 MHz, 3996 MHz, 249.44 W, 40
2026/09/10 15:07:11.281, GPU-ab0e8f8b-abe0-a03f-c8e9-65622211a5f4, 2032 MHz, 3996 MHz, 249.59 W, 40
2026/09/10 15:07:11.481, GPU-ab0e8f8b-abe0-a03f-c8e9-65622211a5f4, 2032 MHz, 3996 MHz, 249.74 W, 40
2026/09/10 15:07:11.682, GPU-ab0e8f8b-abe0-a03f-c8e9-65622211a5f4, 2032 MHz, 3996 MHz, 249.78 W, 40
2026/09/10 15:07:11.882, GPU-ab0e8f8b-abe0-a03f-c8e9-65622211a5f4, 2032 MHz, 3996 MHz, 258.28 W, 40
2026/09/10 15:07:12.082, GPU-ab0e8f8b-abe0-a03f-c8e9-65622211a5f4, 2032 MHz, 3996 MHz, 267.11 W, 41
2026/09/10 15:07:12.282, GPU-ab0e8f8b-abe0-a03f-c8e9-65622211a5f4, 2032 MHz, 3996 MHz, 277.16 W, 41
2026/09/10 15:07:12.482, GPU-ab0e8f8b-abe0-a03f-c8e9-65622211a5f4, 2032 MHz, 3996 MHz, 285.71 W, 41
2026/09/10 15:07:12.682, GPU-ab0e8f8b-abe0-a03f-c8e9-65622211a5f4, 2032 MHz, 3996 MHz, 291.00 W, 41
2026/09/10 15:07:12.882, GPU-ab0e8f8b-abe0-a03f-c8e9-65622211a5f4, 2032 MHz, 3996 MHz, 282.89 W, 40
2026/09/10 15:07:13.082, GPU-ab0e8f8b-abe0-a03f-c8e9-65622211a5f4, 2032 MHz, 3996 MHz, 273.90 W, 40
2026/09/10 15:07:13.282, GPU-ab0e8f8b-abe0-a03f-c8e9-65622211a5f4, 2032 MHz, 3996 MHz, 264.73 W, 40
2026/09/10 15:07:13.482, GPU-ab0e8f8b-abe0-a03f-c8e9-65622211a5f4, 2032 MHz, 3996 MHz, 254.77 W, 40
2026/09/10 15:07:13.682, GPU-ab0e8f8b-abe0-a03f-c8e9-65622211a5f4, 2032 MHz, 3996 MHz, 250.13 W, 40
2026/09/10 15:07:13.883, GPU-ab0e8f8b-abe0-a03f-c8e9-65622211a5f4, 2032 MHz, 3996 MHz, 249.60 W, 40
2026/09/10 15:07:14.083, GPU-ab0e8f8b-abe0-a03f-c8e9-65622211a5f4, 2032 MHz, 3996 MHz, 249.75 W, 40
2026/09/10 15:07:14.283, GPU-ab0e8f8b-abe0-a03f-c8e9-65622211a5f4, 2032 MHz, 3996 MHz, 250.01 W, 40
2026/09/10 15:07:14.483, GPU-ab0e8f8b-abe0-a03f-c8e9-65622211a5f4, 2032 MHz, 3996 MHz, 249.94 W, 40
2026/09/10 15:07:14.683, GPU-ab0e8f8b-abe0-a03f-c8e9-65622211a5f4, 2032 MHz, 3996 MHz, 250.44 W, 40
2026/09/10 15:07:14.883, GPU-ab0e8f8b-abe0-a03f-c8e9-65622211a5f4, 2032 MHz, 3996 MHz, 265.11 W, 41
2026/09/10 15:07:15.083, GPU-ab0e8f8b-abe0-a03f-c8e9-65622211a5f4, 2032 MHz, 3996 MHz, 274.96 W, 41
2026/09/10 15:07:15.283, GPU-ab0e8f8b-abe0-a03f-c8e9-65622211a5f4, 2032 MHz, 3996 MHz, 283.51 W, 41
2026/09/10 15:07:15.483, GPU-ab0e8f8b-abe0-a03f-c8e9-65622211a5f4, 2032 MHz, 3996 MHz, 291.17 W, 41
2026/09/10 15:07:15.683, GPU-ab0e8f8b-abe0-a03f-c8e9-65622211a5f4, 2032 MHz, 3996 MHz, 290.97 W, 40
2026/09/10 15:07:15.883, GPU-ab0e8f8b-abe0-a03f-c8e9-65622211a5f4, 2032 MHz, 3996 MHz, 277.72 W, 40
2026/09/10 15:07:16.084, GPU-ab0e8f8b-abe0-a03f-c8e9-65622211a5f4, 2032 MHz, 3996 MHz, 267.97 W, 40
2026/09/10 15:07:16.284, GPU-ab0e8f8b-abe0-a03f-c8e9-65622211a5f4, 2032 MHz, 3996 MHz, 257.87 W, 40
2026/09/10 15:07:16.484, GPU-ab0e8f8b-abe0-a03f-c8e9-65622211a5f4, 2032 MHz, 3996 MHz, 250.13 W, 40
2026/09/10 15:07:16.684, GPU-ab0e8f8b-abe0-a03f-c8e9-65622211a5f4, 2032 MHz, 3996 MHz, 249.71 W, 40
2026/09/10 15:07:16.884, GPU-ab0e8f8b-abe0-a03f-c8e9-65622211a5f4, 2032 MHz, 3996 MHz, 249.52 W, 40
2026/09/10 15:07:17.084, GPU-ab0e8f8b-abe0-a03f-c8e9-65622211a5f4, 2032 MHz, 3996 MHz, 249.83 W, 40
2026/09/10 15:07:17.284, GPU-ab0e8f8b-abe0-a03f-c8e9-65622211a5f4, 2032 MHz, 3996 MHz, 249.79 W, 40
2026/09/10 15:07:17.484, GPU-ab0e8f8b-abe0-a03f-c8e9-65622211a5f4, 2032 MHz, 3996 MHz, 250.78 W, 40
2026/09/10 15:07:17.684, GPU-ab0e8f8b-abe0-a03f-c8e9-65622211a5f4, 2032 MHz, 3996 MHz, 259.11 W, 41
2026/09/10 15:07:17.884, GPU-ab0e8f8b-abe0-a03f-c8e9-65622211a5f4, 2032 MHz, 3996 MHz, 268.04 W, 41
2026/09/10 15:07:18.085, GPU-ab0e8f8b-abe0-a03f-c8e9-65622211a5f4, 2032 MHz, 3996 MHz, 277.65 W, 41
2026/09/10 15:07:18.285, GPU-ab0e8f8b-abe0-a03f-c8e9-65622211a5f4, 2032 MHz, 3996 MHz, 286.23 W, 41
2026/09/10 15:07:18.485, GPU-ab0e8f8b-abe0-a03f-c8e9-65622211a5f4, 2032 MHz, 3996 MHz, 286.61 W, 41
2026/09/10 15:07:18.685, GPU-ab0e8f8b-abe0-a03f-c8e9-65622211a5f4, 2032 MHz, 3996 MHz, 278.58 W, 40
2026/09/10 15:07:18.885, GPU-ab0e8f8b-abe0-a03f-c8e9-65622211a5f4, 2032 MHz, 3996 MHz, 269.72 W, 40
2026/09/10 15:07:19.086, GPU-ab0e8f8b-abe0-a03f-c8e9-65622211a5f4, 2032 MHz, 3996 MHz, 260.36 W, 40
2026/09/10 15:07:19.286, GPU-ab0e8f8b-abe0-a03f-c8e9-65622211a5f4, 2032 MHz, 3996 MHz, 251.24 W, 40
2026/09/10 15:07:19.486, GPU-ab0e8f8b-abe0-a03f-c8e9-65622211a5f4, 2032 MHz, 3996 MHz, 249.70 W, 40
2026/09/10 15:07:19.686, GPU-ab0e8f8b-abe0-a03f-c8e9-65622211a5f4, 2032 MHz, 3996 MHz, 249.40 W, 40
2026/09/10 15:07:19.886, GPU-ab0e8f8b-abe0-a03f-c8e9-65622211a5f4, 2032 MHz, 3996 MHz, 249.40 W, 40
2026/09/10 15:07:20.086, GPU-ab0e8f8b-abe0-a03f-c8e9-65622211a5f4, 2032 MHz, 3996 MHz, 249.36 W, 40
2026/09/10 15:07:20.286, GPU-ab0e8f8b-abe0-a03f-c8e9-65622211a5f4, 2032 MHz, 3996 MHz, 249.44 W, 40
2026/09/10 15:07:20.486, GPU-ab0e8f8b-abe0-a03f-c8e9-65622211a5f4, 2032 MHz, 3996 MHz, 249.79 W, 40
2026/09/10 15:07:20.686, GPU-ab0e8f8b-abe0-a03f-c8e9-65622211a5f4, 2032 MHz, 3996 MHz, 249.91 W, 40
2026/09/10 15:07:20.886, GPU-ab0e8f8b-abe0-a03f-c8e9-65622211a5f4, 2032 MHz, 3996 MHz, 250.80 W, 40
2026/09/10 15:07:21.087, GPU-ab0e8f8b-abe0-a03f-c8e9-65622211a5f4, 2032 MHz, 3996 MHz, 262.60 W, 41
2026/09/10 15:07:21.287, GPU-ab0e8f8b-abe0-a03f-c8e9-65622211a5f4, 2032 MHz, 3996 MHz, 272.62 W, 41
2026/09/10 15:07:21.487, GPU-ab0e8f8b-abe0-a03f-c8e9-65622211a5f4, 2032 MHz, 3996 MHz, 281.15 W, 41
2026/09/10 15:07:21.687, GPU-ab0e8f8b-abe0-a03f-c8e9-65622211a5f4, 2032 MHz, 3996 MHz, 287.92 W, 41
2026/09/10 15:07:21.887, GPU-ab0e8f8b-abe0-a03f-c8e9-65622211a5f4, 2032 MHz, 3996 MHz, 285.15 W, 40
2026/09/10 15:07:22.087, GPU-ab0e8f8b-abe0-a03f-c8e9-65622211a5f4, 2032 MHz, 3996 MHz, 275.47 W, 40
2026/09/10 15:07:22.287, GPU-ab0e8f8b-abe0-a03f-c8e9-65622211a5f4, 2032 MHz, 3996 MHz, 265.64 W, 40
2026/09/10 15:07:22.487, GPU-ab0e8f8b-abe0-a03f-c8e9-65622211a5f4, 2032 MHz, 3996 MHz, 256.95 W, 40
2026/09/10 15:07:22.687, GPU-ab0e8f8b-abe0-a03f-c8e9-65622211a5f4, 2032 MHz, 3996 MHz, 249.94 W, 40
2026/09/10 15:07:22.887, GPU-ab0e8f8b-abe0-a03f-c8e9-65622211a5f4, 2032 MHz, 3996 MHz, 249.63 W, 40
2026/09/10 15:07:23.087, GPU-ab0e8f8b-abe0-a03f-c8e9-65622211a5f4, 2032 MHz, 3996 MHz, 249.40 W, 40
2026/09/10 15:07:23.288, GPU-ab0e8f8b-abe0-a03f-c8e9-65622211a5f4, 2032 MHz, 3996 MHz, 249.36 W, 40
2026/09/10 15:07:23.488, GPU-ab0e8f8b-abe0-a03f-c8e9-65622211a5f4, 2032 MHz, 3996 MHz, 249.36 W, 40
2026/09/10 15:07:23.688, GPU-ab0e8f8b-abe0-a03f-c8e9-65622211a5f4, 2032 MHz, 3996 MHz, 249.56 W, 40
2026/09/10 15:07:23.888, GPU-ab0e8f8b-abe0-a03f-c8e9-65622211a5f4, 2032 MHz, 3996 MHz, 249.68 W, 40
2026/09/10 15:07:24.088, GPU-ab0e8f8b-abe0-a03f-c8e9-65622211a5f4, 2032 MHz, 3996 MHz, 249.79 W, 40
2026/09/10 15:07:24.288, GPU-ab0e8f8b-abe0-a03f-c8e9-65622211a5f4, 2032 MHz, 3996 MHz, 255.75 W, 40
2026/09/10 15:07:24.488, GPU-ab0e8f8b-abe0-a03f-c8e9-65622211a5f4, 2032 MHz, 3996 MHz, 264.53 W, 41
2026/09/10 15:07:24.688, GPU-ab0e8f8b-abe0-a03f-c8e9-65622211a5f4, 2032 MHz, 3996 MHz, 274.12 W, 41
2026/09/10 15:07:24.888, GPU-ab0e8f8b-abe0-a03f-c8e9-65622211a5f4, 2032 MHz, 3996 MHz, 283.25 W, 41
2026/09/10 15:07:25.088, GPU-ab0e8f8b-abe0-a03f-c8e9-65622211a5f4, 2032 MHz, 3996 MHz, 288.84 W, 41
2026/09/10 15:07:25.289, GPU-ab0e8f8b-abe0-a03f-c8e9-65622211a5f4, 2032 MHz, 3996 MHz, 283.27 W, 40
2026/09/10 15:07:25.489, GPU-ab0e8f8b-abe0-a03f-c8e9-65622211a5f4, 2032 MHz, 3996 MHz, 275.04 W, 40
2026/09/10 15:07:25.689, GPU-ab0e8f8b-abe0-a03f-c8e9-65622211a5f4, 2032 MHz, 3996 MHz, 264.38 W, 40
2026/09/10 15:07:25.889, GPU-ab0e8f8b-abe0-a03f-c8e9-65622211a5f4, 2032 MHz, 3996 MHz, 254.91 W, 40
2026/09/10 15:07:26.089, GPU-ab0e8f8b-abe0-a03f-c8e9-65622211a5f4, 2032 MHz, 3996 MHz, 249.86 W, 40
2026/09/10 15:07:26.289, GPU-ab0e8f8b-abe0-a03f-c8e9-65622211a5f4, 2032 MHz, 3996 MHz, 249.40 W, 40
2026/09/10 15:07:26.489, GPU-ab0e8f8b-abe0-a03f-c8e9-65622211a5f4, 2032 MHz, 3996 MHz, 249.36 W, 40
2026/09/10 15:07:26.689, GPU-ab0e8f8b-abe0-a03f-c8e9-65622211a5f4, 2032 MHz, 3996 MHz, 249.36 W, 40
2026/09/10 15:07:26.889, GPU-ab0e8f8b-abe0-a03f-c8e9-65622211a5f4, 2032 MHz, 3996 MHz, 249.40 W, 40
2026/09/10 15:07:27.089, GPU-ab0e8f8b-abe0-a03f-c8e9-65622211a5f4, 2032 MHz, 3996 MHz, 249.60 W, 40
2026/09/10 15:07:27.289, GPU-ab0e8f8b-abe0-a03f-c8e9-65622211a5f4, 2032 MHz, 3996 MHz, 249.83 W, 40
2026/09/10 15:07:27.490, GPU-ab0e8f8b-abe0-a03f-c8e9-65622211a5f4, 2032 MHz, 3996 MHz, 249.99 W, 40
2026/09/10 15:07:27.690, GPU-ab0e8f8b-abe0-a03f-c8e9-65622211a5f4, 2032 MHz, 3996 MHz, 250.65 W, 40
2026/09/10 15:07:27.890, GPU-ab0e8f8b-abe0-a03f-c8e9-65622211a5f4, 2032 MHz, 3996 MHz, 264.22 W, 41
2026/09/10 15:07:28.090, GPU-ab0e8f8b-abe0-a03f-c8e9-65622211a5f4, 2032 MHz, 3996 MHz, 273.33 W, 41
2026/09/10 15:07:28.290, GPU-ab0e8f8b-abe0-a03f-c8e9-65622211a5f4, 2032 MHz, 3996 MHz, 282.23 W, 41
2026/09/10 15:07:28.490, GPU-ab0e8f8b-abe0-a03f-c8e9-65622211a5f4, 2032 MHz, 3996 MHz, 288.51 W, 41
2026/09/10 15:07:28.690, GPU-ab0e8f8b-abe0-a03f-c8e9-65622211a5f4, 2032 MHz, 3996 MHz, 284.51 W, 40
2026/09/10 15:07:28.890, GPU-ab0e8f8b-abe0-a03f-c8e9-65622211a5f4, 2032 MHz, 3996 MHz, 276.07 W, 40
