case,cache,stage,metric,unit,value
h12_n1,cold,k1,c2clink__enabled_mask,,0
h12_n1,cold,k1,c2clink__present,,0
h12_n1,cold,k1,derived__pct_occupancy_per_barrier_count,,2230
h12_n1,cold,k1,derived__pct_occupancy_per_block_size,%,5190
h12_n1,cold,k1,derived__pct_occupancy_per_register_count,%/register,8524
h12_n1,cold,k1,derived__pct_occupancy_per_shared_mem_size,%/byte,14020
h12_n1,cold,k1,device__attribute_architecture,,416
h12_n1,cold,k1,device__attribute_async_engine_count,,4
h12_n1,cold,k1,device__attribute_can_flush_remote_writes,,0
h12_n1,cold,k1,device__attribute_can_map_host_memory,,1
h12_n1,cold,k1,device__attribute_can_tex2d_gather,,1
h12_n1,cold,k1,device__attribute_can_use_64_bit_stream_mem_ops,,1
h12_n1,cold,k1,device__attribute_can_use_64_bit_stream_mem_ops_v1,,0
h12_n1,cold,k1,device__attribute_can_use_host_pointer_for_registered_mem,,1
h12_n1,cold,k1,device__attribute_can_use_stream_mem_ops_v1,,0
h12_n1,cold,k1,device__attribute_can_use_stream_wait_value_nor,,1
h12_n1,cold,k1,device__attribute_can_use_stream_wait_value_nor_v1,,0
h12_n1,cold,k1,device__attribute_chip,,419
h12_n1,cold,k1,device__attribute_clock_rate,,2032000
h12_n1,cold,k1,device__attribute_cluster_launch,,1
h12_n1,cold,k1,device__attribute_compute_capability_major,,10
h12_n1,cold,k1,device__attribute_compute_capability_minor,,3
h12_n1,cold,k1,device__attribute_compute_mode,,0
h12_n1,cold,k1,device__attribute_compute_preemption_supported,,1
h12_n1,cold,k1,device__attribute_concurrent_kernels,,1
h12_n1,cold,k1,device__attribute_concurrent_managed_access,,1
h12_n1,cold,k1,device__attribute_confidential_computing_mode,,No-CC
h12_n1,cold,k1,device__attribute_cooperative_launch,,1
h12_n1,cold,k1,device__attribute_cooperative_multi_device_launch,,1
h12_n1,cold,k1,device__attribute_deferred_mapping_cuda_array_supported,,1
h12_n1,cold,k1,device__attribute_device_index,,0
h12_n1,cold,k1,device__attribute_direct_managed_mem_access_from_host,,0
h12_n1,cold,k1,device__attribute_display_name,,NVIDIA B300 SXM6 AC
h12_n1,cold,k1,device__attribute_dma_buf_supported,,1
h12_n1,cold,k1,device__attribute_ecc_enabled,,1
h12_n1,cold,k1,device__attribute_fb_bus_width,,7680
h12_n1,cold,k1,device__attribute_fbp_count,,16
h12_n1,cold,k1,device__attribute_generic_compression_supported,,1
h12_n1,cold,k1,device__attribute_global_l1_cache_supported,,1
h12_n1,cold,k1,device__attribute_global_memory_bus_width,,7680
h12_n1,cold,k1,device__attribute_gpu_direct_rdma_flush_writes_options,,1
h12_n1,cold,k1,device__attribute_gpu_direct_rdma_supported,,1
h12_n1,cold,k1,device__attribute_gpu_direct_rdma_with_cuda_vmm_supported,,1
h12_n1,cold,k1,device__attribute_gpu_direct_rdma_writes_ordering,,100
h12_n1,cold,k1,device__attribute_gpu_overlap,,1
h12_n1,cold,k1,device__attribute_gpu_pci_device_id,,830607582
h12_n1,cold,k1,device__attribute_gpu_pci_ext_device_id,,12674
h12_n1,cold,k1,device__attribute_gpu_pci_ext_downstream_link_rate,,16000
h12_n1,cold,k1,device__attribute_gpu_pci_ext_downstream_link_width,,32
h12_n1,cold,k1,device__attribute_gpu_pci_ext_gen,,5
h12_n1,cold,k1,device__attribute_gpu_pci_ext_gpu_gen,,5
h12_n1,cold,k1,device__attribute_gpu_pci_ext_gpu_link_rate,,64000
h12_n1,cold,k1,device__attribute_gpu_pci_ext_gpu_link_width,,16
h12_n1,cold,k1,device__attribute_gpu_pci_revision_id,,161
h12_n1,cold,k1,device__attribute_gpu_pci_sub_system_id,,551948510
h12_n1,cold,k1,device__attribute_handle_type_fabric_supported,,1
h12_n1,cold,k1,device__attribute_handle_type_posix_file_descriptor_supported,,1
h12_n1,cold,k1,device__attribute_handle_type_win32_handle_supported,,0
h12_n1,cold,k1,device__attribute_handle_type_win32_kmt_handle_supported,,0
h12_n1,cold,k1,device__attribute_host_native_atomic_supported,,0
h12_n1,cold,k1,device__attribute_host_numa_id,,0
h12_n1,cold,k1,device__attribute_host_register_supported,,1
h12_n1,cold,k1,device__attribute_implementation,,419
h12_n1,cold,k1,device__attribute_integrated,,0
h12_n1,cold,k1,device__attribute_ipc_event_supported,,1
h12_n1,cold,k1,device__attribute_kernel_exec_timeout,,0
h12_n1,cold,k1,device__attribute_l2_cache_size,,132644864
h12_n1,cold,k1,device__attribute_l2s_count,,192
h12_n1,cold,k1,device__attribute_limits_max_cta_per_sm,,32
h12_n1,cold,k1,device__attribute_limits_num_tpcs,,74
h12_n1,cold,k1,device__attribute_local_l1_cache_supported,,1
h12_n1,cold,k1,device__attribute_managed_memory,,1
h12_n1,cold,k1,device__attribute_max_access_policy_window_size,,134217728
h12_n1,cold,k1,device__attribute_max_block_dim_x,,1024
h12_n1,cold,k1,device__attribute_max_block_dim_y,,1024
h12_n1,cold,k1,device__attribute_max_block_dim_z,,64
h12_n1,cold,k1,device__attribute_max_blocks_per_multiprocessor,,32
h12_n1,cold,k1,device__attribute_max_gpu_frequency_khz,,2032000
h12_n1,cold,k1,device__attribute_max_grid_dim_x,,2147483647
h12_n1,cold,k1,device__attribute_max_grid_dim_y,,65535
h12_n1,cold,k1,device__attribute_max_grid_dim_z,,65535
h12_n1,cold,k1,device__attribute_max_ipc_per_multiprocessor,,4
h12_n1,cold,k1,device__attribute_max_ipc_per_scheduler,,1
h12_n1,cold,k1,device__attribute_max_mem_frequency_khz,,3996000
h12_n1,cold,k1,device__attribute_max_persisting_l2_cache_size,,82903040
h12_n1,cold,k1,device__attribute_max_pitch,,2147483647
h12_n1,cold,k1,device__attribute_max_registers_per_block,,65536
h12_n1,cold,k1,device__attribute_max_registers_per_multiprocessor,,65536
h12_n1,cold,k1,device__attribute_max_registers_per_thread,,255
h12_n1,cold,k1,device__attribute_max_shared_memory_per_block,,49152
h12_n1,cold,k1,device__attribute_max_shared_memory_per_block_optin,,232448
h12_n1,cold,k1,device__attribute_max_shared_memory_per_multiprocessor,,233472
h12_n1,cold,k1,device__attribute_max_threads_per_block,,1024
h12_n1,cold,k1,device__attribute_max_threads_per_multiprocessor,,2048
h12_n1,cold,k1,device__attribute_max_warps_per_multiprocessor,,64
h12_n1,cold,k1,device__attribute_max_warps_per_scheduler,,16
h12_n1,cold,k1,device__attribute_maximum_surface1d_layered_layers,,2048
h12_n1,cold,k1,device__attribute_maximum_surface1d_layered_width,,32768
h12_n1,cold,k1,device__attribute_maximum_surface1d_width,,32768
h12_n1,cold,k1,device__attribute_maximum_surface2d_height,,65536
h12_n1,cold,k1,device__attribute_maximum_surface2d_layered_height,,32768
h12_n1,cold,k1,device__attribute_maximum_surface2d_layered_layers,,2048
h12_n1,cold,k1,device__attribute_maximum_surface2d_layered_width,,32768
h12_n1,cold,k1,device__attribute_maximum_surface2d_width,,131072
h12_n1,cold,k1,device__attribute_maximum_surface3d_depth,,16384
h12_n1,cold,k1,device__attribute_maximum_surface3d_height,,16384
h12_n1,cold,k1,device__attribute_maximum_surface3d_width,,16384
h12_n1,cold,k1,device__attribute_maximum_surfacecubemap_layered_layers,,2046
h12_n1,cold,k1,device__attribute_maximum_surfacecubemap_layered_width,,32768
h12_n1,cold,k1,device__attribute_maximum_surfacecubemap_width,,32768
h12_n1,cold,k1,device__attribute_maximum_texture1d_layered_layers,,2048
h12_n1,cold,k1,device__attribute_maximum_texture1d_layered_width,,32768
h12_n1,cold,k1,device__attribute_maximum_texture1d_linear_width,,268435456
h12_n1,cold,k1,device__attribute_maximum_texture1d_mipmapped_width,,32768
h12_n1,cold,k1,device__attribute_maximum_texture1d_width,,131072
h12_n1,cold,k1,device__attribute_maximum_texture2d_gather_height,,32768
h12_n1,cold,k1,device__attribute_maximum_texture2d_gather_width,,32768
h12_n1,cold,k1,device__attribute_maximum_texture2d_height,,65536
h12_n1,cold,k1,device__attribute_maximum_texture2d_layered_height,,32768
h12_n1,cold,k1,device__attribute_maximum_texture2d_layered_layers,,2048
h12_n1,cold,k1,device__attribute_maximum_texture2d_layered_width,,32768
h12_n1,cold,k1,device__attribute_maximum_texture2d_linear_height,,65000
h12_n1,cold,k1,device__attribute_maximum_texture2d_linear_pitch,,2097120
h12_n1,cold,k1,device__attribute_maximum_texture2d_linear_width,,131072
h12_n1,cold,k1,device__attribute_maximum_texture2d_mipmapped_height,,32768
h12_n1,cold,k1,device__attribute_maximum_texture2d_mipmapped_width,,32768
h12_n1,cold,k1,device__attribute_maximum_texture2d_width,,131072
h12_n1,cold,k1,device__attribute_maximum_texture3d_depth,,16384
h12_n1,cold,k1,device__attribute_maximum_texture3d_depth_alternate,,32768
h12_n1,cold,k1,device__attribute_maximum_texture3d_height,,16384
h12_n1,cold,k1,device__attribute_maximum_texture3d_height_alternate,,8192
h12_n1,cold,k1,device__attribute_maximum_texture3d_width,,16384
h12_n1,cold,k1,device__attribute_maximum_texture3d_width_alternate,,8192
h12_n1,cold,k1,device__attribute_maximum_texturecubemap_layered_layers,,2046
h12_n1,cold,k1,device__attribute_maximum_texturecubemap_layered_width,,32768
h12_n1,cold,k1,device__attribute_maximum_texturecubemap_width,,32768
h12_n1,cold,k1,device__attribute_mem_sync_domain_count,,4
h12_n1,cold,k1,device__attribute_memory_clock_rate,,3996000
h12_n1,cold,k1,device__attribute_memory_pools_supported,,1
h12_n1,cold,k1,device__attribute_mempool_supported_handle_types,,9
h12_n1,cold,k1,device__attribute_mps_enabled,,0
h12_n1,cold,k1,device__attribute_multi_gpu_board,,0
h12_n1,cold,k1,device__attribute_multi_gpu_board_group_id,,0
h12_n1,cold,k1,device__attribute_multicast_supported,,1
h12_n1,cold,k1,device__attribute_multiprocessor_count,,148
h12_n1,cold,k1,device__attribute_num_l2s_per_fbp,,12
h12_n1,cold,k1,device__attribute_num_schedulers_per_multiprocessor,,4
h12_n1,cold,k1,device__attribute_num_tex_per_multiprocessor,,1
h12_n1,cold,k1,device__attribute_numa_config,,0
h12_n1,cold,k1,device__attribute_pageable_memory_access,,1
h12_n1,cold,k1,device__attribute_pageable_memory_access_uses_host_page_tables,,0
h12_n1,cold,k1,device__attribute_pci_bus_id,,12
h12_n1,cold,k1,device__attribute_pci_device_id,,0
h12_n1,cold,k1,device__attribute_pci_domain_id,,0
h12_n1,cold,k1,device__attribute_ram_location,,1
h12_n1,cold,k1,device__attribute_ram_type,,0
h12_n1,cold,k1,device__attribute_reserved_shared_memory_per_block,,1024
h12_n1,cold,k1,device__attribute_sass_level,,10
h12_n1,cold,k1,device__attribute_single_to_double_precision_perf_ratio,,64
h12_n1,cold,k1,device__attribute_sparse_cuda_array_supported,,1
h12_n1,cold,k1,device__attribute_stream_priorities_supported,,1
h12_n1,cold,k1,device__attribute_surface_alignment,,512
h12_n1,cold,k1,device__attribute_tcc_driver,,0
h12_n1,cold,k1,device__attribute_tensor_map_access_supported,,1
h12_n1,cold,k1,device__attribute_texture_alignment,,512
h12_n1,cold,k1,device__attribute_texture_pitch_alignment,,32
h12_n1,cold,k1,device__attribute_total_constant_memory,,65536
h12_n1,cold,k1,device__attribute_total_memory,,287428640768
h12_n1,cold,k1,device__attribute_unified_addressing,,1
h12_n1,cold,k1,device__attribute_unified_function_pointers,,1
h12_n1,cold,k1,device__attribute_virtual_address_management_supported,,1
h12_n1,cold,k1,device__attribute_warp_size,,32
h12_n1,cold,k1,dram__bytes_read.avg,byte,1183776
h12_n1,cold,k1,dram__bytes_read.max,byte,1264384
h12_n1,cold,k1,dram__bytes_read.min,byte,631296
h12_n1,cold,k1,dram__bytes_read.sum,byte,75761664
h12_n1,cold,k1,dram__bytes_write.avg,byte,525628
h12_n1,cold,k1,dram__bytes_write.max,byte,586496
h12_n1,cold,k1,dram__bytes_write.min,byte,196864
h12_n1,cold,k1,dram__bytes_write.sum,byte,33640192
h12_n1,cold,k1,dram__throughput.avg.pct_of_peak_sustained_elapsed,%,33.63
h12_n1,cold,k1,dram__throughput.max.pct_of_peak_sustained_elapsed,%,34.14
h12_n1,cold,k1,dram__throughput.min.pct_of_peak_sustained_elapsed,%,30.55
h12_n1,cold,k1,dram__throughput.sum.pct_of_peak_sustained_elapsed,%,33.63
h12_n1,cold,k1,gpc__cycles_elapsed.avg.per_second,hz,1902767958.14
h12_n1,cold,k1,gpc__cycles_elapsed.max.per_second,hz,1911788273.00
h12_n1,cold,k1,gpc__cycles_elapsed.min.per_second,hz,1897907239.82
h12_n1,cold,k1,gpc__cycles_elapsed.sum.per_second,hz,15222143665.16
h12_n1,cold,k1,gpu__time_duration.avg,ns,42432
h12_n1,cold,k1,gpu__time_duration.max,ns,42432
h12_n1,cold,k1,gpu__time_duration.min,ns,42432
h12_n1,cold,k1,gpu__time_duration.sum,ns,42432
h12_n1,cold,k1,gr__workids_granted.avg,,0
h12_n1,cold,k1,gr__workids_granted.max,,0
h12_n1,cold,k1,gr__workids_granted.min,,0
h12_n1,cold,k1,gr__workids_granted.sum,,0
h12_n1,cold,k1,gr__workids_granted_as_ctas.avg,block,0
h12_n1,cold,k1,gr__workids_granted_as_ctas.max,block,0
h12_n1,cold,k1,gr__workids_granted_as_ctas.min,block,0
h12_n1,cold,k1,gr__workids_granted_as_ctas.sum,block,0
h12_n1,cold,k1,gr__workids_requested.avg,,0
h12_n1,cold,k1,gr__workids_requested.max,,0
h12_n1,cold,k1,gr__workids_requested.min,,0
h12_n1,cold,k1,gr__workids_requested.sum,,0
h12_n1,cold,k1,l1tex__data_bank_conflicts_pipe_lsu_mem_shared_op_ld.avg,,4016.43
h12_n1,cold,k1,l1tex__data_bank_conflicts_pipe_lsu_mem_shared_op_ld.max,,4924
h12_n1,cold,k1,l1tex__data_bank_conflicts_pipe_lsu_mem_shared_op_ld.min,,2796
h12_n1,cold,k1,l1tex__data_bank_conflicts_pipe_lsu_mem_shared_op_ld.sum,,594432
h12_n1,cold,k1,l1tex__data_bank_conflicts_pipe_lsu_mem_shared_op_st.avg,,1221.49
h12_n1,cold,k1,l1tex__data_bank_conflicts_pipe_lsu_mem_shared_op_st.max,,1577
h12_n1,cold,k1,l1tex__data_bank_conflicts_pipe_lsu_mem_shared_op_st.min,,789
h12_n1,cold,k1,l1tex__data_bank_conflicts_pipe_lsu_mem_shared_op_st.sum,,180780
h12_n1,cold,k1,l1tex__throughput.avg.pct_of_peak_sustained_elapsed,%,55.20
h12_n1,cold,k1,l1tex__throughput.max.pct_of_peak_sustained_elapsed,%,59.47
h12_n1,cold,k1,l1tex__throughput.min.pct_of_peak_sustained_elapsed,%,49.63
h12_n1,cold,k1,l1tex__throughput.sum.pct_of_peak_sustained_elapsed,%,55.20
h12_n1,cold,k1,launch__barrier_count,,1
h12_n1,cold,k1,launch__block_dim_x,block,256
h12_n1,cold,k1,launch__block_dim_y,block,1
h12_n1,cold,k1,launch__block_dim_z,block,1
h12_n1,cold,k1,launch__block_size,,256
h12_n1,cold,k1,launch__cluster_dim_x,,0
h12_n1,cold,k1,launch__cluster_dim_y,,0
h12_n1,cold,k1,launch__cluster_dim_z,,0
h12_n1,cold,k1,launch__cluster_max_active,cluster,0
h12_n1,cold,k1,launch__cluster_max_potential_size,block,8
h12_n1,cold,k1,launch__cluster_scheduling_policy,,PolicySpread
h12_n1,cold,k1,launch__cluster_size,,0
h12_n1,cold,k1,launch__context_id,,1
h12_n1,cold,k1,launch__device_id,,0
h12_n1,cold,k1,launch__func_cache_config,,CachePreferNone
h12_n1,cold,k1,launch__function_pcs,,1
h12_n1,cold,k1,launch__grid_dim_x,,512
h12_n1,cold,k1,launch__grid_dim_y,,12
h12_n1,cold,k1,launch__grid_dim_z,,1
h12_n1,cold,k1,launch__grid_size,,6144
h12_n1,cold,k1,launch__occupancy_cluster_gpu_pct,%,0
h12_n1,cold,k1,launch__occupancy_cluster_pct,%,0
h12_n1,cold,k1,launch__occupancy_limit_barriers,block,32
h12_n1,cold,k1,launch__occupancy_limit_blocks,block,32
h12_n1,cold,k1,launch__occupancy_limit_registers,block,8
h12_n1,cold,k1,launch__occupancy_limit_shared_mem,block,9
h12_n1,cold,k1,launch__occupancy_limit_warps,block,8
h12_n1,cold,k1,launch__occupancy_per_barrier_count,,1440
h12_n1,cold,k1,launch__occupancy_per_block_size,,3339
h12_n1,cold,k1,launch__occupancy_per_cluster_size,,0
h12_n1,cold,k1,launch__occupancy_per_register_count,,5504
h12_n1,cold,k1,launch__occupancy_per_shared_mem_size,,9072
h12_n1,cold,k1,launch__persisting_l2_cache_size,byte,24870912
h12_n1,cold,k1,launch__preferred_cluster_dim_x,,0
h12_n1,cold,k1,launch__preferred_cluster_dim_y,,0
h12_n1,cold,k1,launch__preferred_cluster_dim_z,,0
h12_n1,cold,k1,launch__preferred_cluster_size,,0
h12_n1,cold,k1,launch__registers_per_thread,register/thread,32
h12_n1,cold,k1,launch__registers_per_thread_allocated,register/thread,32
h12_n1,cold,k1,launch__shared_mem_config_size,byte,200704
h12_n1,cold,k1,launch__shared_mem_per_block,byte/block,22272
h12_n1,cold,k1,launch__shared_mem_per_block_allocated,byte/block,22272
h12_n1,cold,k1,launch__shared_mem_per_block_driver,byte/block,1024
h12_n1,cold,k1,launch__shared_mem_per_block_dynamic,byte/block,21248
h12_n1,cold,k1,launch__shared_mem_per_block_static,byte/block,0
h12_n1,cold,k1,launch__sm_count,SM,148
h12_n1,cold,k1,launch__stack_size,,1024
h12_n1,cold,k1,launch__stream_id,,7
h12_n1,cold,k1,launch__thread_count,thread,1572864
h12_n1,cold,k1,launch__tpc_count,,74
h12_n1,cold,k1,launch__tpc_enabled,,all
h12_n1,cold,k1,launch__uses_cdp,,0
h12_n1,cold,k1,launch__uses_green_context,,0
h12_n1,cold,k1,launch__uses_mps,,0
h12_n1,cold,k1,launch__uses_nvlink_centric_scheduling,,0
h12_n1,cold,k1,launch__uses_vgpu,,0
h12_n1,cold,k1,launch__waves_per_multiprocessor,,5.19
h12_n1,cold,k1,lts__t_sector_hit_rate.pct,%,44.91
h12_n1,cold,k1,lts__t_sectors.avg,sector,62419.76
h12_n1,cold,k1,lts__t_sectors.max,sector,67445
h12_n1,cold,k1,lts__t_sectors.min,sector,30318
h12_n1,cold,k1,lts__t_sectors.sum,sector,11485235
h12_n1,cold,k1,lts__throughput.avg.pct_of_peak_sustained_elapsed,%,58.20
h12_n1,cold,k1,lts__throughput.max.pct_of_peak_sustained_elapsed,%,66.09
h12_n1,cold,k1,lts__throughput.min.pct_of_peak_sustained_elapsed,%,28.55
h12_n1,cold,k1,lts__throughput.sum.pct_of_peak_sustained_elapsed,%,58.20
h12_n1,cold,k1,numa__cpu_affinity,,1
h12_n1,cold,k1,numa__dev_display_name_all,,1
h12_n1,cold,k1,numa__id_cpu,,1
h12_n1,cold,k1,numa__id_memory,,1
h12_n1,cold,k1,nvlink__bandwidth,,0
h12_n1,cold,k1,nvlink__count_logical,,0
h12_n1,cold,k1,nvlink__count_physical,,0
h12_n1,cold,k1,nvlink__destination_ports,,0
h12_n1,cold,k1,nvlink__dev0Id,,0
h12_n1,cold,k1,nvlink__dev0type,,0
h12_n1,cold,k1,nvlink__dev1Id,,0
h12_n1,cold,k1,nvlink__dev1type,,0
h12_n1,cold,k1,nvlink__dev_display_name_all,,1
h12_n1,cold,k1,nvlink__enabled_mask,,262143
h12_n1,cold,k1,nvlink__is_direct_link,,0
h12_n1,cold,k1,nvlink__is_nvswitch_connected,,0
h12_n1,cold,k1,nvlink__max_count,,18
h12_n1,cold,k1,nvlink__peer_access,,0
h12_n1,cold,k1,nvlink__peer_atomic,,0
h12_n1,cold,k1,nvlink__source_ports,,0
h12_n1,cold,k1,nvlink__system_access,,0
h12_n1,cold,k1,nvlink__system_atomic,,0
h12_n1,cold,k1,profiler__perfworks_session_reuse,,0
h12_n1,cold,k1,profiler__replayer_bytes_mem_accessible.avg,byte,247911403
h12_n1,cold,k1,profiler__replayer_bytes_mem_accessible.max,byte,247911403
h12_n1,cold,k1,profiler__replayer_bytes_mem_accessible.min,byte,247911403
h12_n1,cold,k1,profiler__replayer_bytes_mem_accessible.sum,byte,3718671045
h12_n1,cold,k1,profiler__replayer_bytes_mem_backed_up.avg,byte,247911403
h12_n1,cold,k1,profiler__replayer_bytes_mem_backed_up.max,byte,247911403
h12_n1,cold,k1,profiler__replayer_bytes_mem_backed_up.min,byte,247911403
h12_n1,cold,k1,profiler__replayer_bytes_mem_backed_up.sum,byte,3718671045
h12_n1,cold,k1,profiler__replayer_passes,pass,15
h12_n1,cold,k1,profiler__replayer_passes_type_warmup,pass,0
h12_n1,cold,k1,sm__cycles_active.avg,cycle,70248.30
h12_n1,cold,k1,sm__cycles_active.avg.pct_of_peak_sustained_elapsed,%,88.69
h12_n1,cold,k1,sm__cycles_active.max,cycle,72296
h12_n1,cold,k1,sm__cycles_active.max.pct_of_peak_sustained_elapsed,%,91.27
h12_n1,cold,k1,sm__cycles_active.min,cycle,67520
h12_n1,cold,k1,sm__cycles_active.min.pct_of_peak_sustained_elapsed,%,85.24
h12_n1,cold,k1,sm__cycles_active.sum,cycle,10396749
h12_n1,cold,k1,sm__cycles_active.sum.pct_of_peak_sustained_elapsed,%,88.69
h12_n1,cold,k1,sm__inst_executed_pipe_adu.avg.pct_of_peak_sustained_elapsed,%,17.79
h12_n1,cold,k1,sm__inst_executed_pipe_adu.max.pct_of_peak_sustained_elapsed,%,18.90
h12_n1,cold,k1,sm__inst_executed_pipe_adu.min.pct_of_peak_sustained_elapsed,%,16.37
h12_n1,cold,k1,sm__inst_executed_pipe_adu.sum.pct_of_peak_sustained_elapsed,%,17.79
h12_n1,cold,k1,sm__inst_executed_pipe_alu.avg.pct_of_peak_sustained_elapsed,%,33.07
h12_n1,cold,k1,sm__inst_executed_pipe_alu.max.pct_of_peak_sustained_elapsed,%,35.05
h12_n1,cold,k1,sm__inst_executed_pipe_alu.min.pct_of_peak_sustained_elapsed,%,30.27
h12_n1,cold,k1,sm__inst_executed_pipe_alu.sum.pct_of_peak_sustained_elapsed,%,33.07
h12_n1,cold,k1,sm__inst_executed_pipe_fma.avg.pct_of_peak_sustained_elapsed,%,18.00
h12_n1,cold,k1,sm__inst_executed_pipe_fma.max.pct_of_peak_sustained_elapsed,%,19.08
h12_n1,cold,k1,sm__inst_executed_pipe_fma.min.pct_of_peak_sustained_elapsed,%,16.48
h12_n1,cold,k1,sm__inst_executed_pipe_fma.sum.pct_of_peak_sustained_elapsed,%,18.00
h12_n1,cold,k1,sm__inst_executed_pipe_lsu.avg.pct_of_peak_sustained_elapsed,%,33.12
h12_n1,cold,k1,sm__inst_executed_pipe_lsu.max.pct_of_peak_sustained_elapsed,%,35.11
h12_n1,cold,k1,sm__inst_executed_pipe_lsu.min.pct_of_peak_sustained_elapsed,%,30.32
h12_n1,cold,k1,sm__inst_executed_pipe_lsu.sum.pct_of_peak_sustained_elapsed,%,33.12
h12_n1,cold,k1,sm__inst_executed_pipe_xu.avg.pct_of_peak_sustained_elapsed,%,14.57
h12_n1,cold,k1,sm__inst_executed_pipe_xu.max.pct_of_peak_sustained_elapsed,%,15.44
h12_n1,cold,k1,sm__inst_executed_pipe_xu.min.pct_of_peak_sustained_elapsed,%,13.34
h12_n1,cold,k1,sm__inst_executed_pipe_xu.sum.pct_of_peak_sustained_elapsed,%,14.57
h12_n1,cold,k1,sm__issue_active.avg.pct_of_peak_sustained_elapsed,%,57.62
h12_n1,cold,k1,sm__issue_active.max.pct_of_peak_sustained_elapsed,%,61.09
h12_n1,cold,k1,sm__issue_active.min.pct_of_peak_sustained_elapsed,%,52.72
h12_n1,cold,k1,sm__issue_active.sum.pct_of_peak_sustained_elapsed,%,57.62
h12_n1,cold,k1,sm__maximum_warps_avg_per_active_cycle,warp,64
h12_n1,cold,k1,sm__maximum_warps_per_active_cycle_pct,%,100
h12_n1,cold,k1,sm__ops_path_tensor_op_hmma_src_bf16_dst_fp32.avg,,5441259.24
h12_n1,cold,k1,sm__ops_path_tensor_op_hmma_src_bf16_dst_fp32.max,,5767168
h12_n1,cold,k1,sm__ops_path_tensor_op_hmma_src_bf16_dst_fp32.min,,4980736
h12_n1,cold,k1,sm__ops_path_tensor_op_hmma_src_bf16_dst_fp32.sum,,805306368
h12_n1,cold,k1,sm__ops_path_tensor_op_hmma_src_fp16_dst_fp16.avg,,2040472.22
h12_n1,cold,k1,sm__ops_path_tensor_op_hmma_src_fp16_dst_fp16.max,,2162688
h12_n1,cold,k1,sm__ops_path_tensor_op_hmma_src_fp16_dst_fp16.min,,1867776
h12_n1,cold,k1,sm__ops_path_tensor_op_hmma_src_fp16_dst_fp16.sum,,301989888
h12_n1,cold,k1,sm__pipe_tensor_cycles_active.avg.pct_of_peak_sustained_active,%,5.20
h12_n1,cold,k1,sm__pipe_tensor_cycles_active.avg.pct_of_peak_sustained_elapsed,%,4.61
h12_n1,cold,k1,sm__pipe_tensor_cycles_active.max.pct_of_peak_sustained_active,%,5.51
h12_n1,cold,k1,sm__pipe_tensor_cycles_active.max.pct_of_peak_sustained_elapsed,%,4.89
h12_n1,cold,k1,sm__pipe_tensor_cycles_active.min.pct_of_peak_sustained_active,%,4.89
h12_n1,cold,k1,sm__pipe_tensor_cycles_active.min.pct_of_peak_sustained_elapsed,%,4.33
h12_n1,cold,k1,sm__pipe_tensor_cycles_active.sum.pct_of_peak_sustained_active,%,5.20
h12_n1,cold,k1,sm__pipe_tensor_cycles_active.sum.pct_of_peak_sustained_elapsed,%,4.61
h12_n1,cold,k1,sm__throughput.avg.pct_of_peak_sustained_elapsed,%,57.62
h12_n1,cold,k1,sm__throughput.max.pct_of_peak_sustained_elapsed,%,61.09
h12_n1,cold,k1,sm__throughput.min.pct_of_peak_sustained_elapsed,%,52.72
h12_n1,cold,k1,sm__throughput.sum.pct_of_peak_sustained_elapsed,%,57.62
h12_n1,cold,k1,sm__warps_active.avg.pct_of_peak_sustained_active,%,92.69
h12_n1,cold,k1,sm__warps_active.avg.per_cycle_active,warp,59.32
h12_n1,cold,k1,sm__warps_active.max.pct_of_peak_sustained_active,%,95.87
h12_n1,cold,k1,sm__warps_active.max.per_cycle_active,warp,61.35
h12_n1,cold,k1,sm__warps_active.min.pct_of_peak_sustained_active,%,88.45
h12_n1,cold,k1,sm__warps_active.min.per_cycle_active,warp,56.61
h12_n1,cold,k1,sm__warps_active.sum.pct_of_peak_sustained_active,%,92.69
h12_n1,cold,k1,sm__warps_active.sum.per_cycle_active,warp,8779.43
h12_n1,cold,k1,smsp__issue_active.avg.pct_of_peak_sustained_active,%,64.70
h12_n1,cold,k1,smsp__issue_active.max.pct_of_peak_sustained_active,%,68.61
h12_n1,cold,k1,smsp__issue_active.min.pct_of_peak_sustained_active,%,58.88
h12_n1,cold,k1,smsp__issue_active.sum.pct_of_peak_sustained_active,%,64.70
h12_n1,cold,k1,smsp__maximum_warps_avg_per_active_cycle,warp,16
h12_n1,cold,k1,smsp__warp_issue_stalled_barrier_per_warp_active.pct,%,39.51
h12_n1,cold,k1,smsp__warp_issue_stalled_long_scoreboard_per_warp_active.pct,%,16.40
h12_n1,cold,k1,smsp__warp_issue_stalled_math_pipe_throttle_per_warp_active.pct,%,2.44
h12_n1,cold,k1,smsp__warp_issue_stalled_membar_per_warp_active.pct,%,0
h12_n1,cold,k1,smsp__warp_issue_stalled_mio_throttle_per_warp_active.pct,%,3.47
h12_n1,cold,k1,smsp__warp_issue_stalled_not_selected_per_warp_active.pct,%,9.93
h12_n1,cold,k1,smsp__warp_issue_stalled_short_scoreboard_per_warp_active.pct,%,11.68
h12_n1,cold,k1,smsp__warp_issue_stalled_wait_per_warp_active.pct,%,7.87
h12_n1,cold,k1,smsp__warps_active.avg.peak_sustained,warp,16
h12_n1,cold,k1,smsp__warps_active.max.peak_sustained,warp,16
h12_n1,cold,k1,smsp__warps_active.min.peak_sustained,warp,16
h12_n1,cold,k1,smsp__warps_active.sum.peak_sustained,warp,9472
h12_n1,cold,k1,smsp__warps_eligible.avg.per_cycle_active,warp,2.09
h12_n1,cold,k1,smsp__warps_eligible.max.per_cycle_active,warp,2.34
h12_n1,cold,k1,smsp__warps_eligible.min.per_cycle_active,warp,1.78
h12_n1,cold,k1,smsp__warps_eligible.sum.per_cycle_active,warp,1235.83
h12_n1,cold,k2,c2clink__enabled_mask,,0
h12_n1,cold,k2,c2clink__present,,0
h12_n1,cold,k2,derived__pct_occupancy_per_barrier_count,,882
h12_n1,cold,k2,derived__pct_occupancy_per_block_size,%,1163
h12_n1,cold,k2,derived__pct_occupancy_per_register_count,%/register,3834
h12_n1,cold,k2,derived__pct_occupancy_per_shared_mem_size,%/byte,8069
h12_n1,cold,k2,device__attribute_architecture,,416
h12_n1,cold,k2,device__attribute_async_engine_count,,4
h12_n1,cold,k2,device__attribute_can_flush_remote_writes,,0
h12_n1,cold,k2,device__attribute_can_map_host_memory,,1
h12_n1,cold,k2,device__attribute_can_tex2d_gather,,1
h12_n1,cold,k2,device__attribute_can_use_64_bit_stream_mem_ops,,1
h12_n1,cold,k2,device__attribute_can_use_64_bit_stream_mem_ops_v1,,0
h12_n1,cold,k2,device__attribute_can_use_host_pointer_for_registered_mem,,1
h12_n1,cold,k2,device__attribute_can_use_stream_mem_ops_v1,,0
h12_n1,cold,k2,device__attribute_can_use_stream_wait_value_nor,,1
h12_n1,cold,k2,device__attribute_can_use_stream_wait_value_nor_v1,,0
h12_n1,cold,k2,device__attribute_chip,,419
h12_n1,cold,k2,device__attribute_clock_rate,,2032000
h12_n1,cold,k2,device__attribute_cluster_launch,,1
h12_n1,cold,k2,device__attribute_compute_capability_major,,10
h12_n1,cold,k2,device__attribute_compute_capability_minor,,3
h12_n1,cold,k2,device__attribute_compute_mode,,0
h12_n1,cold,k2,device__attribute_compute_preemption_supported,,1
h12_n1,cold,k2,device__attribute_concurrent_kernels,,1
h12_n1,cold,k2,device__attribute_concurrent_managed_access,,1
h12_n1,cold,k2,device__attribute_confidential_computing_mode,,No-CC
h12_n1,cold,k2,device__attribute_cooperative_launch,,1
h12_n1,cold,k2,device__attribute_cooperative_multi_device_launch,,1
h12_n1,cold,k2,device__attribute_deferred_mapping_cuda_array_supported,,1
h12_n1,cold,k2,device__attribute_device_index,,0
h12_n1,cold,k2,device__attribute_direct_managed_mem_access_from_host,,0
h12_n1,cold,k2,device__attribute_display_name,,NVIDIA B300 SXM6 AC
h12_n1,cold,k2,device__attribute_dma_buf_supported,,1
h12_n1,cold,k2,device__attribute_ecc_enabled,,1
h12_n1,cold,k2,device__attribute_fb_bus_width,,7680
h12_n1,cold,k2,device__attribute_fbp_count,,16
h12_n1,cold,k2,device__attribute_generic_compression_supported,,1
h12_n1,cold,k2,device__attribute_global_l1_cache_supported,,1
h12_n1,cold,k2,device__attribute_global_memory_bus_width,,7680
h12_n1,cold,k2,device__attribute_gpu_direct_rdma_flush_writes_options,,1
h12_n1,cold,k2,device__attribute_gpu_direct_rdma_supported,,1
h12_n1,cold,k2,device__attribute_gpu_direct_rdma_with_cuda_vmm_supported,,1
h12_n1,cold,k2,device__attribute_gpu_direct_rdma_writes_ordering,,100
h12_n1,cold,k2,device__attribute_gpu_overlap,,1
h12_n1,cold,k2,device__attribute_gpu_pci_device_id,,830607582
h12_n1,cold,k2,device__attribute_gpu_pci_ext_device_id,,12674
h12_n1,cold,k2,device__attribute_gpu_pci_ext_downstream_link_rate,,16000
h12_n1,cold,k2,device__attribute_gpu_pci_ext_downstream_link_width,,32
h12_n1,cold,k2,device__attribute_gpu_pci_ext_gen,,5
h12_n1,cold,k2,device__attribute_gpu_pci_ext_gpu_gen,,5
h12_n1,cold,k2,device__attribute_gpu_pci_ext_gpu_link_rate,,64000
h12_n1,cold,k2,device__attribute_gpu_pci_ext_gpu_link_width,,16
h12_n1,cold,k2,device__attribute_gpu_pci_revision_id,,161
h12_n1,cold,k2,device__attribute_gpu_pci_sub_system_id,,551948510
h12_n1,cold,k2,device__attribute_handle_type_fabric_supported,,1
h12_n1,cold,k2,device__attribute_handle_type_posix_file_descriptor_supported,,1
h12_n1,cold,k2,device__attribute_handle_type_win32_handle_supported,,0
h12_n1,cold,k2,device__attribute_handle_type_win32_kmt_handle_supported,,0
h12_n1,cold,k2,device__attribute_host_native_atomic_supported,,0
h12_n1,cold,k2,device__attribute_host_numa_id,,0
h12_n1,cold,k2,device__attribute_host_register_supported,,1
h12_n1,cold,k2,device__attribute_implementation,,419
h12_n1,cold,k2,device__attribute_integrated,,0
h12_n1,cold,k2,device__attribute_ipc_event_supported,,1
h12_n1,cold,k2,device__attribute_kernel_exec_timeout,,0
h12_n1,cold,k2,device__attribute_l2_cache_size,,132644864
h12_n1,cold,k2,device__attribute_l2s_count,,192
h12_n1,cold,k2,device__attribute_limits_max_cta_per_sm,,32
h12_n1,cold,k2,device__attribute_limits_num_tpcs,,74
h12_n1,cold,k2,device__attribute_local_l1_cache_supported,,1
h12_n1,cold,k2,device__attribute_managed_memory,,1
h12_n1,cold,k2,device__attribute_max_access_policy_window_size,,134217728
h12_n1,cold,k2,device__attribute_max_block_dim_x,,1024
h12_n1,cold,k2,device__attribute_max_block_dim_y,,1024
h12_n1,cold,k2,device__attribute_max_block_dim_z,,64
h12_n1,cold,k2,device__attribute_max_blocks_per_multiprocessor,,32
h12_n1,cold,k2,device__attribute_max_gpu_frequency_khz,,2032000
h12_n1,cold,k2,device__attribute_max_grid_dim_x,,2147483647
h12_n1,cold,k2,device__attribute_max_grid_dim_y,,65535
h12_n1,cold,k2,device__attribute_max_grid_dim_z,,65535
h12_n1,cold,k2,device__attribute_max_ipc_per_multiprocessor,,4
h12_n1,cold,k2,device__attribute_max_ipc_per_scheduler,,1
h12_n1,cold,k2,device__attribute_max_mem_frequency_khz,,3996000
h12_n1,cold,k2,device__attribute_max_persisting_l2_cache_size,,82903040
h12_n1,cold,k2,device__attribute_max_pitch,,2147483647
h12_n1,cold,k2,device__attribute_max_registers_per_block,,65536
h12_n1,cold,k2,device__attribute_max_registers_per_multiprocessor,,65536
h12_n1,cold,k2,device__attribute_max_registers_per_thread,,255
h12_n1,cold,k2,device__attribute_max_shared_memory_per_block,,49152
h12_n1,cold,k2,device__attribute_max_shared_memory_per_block_optin,,232448
h12_n1,cold,k2,device__attribute_max_shared_memory_per_multiprocessor,,233472
h12_n1,cold,k2,device__attribute_max_threads_per_block,,1024
h12_n1,cold,k2,device__attribute_max_threads_per_multiprocessor,,2048
h12_n1,cold,k2,device__attribute_max_warps_per_multiprocessor,,64
h12_n1,cold,k2,device__attribute_max_warps_per_scheduler,,16
h12_n1,cold,k2,device__attribute_maximum_surface1d_layered_layers,,2048
h12_n1,cold,k2,device__attribute_maximum_surface1d_layered_width,,32768
h12_n1,cold,k2,device__attribute_maximum_surface1d_width,,32768
h12_n1,cold,k2,device__attribute_maximum_surface2d_height,,65536
h12_n1,cold,k2,device__attribute_maximum_surface2d_layered_height,,32768
h12_n1,cold,k2,device__attribute_maximum_surface2d_layered_layers,,2048
h12_n1,cold,k2,device__attribute_maximum_surface2d_layered_width,,32768
h12_n1,cold,k2,device__attribute_maximum_surface2d_width,,131072
h12_n1,cold,k2,device__attribute_maximum_surface3d_depth,,16384
h12_n1,cold,k2,device__attribute_maximum_surface3d_height,,16384
h12_n1,cold,k2,device__attribute_maximum_surface3d_width,,16384
h12_n1,cold,k2,device__attribute_maximum_surfacecubemap_layered_layers,,2046
h12_n1,cold,k2,device__attribute_maximum_surfacecubemap_layered_width,,32768
h12_n1,cold,k2,device__attribute_maximum_surfacecubemap_width,,32768
h12_n1,cold,k2,device__attribute_maximum_texture1d_layered_layers,,2048
h12_n1,cold,k2,device__attribute_maximum_texture1d_layered_width,,32768
h12_n1,cold,k2,device__attribute_maximum_texture1d_linear_width,,268435456
h12_n1,cold,k2,device__attribute_maximum_texture1d_mipmapped_width,,32768
h12_n1,cold,k2,device__attribute_maximum_texture1d_width,,131072
h12_n1,cold,k2,device__attribute_maximum_texture2d_gather_height,,32768
h12_n1,cold,k2,device__attribute_maximum_texture2d_gather_width,,32768
h12_n1,cold,k2,device__attribute_maximum_texture2d_height,,65536
h12_n1,cold,k2,device__attribute_maximum_texture2d_layered_height,,32768
h12_n1,cold,k2,device__attribute_maximum_texture2d_layered_layers,,2048
h12_n1,cold,k2,device__attribute_maximum_texture2d_layered_width,,32768
h12_n1,cold,k2,device__attribute_maximum_texture2d_linear_height,,65000
h12_n1,cold,k2,device__attribute_maximum_texture2d_linear_pitch,,2097120
h12_n1,cold,k2,device__attribute_maximum_texture2d_linear_width,,131072
h12_n1,cold,k2,device__attribute_maximum_texture2d_mipmapped_height,,32768
h12_n1,cold,k2,device__attribute_maximum_texture2d_mipmapped_width,,32768
h12_n1,cold,k2,device__attribute_maximum_texture2d_width,,131072
h12_n1,cold,k2,device__attribute_maximum_texture3d_depth,,16384
h12_n1,cold,k2,device__attribute_maximum_texture3d_depth_alternate,,32768
h12_n1,cold,k2,device__attribute_maximum_texture3d_height,,16384
h12_n1,cold,k2,device__attribute_maximum_texture3d_height_alternate,,8192
h12_n1,cold,k2,device__attribute_maximum_texture3d_width,,16384
h12_n1,cold,k2,device__attribute_maximum_texture3d_width_alternate,,8192
h12_n1,cold,k2,device__attribute_maximum_texturecubemap_layered_layers,,2046
h12_n1,cold,k2,device__attribute_maximum_texturecubemap_layered_width,,32768
h12_n1,cold,k2,device__attribute_maximum_texturecubemap_width,,32768
h12_n1,cold,k2,device__attribute_mem_sync_domain_count,,4
h12_n1,cold,k2,device__attribute_memory_clock_rate,,3996000
h12_n1,cold,k2,device__attribute_memory_pools_supported,,1
h12_n1,cold,k2,device__attribute_mempool_supported_handle_types,,9
h12_n1,cold,k2,device__attribute_mps_enabled,,0
h12_n1,cold,k2,device__attribute_multi_gpu_board,,0
h12_n1,cold,k2,device__attribute_multi_gpu_board_group_id,,0
h12_n1,cold,k2,device__attribute_multicast_supported,,1
h12_n1,cold,k2,device__attribute_multiprocessor_count,,148
h12_n1,cold,k2,device__attribute_num_l2s_per_fbp,,12
h12_n1,cold,k2,device__attribute_num_schedulers_per_multiprocessor,,4
h12_n1,cold,k2,device__attribute_num_tex_per_multiprocessor,,1
h12_n1,cold,k2,device__attribute_numa_config,,0
h12_n1,cold,k2,device__attribute_pageable_memory_access,,1
h12_n1,cold,k2,device__attribute_pageable_memory_access_uses_host_page_tables,,0
h12_n1,cold,k2,device__attribute_pci_bus_id,,12
h12_n1,cold,k2,device__attribute_pci_device_id,,0
h12_n1,cold,k2,device__attribute_pci_domain_id,,0
h12_n1,cold,k2,device__attribute_ram_location,,1
h12_n1,cold,k2,device__attribute_ram_type,,0
h12_n1,cold,k2,device__attribute_reserved_shared_memory_per_block,,1024
h12_n1,cold,k2,device__attribute_sass_level,,10
h12_n1,cold,k2,device__attribute_single_to_double_precision_perf_ratio,,64
h12_n1,cold,k2,device__attribute_sparse_cuda_array_supported,,1
h12_n1,cold,k2,device__attribute_stream_priorities_supported,,1
h12_n1,cold,k2,device__attribute_surface_alignment,,512
h12_n1,cold,k2,device__attribute_tcc_driver,,0
h12_n1,cold,k2,device__attribute_tensor_map_access_supported,,1
h12_n1,cold,k2,device__attribute_texture_alignment,,512
h12_n1,cold,k2,device__attribute_texture_pitch_alignment,,32
h12_n1,cold,k2,device__attribute_total_constant_memory,,65536
h12_n1,cold,k2,device__attribute_total_memory,,287428640768
h12_n1,cold,k2,device__attribute_unified_addressing,,1
h12_n1,cold,k2,device__attribute_unified_function_pointers,,1
h12_n1,cold,k2,device__attribute_virtual_address_management_supported,,1
h12_n1,cold,k2,device__attribute_warp_size,,32
h12_n1,cold,k2,dram__bytes_read.avg,byte,1730140
h12_n1,cold,k2,dram__bytes_read.max,byte,1848576
h12_n1,cold,k2,dram__bytes_read.min,byte,922624
h12_n1,cold,k2,dram__bytes_read.sum,byte,110728960
h12_n1,cold,k2,dram__bytes_write.avg,byte,163516
h12_n1,cold,k2,dram__bytes_write.max,byte,278016
h12_n1,cold,k2,dram__bytes_write.min,byte,26368
h12_n1,cold,k2,dram__bytes_write.sum,byte,10465024
h12_n1,cold,k2,dram__throughput.avg.pct_of_peak_sustained_elapsed,%,2.13
h12_n1,cold,k2,dram__throughput.max.pct_of_peak_sustained_elapsed,%,2.24
h12_n1,cold,k2,dram__throughput.min.pct_of_peak_sustained_elapsed,%,2.00
h12_n1,cold,k2,dram__throughput.sum.pct_of_peak_sustained_elapsed,%,2.13
h12_n1,cold,k2,gpc__cycles_elapsed.avg.per_second,hz,1984242501.99
h12_n1,cold,k2,gpc__cycles_elapsed.max.per_second,hz,2032347696.32
h12_n1,cold,k2,gpc__cycles_elapsed.min.per_second,hz,1903598019.57
h12_n1,cold,k2,gpc__cycles_elapsed.sum.per_second,hz,15873940015.95
h12_n1,cold,k2,gpu__time_duration.avg,ns,742464
h12_n1,cold,k2,gpu__time_duration.max,ns,742464
h12_n1,cold,k2,gpu__time_duration.min,ns,742464
h12_n1,cold,k2,gpu__time_duration.sum,ns,742464
h12_n1,cold,k2,gr__workids_granted.avg,,0
h12_n1,cold,k2,gr__workids_granted.max,,0
h12_n1,cold,k2,gr__workids_granted.min,,0
h12_n1,cold,k2,gr__workids_granted.sum,,0
h12_n1,cold,k2,gr__workids_granted_as_ctas.avg,block,0
h12_n1,cold,k2,gr__workids_granted_as_ctas.max,block,0
h12_n1,cold,k2,gr__workids_granted_as_ctas.min,block,0
h12_n1,cold,k2,gr__workids_granted_as_ctas.sum,block,0
h12_n1,cold,k2,gr__workids_requested.avg,,0
h12_n1,cold,k2,gr__workids_requested.max,,0
h12_n1,cold,k2,gr__workids_requested.min,,0
h12_n1,cold,k2,gr__workids_requested.sum,,0
h12_n1,cold,k2,l1tex__data_bank_conflicts_pipe_lsu_mem_shared_op_ld.avg,,2319.20
h12_n1,cold,k2,l1tex__data_bank_conflicts_pipe_lsu_mem_shared_op_ld.max,,33210
h12_n1,cold,k2,l1tex__data_bank_conflicts_pipe_lsu_mem_shared_op_ld.min,,0
h12_n1,cold,k2,l1tex__data_bank_conflicts_pipe_lsu_mem_shared_op_ld.sum,,343241
h12_n1,cold,k2,l1tex__data_bank_conflicts_pipe_lsu_mem_shared_op_st.avg,,7715.76
h12_n1,cold,k2,l1tex__data_bank_conflicts_pipe_lsu_mem_shared_op_st.max,,99022
h12_n1,cold,k2,l1tex__data_bank_conflicts_pipe_lsu_mem_shared_op_st.min,,0
h12_n1,cold,k2,l1tex__data_bank_conflicts_pipe_lsu_mem_shared_op_st.sum,,1141932
h12_n1,cold,k2,l1tex__throughput.avg.pct_of_peak_sustained_elapsed,%,4.63
h12_n1,cold,k2,l1tex__throughput.max.pct_of_peak_sustained_elapsed,%,57.54
h12_n1,cold,k2,l1tex__throughput.min.pct_of_peak_sustained_elapsed,%,0.00
h12_n1,cold,k2,l1tex__throughput.sum.pct_of_peak_sustained_elapsed,%,4.63
h12_n1,cold,k2,launch__barrier_count,,9
h12_n1,cold,k2,launch__block_dim_x,block,192
h12_n1,cold,k2,launch__block_dim_y,block,1
h12_n1,cold,k2,launch__block_dim_z,block,1
h12_n1,cold,k2,launch__block_size,,192
h12_n1,cold,k2,launch__cluster_dim_x,,0
h12_n1,cold,k2,launch__cluster_dim_y,,0
h12_n1,cold,k2,launch__cluster_dim_z,,0
h12_n1,cold,k2,launch__cluster_max_active,cluster,0
h12_n1,cold,k2,launch__cluster_max_potential_size,block,8
h12_n1,cold,k2,launch__cluster_scheduling_policy,,PolicySpread
h12_n1,cold,k2,launch__cluster_size,,0
h12_n1,cold,k2,launch__context_id,,1
h12_n1,cold,k2,launch__device_id,,0
h12_n1,cold,k2,launch__func_cache_config,,CachePreferNone
h12_n1,cold,k2,launch__function_pcs,,1
h12_n1,cold,k2,launch__grid_dim_x,,1
h12_n1,cold,k2,launch__grid_dim_y,,12
h12_n1,cold,k2,launch__grid_dim_z,,1
h12_n1,cold,k2,launch__grid_size,,12
h12_n1,cold,k2,launch__occupancy_cluster_gpu_pct,%,0
h12_n1,cold,k2,launch__occupancy_cluster_pct,%,0
h12_n1,cold,k2,launch__occupancy_limit_barriers,block,7
h12_n1,cold,k2,launch__occupancy_limit_blocks,block,32
h12_n1,cold,k2,launch__occupancy_limit_registers,block,4
h12_n1,cold,k2,launch__occupancy_limit_shared_mem,block,2
h12_n1,cold,k2,launch__occupancy_limit_warps,block,10
h12_n1,cold,k2,launch__occupancy_per_barrier_count,,588
h12_n1,cold,k2,launch__occupancy_per_block_size,,758
h12_n1,cold,k2,launch__occupancy_per_cluster_size,,0
h12_n1,cold,k2,launch__occupancy_per_register_count,,2556
h12_n1,cold,k2,launch__occupancy_per_shared_mem_size,,5292
h12_n1,cold,k2,launch__persisting_l2_cache_size,byte,24870912
h12_n1,cold,k2,launch__preferred_cluster_dim_x,,0
h12_n1,cold,k2,launch__preferred_cluster_dim_y,,0
h12_n1,cold,k2,launch__preferred_cluster_dim_z,,0
h12_n1,cold,k2,launch__preferred_cluster_size,,0
h12_n1,cold,k2,launch__registers_per_thread,register/thread,73
h12_n1,cold,k2,launch__registers_per_thread_allocated,register/thread,80
h12_n1,cold,k2,launch__shared_mem_config_size,byte,200704
h12_n1,cold,k2,launch__shared_mem_per_block,byte/block,99456
h12_n1,cold,k2,launch__shared_mem_per_block_allocated,byte/block,99456
h12_n1,cold,k2,launch__shared_mem_per_block_driver,byte/block,1024
h12_n1,cold,k2,launch__shared_mem_per_block_dynamic,byte/block,98432
h12_n1,cold,k2,launch__shared_mem_per_block_static,byte/block,0
h12_n1,cold,k2,launch__sm_count,SM,148
h12_n1,cold,k2,launch__stack_size,,1024
h12_n1,cold,k2,launch__stream_id,,7
h12_n1,cold,k2,launch__thread_count,thread,2304
h12_n1,cold,k2,launch__tpc_count,,74
h12_n1,cold,k2,launch__tpc_enabled,,all
h12_n1,cold,k2,launch__uses_cdp,,0
h12_n1,cold,k2,launch__uses_green_context,,0
h12_n1,cold,k2,launch__uses_mps,,0
h12_n1,cold,k2,launch__uses_nvlink_centric_scheduling,,0
h12_n1,cold,k2,launch__uses_vgpu,,0
h12_n1,cold,k2,launch__waves_per_multiprocessor,,0.04
h12_n1,cold,k2,lts__t_sector_hit_rate.pct,%,53.46
h12_n1,cold,k2,lts__t_sectors.avg,sector,69023.51
h12_n1,cold,k2,lts__t_sectors.max,sector,113664
h12_n1,cold,k2,lts__t_sectors.min,sector,14145
h12_n1,cold,k2,lts__t_sectors.sum,sector,12700325
h12_n1,cold,k2,lts__throughput.avg.pct_of_peak_sustained_elapsed,%,3.34
h12_n1,cold,k2,lts__throughput.max.pct_of_peak_sustained_elapsed,%,5.80
h12_n1,cold,k2,lts__throughput.min.pct_of_peak_sustained_elapsed,%,0.66
h12_n1,cold,k2,lts__throughput.sum.pct_of_peak_sustained_elapsed,%,3.34
h12_n1,cold,k2,numa__cpu_affinity,,1
h12_n1,cold,k2,numa__dev_display_name_all,,1
h12_n1,cold,k2,numa__id_cpu,,1
h12_n1,cold,k2,numa__id_memory,,1
h12_n1,cold,k2,nvlink__bandwidth,,0
h12_n1,cold,k2,nvlink__count_logical,,0
h12_n1,cold,k2,nvlink__count_physical,,0
h12_n1,cold,k2,nvlink__destination_ports,,0
h12_n1,cold,k2,nvlink__dev0Id,,0
h12_n1,cold,k2,nvlink__dev0type,,0
h12_n1,cold,k2,nvlink__dev1Id,,0
h12_n1,cold,k2,nvlink__dev1type,,0
h12_n1,cold,k2,nvlink__dev_display_name_all,,1
h12_n1,cold,k2,nvlink__enabled_mask,,262143
h12_n1,cold,k2,nvlink__is_direct_link,,0
h12_n1,cold,k2,nvlink__is_nvswitch_connected,,0
h12_n1,cold,k2,nvlink__max_count,,18
h12_n1,cold,k2,nvlink__peer_access,,0
h12_n1,cold,k2,nvlink__peer_atomic,,0
h12_n1,cold,k2,nvlink__source_ports,,0
h12_n1,cold,k2,nvlink__system_access,,0
h12_n1,cold,k2,nvlink__system_atomic,,0
h12_n1,cold,k2,profiler__perfworks_session_reuse,,0
h12_n1,cold,k2,profiler__replayer_bytes_mem_accessible.avg,byte,247911403
h12_n1,cold,k2,profiler__replayer_bytes_mem_accessible.max,byte,247911403
h12_n1,cold,k2,profiler__replayer_bytes_mem_accessible.min,byte,247911403
h12_n1,cold,k2,profiler__replayer_bytes_mem_accessible.sum,byte,3718671045
h12_n1,cold,k2,profiler__replayer_bytes_mem_backed_up.avg,byte,247911403
h12_n1,cold,k2,profiler__replayer_bytes_mem_backed_up.max,byte,247911403
h12_n1,cold,k2,profiler__replayer_bytes_mem_backed_up.min,byte,247911403
h12_n1,cold,k2,profiler__replayer_bytes_mem_backed_up.sum,byte,3718671045
h12_n1,cold,k2,profiler__replayer_passes,pass,15
h12_n1,cold,k2,profiler__replayer_passes_type_warmup,pass,0
h12_n1,cold,k2,sm__cycles_active.avg,cycle,113159.47
h12_n1,cold,k2,sm__cycles_active.avg.pct_of_peak_sustained_elapsed,%,7.68
h12_n1,cold,k2,sm__cycles_active.max,cycle,1407024
h12_n1,cold,k2,sm__cycles_active.max.pct_of_peak_sustained_elapsed,%,95.46
h12_n1,cold,k2,sm__cycles_active.min,cycle,0
h12_n1,cold,k2,sm__cycles_active.min.pct_of_peak_sustained_elapsed,%,0
h12_n1,cold,k2,sm__cycles_active.sum,cycle,16747601
h12_n1,cold,k2,sm__cycles_active.sum.pct_of_peak_sustained_elapsed,%,7.68
h12_n1,cold,k2,sm__inst_executed_pipe_adu.avg.pct_of_peak_sustained_elapsed,%,0.26
h12_n1,cold,k2,sm__inst_executed_pipe_adu.max.pct_of_peak_sustained_elapsed,%,3.27
h12_n1,cold,k2,sm__inst_executed_pipe_adu.min.pct_of_peak_sustained_elapsed,%,0
h12_n1,cold,k2,sm__inst_executed_pipe_adu.sum.pct_of_peak_sustained_elapsed,%,0.26
h12_n1,cold,k2,sm__inst_executed_pipe_alu.avg.pct_of_peak_sustained_elapsed,%,1.64
h12_n1,cold,k2,sm__inst_executed_pipe_alu.max.pct_of_peak_sustained_elapsed,%,20.28
h12_n1,cold,k2,sm__inst_executed_pipe_alu.min.pct_of_peak_sustained_elapsed,%,0
h12_n1,cold,k2,sm__inst_executed_pipe_alu.sum.pct_of_peak_sustained_elapsed,%,1.64
h12_n1,cold,k2,sm__inst_executed_pipe_fma.avg.pct_of_peak_sustained_elapsed,%,0.69
h12_n1,cold,k2,sm__inst_executed_pipe_fma.max.pct_of_peak_sustained_elapsed,%,8.49
h12_n1,cold,k2,sm__inst_executed_pipe_fma.min.pct_of_peak_sustained_elapsed,%,0
h12_n1,cold,k2,sm__inst_executed_pipe_fma.sum.pct_of_peak_sustained_elapsed,%,0.69
h12_n1,cold,k2,sm__inst_executed_pipe_lsu.avg.pct_of_peak_sustained_elapsed,%,1.30
h12_n1,cold,k2,sm__inst_executed_pipe_lsu.max.pct_of_peak_sustained_elapsed,%,15.98
h12_n1,cold,k2,sm__inst_executed_pipe_lsu.min.pct_of_peak_sustained_elapsed,%,0
h12_n1,cold,k2,sm__inst_executed_pipe_lsu.sum.pct_of_peak_sustained_elapsed,%,1.30
h12_n1,cold,k2,sm__inst_executed_pipe_xu.avg.pct_of_peak_sustained_elapsed,%,0.02
h12_n1,cold,k2,sm__inst_executed_pipe_xu.max.pct_of_peak_sustained_elapsed,%,0.28
h12_n1,cold,k2,sm__inst_executed_pipe_xu.min.pct_of_peak_sustained_elapsed,%,0
h12_n1,cold,k2,sm__inst_executed_pipe_xu.sum.pct_of_peak_sustained_elapsed,%,0.02
h12_n1,cold,k2,sm__issue_active.avg.pct_of_peak_sustained_elapsed,%,2.49
h12_n1,cold,k2,sm__issue_active.max.pct_of_peak_sustained_elapsed,%,30.73
h12_n1,cold,k2,sm__issue_active.min.pct_of_peak_sustained_elapsed,%,0
h12_n1,cold,k2,sm__issue_active.sum.pct_of_peak_sustained_elapsed,%,2.49
h12_n1,cold,k2,sm__maximum_warps_avg_per_active_cycle,warp,12
h12_n1,cold,k2,sm__maximum_warps_per_active_cycle_pct,%,18.75
h12_n1,cold,k2,sm__ops_path_tensor_op_hmma_src_bf16_dst_fp32.avg,,70736370.16
h12_n1,cold,k2,sm__ops_path_tensor_op_hmma_src_bf16_dst_fp32.max,,872415232
h12_n1,cold,k2,sm__ops_path_tensor_op_hmma_src_bf16_dst_fp32.min,,0
h12_n1,cold,k2,sm__ops_path_tensor_op_hmma_src_bf16_dst_fp32.sum,,10468982784
h12_n1,cold,k2,sm__ops_path_tensor_op_hmma_src_fp16_dst_fp16.avg,,0
h12_n1,cold,k2,sm__ops_path_tensor_op_hmma_src_fp16_dst_fp16.max,,0
h12_n1,cold,k2,sm__ops_path_tensor_op_hmma_src_fp16_dst_fp16.min,,0
h12_n1,cold,k2,sm__ops_path_tensor_op_hmma_src_fp16_dst_fp16.sum,,0
h12_n1,cold,k2,sm__pipe_tensor_cycles_active.avg.pct_of_peak_sustained_active,%,30.52
h12_n1,cold,k2,sm__pipe_tensor_cycles_active.avg.pct_of_peak_sustained_elapsed,%,2.34
h12_n1,cold,k2,sm__pipe_tensor_cycles_active.max.pct_of_peak_sustained_active,%,376.45
h12_n1,cold,k2,sm__pipe_tensor_cycles_active.max.pct_of_peak_sustained_elapsed,%,28.90
h12_n1,cold,k2,sm__pipe_tensor_cycles_active.min.pct_of_peak_sustained_active,%,0
h12_n1,cold,k2,sm__pipe_tensor_cycles_active.min.pct_of_peak_sustained_elapsed,%,0
h12_n1,cold,k2,sm__pipe_tensor_cycles_active.sum.pct_of_peak_sustained_active,%,30.52
h12_n1,cold,k2,sm__pipe_tensor_cycles_active.sum.pct_of_peak_sustained_elapsed,%,2.34
h12_n1,cold,k2,sm__throughput.avg.pct_of_peak_sustained_elapsed,%,2.49
h12_n1,cold,k2,sm__throughput.max.pct_of_peak_sustained_elapsed,%,30.73
h12_n1,cold,k2,sm__throughput.min.pct_of_peak_sustained_elapsed,%,0
h12_n1,cold,k2,sm__throughput.sum.pct_of_peak_sustained_elapsed,%,2.49
h12_n1,cold,k2,sm__warps_active.avg.pct_of_peak_sustained_active,%,9.37
h12_n1,cold,k2,sm__warps_active.avg.per_cycle_active,warp,5.99
h12_n1,cold,k2,sm__warps_active.max.pct_of_peak_sustained_active,%,116.51
h12_n1,cold,k2,sm__warps_active.max.per_cycle_active,warp,74.57
h12_n1,cold,k2,sm__warps_active.min.pct_of_peak_sustained_active,%,0
h12_n1,cold,k2,sm__warps_active.min.per_cycle_active,warp,0
h12_n1,cold,k2,sm__warps_active.sum.pct_of_peak_sustained_active,%,9.37
h12_n1,cold,k2,sm__warps_active.sum.per_cycle_active,warp,887.13
h12_n1,cold,k2,smsp__issue_active.avg.pct_of_peak_sustained_active,%,32.47
h12_n1,cold,k2,smsp__issue_active.max.pct_of_peak_sustained_active,%,533.37
h12_n1,cold,k2,smsp__issue_active.min.pct_of_peak_sustained_active,%,0
h12_n1,cold,k2,smsp__issue_active.sum.pct_of_peak_sustained_active,%,32.47
h12_n1,cold,k2,smsp__maximum_warps_avg_per_active_cycle,warp,3
h12_n1,cold,k2,smsp__warp_issue_stalled_barrier_per_warp_active.pct,%,2.68
h12_n1,cold,k2,smsp__warp_issue_stalled_long_scoreboard_per_warp_active.pct,%,9.04
h12_n1,cold,k2,smsp__warp_issue_stalled_math_pipe_throttle_per_warp_active.pct,%,0.11
h12_n1,cold,k2,smsp__warp_issue_stalled_membar_per_warp_active.pct,%,0
h12_n1,cold,k2,smsp__warp_issue_stalled_mio_throttle_per_warp_active.pct,%,2.78
h12_n1,cold,k2,smsp__warp_issue_stalled_not_selected_per_warp_active.pct,%,1.07
h12_n1,cold,k2,smsp__warp_issue_stalled_short_scoreboard_per_warp_active.pct,%,16.27
h12_n1,cold,k2,smsp__warp_issue_stalled_wait_per_warp_active.pct,%,23.92
h12_n1,cold,k2,smsp__warps_active.avg.peak_sustained,warp,16
h12_n1,cold,k2,smsp__warps_active.max.peak_sustained,warp,16
h12_n1,cold,k2,smsp__warps_active.min.peak_sustained,warp,16
h12_n1,cold,k2,smsp__warps_active.sum.peak_sustained,warp,9472
h12_n1,cold,k2,smsp__warps_eligible.avg.per_cycle_active,warp,0.34
h12_n1,cold,k2,smsp__warps_eligible.max.per_cycle_active,warp,6.03
h12_n1,cold,k2,smsp__warps_eligible.min.per_cycle_active,warp,0
h12_n1,cold,k2,smsp__warps_eligible.sum.per_cycle_active,warp,201.74
h12_n1,warm,k1,c2clink__enabled_mask,,0
h12_n1,warm,k1,c2clink__present,,0
h12_n1,warm,k1,derived__pct_occupancy_per_barrier_count,,2230
h12_n1,warm,k1,derived__pct_occupancy_per_block_size,%,5190
h12_n1,warm,k1,derived__pct_occupancy_per_register_count,%/register,8524
h12_n1,warm,k1,derived__pct_occupancy_per_shared_mem_size,%/byte,14020
h12_n1,warm,k1,device__attribute_architecture,,416
h12_n1,warm,k1,device__attribute_async_engine_count,,4
h12_n1,warm,k1,device__attribute_can_flush_remote_writes,,0
h12_n1,warm,k1,device__attribute_can_map_host_memory,,1
h12_n1,warm,k1,device__attribute_can_tex2d_gather,,1
h12_n1,warm,k1,device__attribute_can_use_64_bit_stream_mem_ops,,1
h12_n1,warm,k1,device__attribute_can_use_64_bit_stream_mem_ops_v1,,0
h12_n1,warm,k1,device__attribute_can_use_host_pointer_for_registered_mem,,1
h12_n1,warm,k1,device__attribute_can_use_stream_mem_ops_v1,,0
h12_n1,warm,k1,device__attribute_can_use_stream_wait_value_nor,,1
h12_n1,warm,k1,device__attribute_can_use_stream_wait_value_nor_v1,,0
h12_n1,warm,k1,device__attribute_chip,,419
h12_n1,warm,k1,device__attribute_clock_rate,,2032000
h12_n1,warm,k1,device__attribute_cluster_launch,,1
h12_n1,warm,k1,device__attribute_compute_capability_major,,10
h12_n1,warm,k1,device__attribute_compute_capability_minor,,3
h12_n1,warm,k1,device__attribute_compute_mode,,0
h12_n1,warm,k1,device__attribute_compute_preemption_supported,,1
h12_n1,warm,k1,device__attribute_concurrent_kernels,,1
h12_n1,warm,k1,device__attribute_concurrent_managed_access,,1
h12_n1,warm,k1,device__attribute_confidential_computing_mode,,No-CC
h12_n1,warm,k1,device__attribute_cooperative_launch,,1
h12_n1,warm,k1,device__attribute_cooperative_multi_device_launch,,1
h12_n1,warm,k1,device__attribute_deferred_mapping_cuda_array_supported,,1
h12_n1,warm,k1,device__attribute_device_index,,0
h12_n1,warm,k1,device__attribute_direct_managed_mem_access_from_host,,0
h12_n1,warm,k1,device__attribute_display_name,,NVIDIA B300 SXM6 AC
h12_n1,warm,k1,device__attribute_dma_buf_supported,,1
h12_n1,warm,k1,device__attribute_ecc_enabled,,1
h12_n1,warm,k1,device__attribute_fb_bus_width,,7680
h12_n1,warm,k1,device__attribute_fbp_count,,16
h12_n1,warm,k1,device__attribute_generic_compression_supported,,1
h12_n1,warm,k1,device__attribute_global_l1_cache_supported,,1
h12_n1,warm,k1,device__attribute_global_memory_bus_width,,7680
h12_n1,warm,k1,device__attribute_gpu_direct_rdma_flush_writes_options,,1
h12_n1,warm,k1,device__attribute_gpu_direct_rdma_supported,,1
h12_n1,warm,k1,device__attribute_gpu_direct_rdma_with_cuda_vmm_supported,,1
h12_n1,warm,k1,device__attribute_gpu_direct_rdma_writes_ordering,,100
h12_n1,warm,k1,device__attribute_gpu_overlap,,1
h12_n1,warm,k1,device__attribute_gpu_pci_device_id,,830607582
h12_n1,warm,k1,device__attribute_gpu_pci_ext_device_id,,12674
h12_n1,warm,k1,device__attribute_gpu_pci_ext_downstream_link_rate,,16000
h12_n1,warm,k1,device__attribute_gpu_pci_ext_downstream_link_width,,32
h12_n1,warm,k1,device__attribute_gpu_pci_ext_gen,,5
h12_n1,warm,k1,device__attribute_gpu_pci_ext_gpu_gen,,5
h12_n1,warm,k1,device__attribute_gpu_pci_ext_gpu_link_rate,,64000
h12_n1,warm,k1,device__attribute_gpu_pci_ext_gpu_link_width,,16
h12_n1,warm,k1,device__attribute_gpu_pci_revision_id,,161
h12_n1,warm,k1,device__attribute_gpu_pci_sub_system_id,,551948510
h12_n1,warm,k1,device__attribute_handle_type_fabric_supported,,1
h12_n1,warm,k1,device__attribute_handle_type_posix_file_descriptor_supported,,1
h12_n1,warm,k1,device__attribute_handle_type_win32_handle_supported,,0
h12_n1,warm,k1,device__attribute_handle_type_win32_kmt_handle_supported,,0
h12_n1,warm,k1,device__attribute_host_native_atomic_supported,,0
h12_n1,warm,k1,device__attribute_host_numa_id,,0
h12_n1,warm,k1,device__attribute_host_register_supported,,1
h12_n1,warm,k1,device__attribute_implementation,,419
h12_n1,warm,k1,device__attribute_integrated,,0
h12_n1,warm,k1,device__attribute_ipc_event_supported,,1
h12_n1,warm,k1,device__attribute_kernel_exec_timeout,,0
h12_n1,warm,k1,device__attribute_l2_cache_size,,132644864
h12_n1,warm,k1,device__attribute_l2s_count,,192
h12_n1,warm,k1,device__attribute_limits_max_cta_per_sm,,32
h12_n1,warm,k1,device__attribute_limits_num_tpcs,,74
h12_n1,warm,k1,device__attribute_local_l1_cache_supported,,1
h12_n1,warm,k1,device__attribute_managed_memory,,1
h12_n1,warm,k1,device__attribute_max_access_policy_window_size,,134217728
h12_n1,warm,k1,device__attribute_max_block_dim_x,,1024
h12_n1,warm,k1,device__attribute_max_block_dim_y,,1024
h12_n1,warm,k1,device__attribute_max_block_dim_z,,64
h12_n1,warm,k1,device__attribute_max_blocks_per_multiprocessor,,32
h12_n1,warm,k1,device__attribute_max_gpu_frequency_khz,,2032000
h12_n1,warm,k1,device__attribute_max_grid_dim_x,,2147483647
h12_n1,warm,k1,device__attribute_max_grid_dim_y,,65535
h12_n1,warm,k1,device__attribute_max_grid_dim_z,,65535
h12_n1,warm,k1,device__attribute_max_ipc_per_multiprocessor,,4
h12_n1,warm,k1,device__attribute_max_ipc_per_scheduler,,1
h12_n1,warm,k1,device__attribute_max_mem_frequency_khz,,3996000
h12_n1,warm,k1,device__attribute_max_persisting_l2_cache_size,,82903040
h12_n1,warm,k1,device__attribute_max_pitch,,2147483647
h12_n1,warm,k1,device__attribute_max_registers_per_block,,65536
h12_n1,warm,k1,device__attribute_max_registers_per_multiprocessor,,65536
h12_n1,warm,k1,device__attribute_max_registers_per_thread,,255
h12_n1,warm,k1,device__attribute_max_shared_memory_per_block,,49152
h12_n1,warm,k1,device__attribute_max_shared_memory_per_block_optin,,232448
h12_n1,warm,k1,device__attribute_max_shared_memory_per_multiprocessor,,233472
h12_n1,warm,k1,device__attribute_max_threads_per_block,,1024
h12_n1,warm,k1,device__attribute_max_threads_per_multiprocessor,,2048
h12_n1,warm,k1,device__attribute_max_warps_per_multiprocessor,,64
h12_n1,warm,k1,device__attribute_max_warps_per_scheduler,,16
h12_n1,warm,k1,device__attribute_maximum_surface1d_layered_layers,,2048
h12_n1,warm,k1,device__attribute_maximum_surface1d_layered_width,,32768
h12_n1,warm,k1,device__attribute_maximum_surface1d_width,,32768
h12_n1,warm,k1,device__attribute_maximum_surface2d_height,,65536
h12_n1,warm,k1,device__attribute_maximum_surface2d_layered_height,,32768
h12_n1,warm,k1,device__attribute_maximum_surface2d_layered_layers,,2048
h12_n1,warm,k1,device__attribute_maximum_surface2d_layered_width,,32768
h12_n1,warm,k1,device__attribute_maximum_surface2d_width,,131072
h12_n1,warm,k1,device__attribute_maximum_surface3d_depth,,16384
h12_n1,warm,k1,device__attribute_maximum_surface3d_height,,16384
h12_n1,warm,k1,device__attribute_maximum_surface3d_width,,16384
h12_n1,warm,k1,device__attribute_maximum_surfacecubemap_layered_layers,,2046
h12_n1,warm,k1,device__attribute_maximum_surfacecubemap_layered_width,,32768
h12_n1,warm,k1,device__attribute_maximum_surfacecubemap_width,,32768
h12_n1,warm,k1,device__attribute_maximum_texture1d_layered_layers,,2048
h12_n1,warm,k1,device__attribute_maximum_texture1d_layered_width,,32768
h12_n1,warm,k1,device__attribute_maximum_texture1d_linear_width,,268435456
h12_n1,warm,k1,device__attribute_maximum_texture1d_mipmapped_width,,32768
h12_n1,warm,k1,device__attribute_maximum_texture1d_width,,131072
h12_n1,warm,k1,device__attribute_maximum_texture2d_gather_height,,32768
h12_n1,warm,k1,device__attribute_maximum_texture2d_gather_width,,32768
h12_n1,warm,k1,device__attribute_maximum_texture2d_height,,65536
h12_n1,warm,k1,device__attribute_maximum_texture2d_layered_height,,32768
h12_n1,warm,k1,device__attribute_maximum_texture2d_layered_layers,,2048
h12_n1,warm,k1,device__attribute_maximum_texture2d_layered_width,,32768
h12_n1,warm,k1,device__attribute_maximum_texture2d_linear_height,,65000
h12_n1,warm,k1,device__attribute_maximum_texture2d_linear_pitch,,2097120
h12_n1,warm,k1,device__attribute_maximum_texture2d_linear_width,,131072
h12_n1,warm,k1,device__attribute_maximum_texture2d_mipmapped_height,,32768
h12_n1,warm,k1,device__attribute_maximum_texture2d_mipmapped_width,,32768
h12_n1,warm,k1,device__attribute_maximum_texture2d_width,,131072
h12_n1,warm,k1,device__attribute_maximum_texture3d_depth,,16384
h12_n1,warm,k1,device__attribute_maximum_texture3d_depth_alternate,,32768
h12_n1,warm,k1,device__attribute_maximum_texture3d_height,,16384
h12_n1,warm,k1,device__attribute_maximum_texture3d_height_alternate,,8192
h12_n1,warm,k1,device__attribute_maximum_texture3d_width,,16384
h12_n1,warm,k1,device__attribute_maximum_texture3d_width_alternate,,8192
h12_n1,warm,k1,device__attribute_maximum_texturecubemap_layered_layers,,2046
h12_n1,warm,k1,device__attribute_maximum_texturecubemap_layered_width,,32768
h12_n1,warm,k1,device__attribute_maximum_texturecubemap_width,,32768
h12_n1,warm,k1,device__attribute_mem_sync_domain_count,,4
h12_n1,warm,k1,device__attribute_memory_clock_rate,,3996000
h12_n1,warm,k1,device__attribute_memory_pools_supported,,1
h12_n1,warm,k1,device__attribute_mempool_supported_handle_types,,9
h12_n1,warm,k1,device__attribute_mps_enabled,,0
h12_n1,warm,k1,device__attribute_multi_gpu_board,,0
h12_n1,warm,k1,device__attribute_multi_gpu_board_group_id,,0
h12_n1,warm,k1,device__attribute_multicast_supported,,1
h12_n1,warm,k1,device__attribute_multiprocessor_count,,148
h12_n1,warm,k1,device__attribute_num_l2s_per_fbp,,12
h12_n1,warm,k1,device__attribute_num_schedulers_per_multiprocessor,,4
h12_n1,warm,k1,device__attribute_num_tex_per_multiprocessor,,1
h12_n1,warm,k1,device__attribute_numa_config,,0
h12_n1,warm,k1,device__attribute_pageable_memory_access,,1
h12_n1,warm,k1,device__attribute_pageable_memory_access_uses_host_page_tables,,0
h12_n1,warm,k1,device__attribute_pci_bus_id,,12
h12_n1,warm,k1,device__attribute_pci_device_id,,0
h12_n1,warm,k1,device__attribute_pci_domain_id,,0
h12_n1,warm,k1,device__attribute_ram_location,,1
h12_n1,warm,k1,device__attribute_ram_type,,0
h12_n1,warm,k1,device__attribute_reserved_shared_memory_per_block,,1024
h12_n1,warm,k1,device__attribute_sass_level,,10
h12_n1,warm,k1,device__attribute_single_to_double_precision_perf_ratio,,64
h12_n1,warm,k1,device__attribute_sparse_cuda_array_supported,,1
h12_n1,warm,k1,device__attribute_stream_priorities_supported,,1
h12_n1,warm,k1,device__attribute_surface_alignment,,512
h12_n1,warm,k1,device__attribute_tcc_driver,,0
h12_n1,warm,k1,device__attribute_tensor_map_access_supported,,1
h12_n1,warm,k1,device__attribute_texture_alignment,,512
h12_n1,warm,k1,device__attribute_texture_pitch_alignment,,32
h12_n1,warm,k1,device__attribute_total_constant_memory,,65536
h12_n1,warm,k1,device__attribute_total_memory,,287428640768
h12_n1,warm,k1,device__attribute_unified_addressing,,1
h12_n1,warm,k1,device__attribute_unified_function_pointers,,1
h12_n1,warm,k1,device__attribute_virtual_address_management_supported,,1
h12_n1,warm,k1,device__attribute_warp_size,,32
h12_n1,warm,k1,dram__bytes_read.avg,byte,1178084
h12_n1,warm,k1,dram__bytes_read.max,byte,1262336
h12_n1,warm,k1,dram__bytes_read.min,byte,586240
h12_n1,warm,k1,dram__bytes_read.sum,byte,75397376
h12_n1,warm,k1,dram__bytes_write.avg,byte,1205240
h12_n1,warm,k1,dram__bytes_write.max,byte,1445376
h12_n1,warm,k1,dram__bytes_write.min,byte,555776
h12_n1,warm,k1,dram__bytes_write.sum,byte,77135360
h12_n1,warm,k1,dram__throughput.avg.pct_of_peak_sustained_elapsed,%,45.69
h12_n1,warm,k1,dram__throughput.max.pct_of_peak_sustained_elapsed,%,48.67
h12_n1,warm,k1,dram__throughput.min.pct_of_peak_sustained_elapsed,%,41.05
h12_n1,warm,k1,dram__throughput.sum.pct_of_peak_sustained_elapsed,%,45.69
h12_n1,warm,k1,gpc__cycles_elapsed.avg.per_second,hz,1892809170.65
h12_n1,warm,k1,gpc__cycles_elapsed.max.per_second,hz,1908109845.70
h12_n1,warm,k1,gpc__cycles_elapsed.min.per_second,hz,1880878030.86
h12_n1,warm,k1,gpc__cycles_elapsed.sum.per_second,hz,15142473365.17
h12_n1,warm,k1,gpu__time_duration.avg,ns,43552
h12_n1,warm,k1,gpu__time_duration.max,ns,43552
h12_n1,warm,k1,gpu__time_duration.min,ns,43552
h12_n1,warm,k1,gpu__time_duration.sum,ns,43552
h12_n1,warm,k1,gr__workids_granted.avg,,0
h12_n1,warm,k1,gr__workids_granted.max,,0
h12_n1,warm,k1,gr__workids_granted.min,,0
h12_n1,warm,k1,gr__workids_granted.sum,,0
h12_n1,warm,k1,gr__workids_granted_as_ctas.avg,block,0
h12_n1,warm,k1,gr__workids_granted_as_ctas.max,block,0
h12_n1,warm,k1,gr__workids_granted_as_ctas.min,block,0
h12_n1,warm,k1,gr__workids_granted_as_ctas.sum,block,0
h12_n1,warm,k1,gr__workids_requested.avg,,0
h12_n1,warm,k1,gr__workids_requested.max,,0
h12_n1,warm,k1,gr__workids_requested.min,,0
h12_n1,warm,k1,gr__workids_requested.sum,,0
h12_n1,warm,k1,l1tex__data_bank_conflicts_pipe_lsu_mem_shared_op_ld.avg,,3822.35
h12_n1,warm,k1,l1tex__data_bank_conflicts_pipe_lsu_mem_shared_op_ld.max,,4796
h12_n1,warm,k1,l1tex__data_bank_conflicts_pipe_lsu_mem_shared_op_ld.min,,2646
h12_n1,warm,k1,l1tex__data_bank_conflicts_pipe_lsu_mem_shared_op_ld.sum,,565708
h12_n1,warm,k1,l1tex__data_bank_conflicts_pipe_lsu_mem_shared_op_st.avg,,1157.34
h12_n1,warm,k1,l1tex__data_bank_conflicts_pipe_lsu_mem_shared_op_st.max,,1514
h12_n1,warm,k1,l1tex__data_bank_conflicts_pipe_lsu_mem_shared_op_st.min,,851
h12_n1,warm,k1,l1tex__data_bank_conflicts_pipe_lsu_mem_shared_op_st.sum,,171287
h12_n1,warm,k1,l1tex__throughput.avg.pct_of_peak_sustained_elapsed,%,52.03
h12_n1,warm,k1,l1tex__throughput.max.pct_of_peak_sustained_elapsed,%,55.48
h12_n1,warm,k1,l1tex__throughput.min.pct_of_peak_sustained_elapsed,%,46.43
h12_n1,warm,k1,l1tex__throughput.sum.pct_of_peak_sustained_elapsed,%,52.03
h12_n1,warm,k1,launch__barrier_count,,1
h12_n1,warm,k1,launch__block_dim_x,block,256
h12_n1,warm,k1,launch__block_dim_y,block,1
h12_n1,warm,k1,launch__block_dim_z,block,1
h12_n1,warm,k1,launch__block_size,,256
h12_n1,warm,k1,launch__cluster_dim_x,,0
h12_n1,warm,k1,launch__cluster_dim_y,,0
h12_n1,warm,k1,launch__cluster_dim_z,,0
h12_n1,warm,k1,launch__cluster_max_active,cluster,0
h12_n1,warm,k1,launch__cluster_max_potential_size,block,8
h12_n1,warm,k1,launch__cluster_scheduling_policy,,PolicySpread
h12_n1,warm,k1,launch__cluster_size,,0
h12_n1,warm,k1,launch__context_id,,1
h12_n1,warm,k1,launch__device_id,,0
h12_n1,warm,k1,launch__func_cache_config,,CachePreferNone
h12_n1,warm,k1,launch__function_pcs,,1
h12_n1,warm,k1,launch__grid_dim_x,,512
h12_n1,warm,k1,launch__grid_dim_y,,12
h12_n1,warm,k1,launch__grid_dim_z,,1
h12_n1,warm,k1,launch__grid_size,,6144
h12_n1,warm,k1,launch__occupancy_cluster_gpu_pct,%,0
h12_n1,warm,k1,launch__occupancy_cluster_pct,%,0
h12_n1,warm,k1,launch__occupancy_limit_barriers,block,32
h12_n1,warm,k1,launch__occupancy_limit_blocks,block,32
h12_n1,warm,k1,launch__occupancy_limit_registers,block,8
h12_n1,warm,k1,launch__occupancy_limit_shared_mem,block,9
h12_n1,warm,k1,launch__occupancy_limit_warps,block,8
h12_n1,warm,k1,launch__occupancy_per_barrier_count,,1440
h12_n1,warm,k1,launch__occupancy_per_block_size,,3339
h12_n1,warm,k1,launch__occupancy_per_cluster_size,,0
h12_n1,warm,k1,launch__occupancy_per_register_count,,5504
h12_n1,warm,k1,launch__occupancy_per_shared_mem_size,,9072
h12_n1,warm,k1,launch__persisting_l2_cache_size,byte,24870912
h12_n1,warm,k1,launch__preferred_cluster_dim_x,,0
h12_n1,warm,k1,launch__preferred_cluster_dim_y,,0
h12_n1,warm,k1,launch__preferred_cluster_dim_z,,0
h12_n1,warm,k1,launch__preferred_cluster_size,,0
h12_n1,warm,k1,launch__registers_per_thread,register/thread,32
h12_n1,warm,k1,launch__registers_per_thread_allocated,register/thread,32
h12_n1,warm,k1,launch__shared_mem_config_size,byte,200704
h12_n1,warm,k1,launch__shared_mem_per_block,byte/block,22272
h12_n1,warm,k1,launch__shared_mem_per_block_allocated,byte/block,22272
h12_n1,warm,k1,launch__shared_mem_per_block_driver,byte/block,1024
h12_n1,warm,k1,launch__shared_mem_per_block_dynamic,byte/block,21248
h12_n1,warm,k1,launch__shared_mem_per_block_static,byte/block,0
h12_n1,warm,k1,launch__sm_count,SM,148
h12_n1,warm,k1,launch__stack_size,,1024
h12_n1,warm,k1,launch__stream_id,,7
h12_n1,warm,k1,launch__thread_count,thread,1572864
h12_n1,warm,k1,launch__tpc_count,,74
h12_n1,warm,k1,launch__tpc_enabled,,all
h12_n1,warm,k1,launch__uses_cdp,,0
h12_n1,warm,k1,launch__uses_green_context,,0
h12_n1,warm,k1,launch__uses_mps,,0
h12_n1,warm,k1,launch__uses_nvlink_centric_scheduling,,0
h12_n1,warm,k1,launch__uses_vgpu,,0
h12_n1,warm,k1,launch__waves_per_multiprocessor,,5.19
h12_n1,warm,k1,lts__t_sector_hit_rate.pct,%,45.48
h12_n1,warm,k1,lts__t_sectors.avg,sector,62453.55
h12_n1,warm,k1,lts__t_sectors.max,sector,67847
h12_n1,warm,k1,lts__t_sectors.min,sector,31085
h12_n1,warm,k1,lts__t_sectors.sum,sector,11491454
h12_n1,warm,k1,lts__throughput.avg.pct_of_peak_sustained_elapsed,%,58.62
h12_n1,warm,k1,lts__throughput.max.pct_of_peak_sustained_elapsed,%,66.29
h12_n1,warm,k1,lts__throughput.min.pct_of_peak_sustained_elapsed,%,29.43
h12_n1,warm,k1,lts__throughput.sum.pct_of_peak_sustained_elapsed,%,58.62
h12_n1,warm,k1,numa__cpu_affinity,,1
h12_n1,warm,k1,numa__dev_display_name_all,,1
h12_n1,warm,k1,numa__id_cpu,,1
h12_n1,warm,k1,numa__id_memory,,1
h12_n1,warm,k1,nvlink__bandwidth,,0
h12_n1,warm,k1,nvlink__count_logical,,0
h12_n1,warm,k1,nvlink__count_physical,,0
h12_n1,warm,k1,nvlink__destination_ports,,0
h12_n1,warm,k1,nvlink__dev0Id,,0
h12_n1,warm,k1,nvlink__dev0type,,0
h12_n1,warm,k1,nvlink__dev1Id,,0
h12_n1,warm,k1,nvlink__dev1type,,0
h12_n1,warm,k1,nvlink__dev_display_name_all,,1
h12_n1,warm,k1,nvlink__enabled_mask,,262143
h12_n1,warm,k1,nvlink__is_direct_link,,0
h12_n1,warm,k1,nvlink__is_nvswitch_connected,,0
h12_n1,warm,k1,nvlink__max_count,,18
h12_n1,warm,k1,nvlink__peer_access,,0
h12_n1,warm,k1,nvlink__peer_atomic,,0
h12_n1,warm,k1,nvlink__source_ports,,0
h12_n1,warm,k1,nvlink__system_access,,0
h12_n1,warm,k1,nvlink__system_atomic,,0
h12_n1,warm,k1,profiler__perfworks_session_reuse,,0
h12_n1,warm,k1,profiler__replayer_passes,pass,15
h12_n1,warm,k1,profiler__replayer_passes_type_warmup,pass,0
h12_n1,warm,k1,sm__cycles_active.avg,cycle,75006.61
h12_n1,warm,k1,sm__cycles_active.avg.pct_of_peak_sustained_elapsed,%,89.80
h12_n1,warm,k1,sm__cycles_active.max,cycle,77166
h12_n1,warm,k1,sm__cycles_active.max.pct_of_peak_sustained_elapsed,%,92.38
h12_n1,warm,k1,sm__cycles_active.min,cycle,71605
h12_n1,warm,k1,sm__cycles_active.min.pct_of_peak_sustained_elapsed,%,85.73
h12_n1,warm,k1,sm__cycles_active.sum,cycle,11100978
h12_n1,warm,k1,sm__cycles_active.sum.pct_of_peak_sustained_elapsed,%,89.80
h12_n1,warm,k1,sm__inst_executed_pipe_adu.avg.pct_of_peak_sustained_elapsed,%,16.83
h12_n1,warm,k1,sm__inst_executed_pipe_adu.max.pct_of_peak_sustained_elapsed,%,17.88
h12_n1,warm,k1,sm__inst_executed_pipe_adu.min.pct_of_peak_sustained_elapsed,%,15.43
h12_n1,warm,k1,sm__inst_executed_pipe_adu.sum.pct_of_peak_sustained_elapsed,%,16.83
h12_n1,warm,k1,sm__inst_executed_pipe_alu.avg.pct_of_peak_sustained_elapsed,%,31.36
h12_n1,warm,k1,sm__inst_executed_pipe_alu.max.pct_of_peak_sustained_elapsed,%,33.99
h12_n1,warm,k1,sm__inst_executed_pipe_alu.min.pct_of_peak_sustained_elapsed,%,28.71
h12_n1,warm,k1,sm__inst_executed_pipe_alu.sum.pct_of_peak_sustained_elapsed,%,31.36
h12_n1,warm,k1,sm__inst_executed_pipe_fma.avg.pct_of_peak_sustained_elapsed,%,17.07
h12_n1,warm,k1,sm__inst_executed_pipe_fma.max.pct_of_peak_sustained_elapsed,%,18.51
h12_n1,warm,k1,sm__inst_executed_pipe_fma.min.pct_of_peak_sustained_elapsed,%,15.63
h12_n1,warm,k1,sm__inst_executed_pipe_fma.sum.pct_of_peak_sustained_elapsed,%,17.07
h12_n1,warm,k1,sm__inst_executed_pipe_lsu.avg.pct_of_peak_sustained_elapsed,%,31.41
h12_n1,warm,k1,sm__inst_executed_pipe_lsu.max.pct_of_peak_sustained_elapsed,%,34.05
h12_n1,warm,k1,sm__inst_executed_pipe_lsu.min.pct_of_peak_sustained_elapsed,%,28.75
h12_n1,warm,k1,sm__inst_executed_pipe_lsu.sum.pct_of_peak_sustained_elapsed,%,31.41
h12_n1,warm,k1,sm__inst_executed_pipe_xu.avg.pct_of_peak_sustained_elapsed,%,13.82
h12_n1,warm,k1,sm__inst_executed_pipe_xu.max.pct_of_peak_sustained_elapsed,%,14.64
h12_n1,warm,k1,sm__inst_executed_pipe_xu.min.pct_of_peak_sustained_elapsed,%,12.65
h12_n1,warm,k1,sm__inst_executed_pipe_xu.sum.pct_of_peak_sustained_elapsed,%,13.82
h12_n1,warm,k1,sm__issue_active.avg.pct_of_peak_sustained_elapsed,%,54.65
h12_n1,warm,k1,sm__issue_active.max.pct_of_peak_sustained_elapsed,%,57.92
h12_n1,warm,k1,sm__issue_active.min.pct_of_peak_sustained_elapsed,%,50.04
h12_n1,warm,k1,sm__issue_active.sum.pct_of_peak_sustained_elapsed,%,54.65
h12_n1,warm,k1,sm__maximum_warps_avg_per_active_cycle,warp,64
h12_n1,warm,k1,sm__maximum_warps_per_active_cycle_pct,%,100
h12_n1,warm,k1,sm__ops_path_tensor_op_hmma_src_bf16_dst_fp32.avg,,5441259.24
h12_n1,warm,k1,sm__ops_path_tensor_op_hmma_src_bf16_dst_fp32.max,,5767168
h12_n1,warm,k1,sm__ops_path_tensor_op_hmma_src_bf16_dst_fp32.min,,4980736
h12_n1,warm,k1,sm__ops_path_tensor_op_hmma_src_bf16_dst_fp32.sum,,805306368
h12_n1,warm,k1,sm__ops_path_tensor_op_hmma_src_fp16_dst_fp16.avg,,2040472.22
h12_n1,warm,k1,sm__ops_path_tensor_op_hmma_src_fp16_dst_fp16.max,,2162688
h12_n1,warm,k1,sm__ops_path_tensor_op_hmma_src_fp16_dst_fp16.min,,1867776
h12_n1,warm,k1,sm__ops_path_tensor_op_hmma_src_fp16_dst_fp16.sum,,301989888
h12_n1,warm,k1,sm__pipe_tensor_cycles_active.avg.pct_of_peak_sustained_active,%,4.87
h12_n1,warm,k1,sm__pipe_tensor_cycles_active.avg.pct_of_peak_sustained_elapsed,%,4.37
h12_n1,warm,k1,sm__pipe_tensor_cycles_active.max.pct_of_peak_sustained_active,%,5.16
h12_n1,warm,k1,sm__pipe_tensor_cycles_active.max.pct_of_peak_sustained_elapsed,%,4.64
h12_n1,warm,k1,sm__pipe_tensor_cycles_active.min.pct_of_peak_sustained_active,%,4.58
h12_n1,warm,k1,sm__pipe_tensor_cycles_active.min.pct_of_peak_sustained_elapsed,%,4.11
h12_n1,warm,k1,sm__pipe_tensor_cycles_active.sum.pct_of_peak_sustained_active,%,4.87
h12_n1,warm,k1,sm__pipe_tensor_cycles_active.sum.pct_of_peak_sustained_elapsed,%,4.37
h12_n1,warm,k1,sm__throughput.avg.pct_of_peak_sustained_elapsed,%,54.65
h12_n1,warm,k1,sm__throughput.max.pct_of_peak_sustained_elapsed,%,57.92
h12_n1,warm,k1,sm__throughput.min.pct_of_peak_sustained_elapsed,%,50.04
h12_n1,warm,k1,sm__throughput.sum.pct_of_peak_sustained_elapsed,%,54.65
h12_n1,warm,k1,sm__warps_active.avg.pct_of_peak_sustained_active,%,92.32
h12_n1,warm,k1,sm__warps_active.avg.per_cycle_active,warp,59.09
h12_n1,warm,k1,sm__warps_active.max.pct_of_peak_sustained_active,%,96.08
h12_n1,warm,k1,sm__warps_active.max.per_cycle_active,warp,61.49
h12_n1,warm,k1,sm__warps_active.min.pct_of_peak_sustained_active,%,88.42
h12_n1,warm,k1,sm__warps_active.min.per_cycle_active,warp,56.59
h12_n1,warm,k1,sm__warps_active.sum.pct_of_peak_sustained_active,%,92.32
h12_n1,warm,k1,sm__warps_active.sum.per_cycle_active,warp,8744.98
h12_n1,warm,k1,smsp__issue_active.avg.pct_of_peak_sustained_active,%,60.67
h12_n1,warm,k1,smsp__issue_active.max.pct_of_peak_sustained_active,%,64.36
h12_n1,warm,k1,smsp__issue_active.min.pct_of_peak_sustained_active,%,55.27
h12_n1,warm,k1,smsp__issue_active.sum.pct_of_peak_sustained_active,%,60.67
h12_n1,warm,k1,smsp__maximum_warps_avg_per_active_cycle,warp,16
h12_n1,warm,k1,smsp__warp_issue_stalled_barrier_per_warp_active.pct,%,38.30
h12_n1,warm,k1,smsp__warp_issue_stalled_long_scoreboard_per_warp_active.pct,%,19.94
h12_n1,warm,k1,smsp__warp_issue_stalled_math_pipe_throttle_per_warp_active.pct,%,2.17
h12_n1,warm,k1,smsp__warp_issue_stalled_membar_per_warp_active.pct,%,0
h12_n1,warm,k1,smsp__warp_issue_stalled_mio_throttle_per_warp_active.pct,%,3.26
h12_n1,warm,k1,smsp__warp_issue_stalled_not_selected_per_warp_active.pct,%,8.68
h12_n1,warm,k1,smsp__warp_issue_stalled_short_scoreboard_per_warp_active.pct,%,10.61
h12_n1,warm,k1,smsp__warp_issue_stalled_wait_per_warp_active.pct,%,7.31
h12_n1,warm,k1,smsp__warps_active.avg.peak_sustained,warp,16
h12_n1,warm,k1,smsp__warps_active.max.peak_sustained,warp,16
h12_n1,warm,k1,smsp__warps_active.min.peak_sustained,warp,16
h12_n1,warm,k1,smsp__warps_active.sum.peak_sustained,warp,9472
h12_n1,warm,k1,smsp__warps_eligible.avg.per_cycle_active,warp,1.89
h12_n1,warm,k1,smsp__warps_eligible.max.per_cycle_active,warp,2.14
h12_n1,warm,k1,smsp__warps_eligible.min.per_cycle_active,warp,1.62
h12_n1,warm,k1,smsp__warps_eligible.sum.per_cycle_active,warp,1116.21
h12_n1,warm,k2,c2clink__enabled_mask,,0
h12_n1,warm,k2,c2clink__present,,0
h12_n1,warm,k2,derived__pct_occupancy_per_barrier_count,,882
h12_n1,warm,k2,derived__pct_occupancy_per_block_size,%,1163
h12_n1,warm,k2,derived__pct_occupancy_per_register_count,%/register,3834
h12_n1,warm,k2,derived__pct_occupancy_per_shared_mem_size,%/byte,8069
h12_n1,warm,k2,device__attribute_architecture,,416
h12_n1,warm,k2,device__attribute_async_engine_count,,4
h12_n1,warm,k2,device__attribute_can_flush_remote_writes,,0
h12_n1,warm,k2,device__attribute_can_map_host_memory,,1
h12_n1,warm,k2,device__attribute_can_tex2d_gather,,1
h12_n1,warm,k2,device__attribute_can_use_64_bit_stream_mem_ops,,1
h12_n1,warm,k2,device__attribute_can_use_64_bit_stream_mem_ops_v1,,0
h12_n1,warm,k2,device__attribute_can_use_host_pointer_for_registered_mem,,1
h12_n1,warm,k2,device__attribute_can_use_stream_mem_ops_v1,,0
h12_n1,warm,k2,device__attribute_can_use_stream_wait_value_nor,,1
h12_n1,warm,k2,device__attribute_can_use_stream_wait_value_nor_v1,,0
h12_n1,warm,k2,device__attribute_chip,,419
h12_n1,warm,k2,device__attribute_clock_rate,,2032000
h12_n1,warm,k2,device__attribute_cluster_launch,,1
h12_n1,warm,k2,device__attribute_compute_capability_major,,10
h12_n1,warm,k2,device__attribute_compute_capability_minor,,3
h12_n1,warm,k2,device__attribute_compute_mode,,0
h12_n1,warm,k2,device__attribute_compute_preemption_supported,,1
h12_n1,warm,k2,device__attribute_concurrent_kernels,,1
h12_n1,warm,k2,device__attribute_concurrent_managed_access,,1
h12_n1,warm,k2,device__attribute_confidential_computing_mode,,No-CC
h12_n1,warm,k2,device__attribute_cooperative_launch,,1
h12_n1,warm,k2,device__attribute_cooperative_multi_device_launch,,1
h12_n1,warm,k2,device__attribute_deferred_mapping_cuda_array_supported,,1
h12_n1,warm,k2,device__attribute_device_index,,0
h12_n1,warm,k2,device__attribute_direct_managed_mem_access_from_host,,0
h12_n1,warm,k2,device__attribute_display_name,,NVIDIA B300 SXM6 AC
h12_n1,warm,k2,device__attribute_dma_buf_supported,,1
h12_n1,warm,k2,device__attribute_ecc_enabled,,1
h12_n1,warm,k2,device__attribute_fb_bus_width,,7680
h12_n1,warm,k2,device__attribute_fbp_count,,16
h12_n1,warm,k2,device__attribute_generic_compression_supported,,1
h12_n1,warm,k2,device__attribute_global_l1_cache_supported,,1
h12_n1,warm,k2,device__attribute_global_memory_bus_width,,7680
h12_n1,warm,k2,device__attribute_gpu_direct_rdma_flush_writes_options,,1
h12_n1,warm,k2,device__attribute_gpu_direct_rdma_supported,,1
h12_n1,warm,k2,device__attribute_gpu_direct_rdma_with_cuda_vmm_supported,,1
h12_n1,warm,k2,device__attribute_gpu_direct_rdma_writes_ordering,,100
h12_n1,warm,k2,device__attribute_gpu_overlap,,1
h12_n1,warm,k2,device__attribute_gpu_pci_device_id,,830607582
h12_n1,warm,k2,device__attribute_gpu_pci_ext_device_id,,12674
h12_n1,warm,k2,device__attribute_gpu_pci_ext_downstream_link_rate,,16000
h12_n1,warm,k2,device__attribute_gpu_pci_ext_downstream_link_width,,32
h12_n1,warm,k2,device__attribute_gpu_pci_ext_gen,,5
h12_n1,warm,k2,device__attribute_gpu_pci_ext_gpu_gen,,5
h12_n1,warm,k2,device__attribute_gpu_pci_ext_gpu_link_rate,,64000
h12_n1,warm,k2,device__attribute_gpu_pci_ext_gpu_link_width,,16
h12_n1,warm,k2,device__attribute_gpu_pci_revision_id,,161
h12_n1,warm,k2,device__attribute_gpu_pci_sub_system_id,,551948510
h12_n1,warm,k2,device__attribute_handle_type_fabric_supported,,1
h12_n1,warm,k2,device__attribute_handle_type_posix_file_descriptor_supported,,1
h12_n1,warm,k2,device__attribute_handle_type_win32_handle_supported,,0
h12_n1,warm,k2,device__attribute_handle_type_win32_kmt_handle_supported,,0
h12_n1,warm,k2,device__attribute_host_native_atomic_supported,,0
h12_n1,warm,k2,device__attribute_host_numa_id,,0
h12_n1,warm,k2,device__attribute_host_register_supported,,1
h12_n1,warm,k2,device__attribute_implementation,,419
h12_n1,warm,k2,device__attribute_integrated,,0
h12_n1,warm,k2,device__attribute_ipc_event_supported,,1
h12_n1,warm,k2,device__attribute_kernel_exec_timeout,,0
h12_n1,warm,k2,device__attribute_l2_cache_size,,132644864
h12_n1,warm,k2,device__attribute_l2s_count,,192
h12_n1,warm,k2,device__attribute_limits_max_cta_per_sm,,32
h12_n1,warm,k2,device__attribute_limits_num_tpcs,,74
h12_n1,warm,k2,device__attribute_local_l1_cache_supported,,1
h12_n1,warm,k2,device__attribute_managed_memory,,1
h12_n1,warm,k2,device__attribute_max_access_policy_window_size,,134217728
h12_n1,warm,k2,device__attribute_max_block_dim_x,,1024
h12_n1,warm,k2,device__attribute_max_block_dim_y,,1024
h12_n1,warm,k2,device__attribute_max_block_dim_z,,64
h12_n1,warm,k2,device__attribute_max_blocks_per_multiprocessor,,32
h12_n1,warm,k2,device__attribute_max_gpu_frequency_khz,,2032000
h12_n1,warm,k2,device__attribute_max_grid_dim_x,,2147483647
h12_n1,warm,k2,device__attribute_max_grid_dim_y,,65535
h12_n1,warm,k2,device__attribute_max_grid_dim_z,,65535
h12_n1,warm,k2,device__attribute_max_ipc_per_multiprocessor,,4
h12_n1,warm,k2,device__attribute_max_ipc_per_scheduler,,1
h12_n1,warm,k2,device__attribute_max_mem_frequency_khz,,3996000
h12_n1,warm,k2,device__attribute_max_persisting_l2_cache_size,,82903040
h12_n1,warm,k2,device__attribute_max_pitch,,2147483647
h12_n1,warm,k2,device__attribute_max_registers_per_block,,65536
h12_n1,warm,k2,device__attribute_max_registers_per_multiprocessor,,65536
h12_n1,warm,k2,device__attribute_max_registers_per_thread,,255
h12_n1,warm,k2,device__attribute_max_shared_memory_per_block,,49152
h12_n1,warm,k2,device__attribute_max_shared_memory_per_block_optin,,232448
h12_n1,warm,k2,device__attribute_max_shared_memory_per_multiprocessor,,233472
h12_n1,warm,k2,device__attribute_max_threads_per_block,,1024
h12_n1,warm,k2,device__attribute_max_threads_per_multiprocessor,,2048
h12_n1,warm,k2,device__attribute_max_warps_per_multiprocessor,,64
h12_n1,warm,k2,device__attribute_max_warps_per_scheduler,,16
h12_n1,warm,k2,device__attribute_maximum_surface1d_layered_layers,,2048
h12_n1,warm,k2,device__attribute_maximum_surface1d_layered_width,,32768
h12_n1,warm,k2,device__attribute_maximum_surface1d_width,,32768
h12_n1,warm,k2,device__attribute_maximum_surface2d_height,,65536
h12_n1,warm,k2,device__attribute_maximum_surface2d_layered_height,,32768
h12_n1,warm,k2,device__attribute_maximum_surface2d_layered_layers,,2048
h12_n1,warm,k2,device__attribute_maximum_surface2d_layered_width,,32768
h12_n1,warm,k2,device__attribute_maximum_surface2d_width,,131072
h12_n1,warm,k2,device__attribute_maximum_surface3d_depth,,16384
h12_n1,warm,k2,device__attribute_maximum_surface3d_height,,16384
h12_n1,warm,k2,device__attribute_maximum_surface3d_width,,16384
h12_n1,warm,k2,device__attribute_maximum_surfacecubemap_layered_layers,,2046
h12_n1,warm,k2,device__attribute_maximum_surfacecubemap_layered_width,,32768
h12_n1,warm,k2,device__attribute_maximum_surfacecubemap_width,,32768
h12_n1,warm,k2,device__attribute_maximum_texture1d_layered_layers,,2048
h12_n1,warm,k2,device__attribute_maximum_texture1d_layered_width,,32768
h12_n1,warm,k2,device__attribute_maximum_texture1d_linear_width,,268435456
h12_n1,warm,k2,device__attribute_maximum_texture1d_mipmapped_width,,32768
h12_n1,warm,k2,device__attribute_maximum_texture1d_width,,131072
h12_n1,warm,k2,device__attribute_maximum_texture2d_gather_height,,32768
h12_n1,warm,k2,device__attribute_maximum_texture2d_gather_width,,32768
h12_n1,warm,k2,device__attribute_maximum_texture2d_height,,65536
h12_n1,warm,k2,device__attribute_maximum_texture2d_layered_height,,32768
h12_n1,warm,k2,device__attribute_maximum_texture2d_layered_layers,,2048
h12_n1,warm,k2,device__attribute_maximum_texture2d_layered_width,,32768
h12_n1,warm,k2,device__attribute_maximum_texture2d_linear_height,,65000
h12_n1,warm,k2,device__attribute_maximum_texture2d_linear_pitch,,2097120
h12_n1,warm,k2,device__attribute_maximum_texture2d_linear_width,,131072
h12_n1,warm,k2,device__attribute_maximum_texture2d_mipmapped_height,,32768
h12_n1,warm,k2,device__attribute_maximum_texture2d_mipmapped_width,,32768
h12_n1,warm,k2,device__attribute_maximum_texture2d_width,,131072
h12_n1,warm,k2,device__attribute_maximum_texture3d_depth,,16384
h12_n1,warm,k2,device__attribute_maximum_texture3d_depth_alternate,,32768
h12_n1,warm,k2,device__attribute_maximum_texture3d_height,,16384
h12_n1,warm,k2,device__attribute_maximum_texture3d_height_alternate,,8192
h12_n1,warm,k2,device__attribute_maximum_texture3d_width,,16384
h12_n1,warm,k2,device__attribute_maximum_texture3d_width_alternate,,8192
h12_n1,warm,k2,device__attribute_maximum_texturecubemap_layered_layers,,2046
h12_n1,warm,k2,device__attribute_maximum_texturecubemap_layered_width,,32768
h12_n1,warm,k2,device__attribute_maximum_texturecubemap_width,,32768
h12_n1,warm,k2,device__attribute_mem_sync_domain_count,,4
h12_n1,warm,k2,device__attribute_memory_clock_rate,,3996000
h12_n1,warm,k2,device__attribute_memory_pools_supported,,1
h12_n1,warm,k2,device__attribute_mempool_supported_handle_types,,9
h12_n1,warm,k2,device__attribute_mps_enabled,,0
h12_n1,warm,k2,device__attribute_multi_gpu_board,,0
h12_n1,warm,k2,device__attribute_multi_gpu_board_group_id,,0
h12_n1,warm,k2,device__attribute_multicast_supported,,1
h12_n1,warm,k2,device__attribute_multiprocessor_count,,148
h12_n1,warm,k2,device__attribute_num_l2s_per_fbp,,12
h12_n1,warm,k2,device__attribute_num_schedulers_per_multiprocessor,,4
h12_n1,warm,k2,device__attribute_num_tex_per_multiprocessor,,1
h12_n1,warm,k2,device__attribute_numa_config,,0
h12_n1,warm,k2,device__attribute_pageable_memory_access,,1
h12_n1,warm,k2,device__attribute_pageable_memory_access_uses_host_page_tables,,0
h12_n1,warm,k2,device__attribute_pci_bus_id,,12
h12_n1,warm,k2,device__attribute_pci_device_id,,0
h12_n1,warm,k2,device__attribute_pci_domain_id,,0
h12_n1,warm,k2,device__attribute_ram_location,,1
h12_n1,warm,k2,device__attribute_ram_type,,0
h12_n1,warm,k2,device__attribute_reserved_shared_memory_per_block,,1024
h12_n1,warm,k2,device__attribute_sass_level,,10
h12_n1,warm,k2,device__attribute_single_to_double_precision_perf_ratio,,64
h12_n1,warm,k2,device__attribute_sparse_cuda_array_supported,,1
h12_n1,warm,k2,device__attribute_stream_priorities_supported,,1
h12_n1,warm,k2,device__attribute_surface_alignment,,512
h12_n1,warm,k2,device__attribute_tcc_driver,,0
h12_n1,warm,k2,device__attribute_tensor_map_access_supported,,1
h12_n1,warm,k2,device__attribute_texture_alignment,,512
h12_n1,warm,k2,device__attribute_texture_pitch_alignment,,32
h12_n1,warm,k2,device__attribute_total_constant_memory,,65536
h12_n1,warm,k2,device__attribute_total_memory,,287428640768
h12_n1,warm,k2,device__attribute_unified_addressing,,1
h12_n1,warm,k2,device__attribute_unified_function_pointers,,1
h12_n1,warm,k2,device__attribute_virtual_address_management_supported,,1
h12_n1,warm,k2,device__attribute_warp_size,,32
h12_n1,warm,k2,dram__bytes_read.avg,byte,1225812
h12_n1,warm,k2,dram__bytes_read.max,byte,1520128
h12_n1,warm,k2,dram__bytes_read.min,byte,443904
h12_n1,warm,k2,dram__bytes_read.sum,byte,78451968
h12_n1,warm,k2,dram__bytes_write.avg,byte,728120
h12_n1,warm,k2,dram__bytes_write.max,byte,1111296
h12_n1,warm,k2,dram__bytes_write.min,byte,203520
h12_n1,warm,k2,dram__bytes_write.sum,byte,46599680
h12_n1,warm,k2,dram__throughput.avg.pct_of_peak_sustained_elapsed,%,2.20
h12_n1,warm,k2,dram__throughput.max.pct_of_peak_sustained_elapsed,%,2.77
h12_n1,warm,k2,dram__throughput.min.pct_of_peak_sustained_elapsed,%,1.37
h12_n1,warm,k2,dram__throughput.sum.pct_of_peak_sustained_elapsed,%,2.20
h12_n1,warm,k2,gpc__cycles_elapsed.avg.per_second,hz,1985017054.03
h12_n1,warm,k2,gpc__cycles_elapsed.max.per_second,hz,2032404012.08
h12_n1,warm,k2,gpc__cycles_elapsed.min.per_second,hz,1906124622.52
h12_n1,warm,k2,gpc__cycles_elapsed.sum.per_second,hz,15880136432.27
h12_n1,warm,k2,gpu__time_duration.avg,ns,741760
h12_n1,warm,k2,gpu__time_duration.max,ns,741760
h12_n1,warm,k2,gpu__time_duration.min,ns,741760
h12_n1,warm,k2,gpu__time_duration.sum,ns,741760
h12_n1,warm,k2,gr__workids_granted.avg,,0
h12_n1,warm,k2,gr__workids_granted.max,,0
h12_n1,warm,k2,gr__workids_granted.min,,0
h12_n1,warm,k2,gr__workids_granted.sum,,0
h12_n1,warm,k2,gr__workids_granted_as_ctas.avg,block,0
h12_n1,warm,k2,gr__workids_granted_as_ctas.max,block,0
h12_n1,warm,k2,gr__workids_granted_as_ctas.min,block,0
h12_n1,warm,k2,gr__workids_granted_as_ctas.sum,block,0
h12_n1,warm,k2,gr__workids_requested.avg,,0
h12_n1,warm,k2,gr__workids_requested.max,,0
h12_n1,warm,k2,gr__workids_requested.min,,0
h12_n1,warm,k2,gr__workids_requested.sum,,0
h12_n1,warm,k2,l1tex__data_bank_conflicts_pipe_lsu_mem_shared_op_ld.avg,,2404.81
h12_n1,warm,k2,l1tex__data_bank_conflicts_pipe_lsu_mem_shared_op_ld.max,,31046
h12_n1,warm,k2,l1tex__data_bank_conflicts_pipe_lsu_mem_shared_op_ld.min,,0
h12_n1,warm,k2,l1tex__data_bank_conflicts_pipe_lsu_mem_shared_op_ld.sum,,355912
h12_n1,warm,k2,l1tex__data_bank_conflicts_pipe_lsu_mem_shared_op_st.avg,,7232.68
h12_n1,warm,k2,l1tex__data_bank_conflicts_pipe_lsu_mem_shared_op_st.max,,102441
h12_n1,warm,k2,l1tex__data_bank_conflicts_pipe_lsu_mem_shared_op_st.min,,0
h12_n1,warm,k2,l1tex__data_bank_conflicts_pipe_lsu_mem_shared_op_st.sum,,1070437
h12_n1,warm,k2,l1tex__throughput.avg.pct_of_peak_sustained_elapsed,%,4.60
h12_n1,warm,k2,l1tex__throughput.max.pct_of_peak_sustained_elapsed,%,57.52
h12_n1,warm,k2,l1tex__throughput.min.pct_of_peak_sustained_elapsed,%,0.00
h12_n1,warm,k2,l1tex__throughput.sum.pct_of_peak_sustained_elapsed,%,4.60
h12_n1,warm,k2,launch__barrier_count,,9
h12_n1,warm,k2,launch__block_dim_x,block,192
h12_n1,warm,k2,launch__block_dim_y,block,1
h12_n1,warm,k2,launch__block_dim_z,block,1
h12_n1,warm,k2,launch__block_size,,192
h12_n1,warm,k2,launch__cluster_dim_x,,0
h12_n1,warm,k2,launch__cluster_dim_y,,0
h12_n1,warm,k2,launch__cluster_dim_z,,0
h12_n1,warm,k2,launch__cluster_max_active,cluster,0
h12_n1,warm,k2,launch__cluster_max_potential_size,block,8
h12_n1,warm,k2,launch__cluster_scheduling_policy,,PolicySpread
h12_n1,warm,k2,launch__cluster_size,,0
h12_n1,warm,k2,launch__context_id,,1
h12_n1,warm,k2,launch__device_id,,0
h12_n1,warm,k2,launch__func_cache_config,,CachePreferNone
h12_n1,warm,k2,launch__function_pcs,,1
h12_n1,warm,k2,launch__grid_dim_x,,1
h12_n1,warm,k2,launch__grid_dim_y,,12
h12_n1,warm,k2,launch__grid_dim_z,,1
h12_n1,warm,k2,launch__grid_size,,12
h12_n1,warm,k2,launch__occupancy_cluster_gpu_pct,%,0
h12_n1,warm,k2,launch__occupancy_cluster_pct,%,0
h12_n1,warm,k2,launch__occupancy_limit_barriers,block,7
h12_n1,warm,k2,launch__occupancy_limit_blocks,block,32
h12_n1,warm,k2,launch__occupancy_limit_registers,block,4
h12_n1,warm,k2,launch__occupancy_limit_shared_mem,block,2
h12_n1,warm,k2,launch__occupancy_limit_warps,block,10
h12_n1,warm,k2,launch__occupancy_per_barrier_count,,588
h12_n1,warm,k2,launch__occupancy_per_block_size,,758
h12_n1,warm,k2,launch__occupancy_per_cluster_size,,0
h12_n1,warm,k2,launch__occupancy_per_register_count,,2556
h12_n1,warm,k2,launch__occupancy_per_shared_mem_size,,5292
h12_n1,warm,k2,launch__persisting_l2_cache_size,byte,24870912
h12_n1,warm,k2,launch__preferred_cluster_dim_x,,0
h12_n1,warm,k2,launch__preferred_cluster_dim_y,,0
h12_n1,warm,k2,launch__preferred_cluster_dim_z,,0
h12_n1,warm,k2,launch__preferred_cluster_size,,0
h12_n1,warm,k2,launch__registers_per_thread,register/thread,73
h12_n1,warm,k2,launch__registers_per_thread_allocated,register/thread,80
h12_n1,warm,k2,launch__shared_mem_config_size,byte,200704
h12_n1,warm,k2,launch__shared_mem_per_block,byte/block,99456
h12_n1,warm,k2,launch__shared_mem_per_block_allocated,byte/block,99456
h12_n1,warm,k2,launch__shared_mem_per_block_driver,byte/block,1024
h12_n1,warm,k2,launch__shared_mem_per_block_dynamic,byte/block,98432
h12_n1,warm,k2,launch__shared_mem_per_block_static,byte/block,0
h12_n1,warm,k2,launch__sm_count,SM,148
h12_n1,warm,k2,launch__stack_size,,1024
h12_n1,warm,k2,launch__stream_id,,7
h12_n1,warm,k2,launch__thread_count,thread,2304
h12_n1,warm,k2,launch__tpc_count,,74
h12_n1,warm,k2,launch__tpc_enabled,,all
h12_n1,warm,k2,launch__uses_cdp,,0
h12_n1,warm,k2,launch__uses_green_context,,0
h12_n1,warm,k2,launch__uses_mps,,0
h12_n1,warm,k2,launch__uses_nvlink_centric_scheduling,,0
h12_n1,warm,k2,launch__uses_vgpu,,0
h12_n1,warm,k2,launch__waves_per_multiprocessor,,0.04
h12_n1,warm,k2,lts__t_sector_hit_rate.pct,%,60.55
h12_n1,warm,k2,lts__t_sectors.avg,sector,67656.14
h12_n1,warm,k2,lts__t_sectors.max,sector,110618
h12_n1,warm,k2,lts__t_sectors.min,sector,13883
h12_n1,warm,k2,lts__t_sectors.sum,sector,12448729
h12_n1,warm,k2,lts__throughput.avg.pct_of_peak_sustained_elapsed,%,3.40
h12_n1,warm,k2,lts__throughput.max.pct_of_peak_sustained_elapsed,%,5.82
h12_n1,warm,k2,lts__throughput.min.pct_of_peak_sustained_elapsed,%,0.54
h12_n1,warm,k2,lts__throughput.sum.pct_of_peak_sustained_elapsed,%,3.40
h12_n1,warm,k2,numa__cpu_affinity,,1
h12_n1,warm,k2,numa__dev_display_name_all,,1
h12_n1,warm,k2,numa__id_cpu,,1
h12_n1,warm,k2,numa__id_memory,,1
h12_n1,warm,k2,nvlink__bandwidth,,0
h12_n1,warm,k2,nvlink__count_logical,,0
h12_n1,warm,k2,nvlink__count_physical,,0
h12_n1,warm,k2,nvlink__destination_ports,,0
h12_n1,warm,k2,nvlink__dev0Id,,0
h12_n1,warm,k2,nvlink__dev0type,,0
h12_n1,warm,k2,nvlink__dev1Id,,0
h12_n1,warm,k2,nvlink__dev1type,,0
h12_n1,warm,k2,nvlink__dev_display_name_all,,1
h12_n1,warm,k2,nvlink__enabled_mask,,262143
h12_n1,warm,k2,nvlink__is_direct_link,,0
h12_n1,warm,k2,nvlink__is_nvswitch_connected,,0
h12_n1,warm,k2,nvlink__max_count,,18
h12_n1,warm,k2,nvlink__peer_access,,0
h12_n1,warm,k2,nvlink__peer_atomic,,0
h12_n1,warm,k2,nvlink__source_ports,,0
h12_n1,warm,k2,nvlink__system_access,,0
h12_n1,warm,k2,nvlink__system_atomic,,0
h12_n1,warm,k2,profiler__perfworks_session_reuse,,1
h12_n1,warm,k2,profiler__replayer_passes,pass,15
h12_n1,warm,k2,profiler__replayer_passes_type_warmup,pass,0
h12_n1,warm,k2,sm__cycles_active.avg,cycle,112814.31
h12_n1,warm,k2,sm__cycles_active.avg.pct_of_peak_sustained_elapsed,%,7.64
h12_n1,warm,k2,sm__cycles_active.max,cycle,1408444
h12_n1,warm,k2,sm__cycles_active.max.pct_of_peak_sustained_elapsed,%,95.40
h12_n1,warm,k2,sm__cycles_active.min,cycle,0
h12_n1,warm,k2,sm__cycles_active.min.pct_of_peak_sustained_elapsed,%,0
h12_n1,warm,k2,sm__cycles_active.sum,cycle,16696518
h12_n1,warm,k2,sm__cycles_active.sum.pct_of_peak_sustained_elapsed,%,7.64
h12_n1,warm,k2,sm__inst_executed_pipe_adu.avg.pct_of_peak_sustained_elapsed,%,0.26
h12_n1,warm,k2,sm__inst_executed_pipe_adu.max.pct_of_peak_sustained_elapsed,%,3.33
h12_n1,warm,k2,sm__inst_executed_pipe_adu.min.pct_of_peak_sustained_elapsed,%,0
h12_n1,warm,k2,sm__inst_executed_pipe_adu.sum.pct_of_peak_sustained_elapsed,%,0.26
h12_n1,warm,k2,sm__inst_executed_pipe_alu.avg.pct_of_peak_sustained_elapsed,%,1.64
h12_n1,warm,k2,sm__inst_executed_pipe_alu.max.pct_of_peak_sustained_elapsed,%,20.24
h12_n1,warm,k2,sm__inst_executed_pipe_alu.min.pct_of_peak_sustained_elapsed,%,0
h12_n1,warm,k2,sm__inst_executed_pipe_alu.sum.pct_of_peak_sustained_elapsed,%,1.64
h12_n1,warm,k2,sm__inst_executed_pipe_fma.avg.pct_of_peak_sustained_elapsed,%,0.69
h12_n1,warm,k2,sm__inst_executed_pipe_fma.max.pct_of_peak_sustained_elapsed,%,8.47
h12_n1,warm,k2,sm__inst_executed_pipe_fma.min.pct_of_peak_sustained_elapsed,%,0
h12_n1,warm,k2,sm__inst_executed_pipe_fma.sum.pct_of_peak_sustained_elapsed,%,0.69
h12_n1,warm,k2,sm__inst_executed_pipe_lsu.avg.pct_of_peak_sustained_elapsed,%,1.29
h12_n1,warm,k2,sm__inst_executed_pipe_lsu.max.pct_of_peak_sustained_elapsed,%,15.95
h12_n1,warm,k2,sm__inst_executed_pipe_lsu.min.pct_of_peak_sustained_elapsed,%,0
h12_n1,warm,k2,sm__inst_executed_pipe_lsu.sum.pct_of_peak_sustained_elapsed,%,1.29
h12_n1,warm,k2,sm__inst_executed_pipe_xu.avg.pct_of_peak_sustained_elapsed,%,0.02
h12_n1,warm,k2,sm__inst_executed_pipe_xu.max.pct_of_peak_sustained_elapsed,%,0.28
h12_n1,warm,k2,sm__inst_executed_pipe_xu.min.pct_of_peak_sustained_elapsed,%,0
h12_n1,warm,k2,sm__inst_executed_pipe_xu.sum.pct_of_peak_sustained_elapsed,%,0.02
h12_n1,warm,k2,sm__issue_active.avg.pct_of_peak_sustained_elapsed,%,2.49
h12_n1,warm,k2,sm__issue_active.max.pct_of_peak_sustained_elapsed,%,30.72
h12_n1,warm,k2,sm__issue_active.min.pct_of_peak_sustained_elapsed,%,0
h12_n1,warm,k2,sm__issue_active.sum.pct_of_peak_sustained_elapsed,%,2.49
h12_n1,warm,k2,sm__maximum_warps_avg_per_active_cycle,warp,12
h12_n1,warm,k2,sm__maximum_warps_per_active_cycle_pct,%,18.75
h12_n1,warm,k2,sm__ops_path_tensor_op_hmma_src_bf16_dst_fp32.avg,,70736370.16
h12_n1,warm,k2,sm__ops_path_tensor_op_hmma_src_bf16_dst_fp32.max,,872415232
h12_n1,warm,k2,sm__ops_path_tensor_op_hmma_src_bf16_dst_fp32.min,,0
h12_n1,warm,k2,sm__ops_path_tensor_op_hmma_src_bf16_dst_fp32.sum,,10468982784
h12_n1,warm,k2,sm__ops_path_tensor_op_hmma_src_fp16_dst_fp16.avg,,0
h12_n1,warm,k2,sm__ops_path_tensor_op_hmma_src_fp16_dst_fp16.max,,0
h12_n1,warm,k2,sm__ops_path_tensor_op_hmma_src_fp16_dst_fp16.min,,0
h12_n1,warm,k2,sm__ops_path_tensor_op_hmma_src_fp16_dst_fp16.sum,,0
h12_n1,warm,k2,sm__pipe_tensor_cycles_active.avg.pct_of_peak_sustained_active,%,30.62
h12_n1,warm,k2,sm__pipe_tensor_cycles_active.avg.pct_of_peak_sustained_elapsed,%,2.34
h12_n1,warm,k2,sm__pipe_tensor_cycles_active.max.pct_of_peak_sustained_active,%,377.60
h12_n1,warm,k2,sm__pipe_tensor_cycles_active.max.pct_of_peak_sustained_elapsed,%,28.85
h12_n1,warm,k2,sm__pipe_tensor_cycles_active.min.pct_of_peak_sustained_active,%,0
h12_n1,warm,k2,sm__pipe_tensor_cycles_active.min.pct_of_peak_sustained_elapsed,%,0
h12_n1,warm,k2,sm__pipe_tensor_cycles_active.sum.pct_of_peak_sustained_active,%,30.62
h12_n1,warm,k2,sm__pipe_tensor_cycles_active.sum.pct_of_peak_sustained_elapsed,%,2.34
h12_n1,warm,k2,sm__throughput.avg.pct_of_peak_sustained_elapsed,%,2.49
h12_n1,warm,k2,sm__throughput.max.pct_of_peak_sustained_elapsed,%,30.72
h12_n1,warm,k2,sm__throughput.min.pct_of_peak_sustained_elapsed,%,0
h12_n1,warm,k2,sm__throughput.sum.pct_of_peak_sustained_elapsed,%,2.49
h12_n1,warm,k2,sm__warps_active.avg.pct_of_peak_sustained_active,%,9.37
h12_n1,warm,k2,sm__warps_active.avg.per_cycle_active,warp,6.00
h12_n1,warm,k2,sm__warps_active.max.pct_of_peak_sustained_active,%,117.05
h12_n1,warm,k2,sm__warps_active.max.per_cycle_active,warp,74.91
h12_n1,warm,k2,sm__warps_active.min.pct_of_peak_sustained_active,%,0
h12_n1,warm,k2,sm__warps_active.min.per_cycle_active,warp,0
h12_n1,warm,k2,sm__warps_active.sum.pct_of_peak_sustained_active,%,9.37
h12_n1,warm,k2,sm__warps_active.sum.per_cycle_active,warp,887.79
h12_n1,warm,k2,smsp__issue_active.avg.pct_of_peak_sustained_active,%,32.56
h12_n1,warm,k2,smsp__issue_active.max.pct_of_peak_sustained_active,%,535.50
h12_n1,warm,k2,smsp__issue_active.min.pct_of_peak_sustained_active,%,0
h12_n1,warm,k2,smsp__issue_active.sum.pct_of_peak_sustained_active,%,32.56
h12_n1,warm,k2,smsp__maximum_warps_avg_per_active_cycle,warp,3
h12_n1,warm,k2,smsp__warp_issue_stalled_barrier_per_warp_active.pct,%,2.73
h12_n1,warm,k2,smsp__warp_issue_stalled_long_scoreboard_per_warp_active.pct,%,9.19
h12_n1,warm,k2,smsp__warp_issue_stalled_math_pipe_throttle_per_warp_active.pct,%,0.12
h12_n1,warm,k2,smsp__warp_issue_stalled_membar_per_warp_active.pct,%,0
h12_n1,warm,k2,smsp__warp_issue_stalled_mio_throttle_per_warp_active.pct,%,2.94
h12_n1,warm,k2,smsp__warp_issue_stalled_not_selected_per_warp_active.pct,%,1.21
h12_n1,warm,k2,smsp__warp_issue_stalled_short_scoreboard_per_warp_active.pct,%,16.08
h12_n1,warm,k2,smsp__warp_issue_stalled_wait_per_warp_active.pct,%,24.00
h12_n1,warm,k2,smsp__warps_active.avg.peak_sustained,warp,16
h12_n1,warm,k2,smsp__warps_active.max.peak_sustained,warp,16
h12_n1,warm,k2,smsp__warps_active.min.peak_sustained,warp,16
h12_n1,warm,k2,smsp__warps_active.sum.peak_sustained,warp,9472
h12_n1,warm,k2,smsp__warps_eligible.avg.per_cycle_active,warp,0.34
h12_n1,warm,k2,smsp__warps_eligible.max.per_cycle_active,warp,6.18
h12_n1,warm,k2,smsp__warps_eligible.min.per_cycle_active,warp,0
h12_n1,warm,k2,smsp__warps_eligible.sum.per_cycle_active,warp,203.42
h12_n8,cold,k1,c2clink__enabled_mask,,0
h12_n8,cold,k1,c2clink__present,,0
h12_n8,cold,k1,derived__pct_occupancy_per_barrier_count,,2230
h12_n8,cold,k1,derived__pct_occupancy_per_block_size,%,5190
h12_n8,cold,k1,derived__pct_occupancy_per_register_count,%/register,8524
h12_n8,cold,k1,derived__pct_occupancy_per_shared_mem_size,%/byte,14020
h12_n8,cold,k1,device__attribute_architecture,,416
h12_n8,cold,k1,device__attribute_async_engine_count,,4
h12_n8,cold,k1,device__attribute_can_flush_remote_writes,,0
h12_n8,cold,k1,device__attribute_can_map_host_memory,,1
h12_n8,cold,k1,device__attribute_can_tex2d_gather,,1
h12_n8,cold,k1,device__attribute_can_use_64_bit_stream_mem_ops,,1
h12_n8,cold,k1,device__attribute_can_use_64_bit_stream_mem_ops_v1,,0
h12_n8,cold,k1,device__attribute_can_use_host_pointer_for_registered_mem,,1
h12_n8,cold,k1,device__attribute_can_use_stream_mem_ops_v1,,0
h12_n8,cold,k1,device__attribute_can_use_stream_wait_value_nor,,1
h12_n8,cold,k1,device__attribute_can_use_stream_wait_value_nor_v1,,0
h12_n8,cold,k1,device__attribute_chip,,419
h12_n8,cold,k1,device__attribute_clock_rate,,2032000
h12_n8,cold,k1,device__attribute_cluster_launch,,1
h12_n8,cold,k1,device__attribute_compute_capability_major,,10
h12_n8,cold,k1,device__attribute_compute_capability_minor,,3
h12_n8,cold,k1,device__attribute_compute_mode,,0
h12_n8,cold,k1,device__attribute_compute_preemption_supported,,1
h12_n8,cold,k1,device__attribute_concurrent_kernels,,1
h12_n8,cold,k1,device__attribute_concurrent_managed_access,,1
h12_n8,cold,k1,device__attribute_confidential_computing_mode,,No-CC
h12_n8,cold,k1,device__attribute_cooperative_launch,,1
h12_n8,cold,k1,device__attribute_cooperative_multi_device_launch,,1
h12_n8,cold,k1,device__attribute_deferred_mapping_cuda_array_supported,,1
h12_n8,cold,k1,device__attribute_device_index,,0
h12_n8,cold,k1,device__attribute_direct_managed_mem_access_from_host,,0
h12_n8,cold,k1,device__attribute_display_name,,NVIDIA B300 SXM6 AC
h12_n8,cold,k1,device__attribute_dma_buf_supported,,1
h12_n8,cold,k1,device__attribute_ecc_enabled,,1
h12_n8,cold,k1,device__attribute_fb_bus_width,,7680
h12_n8,cold,k1,device__attribute_fbp_count,,16
h12_n8,cold,k1,device__attribute_generic_compression_supported,,1
h12_n8,cold,k1,device__attribute_global_l1_cache_supported,,1
h12_n8,cold,k1,device__attribute_global_memory_bus_width,,7680
h12_n8,cold,k1,device__attribute_gpu_direct_rdma_flush_writes_options,,1
h12_n8,cold,k1,device__attribute_gpu_direct_rdma_supported,,1
h12_n8,cold,k1,device__attribute_gpu_direct_rdma_with_cuda_vmm_supported,,1
h12_n8,cold,k1,device__attribute_gpu_direct_rdma_writes_ordering,,100
h12_n8,cold,k1,device__attribute_gpu_overlap,,1
h12_n8,cold,k1,device__attribute_gpu_pci_device_id,,830607582
h12_n8,cold,k1,device__attribute_gpu_pci_ext_device_id,,12674
h12_n8,cold,k1,device__attribute_gpu_pci_ext_downstream_link_rate,,16000
h12_n8,cold,k1,device__attribute_gpu_pci_ext_downstream_link_width,,32
h12_n8,cold,k1,device__attribute_gpu_pci_ext_gen,,5
h12_n8,cold,k1,device__attribute_gpu_pci_ext_gpu_gen,,5
h12_n8,cold,k1,device__attribute_gpu_pci_ext_gpu_link_rate,,64000
h12_n8,cold,k1,device__attribute_gpu_pci_ext_gpu_link_width,,16
h12_n8,cold,k1,device__attribute_gpu_pci_revision_id,,161
h12_n8,cold,k1,device__attribute_gpu_pci_sub_system_id,,551948510
h12_n8,cold,k1,device__attribute_handle_type_fabric_supported,,1
h12_n8,cold,k1,device__attribute_handle_type_posix_file_descriptor_supported,,1
h12_n8,cold,k1,device__attribute_handle_type_win32_handle_supported,,0
h12_n8,cold,k1,device__attribute_handle_type_win32_kmt_handle_supported,,0
h12_n8,cold,k1,device__attribute_host_native_atomic_supported,,0
h12_n8,cold,k1,device__attribute_host_numa_id,,0
h12_n8,cold,k1,device__attribute_host_register_supported,,1
h12_n8,cold,k1,device__attribute_implementation,,419
h12_n8,cold,k1,device__attribute_integrated,,0
h12_n8,cold,k1,device__attribute_ipc_event_supported,,1
h12_n8,cold,k1,device__attribute_kernel_exec_timeout,,0
h12_n8,cold,k1,device__attribute_l2_cache_size,,132644864
h12_n8,cold,k1,device__attribute_l2s_count,,192
h12_n8,cold,k1,device__attribute_limits_max_cta_per_sm,,32
h12_n8,cold,k1,device__attribute_limits_num_tpcs,,74
h12_n8,cold,k1,device__attribute_local_l1_cache_supported,,1
h12_n8,cold,k1,device__attribute_managed_memory,,1
h12_n8,cold,k1,device__attribute_max_access_policy_window_size,,134217728
h12_n8,cold,k1,device__attribute_max_block_dim_x,,1024
h12_n8,cold,k1,device__attribute_max_block_dim_y,,1024
h12_n8,cold,k1,device__attribute_max_block_dim_z,,64
h12_n8,cold,k1,device__attribute_max_blocks_per_multiprocessor,,32
h12_n8,cold,k1,device__attribute_max_gpu_frequency_khz,,2032000
h12_n8,cold,k1,device__attribute_max_grid_dim_x,,2147483647
h12_n8,cold,k1,device__attribute_max_grid_dim_y,,65535
h12_n8,cold,k1,device__attribute_max_grid_dim_z,,65535
h12_n8,cold,k1,device__attribute_max_ipc_per_multiprocessor,,4
h12_n8,cold,k1,device__attribute_max_ipc_per_scheduler,,1
h12_n8,cold,k1,device__attribute_max_mem_frequency_khz,,3996000
h12_n8,cold,k1,device__attribute_max_persisting_l2_cache_size,,82903040
h12_n8,cold,k1,device__attribute_max_pitch,,2147483647
h12_n8,cold,k1,device__attribute_max_registers_per_block,,65536
h12_n8,cold,k1,device__attribute_max_registers_per_multiprocessor,,65536
h12_n8,cold,k1,device__attribute_max_registers_per_thread,,255
h12_n8,cold,k1,device__attribute_max_shared_memory_per_block,,49152
h12_n8,cold,k1,device__attribute_max_shared_memory_per_block_optin,,232448
h12_n8,cold,k1,device__attribute_max_shared_memory_per_multiprocessor,,233472
h12_n8,cold,k1,device__attribute_max_threads_per_block,,1024
h12_n8,cold,k1,device__attribute_max_threads_per_multiprocessor,,2048
h12_n8,cold,k1,device__attribute_max_warps_per_multiprocessor,,64
h12_n8,cold,k1,device__attribute_max_warps_per_scheduler,,16
h12_n8,cold,k1,device__attribute_maximum_surface1d_layered_layers,,2048
h12_n8,cold,k1,device__attribute_maximum_surface1d_layered_width,,32768
h12_n8,cold,k1,device__attribute_maximum_surface1d_width,,32768
h12_n8,cold,k1,device__attribute_maximum_surface2d_height,,65536
h12_n8,cold,k1,device__attribute_maximum_surface2d_layered_height,,32768
h12_n8,cold,k1,device__attribute_maximum_surface2d_layered_layers,,2048
h12_n8,cold,k1,device__attribute_maximum_surface2d_layered_width,,32768
h12_n8,cold,k1,device__attribute_maximum_surface2d_width,,131072
h12_n8,cold,k1,device__attribute_maximum_surface3d_depth,,16384
h12_n8,cold,k1,device__attribute_maximum_surface3d_height,,16384
h12_n8,cold,k1,device__attribute_maximum_surface3d_width,,16384
h12_n8,cold,k1,device__attribute_maximum_surfacecubemap_layered_layers,,2046
h12_n8,cold,k1,device__attribute_maximum_surfacecubemap_layered_width,,32768
h12_n8,cold,k1,device__attribute_maximum_surfacecubemap_width,,32768
h12_n8,cold,k1,device__attribute_maximum_texture1d_layered_layers,,2048
h12_n8,cold,k1,device__attribute_maximum_texture1d_layered_width,,32768
h12_n8,cold,k1,device__attribute_maximum_texture1d_linear_width,,268435456
h12_n8,cold,k1,device__attribute_maximum_texture1d_mipmapped_width,,32768
h12_n8,cold,k1,device__attribute_maximum_texture1d_width,,131072
h12_n8,cold,k1,device__attribute_maximum_texture2d_gather_height,,32768
h12_n8,cold,k1,device__attribute_maximum_texture2d_gather_width,,32768
h12_n8,cold,k1,device__attribute_maximum_texture2d_height,,65536
h12_n8,cold,k1,device__attribute_maximum_texture2d_layered_height,,32768
h12_n8,cold,k1,device__attribute_maximum_texture2d_layered_layers,,2048
h12_n8,cold,k1,device__attribute_maximum_texture2d_layered_width,,32768
h12_n8,cold,k1,device__attribute_maximum_texture2d_linear_height,,65000
h12_n8,cold,k1,device__attribute_maximum_texture2d_linear_pitch,,2097120
h12_n8,cold,k1,device__attribute_maximum_texture2d_linear_width,,131072
h12_n8,cold,k1,device__attribute_maximum_texture2d_mipmapped_height,,32768
h12_n8,cold,k1,device__attribute_maximum_texture2d_mipmapped_width,,32768
h12_n8,cold,k1,device__attribute_maximum_texture2d_width,,131072
h12_n8,cold,k1,device__attribute_maximum_texture3d_depth,,16384
h12_n8,cold,k1,device__attribute_maximum_texture3d_depth_alternate,,32768
h12_n8,cold,k1,device__attribute_maximum_texture3d_height,,16384
h12_n8,cold,k1,device__attribute_maximum_texture3d_height_alternate,,8192
h12_n8,cold,k1,device__attribute_maximum_texture3d_width,,16384
h12_n8,cold,k1,device__attribute_maximum_texture3d_width_alternate,,8192
h12_n8,cold,k1,device__attribute_maximum_texturecubemap_layered_layers,,2046
h12_n8,cold,k1,device__attribute_maximum_texturecubemap_layered_width,,32768
h12_n8,cold,k1,device__attribute_maximum_texturecubemap_width,,32768
h12_n8,cold,k1,device__attribute_mem_sync_domain_count,,4
h12_n8,cold,k1,device__attribute_memory_clock_rate,,3996000
h12_n8,cold,k1,device__attribute_memory_pools_supported,,1
h12_n8,cold,k1,device__attribute_mempool_supported_handle_types,,9
h12_n8,cold,k1,device__attribute_mps_enabled,,0
h12_n8,cold,k1,device__attribute_multi_gpu_board,,0
h12_n8,cold,k1,device__attribute_multi_gpu_board_group_id,,0
h12_n8,cold,k1,device__attribute_multicast_supported,,1
h12_n8,cold,k1,device__attribute_multiprocessor_count,,148
h12_n8,cold,k1,device__attribute_num_l2s_per_fbp,,12
h12_n8,cold,k1,device__attribute_num_schedulers_per_multiprocessor,,4
h12_n8,cold,k1,device__attribute_num_tex_per_multiprocessor,,1
h12_n8,cold,k1,device__attribute_numa_config,,0
h12_n8,cold,k1,device__attribute_pageable_memory_access,,1
h12_n8,cold,k1,device__attribute_pageable_memory_access_uses_host_page_tables,,0
h12_n8,cold,k1,device__attribute_pci_bus_id,,12
h12_n8,cold,k1,device__attribute_pci_device_id,,0
h12_n8,cold,k1,device__attribute_pci_domain_id,,0
h12_n8,cold,k1,device__attribute_ram_location,,1
h12_n8,cold,k1,device__attribute_ram_type,,0
h12_n8,cold,k1,device__attribute_reserved_shared_memory_per_block,,1024
h12_n8,cold,k1,device__attribute_sass_level,,10
h12_n8,cold,k1,device__attribute_single_to_double_precision_perf_ratio,,64
h12_n8,cold,k1,device__attribute_sparse_cuda_array_supported,,1
h12_n8,cold,k1,device__attribute_stream_priorities_supported,,1
h12_n8,cold,k1,device__attribute_surface_alignment,,512
h12_n8,cold,k1,device__attribute_tcc_driver,,0
h12_n8,cold,k1,device__attribute_tensor_map_access_supported,,1
h12_n8,cold,k1,device__attribute_texture_alignment,,512
h12_n8,cold,k1,device__attribute_texture_pitch_alignment,,32
h12_n8,cold,k1,device__attribute_total_constant_memory,,65536
h12_n8,cold,k1,device__attribute_total_memory,,287428640768
h12_n8,cold,k1,device__attribute_unified_addressing,,1
h12_n8,cold,k1,device__attribute_unified_function_pointers,,1
h12_n8,cold,k1,device__attribute_virtual_address_management_supported,,1
h12_n8,cold,k1,device__attribute_warp_size,,32
h12_n8,cold,k1,dram__bytes_read.avg,byte,1183416
h12_n8,cold,k1,dram__bytes_read.max,byte,1264128
h12_n8,cold,k1,dram__bytes_read.min,byte,630272
h12_n8,cold,k1,dram__bytes_read.sum,byte,75738624
h12_n8,cold,k1,dram__bytes_write.avg,byte,515332
h12_n8,cold,k1,dram__bytes_write.max,byte,582144
h12_n8,cold,k1,dram__bytes_write.min,byte,191744
h12_n8,cold,k1,dram__bytes_write.sum,byte,32981248
h12_n8,cold,k1,dram__throughput.avg.pct_of_peak_sustained_elapsed,%,34.20
h12_n8,cold,k1,dram__throughput.max.pct_of_peak_sustained_elapsed,%,34.85
h12_n8,cold,k1,dram__throughput.min.pct_of_peak_sustained_elapsed,%,31.03
h12_n8,cold,k1,dram__throughput.sum.pct_of_peak_sustained_elapsed,%,34.20
h12_n8,cold,k1,gpc__cycles_elapsed.avg.per_second,hz,1904099300.19
h12_n8,cold,k1,gpc__cycles_elapsed.max.per_second,hz,1916916023.17
h12_n8,cold,k1,gpc__cycles_elapsed.min.per_second,hz,1892833011.58
h12_n8,cold,k1,gpc__cycles_elapsed.sum.per_second,hz,15232794401.54
h12_n8,cold,k1,gpu__time_duration.avg,ns,41440
h12_n8,cold,k1,gpu__time_duration.max,ns,41440
h12_n8,cold,k1,gpu__time_duration.min,ns,41440
h12_n8,cold,k1,gpu__time_duration.sum,ns,41440
h12_n8,cold,k1,gr__workids_granted.avg,,0
h12_n8,cold,k1,gr__workids_granted.max,,0
h12_n8,cold,k1,gr__workids_granted.min,,0
h12_n8,cold,k1,gr__workids_granted.sum,,0
h12_n8,cold,k1,gr__workids_granted_as_ctas.avg,block,0
h12_n8,cold,k1,gr__workids_granted_as_ctas.max,block,0
h12_n8,cold,k1,gr__workids_granted_as_ctas.min,block,0
h12_n8,cold,k1,gr__workids_granted_as_ctas.sum,block,0
h12_n8,cold,k1,gr__workids_requested.avg,,0
h12_n8,cold,k1,gr__workids_requested.max,,0
h12_n8,cold,k1,gr__workids_requested.min,,0
h12_n8,cold,k1,gr__workids_requested.sum,,0
h12_n8,cold,k1,l1tex__data_bank_conflicts_pipe_lsu_mem_shared_op_ld.avg,,4102.89
h12_n8,cold,k1,l1tex__data_bank_conflicts_pipe_lsu_mem_shared_op_ld.max,,4897
h12_n8,cold,k1,l1tex__data_bank_conflicts_pipe_lsu_mem_shared_op_ld.min,,2868
h12_n8,cold,k1,l1tex__data_bank_conflicts_pipe_lsu_mem_shared_op_ld.sum,,607227
h12_n8,cold,k1,l1tex__data_bank_conflicts_pipe_lsu_mem_shared_op_st.avg,,1247.31
h12_n8,cold,k1,l1tex__data_bank_conflicts_pipe_lsu_mem_shared_op_st.max,,1646
h12_n8,cold,k1,l1tex__data_bank_conflicts_pipe_lsu_mem_shared_op_st.min,,811
h12_n8,cold,k1,l1tex__data_bank_conflicts_pipe_lsu_mem_shared_op_st.sum,,184602
h12_n8,cold,k1,l1tex__throughput.avg.pct_of_peak_sustained_elapsed,%,55.55
h12_n8,cold,k1,l1tex__throughput.max.pct_of_peak_sustained_elapsed,%,59.83
h12_n8,cold,k1,l1tex__throughput.min.pct_of_peak_sustained_elapsed,%,50.90
h12_n8,cold,k1,l1tex__throughput.sum.pct_of_peak_sustained_elapsed,%,55.55
h12_n8,cold,k1,launch__barrier_count,,1
h12_n8,cold,k1,launch__block_dim_x,block,256
h12_n8,cold,k1,launch__block_dim_y,block,1
h12_n8,cold,k1,launch__block_dim_z,block,1
h12_n8,cold,k1,launch__block_size,,256
h12_n8,cold,k1,launch__cluster_dim_x,,0
h12_n8,cold,k1,launch__cluster_dim_y,,0
h12_n8,cold,k1,launch__cluster_dim_z,,0
h12_n8,cold,k1,launch__cluster_max_active,cluster,0
h12_n8,cold,k1,launch__cluster_max_potential_size,block,8
h12_n8,cold,k1,launch__cluster_scheduling_policy,,PolicySpread
h12_n8,cold,k1,launch__cluster_size,,0
h12_n8,cold,k1,launch__context_id,,1
h12_n8,cold,k1,launch__device_id,,0
h12_n8,cold,k1,launch__func_cache_config,,CachePreferNone
h12_n8,cold,k1,launch__function_pcs,,1
h12_n8,cold,k1,launch__grid_dim_x,,512
h12_n8,cold,k1,launch__grid_dim_y,,12
h12_n8,cold,k1,launch__grid_dim_z,,1
h12_n8,cold,k1,launch__grid_size,,6144
h12_n8,cold,k1,launch__occupancy_cluster_gpu_pct,%,0
h12_n8,cold,k1,launch__occupancy_cluster_pct,%,0
h12_n8,cold,k1,launch__occupancy_limit_barriers,block,32
h12_n8,cold,k1,launch__occupancy_limit_blocks,block,32
h12_n8,cold,k1,launch__occupancy_limit_registers,block,8
h12_n8,cold,k1,launch__occupancy_limit_shared_mem,block,9
h12_n8,cold,k1,launch__occupancy_limit_warps,block,8
h12_n8,cold,k1,launch__occupancy_per_barrier_count,,1440
h12_n8,cold,k1,launch__occupancy_per_block_size,,3339
h12_n8,cold,k1,launch__occupancy_per_cluster_size,,0
h12_n8,cold,k1,launch__occupancy_per_register_count,,5504
h12_n8,cold,k1,launch__occupancy_per_shared_mem_size,,9072
h12_n8,cold,k1,launch__persisting_l2_cache_size,byte,24870912
h12_n8,cold,k1,launch__preferred_cluster_dim_x,,0
h12_n8,cold,k1,launch__preferred_cluster_dim_y,,0
h12_n8,cold,k1,launch__preferred_cluster_dim_z,,0
h12_n8,cold,k1,launch__preferred_cluster_size,,0
h12_n8,cold,k1,launch__registers_per_thread,register/thread,32
h12_n8,cold,k1,launch__registers_per_thread_allocated,register/thread,32
h12_n8,cold,k1,launch__shared_mem_config_size,byte,200704
h12_n8,cold,k1,launch__shared_mem_per_block,byte/block,22272
h12_n8,cold,k1,launch__shared_mem_per_block_allocated,byte/block,22272
h12_n8,cold,k1,launch__shared_mem_per_block_driver,byte/block,1024
h12_n8,cold,k1,launch__shared_mem_per_block_dynamic,byte/block,21248
h12_n8,cold,k1,launch__shared_mem_per_block_static,byte/block,0
h12_n8,cold,k1,launch__sm_count,SM,148
h12_n8,cold,k1,launch__stack_size,,1024
h12_n8,cold,k1,launch__stream_id,,7
h12_n8,cold,k1,launch__thread_count,thread,1572864
h12_n8,cold,k1,launch__tpc_count,,74
h12_n8,cold,k1,launch__tpc_enabled,,all
h12_n8,cold,k1,launch__uses_cdp,,0
h12_n8,cold,k1,launch__uses_green_context,,0
h12_n8,cold,k1,launch__uses_mps,,0
h12_n8,cold,k1,launch__uses_nvlink_centric_scheduling,,0
h12_n8,cold,k1,launch__uses_vgpu,,0
h12_n8,cold,k1,launch__waves_per_multiprocessor,,5.19
h12_n8,cold,k1,lts__t_sector_hit_rate.pct,%,44.94
h12_n8,cold,k1,lts__t_sectors.avg,sector,62440.92
h12_n8,cold,k1,lts__t_sectors.max,sector,66462
h12_n8,cold,k1,lts__t_sectors.min,sector,31687
h12_n8,cold,k1,lts__t_sectors.sum,sector,11489130
h12_n8,cold,k1,lts__throughput.avg.pct_of_peak_sustained_elapsed,%,59.36
h12_n8,cold,k1,lts__throughput.max.pct_of_peak_sustained_elapsed,%,66.25
h12_n8,cold,k1,lts__throughput.min.pct_of_peak_sustained_elapsed,%,29.69
h12_n8,cold,k1,lts__throughput.sum.pct_of_peak_sustained_elapsed,%,59.36
h12_n8,cold,k1,numa__cpu_affinity,,1
h12_n8,cold,k1,numa__dev_display_name_all,,1
h12_n8,cold,k1,numa__id_cpu,,1
h12_n8,cold,k1,numa__id_memory,,1
h12_n8,cold,k1,nvlink__bandwidth,,0
h12_n8,cold,k1,nvlink__count_logical,,0
h12_n8,cold,k1,nvlink__count_physical,,0
h12_n8,cold,k1,nvlink__destination_ports,,0
h12_n8,cold,k1,nvlink__dev0Id,,0
h12_n8,cold,k1,nvlink__dev0type,,0
h12_n8,cold,k1,nvlink__dev1Id,,0
h12_n8,cold,k1,nvlink__dev1type,,0
h12_n8,cold,k1,nvlink__dev_display_name_all,,1
h12_n8,cold,k1,nvlink__enabled_mask,,262143
h12_n8,cold,k1,nvlink__is_direct_link,,0
h12_n8,cold,k1,nvlink__is_nvswitch_connected,,0
h12_n8,cold,k1,nvlink__max_count,,18
h12_n8,cold,k1,nvlink__peer_access,,0
h12_n8,cold,k1,nvlink__peer_atomic,,0
h12_n8,cold,k1,nvlink__source_ports,,0
h12_n8,cold,k1,nvlink__system_access,,0
h12_n8,cold,k1,nvlink__system_atomic,,0
h12_n8,cold,k1,profiler__perfworks_session_reuse,,0
h12_n8,cold,k1,profiler__replayer_bytes_mem_accessible.avg,byte,275174379
h12_n8,cold,k1,profiler__replayer_bytes_mem_accessible.max,byte,275174379
h12_n8,cold,k1,profiler__replayer_bytes_mem_accessible.min,byte,275174379
h12_n8,cold,k1,profiler__replayer_bytes_mem_accessible.sum,byte,4127615685
h12_n8,cold,k1,profiler__replayer_bytes_mem_backed_up.avg,byte,275174379
h12_n8,cold,k1,profiler__replayer_bytes_mem_backed_up.max,byte,275174379
h12_n8,cold,k1,profiler__replayer_bytes_mem_backed_up.min,byte,275174379
h12_n8,cold,k1,profiler__replayer_bytes_mem_backed_up.sum,byte,4127615685
h12_n8,cold,k1,profiler__replayer_passes,pass,15
h12_n8,cold,k1,profiler__replayer_passes_type_warmup,pass,0
h12_n8,cold,k1,sm__cycles_active.avg,cycle,70325.90
h12_n8,cold,k1,sm__cycles_active.avg.pct_of_peak_sustained_elapsed,%,89.13
h12_n8,cold,k1,sm__cycles_active.max,cycle,72741
h12_n8,cold,k1,sm__cycles_active.max.pct_of_peak_sustained_elapsed,%,92.19
h12_n8,cold,k1,sm__cycles_active.min,cycle,68510
h12_n8,cold,k1,sm__cycles_active.min.pct_of_peak_sustained_elapsed,%,86.83
h12_n8,cold,k1,sm__cycles_active.sum,cycle,10408233
h12_n8,cold,k1,sm__cycles_active.sum.pct_of_peak_sustained_elapsed,%,89.13
h12_n8,cold,k1,sm__inst_executed_pipe_adu.avg.pct_of_peak_sustained_elapsed,%,17.86
h12_n8,cold,k1,sm__inst_executed_pipe_adu.max.pct_of_peak_sustained_elapsed,%,19.39
h12_n8,cold,k1,sm__inst_executed_pipe_adu.min.pct_of_peak_sustained_elapsed,%,16.34
h12_n8,cold,k1,sm__inst_executed_pipe_adu.sum.pct_of_peak_sustained_elapsed,%,17.86
h12_n8,cold,k1,sm__inst_executed_pipe_alu.avg.pct_of_peak_sustained_elapsed,%,33.20
h12_n8,cold,k1,sm__inst_executed_pipe_alu.max.pct_of_peak_sustained_elapsed,%,35.19
h12_n8,cold,k1,sm__inst_executed_pipe_alu.min.pct_of_peak_sustained_elapsed,%,31.19
h12_n8,cold,k1,sm__inst_executed_pipe_alu.sum.pct_of_peak_sustained_elapsed,%,33.20
h12_n8,cold,k1,sm__inst_executed_pipe_fma.avg.pct_of_peak_sustained_elapsed,%,18.07
h12_n8,cold,k1,sm__inst_executed_pipe_fma.max.pct_of_peak_sustained_elapsed,%,19.15
h12_n8,cold,k1,sm__inst_executed_pipe_fma.min.pct_of_peak_sustained_elapsed,%,16.98
h12_n8,cold,k1,sm__inst_executed_pipe_fma.sum.pct_of_peak_sustained_elapsed,%,18.07
h12_n8,cold,k1,sm__inst_executed_pipe_lsu.avg.pct_of_peak_sustained_elapsed,%,33.25
h12_n8,cold,k1,sm__inst_executed_pipe_lsu.max.pct_of_peak_sustained_elapsed,%,35.24
h12_n8,cold,k1,sm__inst_executed_pipe_lsu.min.pct_of_peak_sustained_elapsed,%,31.24
h12_n8,cold,k1,sm__inst_executed_pipe_lsu.sum.pct_of_peak_sustained_elapsed,%,33.25
h12_n8,cold,k1,sm__inst_executed_pipe_xu.avg.pct_of_peak_sustained_elapsed,%,14.63
h12_n8,cold,k1,sm__inst_executed_pipe_xu.max.pct_of_peak_sustained_elapsed,%,15.50
h12_n8,cold,k1,sm__inst_executed_pipe_xu.min.pct_of_peak_sustained_elapsed,%,13.39
h12_n8,cold,k1,sm__inst_executed_pipe_xu.sum.pct_of_peak_sustained_elapsed,%,14.63
h12_n8,cold,k1,sm__issue_active.avg.pct_of_peak_sustained_elapsed,%,57.84
h12_n8,cold,k1,sm__issue_active.max.pct_of_peak_sustained_elapsed,%,61.33
h12_n8,cold,k1,sm__issue_active.min.pct_of_peak_sustained_elapsed,%,52.96
h12_n8,cold,k1,sm__issue_active.sum.pct_of_peak_sustained_elapsed,%,57.84
h12_n8,cold,k1,sm__maximum_warps_avg_per_active_cycle,warp,64
h12_n8,cold,k1,sm__maximum_warps_per_active_cycle_pct,%,100
h12_n8,cold,k1,sm__ops_path_tensor_op_hmma_src_bf16_dst_fp32.avg,,5441259.24
h12_n8,cold,k1,sm__ops_path_tensor_op_hmma_src_bf16_dst_fp32.max,,5767168
h12_n8,cold,k1,sm__ops_path_tensor_op_hmma_src_bf16_dst_fp32.min,,4980736
h12_n8,cold,k1,sm__ops_path_tensor_op_hmma_src_bf16_dst_fp32.sum,,805306368
h12_n8,cold,k1,sm__ops_path_tensor_op_hmma_src_fp16_dst_fp16.avg,,2040472.22
h12_n8,cold,k1,sm__ops_path_tensor_op_hmma_src_fp16_dst_fp16.max,,2162688
h12_n8,cold,k1,sm__ops_path_tensor_op_hmma_src_fp16_dst_fp16.min,,1867776
h12_n8,cold,k1,sm__ops_path_tensor_op_hmma_src_fp16_dst_fp16.sum,,301989888
h12_n8,cold,k1,sm__pipe_tensor_cycles_active.avg.pct_of_peak_sustained_active,%,5.19
h12_n8,cold,k1,sm__pipe_tensor_cycles_active.avg.pct_of_peak_sustained_elapsed,%,4.63
h12_n8,cold,k1,sm__pipe_tensor_cycles_active.max.pct_of_peak_sustained_active,%,5.51
h12_n8,cold,k1,sm__pipe_tensor_cycles_active.max.pct_of_peak_sustained_elapsed,%,4.91
h12_n8,cold,k1,sm__pipe_tensor_cycles_active.min.pct_of_peak_sustained_active,%,4.88
h12_n8,cold,k1,sm__pipe_tensor_cycles_active.min.pct_of_peak_sustained_elapsed,%,4.35
h12_n8,cold,k1,sm__pipe_tensor_cycles_active.sum.pct_of_peak_sustained_active,%,5.19
h12_n8,cold,k1,sm__pipe_tensor_cycles_active.sum.pct_of_peak_sustained_elapsed,%,4.63
h12_n8,cold,k1,sm__throughput.avg.pct_of_peak_sustained_elapsed,%,57.84
h12_n8,cold,k1,sm__throughput.max.pct_of_peak_sustained_elapsed,%,61.33
h12_n8,cold,k1,sm__throughput.min.pct_of_peak_sustained_elapsed,%,52.96
h12_n8,cold,k1,sm__throughput.sum.pct_of_peak_sustained_elapsed,%,57.84
h12_n8,cold,k1,sm__warps_active.avg.pct_of_peak_sustained_active,%,92.38
h12_n8,cold,k1,sm__warps_active.avg.per_cycle_active,warp,59.12
h12_n8,cold,k1,sm__warps_active.max.pct_of_peak_sustained_active,%,96.29
h12_n8,cold,k1,sm__warps_active.max.per_cycle_active,warp,61.63
h12_n8,cold,k1,sm__warps_active.min.pct_of_peak_sustained_active,%,88.63
h12_n8,cold,k1,sm__warps_active.min.per_cycle_active,warp,56.73
h12_n8,cold,k1,sm__warps_active.sum.pct_of_peak_sustained_active,%,92.38
h12_n8,cold,k1,sm__warps_active.sum.per_cycle_active,warp,8750.34
h12_n8,cold,k1,smsp__issue_active.avg.pct_of_peak_sustained_active,%,64.98
h12_n8,cold,k1,smsp__issue_active.max.pct_of_peak_sustained_active,%,68.94
h12_n8,cold,k1,smsp__issue_active.min.pct_of_peak_sustained_active,%,59.21
h12_n8,cold,k1,smsp__issue_active.sum.pct_of_peak_sustained_active,%,64.98
h12_n8,cold,k1,smsp__maximum_warps_avg_per_active_cycle,warp,16
h12_n8,cold,k1,smsp__warp_issue_stalled_barrier_per_warp_active.pct,%,39.21
h12_n8,cold,k1,smsp__warp_issue_stalled_long_scoreboard_per_warp_active.pct,%,16.61
h12_n8,cold,k1,smsp__warp_issue_stalled_math_pipe_throttle_per_warp_active.pct,%,2.45
h12_n8,cold,k1,smsp__warp_issue_stalled_membar_per_warp_active.pct,%,0
h12_n8,cold,k1,smsp__warp_issue_stalled_mio_throttle_per_warp_active.pct,%,3.42
h12_n8,cold,k1,smsp__warp_issue_stalled_not_selected_per_warp_active.pct,%,9.83
h12_n8,cold,k1,smsp__warp_issue_stalled_short_scoreboard_per_warp_active.pct,%,11.65
h12_n8,cold,k1,smsp__warp_issue_stalled_wait_per_warp_active.pct,%,7.89
h12_n8,cold,k1,smsp__warps_active.avg.peak_sustained,warp,16
h12_n8,cold,k1,smsp__warps_active.max.peak_sustained,warp,16
h12_n8,cold,k1,smsp__warps_active.min.peak_sustained,warp,16
h12_n8,cold,k1,smsp__warps_active.sum.peak_sustained,warp,9472
h12_n8,cold,k1,smsp__warps_eligible.avg.per_cycle_active,warp,2.10
h12_n8,cold,k1,smsp__warps_eligible.max.per_cycle_active,warp,2.39
h12_n8,cold,k1,smsp__warps_eligible.min.per_cycle_active,warp,1.85
h12_n8,cold,k1,smsp__warps_eligible.sum.per_cycle_active,warp,1245.06
h12_n8,cold,k2,c2clink__enabled_mask,,0
h12_n8,cold,k2,c2clink__present,,0
h12_n8,cold,k2,derived__pct_occupancy_per_barrier_count,,882
h12_n8,cold,k2,derived__pct_occupancy_per_block_size,%,1163
h12_n8,cold,k2,derived__pct_occupancy_per_register_count,%/register,3834
h12_n8,cold,k2,derived__pct_occupancy_per_shared_mem_size,%/byte,8069
h12_n8,cold,k2,device__attribute_architecture,,416
h12_n8,cold,k2,device__attribute_async_engine_count,,4
h12_n8,cold,k2,device__attribute_can_flush_remote_writes,,0
h12_n8,cold,k2,device__attribute_can_map_host_memory,,1
h12_n8,cold,k2,device__attribute_can_tex2d_gather,,1
h12_n8,cold,k2,device__attribute_can_use_64_bit_stream_mem_ops,,1
h12_n8,cold,k2,device__attribute_can_use_64_bit_stream_mem_ops_v1,,0
h12_n8,cold,k2,device__attribute_can_use_host_pointer_for_registered_mem,,1
h12_n8,cold,k2,device__attribute_can_use_stream_mem_ops_v1,,0
h12_n8,cold,k2,device__attribute_can_use_stream_wait_value_nor,,1
h12_n8,cold,k2,device__attribute_can_use_stream_wait_value_nor_v1,,0
h12_n8,cold,k2,device__attribute_chip,,419
h12_n8,cold,k2,device__attribute_clock_rate,,2032000
h12_n8,cold,k2,device__attribute_cluster_launch,,1
h12_n8,cold,k2,device__attribute_compute_capability_major,,10
h12_n8,cold,k2,device__attribute_compute_capability_minor,,3
h12_n8,cold,k2,device__attribute_compute_mode,,0
h12_n8,cold,k2,device__attribute_compute_preemption_supported,,1
h12_n8,cold,k2,device__attribute_concurrent_kernels,,1
h12_n8,cold,k2,device__attribute_concurrent_managed_access,,1
h12_n8,cold,k2,device__attribute_confidential_computing_mode,,No-CC
h12_n8,cold,k2,device__attribute_cooperative_launch,,1
h12_n8,cold,k2,device__attribute_cooperative_multi_device_launch,,1
h12_n8,cold,k2,device__attribute_deferred_mapping_cuda_array_supported,,1
h12_n8,cold,k2,device__attribute_device_index,,0
h12_n8,cold,k2,device__attribute_direct_managed_mem_access_from_host,,0
h12_n8,cold,k2,device__attribute_display_name,,NVIDIA B300 SXM6 AC
h12_n8,cold,k2,device__attribute_dma_buf_supported,,1
h12_n8,cold,k2,device__attribute_ecc_enabled,,1
h12_n8,cold,k2,device__attribute_fb_bus_width,,7680
h12_n8,cold,k2,device__attribute_fbp_count,,16
h12_n8,cold,k2,device__attribute_generic_compression_supported,,1
h12_n8,cold,k2,device__attribute_global_l1_cache_supported,,1
h12_n8,cold,k2,device__attribute_global_memory_bus_width,,7680
h12_n8,cold,k2,device__attribute_gpu_direct_rdma_flush_writes_options,,1
h12_n8,cold,k2,device__attribute_gpu_direct_rdma_supported,,1
h12_n8,cold,k2,device__attribute_gpu_direct_rdma_with_cuda_vmm_supported,,1
h12_n8,cold,k2,device__attribute_gpu_direct_rdma_writes_ordering,,100
h12_n8,cold,k2,device__attribute_gpu_overlap,,1
h12_n8,cold,k2,device__attribute_gpu_pci_device_id,,830607582
h12_n8,cold,k2,device__attribute_gpu_pci_ext_device_id,,12674
h12_n8,cold,k2,device__attribute_gpu_pci_ext_downstream_link_rate,,16000
h12_n8,cold,k2,device__attribute_gpu_pci_ext_downstream_link_width,,32
h12_n8,cold,k2,device__attribute_gpu_pci_ext_gen,,5
h12_n8,cold,k2,device__attribute_gpu_pci_ext_gpu_gen,,5
h12_n8,cold,k2,device__attribute_gpu_pci_ext_gpu_link_rate,,64000
h12_n8,cold,k2,device__attribute_gpu_pci_ext_gpu_link_width,,16
h12_n8,cold,k2,device__attribute_gpu_pci_revision_id,,161
h12_n8,cold,k2,device__attribute_gpu_pci_sub_system_id,,551948510
h12_n8,cold,k2,device__attribute_handle_type_fabric_supported,,1
h12_n8,cold,k2,device__attribute_handle_type_posix_file_descriptor_supported,,1
h12_n8,cold,k2,device__attribute_handle_type_win32_handle_supported,,0
h12_n8,cold,k2,device__attribute_handle_type_win32_kmt_handle_supported,,0
h12_n8,cold,k2,device__attribute_host_native_atomic_supported,,0
h12_n8,cold,k2,device__attribute_host_numa_id,,0
h12_n8,cold,k2,device__attribute_host_register_supported,,1
h12_n8,cold,k2,device__attribute_implementation,,419
h12_n8,cold,k2,device__attribute_integrated,,0
h12_n8,cold,k2,device__attribute_ipc_event_supported,,1
h12_n8,cold,k2,device__attribute_kernel_exec_timeout,,0
h12_n8,cold,k2,device__attribute_l2_cache_size,,132644864
h12_n8,cold,k2,device__attribute_l2s_count,,192
h12_n8,cold,k2,device__attribute_limits_max_cta_per_sm,,32
h12_n8,cold,k2,device__attribute_limits_num_tpcs,,74
h12_n8,cold,k2,device__attribute_local_l1_cache_supported,,1
h12_n8,cold,k2,device__attribute_managed_memory,,1
h12_n8,cold,k2,device__attribute_max_access_policy_window_size,,134217728
h12_n8,cold,k2,device__attribute_max_block_dim_x,,1024
h12_n8,cold,k2,device__attribute_max_block_dim_y,,1024
h12_n8,cold,k2,device__attribute_max_block_dim_z,,64
h12_n8,cold,k2,device__attribute_max_blocks_per_multiprocessor,,32
h12_n8,cold,k2,device__attribute_max_gpu_frequency_khz,,2032000
h12_n8,cold,k2,device__attribute_max_grid_dim_x,,2147483647
h12_n8,cold,k2,device__attribute_max_grid_dim_y,,65535
h12_n8,cold,k2,device__attribute_max_grid_dim_z,,65535
h12_n8,cold,k2,device__attribute_max_ipc_per_multiprocessor,,4
h12_n8,cold,k2,device__attribute_max_ipc_per_scheduler,,1
h12_n8,cold,k2,device__attribute_max_mem_frequency_khz,,3996000
h12_n8,cold,k2,device__attribute_max_persisting_l2_cache_size,,82903040
h12_n8,cold,k2,device__attribute_max_pitch,,2147483647
h12_n8,cold,k2,device__attribute_max_registers_per_block,,65536
h12_n8,cold,k2,device__attribute_max_registers_per_multiprocessor,,65536
h12_n8,cold,k2,device__attribute_max_registers_per_thread,,255
h12_n8,cold,k2,device__attribute_max_shared_memory_per_block,,49152
h12_n8,cold,k2,device__attribute_max_shared_memory_per_block_optin,,232448
h12_n8,cold,k2,device__attribute_max_shared_memory_per_multiprocessor,,233472
h12_n8,cold,k2,device__attribute_max_threads_per_block,,1024
h12_n8,cold,k2,device__attribute_max_threads_per_multiprocessor,,2048
h12_n8,cold,k2,device__attribute_max_warps_per_multiprocessor,,64
h12_n8,cold,k2,device__attribute_max_warps_per_scheduler,,16
h12_n8,cold,k2,device__attribute_maximum_surface1d_layered_layers,,2048
h12_n8,cold,k2,device__attribute_maximum_surface1d_layered_width,,32768
h12_n8,cold,k2,device__attribute_maximum_surface1d_width,,32768
h12_n8,cold,k2,device__attribute_maximum_surface2d_height,,65536
h12_n8,cold,k2,device__attribute_maximum_surface2d_layered_height,,32768
h12_n8,cold,k2,device__attribute_maximum_surface2d_layered_layers,,2048
h12_n8,cold,k2,device__attribute_maximum_surface2d_layered_width,,32768
h12_n8,cold,k2,device__attribute_maximum_surface2d_width,,131072
h12_n8,cold,k2,device__attribute_maximum_surface3d_depth,,16384
h12_n8,cold,k2,device__attribute_maximum_surface3d_height,,16384
h12_n8,cold,k2,device__attribute_maximum_surface3d_width,,16384
h12_n8,cold,k2,device__attribute_maximum_surfacecubemap_layered_layers,,2046
h12_n8,cold,k2,device__attribute_maximum_surfacecubemap_layered_width,,32768
h12_n8,cold,k2,device__attribute_maximum_surfacecubemap_width,,32768
h12_n8,cold,k2,device__attribute_maximum_texture1d_layered_layers,,2048
h12_n8,cold,k2,device__attribute_maximum_texture1d_layered_width,,32768
h12_n8,cold,k2,device__attribute_maximum_texture1d_linear_width,,268435456
h12_n8,cold,k2,device__attribute_maximum_texture1d_mipmapped_width,,32768
h12_n8,cold,k2,device__attribute_maximum_texture1d_width,,131072
h12_n8,cold,k2,device__attribute_maximum_texture2d_gather_height,,32768
h12_n8,cold,k2,device__attribute_maximum_texture2d_gather_width,,32768
h12_n8,cold,k2,device__attribute_maximum_texture2d_height,,65536
h12_n8,cold,k2,device__attribute_maximum_texture2d_layered_height,,32768
h12_n8,cold,k2,device__attribute_maximum_texture2d_layered_layers,,2048
h12_n8,cold,k2,device__attribute_maximum_texture2d_layered_width,,32768
h12_n8,cold,k2,device__attribute_maximum_texture2d_linear_height,,65000
h12_n8,cold,k2,device__attribute_maximum_texture2d_linear_pitch,,2097120
h12_n8,cold,k2,device__attribute_maximum_texture2d_linear_width,,131072
h12_n8,cold,k2,device__attribute_maximum_texture2d_mipmapped_height,,32768
h12_n8,cold,k2,device__attribute_maximum_texture2d_mipmapped_width,,32768
h12_n8,cold,k2,device__attribute_maximum_texture2d_width,,131072
h12_n8,cold,k2,device__attribute_maximum_texture3d_depth,,16384
h12_n8,cold,k2,device__attribute_maximum_texture3d_depth_alternate,,32768
h12_n8,cold,k2,device__attribute_maximum_texture3d_height,,16384
h12_n8,cold,k2,device__attribute_maximum_texture3d_height_alternate,,8192
h12_n8,cold,k2,device__attribute_maximum_texture3d_width,,16384
h12_n8,cold,k2,device__attribute_maximum_texture3d_width_alternate,,8192
h12_n8,cold,k2,device__attribute_maximum_texturecubemap_layered_layers,,2046
h12_n8,cold,k2,device__attribute_maximum_texturecubemap_layered_width,,32768
h12_n8,cold,k2,device__attribute_maximum_texturecubemap_width,,32768
h12_n8,cold,k2,device__attribute_mem_sync_domain_count,,4
h12_n8,cold,k2,device__attribute_memory_clock_rate,,3996000
h12_n8,cold,k2,device__attribute_memory_pools_supported,,1
h12_n8,cold,k2,device__attribute_mempool_supported_handle_types,,9
h12_n8,cold,k2,device__attribute_mps_enabled,,0
h12_n8,cold,k2,device__attribute_multi_gpu_board,,0
h12_n8,cold,k2,device__attribute_multi_gpu_board_group_id,,0
h12_n8,cold,k2,device__attribute_multicast_supported,,1
h12_n8,cold,k2,device__attribute_multiprocessor_count,,148
h12_n8,cold,k2,device__attribute_num_l2s_per_fbp,,12
h12_n8,cold,k2,device__attribute_num_schedulers_per_multiprocessor,,4
h12_n8,cold,k2,device__attribute_num_tex_per_multiprocessor,,1
h12_n8,cold,k2,device__attribute_numa_config,,0
h12_n8,cold,k2,device__attribute_pageable_memory_access,,1
h12_n8,cold,k2,device__attribute_pageable_memory_access_uses_host_page_tables,,0
h12_n8,cold,k2,device__attribute_pci_bus_id,,12
h12_n8,cold,k2,device__attribute_pci_device_id,,0
h12_n8,cold,k2,device__attribute_pci_domain_id,,0
h12_n8,cold,k2,device__attribute_ram_location,,1
h12_n8,cold,k2,device__attribute_ram_type,,0
h12_n8,cold,k2,device__attribute_reserved_shared_memory_per_block,,1024
h12_n8,cold,k2,device__attribute_sass_level,,10
h12_n8,cold,k2,device__attribute_single_to_double_precision_perf_ratio,,64
h12_n8,cold,k2,device__attribute_sparse_cuda_array_supported,,1
h12_n8,cold,k2,device__attribute_stream_priorities_supported,,1
h12_n8,cold,k2,device__attribute_surface_alignment,,512
h12_n8,cold,k2,device__attribute_tcc_driver,,0
h12_n8,cold,k2,device__attribute_tensor_map_access_supported,,1
h12_n8,cold,k2,device__attribute_texture_alignment,,512
h12_n8,cold,k2,device__attribute_texture_pitch_alignment,,32
h12_n8,cold,k2,device__attribute_total_constant_memory,,65536
h12_n8,cold,k2,device__attribute_total_memory,,287428640768
h12_n8,cold,k2,device__attribute_unified_addressing,,1
h12_n8,cold,k2,device__attribute_unified_function_pointers,,1
h12_n8,cold,k2,device__attribute_virtual_address_management_supported,,1
h12_n8,cold,k2,device__attribute_warp_size,,32
h12_n8,cold,k2,dram__bytes_read.avg,byte,1773416
h12_n8,cold,k2,dram__bytes_read.max,byte,1894656
h12_n8,cold,k2,dram__bytes_read.min,byte,946176
h12_n8,cold,k2,dram__bytes_read.sum,byte,113498624
h12_n8,cold,k2,dram__bytes_write.avg,byte,174420
h12_n8,cold,k2,dram__bytes_write.max,byte,200704
h12_n8,cold,k2,dram__bytes_write.min,byte,64000
h12_n8,cold,k2,dram__bytes_write.sum,byte,11162880
h12_n8,cold,k2,dram__throughput.avg.pct_of_peak_sustained_elapsed,%,16.13
h12_n8,cold,k2,dram__throughput.max.pct_of_peak_sustained_elapsed,%,16.27
h12_n8,cold,k2,dram__throughput.min.pct_of_peak_sustained_elapsed,%,15.69
h12_n8,cold,k2,dram__throughput.sum.pct_of_peak_sustained_elapsed,%,16.13
h12_n8,cold,k2,gpc__cycles_elapsed.avg.per_second,hz,1907143140.68
h12_n8,cold,k2,gpc__cycles_elapsed.max.per_second,hz,1911549301.37
h12_n8,cold,k2,gpc__cycles_elapsed.min.per_second,hz,1901992696.09
h12_n8,cold,k2,gpc__cycles_elapsed.sum.per_second,hz,15257145125.44
h12_n8,cold,k2,gpu__time_duration.avg,ns,100768
h12_n8,cold,k2,gpu__time_duration.max,ns,100768
h12_n8,cold,k2,gpu__time_duration.min,ns,100768
h12_n8,cold,k2,gpu__time_duration.sum,ns,100768
h12_n8,cold,k2,gr__workids_granted.avg,,0
h12_n8,cold,k2,gr__workids_granted.max,,0
h12_n8,cold,k2,gr__workids_granted.min,,0
h12_n8,cold,k2,gr__workids_granted.sum,,0
h12_n8,cold,k2,gr__workids_granted_as_ctas.avg,block,0
h12_n8,cold,k2,gr__workids_granted_as_ctas.max,block,0
h12_n8,cold,k2,gr__workids_granted_as_ctas.min,block,0
h12_n8,cold,k2,gr__workids_granted_as_ctas.sum,block,0
h12_n8,cold,k2,gr__workids_requested.avg,,0
h12_n8,cold,k2,gr__workids_requested.max,,0
h12_n8,cold,k2,gr__workids_requested.min,,0
h12_n8,cold,k2,gr__workids_requested.sum,,0
h12_n8,cold,k2,l1tex__data_bank_conflicts_pipe_lsu_mem_shared_op_ld.avg,,2360.86
h12_n8,cold,k2,l1tex__data_bank_conflicts_pipe_lsu_mem_shared_op_ld.max,,4236
h12_n8,cold,k2,l1tex__data_bank_conflicts_pipe_lsu_mem_shared_op_ld.min,,0
h12_n8,cold,k2,l1tex__data_bank_conflicts_pipe_lsu_mem_shared_op_ld.sum,,349407
h12_n8,cold,k2,l1tex__data_bank_conflicts_pipe_lsu_mem_shared_op_st.avg,,8402.92
h12_n8,cold,k2,l1tex__data_bank_conflicts_pipe_lsu_mem_shared_op_st.max,,13787
h12_n8,cold,k2,l1tex__data_bank_conflicts_pipe_lsu_mem_shared_op_st.min,,0
h12_n8,cold,k2,l1tex__data_bank_conflicts_pipe_lsu_mem_shared_op_st.sum,,1243632
h12_n8,cold,k2,l1tex__throughput.avg.pct_of_peak_sustained_elapsed,%,35.91
h12_n8,cold,k2,l1tex__throughput.max.pct_of_peak_sustained_elapsed,%,55.82
h12_n8,cold,k2,l1tex__throughput.min.pct_of_peak_sustained_elapsed,%,0.00
h12_n8,cold,k2,l1tex__throughput.sum.pct_of_peak_sustained_elapsed,%,35.91
h12_n8,cold,k2,launch__barrier_count,,9
h12_n8,cold,k2,launch__block_dim_x,block,192
h12_n8,cold,k2,launch__block_dim_y,block,1
h12_n8,cold,k2,launch__block_dim_z,block,1
h12_n8,cold,k2,launch__block_size,,192
h12_n8,cold,k2,launch__cluster_dim_x,,0
h12_n8,cold,k2,launch__cluster_dim_y,,0
h12_n8,cold,k2,launch__cluster_dim_z,,0
h12_n8,cold,k2,launch__cluster_max_active,cluster,0
h12_n8,cold,k2,launch__cluster_max_potential_size,block,8
h12_n8,cold,k2,launch__cluster_scheduling_policy,,PolicySpread
h12_n8,cold,k2,launch__cluster_size,,0
h12_n8,cold,k2,launch__context_id,,1
h12_n8,cold,k2,launch__device_id,,0
h12_n8,cold,k2,launch__func_cache_config,,CachePreferNone
h12_n8,cold,k2,launch__function_pcs,,1
h12_n8,cold,k2,launch__grid_dim_x,,8
h12_n8,cold,k2,launch__grid_dim_y,,12
h12_n8,cold,k2,launch__grid_dim_z,,1
h12_n8,cold,k2,launch__grid_size,,96
h12_n8,cold,k2,launch__occupancy_cluster_gpu_pct,%,0
h12_n8,cold,k2,launch__occupancy_cluster_pct,%,0
h12_n8,cold,k2,launch__occupancy_limit_barriers,block,7
h12_n8,cold,k2,launch__occupancy_limit_blocks,block,32
h12_n8,cold,k2,launch__occupancy_limit_registers,block,4
h12_n8,cold,k2,launch__occupancy_limit_shared_mem,block,2
h12_n8,cold,k2,launch__occupancy_limit_warps,block,10
h12_n8,cold,k2,launch__occupancy_per_barrier_count,,588
h12_n8,cold,k2,launch__occupancy_per_block_size,,758
h12_n8,cold,k2,launch__occupancy_per_cluster_size,,0
h12_n8,cold,k2,launch__occupancy_per_register_count,,2556
h12_n8,cold,k2,launch__occupancy_per_shared_mem_size,,5292
h12_n8,cold,k2,launch__persisting_l2_cache_size,byte,24870912
h12_n8,cold,k2,launch__preferred_cluster_dim_x,,0
h12_n8,cold,k2,launch__preferred_cluster_dim_y,,0
h12_n8,cold,k2,launch__preferred_cluster_dim_z,,0
h12_n8,cold,k2,launch__preferred_cluster_size,,0
h12_n8,cold,k2,launch__registers_per_thread,register/thread,73
h12_n8,cold,k2,launch__registers_per_thread_allocated,register/thread,80
h12_n8,cold,k2,launch__shared_mem_config_size,byte,200704
h12_n8,cold,k2,launch__shared_mem_per_block,byte/block,99456
h12_n8,cold,k2,launch__shared_mem_per_block_allocated,byte/block,99456
h12_n8,cold,k2,launch__shared_mem_per_block_driver,byte/block,1024
h12_n8,cold,k2,launch__shared_mem_per_block_dynamic,byte/block,98432
h12_n8,cold,k2,launch__shared_mem_per_block_static,byte/block,0
h12_n8,cold,k2,launch__sm_count,SM,148
h12_n8,cold,k2,launch__stack_size,,1024
h12_n8,cold,k2,launch__stream_id,,7
h12_n8,cold,k2,launch__thread_count,thread,18432
h12_n8,cold,k2,launch__tpc_count,,74
h12_n8,cold,k2,launch__tpc_enabled,,all
h12_n8,cold,k2,launch__uses_cdp,,0
h12_n8,cold,k2,launch__uses_green_context,,0
h12_n8,cold,k2,launch__uses_mps,,0
h12_n8,cold,k2,launch__uses_nvlink_centric_scheduling,,0
h12_n8,cold,k2,launch__uses_vgpu,,0
h12_n8,cold,k2,launch__waves_per_multiprocessor,,0.32
h12_n8,cold,k2,lts__t_sector_hit_rate.pct,%,53.18
h12_n8,cold,k2,lts__t_sectors.avg,sector,71880.84
h12_n8,cold,k2,lts__t_sectors.max,sector,78061
h12_n8,cold,k2,lts__t_sectors.min,sector,34541
h12_n8,cold,k2,lts__t_sectors.sum,sector,13226074
h12_n8,cold,k2,lts__throughput.avg.pct_of_peak_sustained_elapsed,%,25.86
h12_n8,cold,k2,lts__throughput.max.pct_of_peak_sustained_elapsed,%,28.32
h12_n8,cold,k2,lts__throughput.min.pct_of_peak_sustained_elapsed,%,12.10
h12_n8,cold,k2,lts__throughput.sum.pct_of_peak_sustained_elapsed,%,25.86
h12_n8,cold,k2,numa__cpu_affinity,,1
h12_n8,cold,k2,numa__dev_display_name_all,,1
h12_n8,cold,k2,numa__id_cpu,,1
h12_n8,cold,k2,numa__id_memory,,1
h12_n8,cold,k2,nvlink__bandwidth,,0
h12_n8,cold,k2,nvlink__count_logical,,0
h12_n8,cold,k2,nvlink__count_physical,,0
h12_n8,cold,k2,nvlink__destination_ports,,0
h12_n8,cold,k2,nvlink__dev0Id,,0
h12_n8,cold,k2,nvlink__dev0type,,0
h12_n8,cold,k2,nvlink__dev1Id,,0
h12_n8,cold,k2,nvlink__dev1type,,0
h12_n8,cold,k2,nvlink__dev_display_name_all,,1
h12_n8,cold,k2,nvlink__enabled_mask,,262143
h12_n8,cold,k2,nvlink__is_direct_link,,0
h12_n8,cold,k2,nvlink__is_nvswitch_connected,,0
h12_n8,cold,k2,nvlink__max_count,,18
h12_n8,cold,k2,nvlink__peer_access,,0
h12_n8,cold,k2,nvlink__peer_atomic,,0
h12_n8,cold,k2,nvlink__source_ports,,0
h12_n8,cold,k2,nvlink__system_access,,0
h12_n8,cold,k2,nvlink__system_atomic,,0
h12_n8,cold,k2,profiler__perfworks_session_reuse,,0
h12_n8,cold,k2,profiler__replayer_bytes_mem_accessible.avg,byte,275174379
h12_n8,cold,k2,profiler__replayer_bytes_mem_accessible.max,byte,275174379
h12_n8,cold,k2,profiler__replayer_bytes_mem_accessible.min,byte,275174379
h12_n8,cold,k2,profiler__replayer_bytes_mem_accessible.sum,byte,4127615685
h12_n8,cold,k2,profiler__replayer_bytes_mem_backed_up.avg,byte,275174379
h12_n8,cold,k2,profiler__replayer_bytes_mem_backed_up.max,byte,275174379
h12_n8,cold,k2,profiler__replayer_bytes_mem_backed_up.min,byte,275174379
h12_n8,cold,k2,profiler__replayer_bytes_mem_backed_up.sum,byte,4127615685
h12_n8,cold,k2,profiler__replayer_passes,pass,15
h12_n8,cold,k2,profiler__replayer_passes_type_warmup,pass,0
h12_n8,cold,k2,sm__cycles_active.avg,cycle,118955.26
h12_n8,cold,k2,sm__cycles_active.avg.pct_of_peak_sustained_elapsed,%,61.90
h12_n8,cold,k2,sm__cycles_active.max,cycle,185294
h12_n8,cold,k2,sm__cycles_active.max.pct_of_peak_sustained_elapsed,%,96.42
h12_n8,cold,k2,sm__cycles_active.min,cycle,0
h12_n8,cold,k2,sm__cycles_active.min.pct_of_peak_sustained_elapsed,%,0
h12_n8,cold,k2,sm__cycles_active.sum,cycle,17605379
h12_n8,cold,k2,sm__cycles_active.sum.pct_of_peak_sustained_elapsed,%,61.90
h12_n8,cold,k2,sm__inst_executed_pipe_adu.avg.pct_of_peak_sustained_elapsed,%,2.06
h12_n8,cold,k2,sm__inst_executed_pipe_adu.max.pct_of_peak_sustained_elapsed,%,3.25
h12_n8,cold,k2,sm__inst_executed_pipe_adu.min.pct_of_peak_sustained_elapsed,%,0
h12_n8,cold,k2,sm__inst_executed_pipe_adu.sum.pct_of_peak_sustained_elapsed,%,2.06
h12_n8,cold,k2,sm__inst_executed_pipe_alu.avg.pct_of_peak_sustained_elapsed,%,12.65
h12_n8,cold,k2,sm__inst_executed_pipe_alu.max.pct_of_peak_sustained_elapsed,%,19.50
h12_n8,cold,k2,sm__inst_executed_pipe_alu.min.pct_of_peak_sustained_elapsed,%,0
h12_n8,cold,k2,sm__inst_executed_pipe_alu.sum.pct_of_peak_sustained_elapsed,%,12.65
h12_n8,cold,k2,sm__inst_executed_pipe_fma.avg.pct_of_peak_sustained_elapsed,%,5.28
h12_n8,cold,k2,sm__inst_executed_pipe_fma.max.pct_of_peak_sustained_elapsed,%,8.14
h12_n8,cold,k2,sm__inst_executed_pipe_fma.min.pct_of_peak_sustained_elapsed,%,0
h12_n8,cold,k2,sm__inst_executed_pipe_fma.sum.pct_of_peak_sustained_elapsed,%,5.28
h12_n8,cold,k2,sm__inst_executed_pipe_lsu.avg.pct_of_peak_sustained_elapsed,%,9.95
h12_n8,cold,k2,sm__inst_executed_pipe_lsu.max.pct_of_peak_sustained_elapsed,%,15.34
h12_n8,cold,k2,sm__inst_executed_pipe_lsu.min.pct_of_peak_sustained_elapsed,%,0
h12_n8,cold,k2,sm__inst_executed_pipe_lsu.sum.pct_of_peak_sustained_elapsed,%,9.95
h12_n8,cold,k2,sm__inst_executed_pipe_xu.avg.pct_of_peak_sustained_elapsed,%,0.18
h12_n8,cold,k2,sm__inst_executed_pipe_xu.max.pct_of_peak_sustained_elapsed,%,0.28
h12_n8,cold,k2,sm__inst_executed_pipe_xu.min.pct_of_peak_sustained_elapsed,%,0
h12_n8,cold,k2,sm__inst_executed_pipe_xu.sum.pct_of_peak_sustained_elapsed,%,0.18
h12_n8,cold,k2,sm__issue_active.avg.pct_of_peak_sustained_elapsed,%,19.18
h12_n8,cold,k2,sm__issue_active.max.pct_of_peak_sustained_elapsed,%,29.59
h12_n8,cold,k2,sm__issue_active.min.pct_of_peak_sustained_elapsed,%,0
h12_n8,cold,k2,sm__issue_active.sum.pct_of_peak_sustained_elapsed,%,19.18
h12_n8,cold,k2,sm__maximum_warps_avg_per_active_cycle,warp,12
h12_n8,cold,k2,sm__maximum_warps_per_active_cycle_pct,%,18.75
h12_n8,cold,k2,sm__ops_path_tensor_op_hmma_src_bf16_dst_fp32.avg,,70736370.16
h12_n8,cold,k2,sm__ops_path_tensor_op_hmma_src_bf16_dst_fp32.max,,109051904
h12_n8,cold,k2,sm__ops_path_tensor_op_hmma_src_bf16_dst_fp32.min,,0
h12_n8,cold,k2,sm__ops_path_tensor_op_hmma_src_bf16_dst_fp32.sum,,10468982784
h12_n8,cold,k2,sm__ops_path_tensor_op_hmma_src_fp16_dst_fp16.avg,,0
h12_n8,cold,k2,sm__ops_path_tensor_op_hmma_src_fp16_dst_fp16.max,,0
h12_n8,cold,k2,sm__ops_path_tensor_op_hmma_src_fp16_dst_fp16.min,,0
h12_n8,cold,k2,sm__ops_path_tensor_op_hmma_src_fp16_dst_fp16.sum,,0
h12_n8,cold,k2,sm__pipe_tensor_cycles_active.avg.pct_of_peak_sustained_active,%,29.04
h12_n8,cold,k2,sm__pipe_tensor_cycles_active.avg.pct_of_peak_sustained_elapsed,%,17.97
h12_n8,cold,k2,sm__pipe_tensor_cycles_active.max.pct_of_peak_sustained_active,%,44.76
h12_n8,cold,k2,sm__pipe_tensor_cycles_active.max.pct_of_peak_sustained_elapsed,%,27.71
h12_n8,cold,k2,sm__pipe_tensor_cycles_active.min.pct_of_peak_sustained_active,%,0
h12_n8,cold,k2,sm__pipe_tensor_cycles_active.min.pct_of_peak_sustained_elapsed,%,0
h12_n8,cold,k2,sm__pipe_tensor_cycles_active.sum.pct_of_peak_sustained_active,%,29.04
h12_n8,cold,k2,sm__pipe_tensor_cycles_active.sum.pct_of_peak_sustained_elapsed,%,17.97
h12_n8,cold,k2,sm__throughput.avg.pct_of_peak_sustained_elapsed,%,19.18
h12_n8,cold,k2,sm__throughput.max.pct_of_peak_sustained_elapsed,%,29.59
h12_n8,cold,k2,sm__throughput.min.pct_of_peak_sustained_elapsed,%,0
h12_n8,cold,k2,sm__throughput.sum.pct_of_peak_sustained_elapsed,%,19.18
h12_n8,cold,k2,sm__warps_active.avg.pct_of_peak_sustained_active,%,9.33
h12_n8,cold,k2,sm__warps_active.avg.per_cycle_active,warp,5.97
h12_n8,cold,k2,sm__warps_active.max.pct_of_peak_sustained_active,%,14.53
h12_n8,cold,k2,sm__warps_active.max.per_cycle_active,warp,9.30
h12_n8,cold,k2,sm__warps_active.min.pct_of_peak_sustained_active,%,0
h12_n8,cold,k2,sm__warps_active.min.per_cycle_active,warp,0
h12_n8,cold,k2,sm__warps_active.sum.pct_of_peak_sustained_active,%,9.33
h12_n8,cold,k2,sm__warps_active.sum.per_cycle_active,warp,883.79
h12_n8,cold,k2,smsp__issue_active.avg.pct_of_peak_sustained_active,%,31.13
h12_n8,cold,k2,smsp__issue_active.max.pct_of_peak_sustained_active,%,64.03
h12_n8,cold,k2,smsp__issue_active.min.pct_of_peak_sustained_active,%,0
h12_n8,cold,k2,smsp__issue_active.sum.pct_of_peak_sustained_active,%,31.13
h12_n8,cold,k2,smsp__maximum_warps_avg_per_active_cycle,warp,3
h12_n8,cold,k2,smsp__warp_issue_stalled_barrier_per_warp_active.pct,%,3.75
h12_n8,cold,k2,smsp__warp_issue_stalled_long_scoreboard_per_warp_active.pct,%,10.15
h12_n8,cold,k2,smsp__warp_issue_stalled_math_pipe_throttle_per_warp_active.pct,%,0.11
h12_n8,cold,k2,smsp__warp_issue_stalled_membar_per_warp_active.pct,%,0
h12_n8,cold,k2,smsp__warp_issue_stalled_mio_throttle_per_warp_active.pct,%,2.69
h12_n8,cold,k2,smsp__warp_issue_stalled_not_selected_per_warp_active.pct,%,1.02
h12_n8,cold,k2,smsp__warp_issue_stalled_short_scoreboard_per_warp_active.pct,%,15.82
h12_n8,cold,k2,smsp__warp_issue_stalled_wait_per_warp_active.pct,%,23.02
h12_n8,cold,k2,smsp__warps_active.avg.peak_sustained,warp,16
h12_n8,cold,k2,smsp__warps_active.max.peak_sustained,warp,16
h12_n8,cold,k2,smsp__warps_active.min.peak_sustained,warp,16
h12_n8,cold,k2,smsp__warps_active.sum.peak_sustained,warp,9472
h12_n8,cold,k2,smsp__warps_eligible.avg.per_cycle_active,warp,0.33
h12_n8,cold,k2,smsp__warps_eligible.max.per_cycle_active,warp,0.72
h12_n8,cold,k2,smsp__warps_eligible.min.per_cycle_active,warp,0
h12_n8,cold,k2,smsp__warps_eligible.sum.per_cycle_active,warp,193.29
h12_n8,warm,k1,c2clink__enabled_mask,,0
h12_n8,warm,k1,c2clink__present,,0
h12_n8,warm,k1,derived__pct_occupancy_per_barrier_count,,2230
h12_n8,warm,k1,derived__pct_occupancy_per_block_size,%,5190
h12_n8,warm,k1,derived__pct_occupancy_per_register_count,%/register,8524
h12_n8,warm,k1,derived__pct_occupancy_per_shared_mem_size,%/byte,14020
h12_n8,warm,k1,device__attribute_architecture,,416
h12_n8,warm,k1,device__attribute_async_engine_count,,4
h12_n8,warm,k1,device__attribute_can_flush_remote_writes,,0
h12_n8,warm,k1,device__attribute_can_map_host_memory,,1
h12_n8,warm,k1,device__attribute_can_tex2d_gather,,1
h12_n8,warm,k1,device__attribute_can_use_64_bit_stream_mem_ops,,1
h12_n8,warm,k1,device__attribute_can_use_64_bit_stream_mem_ops_v1,,0
h12_n8,warm,k1,device__attribute_can_use_host_pointer_for_registered_mem,,1
h12_n8,warm,k1,device__attribute_can_use_stream_mem_ops_v1,,0
h12_n8,warm,k1,device__attribute_can_use_stream_wait_value_nor,,1
h12_n8,warm,k1,device__attribute_can_use_stream_wait_value_nor_v1,,0
h12_n8,warm,k1,device__attribute_chip,,419
h12_n8,warm,k1,device__attribute_clock_rate,,2032000
h12_n8,warm,k1,device__attribute_cluster_launch,,1
h12_n8,warm,k1,device__attribute_compute_capability_major,,10
h12_n8,warm,k1,device__attribute_compute_capability_minor,,3
h12_n8,warm,k1,device__attribute_compute_mode,,0
h12_n8,warm,k1,device__attribute_compute_preemption_supported,,1
h12_n8,warm,k1,device__attribute_concurrent_kernels,,1
h12_n8,warm,k1,device__attribute_concurrent_managed_access,,1
h12_n8,warm,k1,device__attribute_confidential_computing_mode,,No-CC
h12_n8,warm,k1,device__attribute_cooperative_launch,,1
h12_n8,warm,k1,device__attribute_cooperative_multi_device_launch,,1
h12_n8,warm,k1,device__attribute_deferred_mapping_cuda_array_supported,,1
h12_n8,warm,k1,device__attribute_device_index,,0
h12_n8,warm,k1,device__attribute_direct_managed_mem_access_from_host,,0
h12_n8,warm,k1,device__attribute_display_name,,NVIDIA B300 SXM6 AC
h12_n8,warm,k1,device__attribute_dma_buf_supported,,1
h12_n8,warm,k1,device__attribute_ecc_enabled,,1
h12_n8,warm,k1,device__attribute_fb_bus_width,,7680
h12_n8,warm,k1,device__attribute_fbp_count,,16
h12_n8,warm,k1,device__attribute_generic_compression_supported,,1
h12_n8,warm,k1,device__attribute_global_l1_cache_supported,,1
h12_n8,warm,k1,device__attribute_global_memory_bus_width,,7680
h12_n8,warm,k1,device__attribute_gpu_direct_rdma_flush_writes_options,,1
h12_n8,warm,k1,device__attribute_gpu_direct_rdma_supported,,1
h12_n8,warm,k1,device__attribute_gpu_direct_rdma_with_cuda_vmm_supported,,1
h12_n8,warm,k1,device__attribute_gpu_direct_rdma_writes_ordering,,100
h12_n8,warm,k1,device__attribute_gpu_overlap,,1
h12_n8,warm,k1,device__attribute_gpu_pci_device_id,,830607582
h12_n8,warm,k1,device__attribute_gpu_pci_ext_device_id,,12674
h12_n8,warm,k1,device__attribute_gpu_pci_ext_downstream_link_rate,,16000
h12_n8,warm,k1,device__attribute_gpu_pci_ext_downstream_link_width,,32
h12_n8,warm,k1,device__attribute_gpu_pci_ext_gen,,5
h12_n8,warm,k1,device__attribute_gpu_pci_ext_gpu_gen,,5
h12_n8,warm,k1,device__attribute_gpu_pci_ext_gpu_link_rate,,64000
h12_n8,warm,k1,device__attribute_gpu_pci_ext_gpu_link_width,,16
h12_n8,warm,k1,device__attribute_gpu_pci_revision_id,,161
h12_n8,warm,k1,device__attribute_gpu_pci_sub_system_id,,551948510
h12_n8,warm,k1,device__attribute_handle_type_fabric_supported,,1
h12_n8,warm,k1,device__attribute_handle_type_posix_file_descriptor_supported,,1
h12_n8,warm,k1,device__attribute_handle_type_win32_handle_supported,,0
h12_n8,warm,k1,device__attribute_handle_type_win32_kmt_handle_supported,,0
h12_n8,warm,k1,device__attribute_host_native_atomic_supported,,0
h12_n8,warm,k1,device__attribute_host_numa_id,,0
h12_n8,warm,k1,device__attribute_host_register_supported,,1
h12_n8,warm,k1,device__attribute_implementation,,419
h12_n8,warm,k1,device__attribute_integrated,,0
h12_n8,warm,k1,device__attribute_ipc_event_supported,,1
h12_n8,warm,k1,device__attribute_kernel_exec_timeout,,0
h12_n8,warm,k1,device__attribute_l2_cache_size,,132644864
h12_n8,warm,k1,device__attribute_l2s_count,,192
h12_n8,warm,k1,device__attribute_limits_max_cta_per_sm,,32
h12_n8,warm,k1,device__attribute_limits_num_tpcs,,74
h12_n8,warm,k1,device__attribute_local_l1_cache_supported,,1
h12_n8,warm,k1,device__attribute_managed_memory,,1
h12_n8,warm,k1,device__attribute_max_access_policy_window_size,,134217728
h12_n8,warm,k1,device__attribute_max_block_dim_x,,1024
h12_n8,warm,k1,device__attribute_max_block_dim_y,,1024
h12_n8,warm,k1,device__attribute_max_block_dim_z,,64
h12_n8,warm,k1,device__attribute_max_blocks_per_multiprocessor,,32
h12_n8,warm,k1,device__attribute_max_gpu_frequency_khz,,2032000
h12_n8,warm,k1,device__attribute_max_grid_dim_x,,2147483647
h12_n8,warm,k1,device__attribute_max_grid_dim_y,,65535
h12_n8,warm,k1,device__attribute_max_grid_dim_z,,65535
h12_n8,warm,k1,device__attribute_max_ipc_per_multiprocessor,,4
h12_n8,warm,k1,device__attribute_max_ipc_per_scheduler,,1
h12_n8,warm,k1,device__attribute_max_mem_frequency_khz,,3996000
h12_n8,warm,k1,device__attribute_max_persisting_l2_cache_size,,82903040
h12_n8,warm,k1,device__attribute_max_pitch,,2147483647
h12_n8,warm,k1,device__attribute_max_registers_per_block,,65536
h12_n8,warm,k1,device__attribute_max_registers_per_multiprocessor,,65536
h12_n8,warm,k1,device__attribute_max_registers_per_thread,,255
h12_n8,warm,k1,device__attribute_max_shared_memory_per_block,,49152
h12_n8,warm,k1,device__attribute_max_shared_memory_per_block_optin,,232448
h12_n8,warm,k1,device__attribute_max_shared_memory_per_multiprocessor,,233472
h12_n8,warm,k1,device__attribute_max_threads_per_block,,1024
h12_n8,warm,k1,device__attribute_max_threads_per_multiprocessor,,2048
h12_n8,warm,k1,device__attribute_max_warps_per_multiprocessor,,64
h12_n8,warm,k1,device__attribute_max_warps_per_scheduler,,16
h12_n8,warm,k1,device__attribute_maximum_surface1d_layered_layers,,2048
h12_n8,warm,k1,device__attribute_maximum_surface1d_layered_width,,32768
h12_n8,warm,k1,device__attribute_maximum_surface1d_width,,32768
h12_n8,warm,k1,device__attribute_maximum_surface2d_height,,65536
h12_n8,warm,k1,device__attribute_maximum_surface2d_layered_height,,32768
h12_n8,warm,k1,device__attribute_maximum_surface2d_layered_layers,,2048
h12_n8,warm,k1,device__attribute_maximum_surface2d_layered_width,,32768
h12_n8,warm,k1,device__attribute_maximum_surface2d_width,,131072
h12_n8,warm,k1,device__attribute_maximum_surface3d_depth,,16384
h12_n8,warm,k1,device__attribute_maximum_surface3d_height,,16384
h12_n8,warm,k1,device__attribute_maximum_surface3d_width,,16384
h12_n8,warm,k1,device__attribute_maximum_surfacecubemap_layered_layers,,2046
h12_n8,warm,k1,device__attribute_maximum_surfacecubemap_layered_width,,32768
h12_n8,warm,k1,device__attribute_maximum_surfacecubemap_width,,32768
h12_n8,warm,k1,device__attribute_maximum_texture1d_layered_layers,,2048
h12_n8,warm,k1,device__attribute_maximum_texture1d_layered_width,,32768
h12_n8,warm,k1,device__attribute_maximum_texture1d_linear_width,,268435456
h12_n8,warm,k1,device__attribute_maximum_texture1d_mipmapped_width,,32768
h12_n8,warm,k1,device__attribute_maximum_texture1d_width,,131072
h12_n8,warm,k1,device__attribute_maximum_texture2d_gather_height,,32768
h12_n8,warm,k1,device__attribute_maximum_texture2d_gather_width,,32768
h12_n8,warm,k1,device__attribute_maximum_texture2d_height,,65536
h12_n8,warm,k1,device__attribute_maximum_texture2d_layered_height,,32768
h12_n8,warm,k1,device__attribute_maximum_texture2d_layered_layers,,2048
h12_n8,warm,k1,device__attribute_maximum_texture2d_layered_width,,32768
h12_n8,warm,k1,device__attribute_maximum_texture2d_linear_height,,65000
h12_n8,warm,k1,device__attribute_maximum_texture2d_linear_pitch,,2097120
h12_n8,warm,k1,device__attribute_maximum_texture2d_linear_width,,131072
h12_n8,warm,k1,device__attribute_maximum_texture2d_mipmapped_height,,32768
h12_n8,warm,k1,device__attribute_maximum_texture2d_mipmapped_width,,32768
h12_n8,warm,k1,device__attribute_maximum_texture2d_width,,131072
h12_n8,warm,k1,device__attribute_maximum_texture3d_depth,,16384
h12_n8,warm,k1,device__attribute_maximum_texture3d_depth_alternate,,32768
h12_n8,warm,k1,device__attribute_maximum_texture3d_height,,16384
h12_n8,warm,k1,device__attribute_maximum_texture3d_height_alternate,,8192
h12_n8,warm,k1,device__attribute_maximum_texture3d_width,,16384
h12_n8,warm,k1,device__attribute_maximum_texture3d_width_alternate,,8192
h12_n8,warm,k1,device__attribute_maximum_texturecubemap_layered_layers,,2046
h12_n8,warm,k1,device__attribute_maximum_texturecubemap_layered_width,,32768
h12_n8,warm,k1,device__attribute_maximum_texturecubemap_width,,32768
h12_n8,warm,k1,device__attribute_mem_sync_domain_count,,4
h12_n8,warm,k1,device__attribute_memory_clock_rate,,3996000
h12_n8,warm,k1,device__attribute_memory_pools_supported,,1
h12_n8,warm,k1,device__attribute_mempool_supported_handle_types,,9
h12_n8,warm,k1,device__attribute_mps_enabled,,0
h12_n8,warm,k1,device__attribute_multi_gpu_board,,0
h12_n8,warm,k1,device__attribute_multi_gpu_board_group_id,,0
h12_n8,warm,k1,device__attribute_multicast_supported,,1
h12_n8,warm,k1,device__attribute_multiprocessor_count,,148
h12_n8,warm,k1,device__attribute_num_l2s_per_fbp,,12
h12_n8,warm,k1,device__attribute_num_schedulers_per_multiprocessor,,4
h12_n8,warm,k1,device__attribute_num_tex_per_multiprocessor,,1
h12_n8,warm,k1,device__attribute_numa_config,,0
h12_n8,warm,k1,device__attribute_pageable_memory_access,,1
h12_n8,warm,k1,device__attribute_pageable_memory_access_uses_host_page_tables,,0
h12_n8,warm,k1,device__attribute_pci_bus_id,,12
h12_n8,warm,k1,device__attribute_pci_device_id,,0
h12_n8,warm,k1,device__attribute_pci_domain_id,,0
h12_n8,warm,k1,device__attribute_ram_location,,1
h12_n8,warm,k1,device__attribute_ram_type,,0
h12_n8,warm,k1,device__attribute_reserved_shared_memory_per_block,,1024
h12_n8,warm,k1,device__attribute_sass_level,,10
h12_n8,warm,k1,device__attribute_single_to_double_precision_perf_ratio,,64
h12_n8,warm,k1,device__attribute_sparse_cuda_array_supported,,1
h12_n8,warm,k1,device__attribute_stream_priorities_supported,,1
h12_n8,warm,k1,device__attribute_surface_alignment,,512
h12_n8,warm,k1,device__attribute_tcc_driver,,0
h12_n8,warm,k1,device__attribute_tensor_map_access_supported,,1
h12_n8,warm,k1,device__attribute_texture_alignment,,512
h12_n8,warm,k1,device__attribute_texture_pitch_alignment,,32
h12_n8,warm,k1,device__attribute_total_constant_memory,,65536
h12_n8,warm,k1,device__attribute_total_memory,,287428640768
h12_n8,warm,k1,device__attribute_unified_addressing,,1
h12_n8,warm,k1,device__attribute_unified_function_pointers,,1
h12_n8,warm,k1,device__attribute_virtual_address_management_supported,,1
h12_n8,warm,k1,device__attribute_warp_size,,32
h12_n8,warm,k1,dram__bytes_read.avg,byte,1177544
h12_n8,warm,k1,dram__bytes_read.max,byte,1262080
h12_n8,warm,k1,dram__bytes_read.min,byte,595712
h12_n8,warm,k1,dram__bytes_read.sum,byte,75362816
h12_n8,warm,k1,dram__bytes_write.avg,byte,1196184
h12_n8,warm,k1,dram__bytes_write.max,byte,1291520
h12_n8,warm,k1,dram__bytes_write.min,byte,591104
h12_n8,warm,k1,dram__bytes_write.sum,byte,76555776
h12_n8,warm,k1,dram__throughput.avg.pct_of_peak_sustained_elapsed,%,44.88
h12_n8,warm,k1,dram__throughput.max.pct_of_peak_sustained_elapsed,%,45.26
h12_n8,warm,k1,dram__throughput.min.pct_of_peak_sustained_elapsed,%,42.07
h12_n8,warm,k1,dram__throughput.sum.pct_of_peak_sustained_elapsed,%,44.88
h12_n8,warm,k1,gpc__cycles_elapsed.avg.per_second,hz,1894313292.57
h12_n8,warm,k1,gpc__cycles_elapsed.max.per_second,hz,1906702898.55
h12_n8,warm,k1,gpc__cycles_elapsed.min.per_second,hz,1884533514.49
h12_n8,warm,k1,gpc__cycles_elapsed.sum.per_second,hz,15154506340.58
h12_n8,warm,k1,gpu__time_duration.avg,ns,44160
h12_n8,warm,k1,gpu__time_duration.max,ns,44160
h12_n8,warm,k1,gpu__time_duration.min,ns,44160
h12_n8,warm,k1,gpu__time_duration.sum,ns,44160
h12_n8,warm,k1,gr__workids_granted.avg,,0
h12_n8,warm,k1,gr__workids_granted.max,,0
h12_n8,warm,k1,gr__workids_granted.min,,0
h12_n8,warm,k1,gr__workids_granted.sum,,0
h12_n8,warm,k1,gr__workids_granted_as_ctas.avg,block,0
h12_n8,warm,k1,gr__workids_granted_as_ctas.max,block,0
h12_n8,warm,k1,gr__workids_granted_as_ctas.min,block,0
h12_n8,warm,k1,gr__workids_granted_as_ctas.sum,block,0
h12_n8,warm,k1,gr__workids_requested.avg,,0
h12_n8,warm,k1,gr__workids_requested.max,,0
h12_n8,warm,k1,gr__workids_requested.min,,0
h12_n8,warm,k1,gr__workids_requested.sum,,0
h12_n8,warm,k1,l1tex__data_bank_conflicts_pipe_lsu_mem_shared_op_ld.avg,,3791.03
h12_n8,warm,k1,l1tex__data_bank_conflicts_pipe_lsu_mem_shared_op_ld.max,,4894
h12_n8,warm,k1,l1tex__data_bank_conflicts_pipe_lsu_mem_shared_op_ld.min,,2422
h12_n8,warm,k1,l1tex__data_bank_conflicts_pipe_lsu_mem_shared_op_ld.sum,,561072
h12_n8,warm,k1,l1tex__data_bank_conflicts_pipe_lsu_mem_shared_op_st.avg,,1165.89
h12_n8,warm,k1,l1tex__data_bank_conflicts_pipe_lsu_mem_shared_op_st.max,,1512
h12_n8,warm,k1,l1tex__data_bank_conflicts_pipe_lsu_mem_shared_op_st.min,,788
h12_n8,warm,k1,l1tex__data_bank_conflicts_pipe_lsu_mem_shared_op_st.sum,,172551
h12_n8,warm,k1,l1tex__throughput.avg.pct_of_peak_sustained_elapsed,%,52.06
h12_n8,warm,k1,l1tex__throughput.max.pct_of_peak_sustained_elapsed,%,55.92
h12_n8,warm,k1,l1tex__throughput.min.pct_of_peak_sustained_elapsed,%,47.04
h12_n8,warm,k1,l1tex__throughput.sum.pct_of_peak_sustained_elapsed,%,52.06
h12_n8,warm,k1,launch__barrier_count,,1
h12_n8,warm,k1,launch__block_dim_x,block,256
h12_n8,warm,k1,launch__block_dim_y,block,1
h12_n8,warm,k1,launch__block_dim_z,block,1
h12_n8,warm,k1,launch__block_size,,256
h12_n8,warm,k1,launch__cluster_dim_x,,0
h12_n8,warm,k1,launch__cluster_dim_y,,0
h12_n8,warm,k1,launch__cluster_dim_z,,0
h12_n8,warm,k1,launch__cluster_max_active,cluster,0
h12_n8,warm,k1,launch__cluster_max_potential_size,block,8
h12_n8,warm,k1,launch__cluster_scheduling_policy,,PolicySpread
h12_n8,warm,k1,launch__cluster_size,,0
h12_n8,warm,k1,launch__context_id,,1
h12_n8,warm,k1,launch__device_id,,0
h12_n8,warm,k1,launch__func_cache_config,,CachePreferNone
h12_n8,warm,k1,launch__function_pcs,,1
h12_n8,warm,k1,launch__grid_dim_x,,512
h12_n8,warm,k1,launch__grid_dim_y,,12
h12_n8,warm,k1,launch__grid_dim_z,,1
h12_n8,warm,k1,launch__grid_size,,6144
h12_n8,warm,k1,launch__occupancy_cluster_gpu_pct,%,0
h12_n8,warm,k1,launch__occupancy_cluster_pct,%,0
h12_n8,warm,k1,launch__occupancy_limit_barriers,block,32
h12_n8,warm,k1,launch__occupancy_limit_blocks,block,32
h12_n8,warm,k1,launch__occupancy_limit_registers,block,8
h12_n8,warm,k1,launch__occupancy_limit_shared_mem,block,9
h12_n8,warm,k1,launch__occupancy_limit_warps,block,8
h12_n8,warm,k1,launch__occupancy_per_barrier_count,,1440
h12_n8,warm,k1,launch__occupancy_per_block_size,,3339
h12_n8,warm,k1,launch__occupancy_per_cluster_size,,0
h12_n8,warm,k1,launch__occupancy_per_register_count,,5504
h12_n8,warm,k1,launch__occupancy_per_shared_mem_size,,9072
h12_n8,warm,k1,launch__persisting_l2_cache_size,byte,24870912
h12_n8,warm,k1,launch__preferred_cluster_dim_x,,0
h12_n8,warm,k1,launch__preferred_cluster_dim_y,,0
h12_n8,warm,k1,launch__preferred_cluster_dim_z,,0
h12_n8,warm,k1,launch__preferred_cluster_size,,0
h12_n8,warm,k1,launch__registers_per_thread,register/thread,32
h12_n8,warm,k1,launch__registers_per_thread_allocated,register/thread,32
h12_n8,warm,k1,launch__shared_mem_config_size,byte,200704
h12_n8,warm,k1,launch__shared_mem_per_block,byte/block,22272
h12_n8,warm,k1,launch__shared_mem_per_block_allocated,byte/block,22272
h12_n8,warm,k1,launch__shared_mem_per_block_driver,byte/block,1024
h12_n8,warm,k1,launch__shared_mem_per_block_dynamic,byte/block,21248
h12_n8,warm,k1,launch__shared_mem_per_block_static,byte/block,0
h12_n8,warm,k1,launch__sm_count,SM,148
h12_n8,warm,k1,launch__stack_size,,1024
h12_n8,warm,k1,launch__stream_id,,7
h12_n8,warm,k1,launch__thread_count,thread,1572864
h12_n8,warm,k1,launch__tpc_count,,74
h12_n8,warm,k1,launch__tpc_enabled,,all
h12_n8,warm,k1,launch__uses_cdp,,0
h12_n8,warm,k1,launch__uses_green_context,,0
h12_n8,warm,k1,launch__uses_mps,,0
h12_n8,warm,k1,launch__uses_nvlink_centric_scheduling,,0
h12_n8,warm,k1,launch__uses_vgpu,,0
h12_n8,warm,k1,launch__waves_per_multiprocessor,,5.19
h12_n8,warm,k1,lts__t_sector_hit_rate.pct,%,45.37
h12_n8,warm,k1,lts__t_sectors.avg,sector,62343.52
h12_n8,warm,k1,lts__t_sectors.max,sector,67030
h12_n8,warm,k1,lts__t_sectors.min,sector,31155
h12_n8,warm,k1,lts__t_sectors.sum,sector,11471207
h12_n8,warm,k1,lts__throughput.avg.pct_of_peak_sustained_elapsed,%,57.97
h12_n8,warm,k1,lts__throughput.max.pct_of_peak_sustained_elapsed,%,65.02
h12_n8,warm,k1,lts__throughput.min.pct_of_peak_sustained_elapsed,%,29.09
h12_n8,warm,k1,lts__throughput.sum.pct_of_peak_sustained_elapsed,%,57.97
h12_n8,warm,k1,numa__cpu_affinity,,1
h12_n8,warm,k1,numa__dev_display_name_all,,1
h12_n8,warm,k1,numa__id_cpu,,1
h12_n8,warm,k1,numa__id_memory,,1
h12_n8,warm,k1,nvlink__bandwidth,,0
h12_n8,warm,k1,nvlink__count_logical,,0
h12_n8,warm,k1,nvlink__count_physical,,0
h12_n8,warm,k1,nvlink__destination_ports,,0
h12_n8,warm,k1,nvlink__dev0Id,,0
h12_n8,warm,k1,nvlink__dev0type,,0
h12_n8,warm,k1,nvlink__dev1Id,,0
h12_n8,warm,k1,nvlink__dev1type,,0
h12_n8,warm,k1,nvlink__dev_display_name_all,,1
h12_n8,warm,k1,nvlink__enabled_mask,,262143
h12_n8,warm,k1,nvlink__is_direct_link,,0
h12_n8,warm,k1,nvlink__is_nvswitch_connected,,0
h12_n8,warm,k1,nvlink__max_count,,18
h12_n8,warm,k1,nvlink__peer_access,,0
h12_n8,warm,k1,nvlink__peer_atomic,,0
h12_n8,warm,k1,nvlink__source_ports,,0
h12_n8,warm,k1,nvlink__system_access,,0
h12_n8,warm,k1,nvlink__system_atomic,,0
h12_n8,warm,k1,profiler__perfworks_session_reuse,,0
h12_n8,warm,k1,profiler__replayer_passes,pass,15
h12_n8,warm,k1,profiler__replayer_passes_type_warmup,pass,0
h12_n8,warm,k1,sm__cycles_active.avg,cycle,74661.27
h12_n8,warm,k1,sm__cycles_active.avg.pct_of_peak_sustained_elapsed,%,89.49
h12_n8,warm,k1,sm__cycles_active.max,cycle,77494
h12_n8,warm,k1,sm__cycles_active.max.pct_of_peak_sustained_elapsed,%,92.89
h12_n8,warm,k1,sm__cycles_active.min,cycle,71795
h12_n8,warm,k1,sm__cycles_active.min.pct_of_peak_sustained_elapsed,%,86.06
h12_n8,warm,k1,sm__cycles_active.sum,cycle,11049868
h12_n8,warm,k1,sm__cycles_active.sum.pct_of_peak_sustained_elapsed,%,89.49
h12_n8,warm,k1,sm__inst_executed_pipe_adu.avg.pct_of_peak_sustained_elapsed,%,16.90
h12_n8,warm,k1,sm__inst_executed_pipe_adu.max.pct_of_peak_sustained_elapsed,%,17.87
h12_n8,warm,k1,sm__inst_executed_pipe_adu.min.pct_of_peak_sustained_elapsed,%,15.43
h12_n8,warm,k1,sm__inst_executed_pipe_adu.sum.pct_of_peak_sustained_elapsed,%,16.90
h12_n8,warm,k1,sm__inst_executed_pipe_alu.avg.pct_of_peak_sustained_elapsed,%,31.40
h12_n8,warm,k1,sm__inst_executed_pipe_alu.max.pct_of_peak_sustained_elapsed,%,33.28
h12_n8,warm,k1,sm__inst_executed_pipe_alu.min.pct_of_peak_sustained_elapsed,%,28.74
h12_n8,warm,k1,sm__inst_executed_pipe_alu.sum.pct_of_peak_sustained_elapsed,%,31.40
h12_n8,warm,k1,sm__inst_executed_pipe_fma.avg.pct_of_peak_sustained_elapsed,%,17.09
h12_n8,warm,k1,sm__inst_executed_pipe_fma.max.pct_of_peak_sustained_elapsed,%,18.12
h12_n8,warm,k1,sm__inst_executed_pipe_fma.min.pct_of_peak_sustained_elapsed,%,15.65
h12_n8,warm,k1,sm__inst_executed_pipe_fma.sum.pct_of_peak_sustained_elapsed,%,17.09
h12_n8,warm,k1,sm__inst_executed_pipe_lsu.avg.pct_of_peak_sustained_elapsed,%,31.45
h12_n8,warm,k1,sm__inst_executed_pipe_lsu.max.pct_of_peak_sustained_elapsed,%,33.33
h12_n8,warm,k1,sm__inst_executed_pipe_lsu.min.pct_of_peak_sustained_elapsed,%,28.79
h12_n8,warm,k1,sm__inst_executed_pipe_lsu.sum.pct_of_peak_sustained_elapsed,%,31.45
h12_n8,warm,k1,sm__inst_executed_pipe_xu.avg.pct_of_peak_sustained_elapsed,%,13.83
h12_n8,warm,k1,sm__inst_executed_pipe_xu.max.pct_of_peak_sustained_elapsed,%,14.66
h12_n8,warm,k1,sm__inst_executed_pipe_xu.min.pct_of_peak_sustained_elapsed,%,12.66
h12_n8,warm,k1,sm__inst_executed_pipe_xu.sum.pct_of_peak_sustained_elapsed,%,13.83
h12_n8,warm,k1,sm__issue_active.avg.pct_of_peak_sustained_elapsed,%,54.71
h12_n8,warm,k1,sm__issue_active.max.pct_of_peak_sustained_elapsed,%,57.99
h12_n8,warm,k1,sm__issue_active.min.pct_of_peak_sustained_elapsed,%,50.10
h12_n8,warm,k1,sm__issue_active.sum.pct_of_peak_sustained_elapsed,%,54.71
h12_n8,warm,k1,sm__maximum_warps_avg_per_active_cycle,warp,64
h12_n8,warm,k1,sm__maximum_warps_per_active_cycle_pct,%,100
h12_n8,warm,k1,sm__ops_path_tensor_op_hmma_src_bf16_dst_fp32.avg,,5441259.24
h12_n8,warm,k1,sm__ops_path_tensor_op_hmma_src_bf16_dst_fp32.max,,5767168
h12_n8,warm,k1,sm__ops_path_tensor_op_hmma_src_bf16_dst_fp32.min,,4980736
h12_n8,warm,k1,sm__ops_path_tensor_op_hmma_src_bf16_dst_fp32.sum,,805306368
h12_n8,warm,k1,sm__ops_path_tensor_op_hmma_src_fp16_dst_fp16.avg,,2040472.22
h12_n8,warm,k1,sm__ops_path_tensor_op_hmma_src_fp16_dst_fp16.max,,2162688
h12_n8,warm,k1,sm__ops_path_tensor_op_hmma_src_fp16_dst_fp16.min,,1818624
h12_n8,warm,k1,sm__ops_path_tensor_op_hmma_src_fp16_dst_fp16.sum,,301989888
h12_n8,warm,k1,sm__pipe_tensor_cycles_active.avg.pct_of_peak_sustained_active,%,4.89
h12_n8,warm,k1,sm__pipe_tensor_cycles_active.avg.pct_of_peak_sustained_elapsed,%,4.38
h12_n8,warm,k1,sm__pipe_tensor_cycles_active.max.pct_of_peak_sustained_active,%,5.19
h12_n8,warm,k1,sm__pipe_tensor_cycles_active.max.pct_of_peak_sustained_elapsed,%,4.64
h12_n8,warm,k1,sm__pipe_tensor_cycles_active.min.pct_of_peak_sustained_active,%,4.48
h12_n8,warm,k1,sm__pipe_tensor_cycles_active.min.pct_of_peak_sustained_elapsed,%,4.01
h12_n8,warm,k1,sm__pipe_tensor_cycles_active.sum.pct_of_peak_sustained_active,%,4.89
h12_n8,warm,k1,sm__pipe_tensor_cycles_active.sum.pct_of_peak_sustained_elapsed,%,4.38
h12_n8,warm,k1,sm__throughput.avg.pct_of_peak_sustained_elapsed,%,54.71
h12_n8,warm,k1,sm__throughput.max.pct_of_peak_sustained_elapsed,%,57.99
h12_n8,warm,k1,sm__throughput.min.pct_of_peak_sustained_elapsed,%,50.10
h12_n8,warm,k1,sm__throughput.sum.pct_of_peak_sustained_elapsed,%,54.71
h12_n8,warm,k1,sm__warps_active.avg.pct_of_peak_sustained_active,%,93.08
h12_n8,warm,k1,sm__warps_active.avg.per_cycle_active,warp,59.57
h12_n8,warm,k1,sm__warps_active.max.pct_of_peak_sustained_active,%,97.33
h12_n8,warm,k1,sm__warps_active.max.per_cycle_active,warp,62.29
h12_n8,warm,k1,sm__warps_active.min.pct_of_peak_sustained_active,%,89.17
h12_n8,warm,k1,sm__warps_active.min.per_cycle_active,warp,57.07
h12_n8,warm,k1,sm__warps_active.sum.pct_of_peak_sustained_active,%,93.08
h12_n8,warm,k1,sm__warps_active.sum.per_cycle_active,warp,8816.34
h12_n8,warm,k1,smsp__issue_active.avg.pct_of_peak_sustained_active,%,61.43
h12_n8,warm,k1,smsp__issue_active.max.pct_of_peak_sustained_active,%,65.13
h12_n8,warm,k1,smsp__issue_active.min.pct_of_peak_sustained_active,%,55.96
h12_n8,warm,k1,smsp__issue_active.sum.pct_of_peak_sustained_active,%,61.43
h12_n8,warm,k1,smsp__maximum_warps_avg_per_active_cycle,warp,16
h12_n8,warm,k1,smsp__warp_issue_stalled_barrier_per_warp_active.pct,%,38.39
h12_n8,warm,k1,smsp__warp_issue_stalled_long_scoreboard_per_warp_active.pct,%,19.75
h12_n8,warm,k1,smsp__warp_issue_stalled_math_pipe_throttle_per_warp_active.pct,%,2.22
h12_n8,warm,k1,smsp__warp_issue_stalled_membar_per_warp_active.pct,%,0
h12_n8,warm,k1,smsp__warp_issue_stalled_mio_throttle_per_warp_active.pct,%,3.09
h12_n8,warm,k1,smsp__warp_issue_stalled_not_selected_per_warp_active.pct,%,8.78
h12_n8,warm,k1,smsp__warp_issue_stalled_short_scoreboard_per_warp_active.pct,%,10.74
h12_n8,warm,k1,smsp__warp_issue_stalled_wait_per_warp_active.pct,%,7.41
h12_n8,warm,k1,smsp__warps_active.avg.peak_sustained,warp,16
h12_n8,warm,k1,smsp__warps_active.max.peak_sustained,warp,16
h12_n8,warm,k1,smsp__warps_active.min.peak_sustained,warp,16
h12_n8,warm,k1,smsp__warps_active.sum.peak_sustained,warp,9472
h12_n8,warm,k1,smsp__warps_eligible.avg.per_cycle_active,warp,1.91
h12_n8,warm,k1,smsp__warps_eligible.max.per_cycle_active,warp,2.21
h12_n8,warm,k1,smsp__warps_eligible.min.per_cycle_active,warp,1.62
h12_n8,warm,k1,smsp__warps_eligible.sum.per_cycle_active,warp,1128.25
h12_n8,warm,k2,c2clink__enabled_mask,,0
h12_n8,warm,k2,c2clink__present,,0
h12_n8,warm,k2,derived__pct_occupancy_per_barrier_count,,882
h12_n8,warm,k2,derived__pct_occupancy_per_block_size,%,1163
h12_n8,warm,k2,derived__pct_occupancy_per_register_count,%/register,3834
h12_n8,warm,k2,derived__pct_occupancy_per_shared_mem_size,%/byte,8069
h12_n8,warm,k2,device__attribute_architecture,,416
h12_n8,warm,k2,device__attribute_async_engine_count,,4
h12_n8,warm,k2,device__attribute_can_flush_remote_writes,,0
h12_n8,warm,k2,device__attribute_can_map_host_memory,,1
h12_n8,warm,k2,device__attribute_can_tex2d_gather,,1
h12_n8,warm,k2,device__attribute_can_use_64_bit_stream_mem_ops,,1
h12_n8,warm,k2,device__attribute_can_use_64_bit_stream_mem_ops_v1,,0
h12_n8,warm,k2,device__attribute_can_use_host_pointer_for_registered_mem,,1
h12_n8,warm,k2,device__attribute_can_use_stream_mem_ops_v1,,0
h12_n8,warm,k2,device__attribute_can_use_stream_wait_value_nor,,1
h12_n8,warm,k2,device__attribute_can_use_stream_wait_value_nor_v1,,0
h12_n8,warm,k2,device__attribute_chip,,419
h12_n8,warm,k2,device__attribute_clock_rate,,2032000
h12_n8,warm,k2,device__attribute_cluster_launch,,1
h12_n8,warm,k2,device__attribute_compute_capability_major,,10
h12_n8,warm,k2,device__attribute_compute_capability_minor,,3
h12_n8,warm,k2,device__attribute_compute_mode,,0
h12_n8,warm,k2,device__attribute_compute_preemption_supported,,1
h12_n8,warm,k2,device__attribute_concurrent_kernels,,1
h12_n8,warm,k2,device__attribute_concurrent_managed_access,,1
h12_n8,warm,k2,device__attribute_confidential_computing_mode,,No-CC
h12_n8,warm,k2,device__attribute_cooperative_launch,,1
h12_n8,warm,k2,device__attribute_cooperative_multi_device_launch,,1
h12_n8,warm,k2,device__attribute_deferred_mapping_cuda_array_supported,,1
h12_n8,warm,k2,device__attribute_device_index,,0
h12_n8,warm,k2,device__attribute_direct_managed_mem_access_from_host,,0
h12_n8,warm,k2,device__attribute_display_name,,NVIDIA B300 SXM6 AC
h12_n8,warm,k2,device__attribute_dma_buf_supported,,1
h12_n8,warm,k2,device__attribute_ecc_enabled,,1
h12_n8,warm,k2,device__attribute_fb_bus_width,,7680
h12_n8,warm,k2,device__attribute_fbp_count,,16
h12_n8,warm,k2,device__attribute_generic_compression_supported,,1
h12_n8,warm,k2,device__attribute_global_l1_cache_supported,,1
h12_n8,warm,k2,device__attribute_global_memory_bus_width,,7680
h12_n8,warm,k2,device__attribute_gpu_direct_rdma_flush_writes_options,,1
h12_n8,warm,k2,device__attribute_gpu_direct_rdma_supported,,1
h12_n8,warm,k2,device__attribute_gpu_direct_rdma_with_cuda_vmm_supported,,1
h12_n8,warm,k2,device__attribute_gpu_direct_rdma_writes_ordering,,100
h12_n8,warm,k2,device__attribute_gpu_overlap,,1
h12_n8,warm,k2,device__attribute_gpu_pci_device_id,,830607582
h12_n8,warm,k2,device__attribute_gpu_pci_ext_device_id,,12674
h12_n8,warm,k2,device__attribute_gpu_pci_ext_downstream_link_rate,,16000
h12_n8,warm,k2,device__attribute_gpu_pci_ext_downstream_link_width,,32
h12_n8,warm,k2,device__attribute_gpu_pci_ext_gen,,5
h12_n8,warm,k2,device__attribute_gpu_pci_ext_gpu_gen,,5
h12_n8,warm,k2,device__attribute_gpu_pci_ext_gpu_link_rate,,64000
h12_n8,warm,k2,device__attribute_gpu_pci_ext_gpu_link_width,,16
h12_n8,warm,k2,device__attribute_gpu_pci_revision_id,,161
h12_n8,warm,k2,device__attribute_gpu_pci_sub_system_id,,551948510
h12_n8,warm,k2,device__attribute_handle_type_fabric_supported,,1
h12_n8,warm,k2,device__attribute_handle_type_posix_file_descriptor_supported,,1
h12_n8,warm,k2,device__attribute_handle_type_win32_handle_supported,,0
h12_n8,warm,k2,device__attribute_handle_type_win32_kmt_handle_supported,,0
h12_n8,warm,k2,device__attribute_host_native_atomic_supported,,0
h12_n8,warm,k2,device__attribute_host_numa_id,,0
h12_n8,warm,k2,device__attribute_host_register_supported,,1
h12_n8,warm,k2,device__attribute_implementation,,419
h12_n8,warm,k2,device__attribute_integrated,,0
h12_n8,warm,k2,device__attribute_ipc_event_supported,,1
h12_n8,warm,k2,device__attribute_kernel_exec_timeout,,0
h12_n8,warm,k2,device__attribute_l2_cache_size,,132644864
h12_n8,warm,k2,device__attribute_l2s_count,,192
h12_n8,warm,k2,device__attribute_limits_max_cta_per_sm,,32
h12_n8,warm,k2,device__attribute_limits_num_tpcs,,74
h12_n8,warm,k2,device__attribute_local_l1_cache_supported,,1
h12_n8,warm,k2,device__attribute_managed_memory,,1
h12_n8,warm,k2,device__attribute_max_access_policy_window_size,,134217728
h12_n8,warm,k2,device__attribute_max_block_dim_x,,1024
h12_n8,warm,k2,device__attribute_max_block_dim_y,,1024
h12_n8,warm,k2,device__attribute_max_block_dim_z,,64
h12_n8,warm,k2,device__attribute_max_blocks_per_multiprocessor,,32
h12_n8,warm,k2,device__attribute_max_gpu_frequency_khz,,2032000
h12_n8,warm,k2,device__attribute_max_grid_dim_x,,2147483647
h12_n8,warm,k2,device__attribute_max_grid_dim_y,,65535
h12_n8,warm,k2,device__attribute_max_grid_dim_z,,65535
h12_n8,warm,k2,device__attribute_max_ipc_per_multiprocessor,,4
h12_n8,warm,k2,device__attribute_max_ipc_per_scheduler,,1
h12_n8,warm,k2,device__attribute_max_mem_frequency_khz,,3996000
h12_n8,warm,k2,device__attribute_max_persisting_l2_cache_size,,82903040
h12_n8,warm,k2,device__attribute_max_pitch,,2147483647
h12_n8,warm,k2,device__attribute_max_registers_per_block,,65536
h12_n8,warm,k2,device__attribute_max_registers_per_multiprocessor,,65536
h12_n8,warm,k2,device__attribute_max_registers_per_thread,,255
h12_n8,warm,k2,device__attribute_max_shared_memory_per_block,,49152
h12_n8,warm,k2,device__attribute_max_shared_memory_per_block_optin,,232448
h12_n8,warm,k2,device__attribute_max_shared_memory_per_multiprocessor,,233472
h12_n8,warm,k2,device__attribute_max_threads_per_block,,1024
h12_n8,warm,k2,device__attribute_max_threads_per_multiprocessor,,2048
h12_n8,warm,k2,device__attribute_max_warps_per_multiprocessor,,64
h12_n8,warm,k2,device__attribute_max_warps_per_scheduler,,16
h12_n8,warm,k2,device__attribute_maximum_surface1d_layered_layers,,2048
h12_n8,warm,k2,device__attribute_maximum_surface1d_layered_width,,32768
h12_n8,warm,k2,device__attribute_maximum_surface1d_width,,32768
h12_n8,warm,k2,device__attribute_maximum_surface2d_height,,65536
h12_n8,warm,k2,device__attribute_maximum_surface2d_layered_height,,32768
h12_n8,warm,k2,device__attribute_maximum_surface2d_layered_layers,,2048
h12_n8,warm,k2,device__attribute_maximum_surface2d_layered_width,,32768
h12_n8,warm,k2,device__attribute_maximum_surface2d_width,,131072
h12_n8,warm,k2,device__attribute_maximum_surface3d_depth,,16384
h12_n8,warm,k2,device__attribute_maximum_surface3d_height,,16384
h12_n8,warm,k2,device__attribute_maximum_surface3d_width,,16384
h12_n8,warm,k2,device__attribute_maximum_surfacecubemap_layered_layers,,2046
h12_n8,warm,k2,device__attribute_maximum_surfacecubemap_layered_width,,32768
h12_n8,warm,k2,device__attribute_maximum_surfacecubemap_width,,32768
h12_n8,warm,k2,device__attribute_maximum_texture1d_layered_layers,,2048
h12_n8,warm,k2,device__attribute_maximum_texture1d_layered_width,,32768
h12_n8,warm,k2,device__attribute_maximum_texture1d_linear_width,,268435456
h12_n8,warm,k2,device__attribute_maximum_texture1d_mipmapped_width,,32768
h12_n8,warm,k2,device__attribute_maximum_texture1d_width,,131072
h12_n8,warm,k2,device__attribute_maximum_texture2d_gather_height,,32768
h12_n8,warm,k2,device__attribute_maximum_texture2d_gather_width,,32768
h12_n8,warm,k2,device__attribute_maximum_texture2d_height,,65536
h12_n8,warm,k2,device__attribute_maximum_texture2d_layered_height,,32768
h12_n8,warm,k2,device__attribute_maximum_texture2d_layered_layers,,2048
h12_n8,warm,k2,device__attribute_maximum_texture2d_layered_width,,32768
h12_n8,warm,k2,device__attribute_maximum_texture2d_linear_height,,65000
h12_n8,warm,k2,device__attribute_maximum_texture2d_linear_pitch,,2097120
h12_n8,warm,k2,device__attribute_maximum_texture2d_linear_width,,131072
h12_n8,warm,k2,device__attribute_maximum_texture2d_mipmapped_height,,32768
h12_n8,warm,k2,device__attribute_maximum_texture2d_mipmapped_width,,32768
h12_n8,warm,k2,device__attribute_maximum_texture2d_width,,131072
h12_n8,warm,k2,device__attribute_maximum_texture3d_depth,,16384
h12_n8,warm,k2,device__attribute_maximum_texture3d_depth_alternate,,32768
h12_n8,warm,k2,device__attribute_maximum_texture3d_height,,16384
h12_n8,warm,k2,device__attribute_maximum_texture3d_height_alternate,,8192
h12_n8,warm,k2,device__attribute_maximum_texture3d_width,,16384
h12_n8,warm,k2,device__attribute_maximum_texture3d_width_alternate,,8192
h12_n8,warm,k2,device__attribute_maximum_texturecubemap_layered_layers,,2046
h12_n8,warm,k2,device__attribute_maximum_texturecubemap_layered_width,,32768
h12_n8,warm,k2,device__attribute_maximum_texturecubemap_width,,32768
h12_n8,warm,k2,device__attribute_mem_sync_domain_count,,4
h12_n8,warm,k2,device__attribute_memory_clock_rate,,3996000
h12_n8,warm,k2,device__attribute_memory_pools_supported,,1
h12_n8,warm,k2,device__attribute_mempool_supported_handle_types,,9
h12_n8,warm,k2,device__attribute_mps_enabled,,0
h12_n8,warm,k2,device__attribute_multi_gpu_board,,0
h12_n8,warm,k2,device__attribute_multi_gpu_board_group_id,,0
h12_n8,warm,k2,device__attribute_multicast_supported,,1
h12_n8,warm,k2,device__attribute_multiprocessor_count,,148
h12_n8,warm,k2,device__attribute_num_l2s_per_fbp,,12
h12_n8,warm,k2,device__attribute_num_schedulers_per_multiprocessor,,4
h12_n8,warm,k2,device__attribute_num_tex_per_multiprocessor,,1
h12_n8,warm,k2,device__attribute_numa_config,,0
h12_n8,warm,k2,device__attribute_pageable_memory_access,,1
h12_n8,warm,k2,device__attribute_pageable_memory_access_uses_host_page_tables,,0
h12_n8,warm,k2,device__attribute_pci_bus_id,,12
h12_n8,warm,k2,device__attribute_pci_device_id,,0
h12_n8,warm,k2,device__attribute_pci_domain_id,,0
h12_n8,warm,k2,device__attribute_ram_location,,1
h12_n8,warm,k2,device__attribute_ram_type,,0
h12_n8,warm,k2,device__attribute_reserved_shared_memory_per_block,,1024
h12_n8,warm,k2,device__attribute_sass_level,,10
h12_n8,warm,k2,device__attribute_single_to_double_precision_perf_ratio,,64
h12_n8,warm,k2,device__attribute_sparse_cuda_array_supported,,1
h12_n8,warm,k2,device__attribute_stream_priorities_supported,,1
h12_n8,warm,k2,device__attribute_surface_alignment,,512
h12_n8,warm,k2,device__attribute_tcc_driver,,0
h12_n8,warm,k2,device__attribute_tensor_map_access_supported,,1
h12_n8,warm,k2,device__attribute_texture_alignment,,512
h12_n8,warm,k2,device__attribute_texture_pitch_alignment,,32
h12_n8,warm,k2,device__attribute_total_constant_memory,,65536
h12_n8,warm,k2,device__attribute_total_memory,,287428640768
h12_n8,warm,k2,device__attribute_unified_addressing,,1
h12_n8,warm,k2,device__attribute_unified_function_pointers,,1
h12_n8,warm,k2,device__attribute_virtual_address_management_supported,,1
h12_n8,warm,k2,device__attribute_warp_size,,32
h12_n8,warm,k2,dram__bytes_read.avg,byte,1314588
h12_n8,warm,k2,dram__bytes_read.max,byte,1442560
h12_n8,warm,k2,dram__bytes_read.min,byte,552448
h12_n8,warm,k2,dram__bytes_read.sum,byte,84133632
h12_n8,warm,k2,dram__bytes_write.avg,byte,857216
h12_n8,warm,k2,dram__bytes_write.max,byte,955648
h12_n8,warm,k2,dram__bytes_write.min,byte,377600
h12_n8,warm,k2,dram__bytes_write.sum,byte,54861824
h12_n8,warm,k2,dram__throughput.avg.pct_of_peak_sustained_elapsed,%,17.70
h12_n8,warm,k2,dram__throughput.max.pct_of_peak_sustained_elapsed,%,18.33
h12_n8,warm,k2,dram__throughput.min.pct_of_peak_sustained_elapsed,%,14.21
h12_n8,warm,k2,dram__throughput.sum.pct_of_peak_sustained_elapsed,%,17.70
h12_n8,warm,k2,gpc__cycles_elapsed.avg.per_second,hz,1904414062.50
h12_n8,warm,k2,gpc__cycles_elapsed.max.per_second,hz,1911787109.38
h12_n8,warm,k2,gpc__cycles_elapsed.min.per_second,hz,1895429687.50
h12_n8,warm,k2,gpc__cycles_elapsed.sum.per_second,hz,15235312500
h12_n8,warm,k2,gpu__time_duration.avg,ns,102400
h12_n8,warm,k2,gpu__time_duration.max,ns,102400
h12_n8,warm,k2,gpu__time_duration.min,ns,102400
h12_n8,warm,k2,gpu__time_duration.sum,ns,102400
h12_n8,warm,k2,gr__workids_granted.avg,,0
h12_n8,warm,k2,gr__workids_granted.max,,0
h12_n8,warm,k2,gr__workids_granted.min,,0
h12_n8,warm,k2,gr__workids_granted.sum,,0
h12_n8,warm,k2,gr__workids_granted_as_ctas.avg,block,0
h12_n8,warm,k2,gr__workids_granted_as_ctas.max,block,0
h12_n8,warm,k2,gr__workids_granted_as_ctas.min,block,0
h12_n8,warm,k2,gr__workids_granted_as_ctas.sum,block,0
h12_n8,warm,k2,gr__workids_requested.avg,,0
h12_n8,warm,k2,gr__workids_requested.max,,0
h12_n8,warm,k2,gr__workids_requested.min,,0
h12_n8,warm,k2,gr__workids_requested.sum,,0
h12_n8,warm,k2,l1tex__data_bank_conflicts_pipe_lsu_mem_shared_op_ld.avg,,2454.59
h12_n8,warm,k2,l1tex__data_bank_conflicts_pipe_lsu_mem_shared_op_ld.max,,4225
h12_n8,warm,k2,l1tex__data_bank_conflicts_pipe_lsu_mem_shared_op_ld.min,,0
h12_n8,warm,k2,l1tex__data_bank_conflicts_pipe_lsu_mem_shared_op_ld.sum,,363279
h12_n8,warm,k2,l1tex__data_bank_conflicts_pipe_lsu_mem_shared_op_st.avg,,8212.46
h12_n8,warm,k2,l1tex__data_bank_conflicts_pipe_lsu_mem_shared_op_st.max,,15024
h12_n8,warm,k2,l1tex__data_bank_conflicts_pipe_lsu_mem_shared_op_st.min,,0
h12_n8,warm,k2,l1tex__data_bank_conflicts_pipe_lsu_mem_shared_op_st.sum,,1215444
h12_n8,warm,k2,l1tex__throughput.avg.pct_of_peak_sustained_elapsed,%,35.46
h12_n8,warm,k2,l1tex__throughput.max.pct_of_peak_sustained_elapsed,%,55.91
h12_n8,warm,k2,l1tex__throughput.min.pct_of_peak_sustained_elapsed,%,0.00
h12_n8,warm,k2,l1tex__throughput.sum.pct_of_peak_sustained_elapsed,%,35.46
h12_n8,warm,k2,launch__barrier_count,,9
h12_n8,warm,k2,launch__block_dim_x,block,192
h12_n8,warm,k2,launch__block_dim_y,block,1
h12_n8,warm,k2,launch__block_dim_z,block,1
h12_n8,warm,k2,launch__block_size,,192
h12_n8,warm,k2,launch__cluster_dim_x,,0
h12_n8,warm,k2,launch__cluster_dim_y,,0
h12_n8,warm,k2,launch__cluster_dim_z,,0
h12_n8,warm,k2,launch__cluster_max_active,cluster,0
h12_n8,warm,k2,launch__cluster_max_potential_size,block,8
h12_n8,warm,k2,launch__cluster_scheduling_policy,,PolicySpread
h12_n8,warm,k2,launch__cluster_size,,0
h12_n8,warm,k2,launch__context_id,,1
h12_n8,warm,k2,launch__device_id,,0
h12_n8,warm,k2,launch__func_cache_config,,CachePreferNone
h12_n8,warm,k2,launch__function_pcs,,1
h12_n8,warm,k2,launch__grid_dim_x,,8
h12_n8,warm,k2,launch__grid_dim_y,,12
h12_n8,warm,k2,launch__grid_dim_z,,1
h12_n8,warm,k2,launch__grid_size,,96
h12_n8,warm,k2,launch__occupancy_cluster_gpu_pct,%,0
h12_n8,warm,k2,launch__occupancy_cluster_pct,%,0
h12_n8,warm,k2,launch__occupancy_limit_barriers,block,7
h12_n8,warm,k2,launch__occupancy_limit_blocks,block,32
h12_n8,warm,k2,launch__occupancy_limit_registers,block,4
h12_n8,warm,k2,launch__occupancy_limit_shared_mem,block,2
h12_n8,warm,k2,launch__occupancy_limit_warps,block,10
h12_n8,warm,k2,launch__occupancy_per_barrier_count,,588
h12_n8,warm,k2,launch__occupancy_per_block_size,,758
h12_n8,warm,k2,launch__occupancy_per_cluster_size,,0
h12_n8,warm,k2,launch__occupancy_per_register_count,,2556
h12_n8,warm,k2,launch__occupancy_per_shared_mem_size,,5292
h12_n8,warm,k2,launch__persisting_l2_cache_size,byte,24870912
h12_n8,warm,k2,launch__preferred_cluster_dim_x,,0
h12_n8,warm,k2,launch__preferred_cluster_dim_y,,0
h12_n8,warm,k2,launch__preferred_cluster_dim_z,,0
h12_n8,warm,k2,launch__preferred_cluster_size,,0
h12_n8,warm,k2,launch__registers_per_thread,register/thread,73
h12_n8,warm,k2,launch__registers_per_thread_allocated,register/thread,80
h12_n8,warm,k2,launch__shared_mem_config_size,byte,200704
h12_n8,warm,k2,launch__shared_mem_per_block,byte/block,99456
h12_n8,warm,k2,launch__shared_mem_per_block_allocated,byte/block,99456
h12_n8,warm,k2,launch__shared_mem_per_block_driver,byte/block,1024
h12_n8,warm,k2,launch__shared_mem_per_block_dynamic,byte/block,98432
h12_n8,warm,k2,launch__shared_mem_per_block_static,byte/block,0
h12_n8,warm,k2,launch__sm_count,SM,148
h12_n8,warm,k2,launch__stack_size,,1024
h12_n8,warm,k2,launch__stream_id,,7
h12_n8,warm,k2,launch__thread_count,thread,18432
h12_n8,warm,k2,launch__tpc_count,,74
h12_n8,warm,k2,launch__tpc_enabled,,all
h12_n8,warm,k2,launch__uses_cdp,,0
h12_n8,warm,k2,launch__uses_green_context,,0
h12_n8,warm,k2,launch__uses_mps,,0
h12_n8,warm,k2,launch__uses_nvlink_centric_scheduling,,0
h12_n8,warm,k2,launch__uses_vgpu,,0
h12_n8,warm,k2,launch__waves_per_multiprocessor,,0.32
h12_n8,warm,k2,lts__t_sector_hit_rate.pct,%,59.03
h12_n8,warm,k2,lts__t_sectors.avg,sector,69994.67
h12_n8,warm,k2,lts__t_sectors.max,sector,77195
h12_n8,warm,k2,lts__t_sectors.min,sector,31545
h12_n8,warm,k2,lts__t_sectors.sum,sector,12879019
h12_n8,warm,k2,lts__throughput.avg.pct_of_peak_sustained_elapsed,%,25.92
h12_n8,warm,k2,lts__throughput.max.pct_of_peak_sustained_elapsed,%,28.39
h12_n8,warm,k2,lts__throughput.min.pct_of_peak_sustained_elapsed,%,12.21
h12_n8,warm,k2,lts__throughput.sum.pct_of_peak_sustained_elapsed,%,25.92
h12_n8,warm,k2,numa__cpu_affinity,,1
h12_n8,warm,k2,numa__dev_display_name_all,,1
h12_n8,warm,k2,numa__id_cpu,,1
h12_n8,warm,k2,numa__id_memory,,1
h12_n8,warm,k2,nvlink__bandwidth,,0
h12_n8,warm,k2,nvlink__count_logical,,0
h12_n8,warm,k2,nvlink__count_physical,,0
h12_n8,warm,k2,nvlink__destination_ports,,0
h12_n8,warm,k2,nvlink__dev0Id,,0
h12_n8,warm,k2,nvlink__dev0type,,0
h12_n8,warm,k2,nvlink__dev1Id,,0
h12_n8,warm,k2,nvlink__dev1type,,0
h12_n8,warm,k2,nvlink__dev_display_name_all,,1
h12_n8,warm,k2,nvlink__enabled_mask,,262143
h12_n8,warm,k2,nvlink__is_direct_link,,0
h12_n8,warm,k2,nvlink__is_nvswitch_connected,,0
h12_n8,warm,k2,nvlink__max_count,,18
h12_n8,warm,k2,nvlink__peer_access,,0
h12_n8,warm,k2,nvlink__peer_atomic,,0
h12_n8,warm,k2,nvlink__source_ports,,0
h12_n8,warm,k2,nvlink__system_access,,0
h12_n8,warm,k2,nvlink__system_atomic,,0
h12_n8,warm,k2,profiler__perfworks_session_reuse,,1
h12_n8,warm,k2,profiler__replayer_passes,pass,15
h12_n8,warm,k2,profiler__replayer_passes_type_warmup,pass,0
h12_n8,warm,k2,sm__cycles_active.avg,cycle,119186.38
h12_n8,warm,k2,sm__cycles_active.avg.pct_of_peak_sustained_elapsed,%,61.32
h12_n8,warm,k2,sm__cycles_active.max,cycle,187153
h12_n8,warm,k2,sm__cycles_active.max.pct_of_peak_sustained_elapsed,%,96.29
h12_n8,warm,k2,sm__cycles_active.min,cycle,0
h12_n8,warm,k2,sm__cycles_active.min.pct_of_peak_sustained_elapsed,%,0
h12_n8,warm,k2,sm__cycles_active.sum,cycle,17639584
h12_n8,warm,k2,sm__cycles_active.sum.pct_of_peak_sustained_elapsed,%,61.32
h12_n8,warm,k2,sm__inst_executed_pipe_adu.avg.pct_of_peak_sustained_elapsed,%,2.03
h12_n8,warm,k2,sm__inst_executed_pipe_adu.max.pct_of_peak_sustained_elapsed,%,3.21
h12_n8,warm,k2,sm__inst_executed_pipe_adu.min.pct_of_peak_sustained_elapsed,%,0
h12_n8,warm,k2,sm__inst_executed_pipe_adu.sum.pct_of_peak_sustained_elapsed,%,2.03
h12_n8,warm,k2,sm__inst_executed_pipe_alu.avg.pct_of_peak_sustained_elapsed,%,12.51
h12_n8,warm,k2,sm__inst_executed_pipe_alu.max.pct_of_peak_sustained_elapsed,%,19.28
h12_n8,warm,k2,sm__inst_executed_pipe_alu.min.pct_of_peak_sustained_elapsed,%,0
h12_n8,warm,k2,sm__inst_executed_pipe_alu.sum.pct_of_peak_sustained_elapsed,%,12.51
h12_n8,warm,k2,sm__inst_executed_pipe_fma.avg.pct_of_peak_sustained_elapsed,%,5.22
h12_n8,warm,k2,sm__inst_executed_pipe_fma.max.pct_of_peak_sustained_elapsed,%,8.05
h12_n8,warm,k2,sm__inst_executed_pipe_fma.min.pct_of_peak_sustained_elapsed,%,0
h12_n8,warm,k2,sm__inst_executed_pipe_fma.sum.pct_of_peak_sustained_elapsed,%,5.22
h12_n8,warm,k2,sm__inst_executed_pipe_lsu.avg.pct_of_peak_sustained_elapsed,%,9.84
h12_n8,warm,k2,sm__inst_executed_pipe_lsu.max.pct_of_peak_sustained_elapsed,%,15.16
h12_n8,warm,k2,sm__inst_executed_pipe_lsu.min.pct_of_peak_sustained_elapsed,%,0
h12_n8,warm,k2,sm__inst_executed_pipe_lsu.sum.pct_of_peak_sustained_elapsed,%,9.84
h12_n8,warm,k2,sm__inst_executed_pipe_xu.avg.pct_of_peak_sustained_elapsed,%,0.18
h12_n8,warm,k2,sm__inst_executed_pipe_xu.max.pct_of_peak_sustained_elapsed,%,0.27
h12_n8,warm,k2,sm__inst_executed_pipe_xu.min.pct_of_peak_sustained_elapsed,%,0
h12_n8,warm,k2,sm__inst_executed_pipe_xu.sum.pct_of_peak_sustained_elapsed,%,0.18
h12_n8,warm,k2,sm__issue_active.avg.pct_of_peak_sustained_elapsed,%,18.96
h12_n8,warm,k2,sm__issue_active.max.pct_of_peak_sustained_elapsed,%,29.27
h12_n8,warm,k2,sm__issue_active.min.pct_of_peak_sustained_elapsed,%,0
h12_n8,warm,k2,sm__issue_active.sum.pct_of_peak_sustained_elapsed,%,18.96
h12_n8,warm,k2,sm__maximum_warps_avg_per_active_cycle,warp,12
h12_n8,warm,k2,sm__maximum_warps_per_active_cycle_pct,%,18.75
h12_n8,warm,k2,sm__ops_path_tensor_op_hmma_src_bf16_dst_fp32.avg,,70736370.16
h12_n8,warm,k2,sm__ops_path_tensor_op_hmma_src_bf16_dst_fp32.max,,109051904
h12_n8,warm,k2,sm__ops_path_tensor_op_hmma_src_bf16_dst_fp32.min,,0
h12_n8,warm,k2,sm__ops_path_tensor_op_hmma_src_bf16_dst_fp32.sum,,10468982784
h12_n8,warm,k2,sm__ops_path_tensor_op_hmma_src_fp16_dst_fp16.avg,,0
h12_n8,warm,k2,sm__ops_path_tensor_op_hmma_src_fp16_dst_fp16.max,,0
h12_n8,warm,k2,sm__ops_path_tensor_op_hmma_src_fp16_dst_fp16.min,,0
h12_n8,warm,k2,sm__ops_path_tensor_op_hmma_src_fp16_dst_fp16.sum,,0
h12_n8,warm,k2,sm__pipe_tensor_cycles_active.avg.pct_of_peak_sustained_active,%,28.98
h12_n8,warm,k2,sm__pipe_tensor_cycles_active.avg.pct_of_peak_sustained_elapsed,%,17.77
h12_n8,warm,k2,sm__pipe_tensor_cycles_active.max.pct_of_peak_sustained_active,%,44.68
h12_n8,warm,k2,sm__pipe_tensor_cycles_active.max.pct_of_peak_sustained_elapsed,%,27.40
h12_n8,warm,k2,sm__pipe_tensor_cycles_active.min.pct_of_peak_sustained_active,%,0
h12_n8,warm,k2,sm__pipe_tensor_cycles_active.min.pct_of_peak_sustained_elapsed,%,0
h12_n8,warm,k2,sm__pipe_tensor_cycles_active.sum.pct_of_peak_sustained_active,%,28.98
h12_n8,warm,k2,sm__pipe_tensor_cycles_active.sum.pct_of_peak_sustained_elapsed,%,17.77
h12_n8,warm,k2,sm__throughput.avg.pct_of_peak_sustained_elapsed,%,18.96
h12_n8,warm,k2,sm__throughput.max.pct_of_peak_sustained_elapsed,%,29.27
h12_n8,warm,k2,sm__throughput.min.pct_of_peak_sustained_elapsed,%,0
h12_n8,warm,k2,sm__throughput.sum.pct_of_peak_sustained_elapsed,%,18.96
h12_n8,warm,k2,sm__warps_active.avg.pct_of_peak_sustained_active,%,9.32
h12_n8,warm,k2,sm__warps_active.avg.per_cycle_active,warp,5.96
h12_n8,warm,k2,sm__warps_active.max.pct_of_peak_sustained_active,%,14.67
h12_n8,warm,k2,sm__warps_active.max.per_cycle_active,warp,9.39
h12_n8,warm,k2,sm__warps_active.min.pct_of_peak_sustained_active,%,0
h12_n8,warm,k2,sm__warps_active.min.per_cycle_active,warp,0
h12_n8,warm,k2,sm__warps_active.sum.pct_of_peak_sustained_active,%,9.32
h12_n8,warm,k2,sm__warps_active.sum.per_cycle_active,warp,882.54
h12_n8,warm,k2,smsp__issue_active.avg.pct_of_peak_sustained_active,%,31.00
h12_n8,warm,k2,smsp__issue_active.max.pct_of_peak_sustained_active,%,63.79
h12_n8,warm,k2,smsp__issue_active.min.pct_of_peak_sustained_active,%,0
h12_n8,warm,k2,smsp__issue_active.sum.pct_of_peak_sustained_active,%,31.00
h12_n8,warm,k2,smsp__maximum_warps_avg_per_active_cycle,warp,3
h12_n8,warm,k2,smsp__warp_issue_stalled_barrier_per_warp_active.pct,%,4.18
h12_n8,warm,k2,smsp__warp_issue_stalled_long_scoreboard_per_warp_active.pct,%,10.20
h12_n8,warm,k2,smsp__warp_issue_stalled_math_pipe_throttle_per_warp_active.pct,%,0.12
h12_n8,warm,k2,smsp__warp_issue_stalled_membar_per_warp_active.pct,%,0
h12_n8,warm,k2,smsp__warp_issue_stalled_mio_throttle_per_warp_active.pct,%,2.78
h12_n8,warm,k2,smsp__warp_issue_stalled_not_selected_per_warp_active.pct,%,1.06
h12_n8,warm,k2,smsp__warp_issue_stalled_short_scoreboard_per_warp_active.pct,%,15.78
h12_n8,warm,k2,smsp__warp_issue_stalled_wait_per_warp_active.pct,%,22.92
h12_n8,warm,k2,smsp__warps_active.avg.peak_sustained,warp,16
h12_n8,warm,k2,smsp__warps_active.max.peak_sustained,warp,16
h12_n8,warm,k2,smsp__warps_active.min.peak_sustained,warp,16
h12_n8,warm,k2,smsp__warps_active.sum.peak_sustained,warp,9472
h12_n8,warm,k2,smsp__warps_eligible.avg.per_cycle_active,warp,0.33
h12_n8,warm,k2,smsp__warps_eligible.max.per_cycle_active,warp,0.73
h12_n8,warm,k2,smsp__warps_eligible.min.per_cycle_active,warp,0
h12_n8,warm,k2,smsp__warps_eligible.sum.per_cycle_active,warp,192.92
h96_n1,cold,k1,c2clink__enabled_mask,,0
h96_n1,cold,k1,c2clink__present,,0
h96_n1,cold,k1,derived__pct_occupancy_per_barrier_count,,2230
h96_n1,cold,k1,derived__pct_occupancy_per_block_size,%,5190
h96_n1,cold,k1,derived__pct_occupancy_per_register_count,%/register,8524
h96_n1,cold,k1,derived__pct_occupancy_per_shared_mem_size,%/byte,14020
h96_n1,cold,k1,device__attribute_architecture,,416
h96_n1,cold,k1,device__attribute_async_engine_count,,4
h96_n1,cold,k1,device__attribute_can_flush_remote_writes,,0
h96_n1,cold,k1,device__attribute_can_map_host_memory,,1
h96_n1,cold,k1,device__attribute_can_tex2d_gather,,1
h96_n1,cold,k1,device__attribute_can_use_64_bit_stream_mem_ops,,1
h96_n1,cold,k1,device__attribute_can_use_64_bit_stream_mem_ops_v1,,0
h96_n1,cold,k1,device__attribute_can_use_host_pointer_for_registered_mem,,1
h96_n1,cold,k1,device__attribute_can_use_stream_mem_ops_v1,,0
h96_n1,cold,k1,device__attribute_can_use_stream_wait_value_nor,,1
h96_n1,cold,k1,device__attribute_can_use_stream_wait_value_nor_v1,,0
h96_n1,cold,k1,device__attribute_chip,,419
h96_n1,cold,k1,device__attribute_clock_rate,,2032000
h96_n1,cold,k1,device__attribute_cluster_launch,,1
h96_n1,cold,k1,device__attribute_compute_capability_major,,10
h96_n1,cold,k1,device__attribute_compute_capability_minor,,3
h96_n1,cold,k1,device__attribute_compute_mode,,0
h96_n1,cold,k1,device__attribute_compute_preemption_supported,,1
h96_n1,cold,k1,device__attribute_concurrent_kernels,,1
h96_n1,cold,k1,device__attribute_concurrent_managed_access,,1
h96_n1,cold,k1,device__attribute_confidential_computing_mode,,No-CC
h96_n1,cold,k1,device__attribute_cooperative_launch,,1
h96_n1,cold,k1,device__attribute_cooperative_multi_device_launch,,1
h96_n1,cold,k1,device__attribute_deferred_mapping_cuda_array_supported,,1
h96_n1,cold,k1,device__attribute_device_index,,0
h96_n1,cold,k1,device__attribute_direct_managed_mem_access_from_host,,0
h96_n1,cold,k1,device__attribute_display_name,,NVIDIA B300 SXM6 AC
h96_n1,cold,k1,device__attribute_dma_buf_supported,,1
h96_n1,cold,k1,device__attribute_ecc_enabled,,1
h96_n1,cold,k1,device__attribute_fb_bus_width,,7680
h96_n1,cold,k1,device__attribute_fbp_count,,16
h96_n1,cold,k1,device__attribute_generic_compression_supported,,1
h96_n1,cold,k1,device__attribute_global_l1_cache_supported,,1
h96_n1,cold,k1,device__attribute_global_memory_bus_width,,7680
h96_n1,cold,k1,device__attribute_gpu_direct_rdma_flush_writes_options,,1
h96_n1,cold,k1,device__attribute_gpu_direct_rdma_supported,,1
h96_n1,cold,k1,device__attribute_gpu_direct_rdma_with_cuda_vmm_supported,,1
h96_n1,cold,k1,device__attribute_gpu_direct_rdma_writes_ordering,,100
h96_n1,cold,k1,device__attribute_gpu_overlap,,1
h96_n1,cold,k1,device__attribute_gpu_pci_device_id,,830607582
h96_n1,cold,k1,device__attribute_gpu_pci_ext_device_id,,12674
h96_n1,cold,k1,device__attribute_gpu_pci_ext_downstream_link_rate,,16000
h96_n1,cold,k1,device__attribute_gpu_pci_ext_downstream_link_width,,32
h96_n1,cold,k1,device__attribute_gpu_pci_ext_gen,,5
h96_n1,cold,k1,device__attribute_gpu_pci_ext_gpu_gen,,5
h96_n1,cold,k1,device__attribute_gpu_pci_ext_gpu_link_rate,,64000
h96_n1,cold,k1,device__attribute_gpu_pci_ext_gpu_link_width,,16
h96_n1,cold,k1,device__attribute_gpu_pci_revision_id,,161
h96_n1,cold,k1,device__attribute_gpu_pci_sub_system_id,,551948510
h96_n1,cold,k1,device__attribute_handle_type_fabric_supported,,1
h96_n1,cold,k1,device__attribute_handle_type_posix_file_descriptor_supported,,1
h96_n1,cold,k1,device__attribute_handle_type_win32_handle_supported,,0
h96_n1,cold,k1,device__attribute_handle_type_win32_kmt_handle_supported,,0
h96_n1,cold,k1,device__attribute_host_native_atomic_supported,,0
h96_n1,cold,k1,device__attribute_host_numa_id,,0
h96_n1,cold,k1,device__attribute_host_register_supported,,1
h96_n1,cold,k1,device__attribute_implementation,,419
h96_n1,cold,k1,device__attribute_integrated,,0
h96_n1,cold,k1,device__attribute_ipc_event_supported,,1
h96_n1,cold,k1,device__attribute_kernel_exec_timeout,,0
h96_n1,cold,k1,device__attribute_l2_cache_size,,132644864
h96_n1,cold,k1,device__attribute_l2s_count,,192
h96_n1,cold,k1,device__attribute_limits_max_cta_per_sm,,32
h96_n1,cold,k1,device__attribute_limits_num_tpcs,,74
h96_n1,cold,k1,device__attribute_local_l1_cache_supported,,1
h96_n1,cold,k1,device__attribute_managed_memory,,1
h96_n1,cold,k1,device__attribute_max_access_policy_window_size,,134217728
h96_n1,cold,k1,device__attribute_max_block_dim_x,,1024
h96_n1,cold,k1,device__attribute_max_block_dim_y,,1024
h96_n1,cold,k1,device__attribute_max_block_dim_z,,64
h96_n1,cold,k1,device__attribute_max_blocks_per_multiprocessor,,32
h96_n1,cold,k1,device__attribute_max_gpu_frequency_khz,,2032000
h96_n1,cold,k1,device__attribute_max_grid_dim_x,,2147483647
h96_n1,cold,k1,device__attribute_max_grid_dim_y,,65535
h96_n1,cold,k1,device__attribute_max_grid_dim_z,,65535
h96_n1,cold,k1,device__attribute_max_ipc_per_multiprocessor,,4
h96_n1,cold,k1,device__attribute_max_ipc_per_scheduler,,1
h96_n1,cold,k1,device__attribute_max_mem_frequency_khz,,3996000
h96_n1,cold,k1,device__attribute_max_persisting_l2_cache_size,,82903040
h96_n1,cold,k1,device__attribute_max_pitch,,2147483647
h96_n1,cold,k1,device__attribute_max_registers_per_block,,65536
h96_n1,cold,k1,device__attribute_max_registers_per_multiprocessor,,65536
h96_n1,cold,k1,device__attribute_max_registers_per_thread,,255
h96_n1,cold,k1,device__attribute_max_shared_memory_per_block,,49152
h96_n1,cold,k1,device__attribute_max_shared_memory_per_block_optin,,232448
h96_n1,cold,k1,device__attribute_max_shared_memory_per_multiprocessor,,233472
h96_n1,cold,k1,device__attribute_max_threads_per_block,,1024
h96_n1,cold,k1,device__attribute_max_threads_per_multiprocessor,,2048
h96_n1,cold,k1,device__attribute_max_warps_per_multiprocessor,,64
h96_n1,cold,k1,device__attribute_max_warps_per_scheduler,,16
h96_n1,cold,k1,device__attribute_maximum_surface1d_layered_layers,,2048
h96_n1,cold,k1,device__attribute_maximum_surface1d_layered_width,,32768
h96_n1,cold,k1,device__attribute_maximum_surface1d_width,,32768
h96_n1,cold,k1,device__attribute_maximum_surface2d_height,,65536
h96_n1,cold,k1,device__attribute_maximum_surface2d_layered_height,,32768
h96_n1,cold,k1,device__attribute_maximum_surface2d_layered_layers,,2048
h96_n1,cold,k1,device__attribute_maximum_surface2d_layered_width,,32768
h96_n1,cold,k1,device__attribute_maximum_surface2d_width,,131072
h96_n1,cold,k1,device__attribute_maximum_surface3d_depth,,16384
h96_n1,cold,k1,device__attribute_maximum_surface3d_height,,16384
h96_n1,cold,k1,device__attribute_maximum_surface3d_width,,16384
h96_n1,cold,k1,device__attribute_maximum_surfacecubemap_layered_layers,,2046
h96_n1,cold,k1,device__attribute_maximum_surfacecubemap_layered_width,,32768
h96_n1,cold,k1,device__attribute_maximum_surfacecubemap_width,,32768
h96_n1,cold,k1,device__attribute_maximum_texture1d_layered_layers,,2048
h96_n1,cold,k1,device__attribute_maximum_texture1d_layered_width,,32768
h96_n1,cold,k1,device__attribute_maximum_texture1d_linear_width,,268435456
h96_n1,cold,k1,device__attribute_maximum_texture1d_mipmapped_width,,32768
h96_n1,cold,k1,device__attribute_maximum_texture1d_width,,131072
h96_n1,cold,k1,device__attribute_maximum_texture2d_gather_height,,32768
h96_n1,cold,k1,device__attribute_maximum_texture2d_gather_width,,32768
h96_n1,cold,k1,device__attribute_maximum_texture2d_height,,65536
h96_n1,cold,k1,device__attribute_maximum_texture2d_layered_height,,32768
h96_n1,cold,k1,device__attribute_maximum_texture2d_layered_layers,,2048
h96_n1,cold,k1,device__attribute_maximum_texture2d_layered_width,,32768
h96_n1,cold,k1,device__attribute_maximum_texture2d_linear_height,,65000
h96_n1,cold,k1,device__attribute_maximum_texture2d_linear_pitch,,2097120
h96_n1,cold,k1,device__attribute_maximum_texture2d_linear_width,,131072
h96_n1,cold,k1,device__attribute_maximum_texture2d_mipmapped_height,,32768
h96_n1,cold,k1,device__attribute_maximum_texture2d_mipmapped_width,,32768
h96_n1,cold,k1,device__attribute_maximum_texture2d_width,,131072
h96_n1,cold,k1,device__attribute_maximum_texture3d_depth,,16384
h96_n1,cold,k1,device__attribute_maximum_texture3d_depth_alternate,,32768
h96_n1,cold,k1,device__attribute_maximum_texture3d_height,,16384
h96_n1,cold,k1,device__attribute_maximum_texture3d_height_alternate,,8192
h96_n1,cold,k1,device__attribute_maximum_texture3d_width,,16384
h96_n1,cold,k1,device__attribute_maximum_texture3d_width_alternate,,8192
h96_n1,cold,k1,device__attribute_maximum_texturecubemap_layered_layers,,2046
h96_n1,cold,k1,device__attribute_maximum_texturecubemap_layered_width,,32768
h96_n1,cold,k1,device__attribute_maximum_texturecubemap_width,,32768
h96_n1,cold,k1,device__attribute_mem_sync_domain_count,,4
h96_n1,cold,k1,device__attribute_memory_clock_rate,,3996000
h96_n1,cold,k1,device__attribute_memory_pools_supported,,1
h96_n1,cold,k1,device__attribute_mempool_supported_handle_types,,9
h96_n1,cold,k1,device__attribute_mps_enabled,,0
h96_n1,cold,k1,device__attribute_multi_gpu_board,,0
h96_n1,cold,k1,device__attribute_multi_gpu_board_group_id,,0
h96_n1,cold,k1,device__attribute_multicast_supported,,1
h96_n1,cold,k1,device__attribute_multiprocessor_count,,148
h96_n1,cold,k1,device__attribute_num_l2s_per_fbp,,12
h96_n1,cold,k1,device__attribute_num_schedulers_per_multiprocessor,,4
h96_n1,cold,k1,device__attribute_num_tex_per_multiprocessor,,1
h96_n1,cold,k1,device__attribute_numa_config,,0
h96_n1,cold,k1,device__attribute_pageable_memory_access,,1
h96_n1,cold,k1,device__attribute_pageable_memory_access_uses_host_page_tables,,0
h96_n1,cold,k1,device__attribute_pci_bus_id,,12
h96_n1,cold,k1,device__attribute_pci_device_id,,0
h96_n1,cold,k1,device__attribute_pci_domain_id,,0
h96_n1,cold,k1,device__attribute_ram_location,,1
h96_n1,cold,k1,device__attribute_ram_type,,0
h96_n1,cold,k1,device__attribute_reserved_shared_memory_per_block,,1024
h96_n1,cold,k1,device__attribute_sass_level,,10
h96_n1,cold,k1,device__attribute_single_to_double_precision_perf_ratio,,64
h96_n1,cold,k1,device__attribute_sparse_cuda_array_supported,,1
h96_n1,cold,k1,device__attribute_stream_priorities_supported,,1
h96_n1,cold,k1,device__attribute_surface_alignment,,512
h96_n1,cold,k1,device__attribute_tcc_driver,,0
h96_n1,cold,k1,device__attribute_tensor_map_access_supported,,1
h96_n1,cold,k1,device__attribute_texture_alignment,,512
h96_n1,cold,k1,device__attribute_texture_pitch_alignment,,32
h96_n1,cold,k1,device__attribute_total_constant_memory,,65536
h96_n1,cold,k1,device__attribute_total_memory,,287428640768
h96_n1,cold,k1,device__attribute_unified_addressing,,1
h96_n1,cold,k1,device__attribute_unified_function_pointers,,1
h96_n1,cold,k1,device__attribute_virtual_address_management_supported,,1
h96_n1,cold,k1,device__attribute_warp_size,,32
h96_n1,cold,k1,dram__bytes_read.avg,byte,9464448
h96_n1,cold,k1,dram__bytes_read.max,byte,10098944
h96_n1,cold,k1,dram__bytes_read.min,byte,5046016
h96_n1,cold,k1,dram__bytes_read.sum,byte,605724672
h96_n1,cold,k1,dram__bytes_write.avg,byte,9809000
h96_n1,cold,k1,dram__bytes_write.max,byte,10496000
h96_n1,cold,k1,dram__bytes_write.min,byte,5096448
h96_n1,cold,k1,dram__bytes_write.sum,byte,627776000
h96_n1,cold,k1,dram__throughput.avg.pct_of_peak_sustained_elapsed,%,58.69
h96_n1,cold,k1,dram__throughput.max.pct_of_peak_sustained_elapsed,%,58.79
h96_n1,cold,k1,dram__throughput.min.pct_of_peak_sustained_elapsed,%,57.91
h96_n1,cold,k1,dram__throughput.sum.pct_of_peak_sustained_elapsed,%,58.69
h96_n1,cold,k1,gpc__cycles_elapsed.avg.per_second,hz,1901052159.98
h96_n1,cold,k1,gpc__cycles_elapsed.max.per_second,hz,1906666082.69
h96_n1,cold,k1,gpc__cycles_elapsed.min.per_second,hz,1893515679.75
h96_n1,cold,k1,gpc__cycles_elapsed.sum.per_second,hz,15208417279.84
h96_n1,cold,k1,gpu__time_duration.avg,ns,273984
h96_n1,cold,k1,gpu__time_duration.max,ns,273984
h96_n1,cold,k1,gpu__time_duration.min,ns,273984
h96_n1,cold,k1,gpu__time_duration.sum,ns,273984
h96_n1,cold,k1,gr__workids_granted.avg,,0
h96_n1,cold,k1,gr__workids_granted.max,,0
h96_n1,cold,k1,gr__workids_granted.min,,0
h96_n1,cold,k1,gr__workids_granted.sum,,0
h96_n1,cold,k1,gr__workids_granted_as_ctas.avg,block,0
h96_n1,cold,k1,gr__workids_granted_as_ctas.max,block,0
h96_n1,cold,k1,gr__workids_granted_as_ctas.min,block,0
h96_n1,cold,k1,gr__workids_granted_as_ctas.sum,block,0
h96_n1,cold,k1,gr__workids_requested.avg,,0
h96_n1,cold,k1,gr__workids_requested.max,,0
h96_n1,cold,k1,gr__workids_requested.min,,0
h96_n1,cold,k1,gr__workids_requested.sum,,0
h96_n1,cold,k1,l1tex__data_bank_conflicts_pipe_lsu_mem_shared_op_ld.avg,,32531.47
h96_n1,cold,k1,l1tex__data_bank_conflicts_pipe_lsu_mem_shared_op_ld.max,,36688
h96_n1,cold,k1,l1tex__data_bank_conflicts_pipe_lsu_mem_shared_op_ld.min,,27716
h96_n1,cold,k1,l1tex__data_bank_conflicts_pipe_lsu_mem_shared_op_ld.sum,,4814657
h96_n1,cold,k1,l1tex__data_bank_conflicts_pipe_lsu_mem_shared_op_st.avg,,10715.41
h96_n1,cold,k1,l1tex__data_bank_conflicts_pipe_lsu_mem_shared_op_st.max,,12263
h96_n1,cold,k1,l1tex__data_bank_conflicts_pipe_lsu_mem_shared_op_st.min,,9136
h96_n1,cold,k1,l1tex__data_bank_conflicts_pipe_lsu_mem_shared_op_st.sum,,1585881
h96_n1,cold,k1,l1tex__throughput.avg.pct_of_peak_sustained_elapsed,%,67.57
h96_n1,cold,k1,l1tex__throughput.max.pct_of_peak_sustained_elapsed,%,69.85
h96_n1,cold,k1,l1tex__throughput.min.pct_of_peak_sustained_elapsed,%,65.08
h96_n1,cold,k1,l1tex__throughput.sum.pct_of_peak_sustained_elapsed,%,67.57
h96_n1,cold,k1,launch__barrier_count,,1
h96_n1,cold,k1,launch__block_dim_x,block,256
h96_n1,cold,k1,launch__block_dim_y,block,1
h96_n1,cold,k1,launch__block_dim_z,block,1
h96_n1,cold,k1,launch__block_size,,256
h96_n1,cold,k1,launch__cluster_dim_x,,0
h96_n1,cold,k1,launch__cluster_dim_y,,0
h96_n1,cold,k1,launch__cluster_dim_z,,0
h96_n1,cold,k1,launch__cluster_max_active,cluster,0
h96_n1,cold,k1,launch__cluster_max_potential_size,block,8
h96_n1,cold,k1,launch__cluster_scheduling_policy,,PolicySpread
h96_n1,cold,k1,launch__cluster_size,,0
h96_n1,cold,k1,launch__context_id,,1
h96_n1,cold,k1,launch__device_id,,0
h96_n1,cold,k1,launch__func_cache_config,,CachePreferNone
h96_n1,cold,k1,launch__function_pcs,,1
h96_n1,cold,k1,launch__grid_dim_x,,512
h96_n1,cold,k1,launch__grid_dim_y,,96
h96_n1,cold,k1,launch__grid_dim_z,,1
h96_n1,cold,k1,launch__grid_size,,49152
h96_n1,cold,k1,launch__occupancy_cluster_gpu_pct,%,0
h96_n1,cold,k1,launch__occupancy_cluster_pct,%,0
h96_n1,cold,k1,launch__occupancy_limit_barriers,block,32
h96_n1,cold,k1,launch__occupancy_limit_blocks,block,32
h96_n1,cold,k1,launch__occupancy_limit_registers,block,8
h96_n1,cold,k1,launch__occupancy_limit_shared_mem,block,9
h96_n1,cold,k1,launch__occupancy_limit_warps,block,8
h96_n1,cold,k1,launch__occupancy_per_barrier_count,,1440
h96_n1,cold,k1,launch__occupancy_per_block_size,,3339
h96_n1,cold,k1,launch__occupancy_per_cluster_size,,0
h96_n1,cold,k1,launch__occupancy_per_register_count,,5504
h96_n1,cold,k1,launch__occupancy_per_shared_mem_size,,9072
h96_n1,cold,k1,launch__persisting_l2_cache_size,byte,24870912
h96_n1,cold,k1,launch__preferred_cluster_dim_x,,0
h96_n1,cold,k1,launch__preferred_cluster_dim_y,,0
h96_n1,cold,k1,launch__preferred_cluster_dim_z,,0
h96_n1,cold,k1,launch__preferred_cluster_size,,0
h96_n1,cold,k1,launch__registers_per_thread,register/thread,32
h96_n1,cold,k1,launch__registers_per_thread_allocated,register/thread,32
h96_n1,cold,k1,launch__shared_mem_config_size,byte,200704
h96_n1,cold,k1,launch__shared_mem_per_block,byte/block,22272
h96_n1,cold,k1,launch__shared_mem_per_block_allocated,byte/block,22272
h96_n1,cold,k1,launch__shared_mem_per_block_driver,byte/block,1024
h96_n1,cold,k1,launch__shared_mem_per_block_dynamic,byte/block,21248
h96_n1,cold,k1,launch__shared_mem_per_block_static,byte/block,0
h96_n1,cold,k1,launch__sm_count,SM,148
h96_n1,cold,k1,launch__stack_size,,1024
h96_n1,cold,k1,launch__stream_id,,7
h96_n1,cold,k1,launch__thread_count,thread,12582912
h96_n1,cold,k1,launch__tpc_count,,74
h96_n1,cold,k1,launch__tpc_enabled,,all
h96_n1,cold,k1,launch__uses_cdp,,0
h96_n1,cold,k1,launch__uses_green_context,,0
h96_n1,cold,k1,launch__uses_mps,,0
h96_n1,cold,k1,launch__uses_nvlink_centric_scheduling,,0
h96_n1,cold,k1,launch__uses_vgpu,,0
h96_n1,cold,k1,launch__waves_per_multiprocessor,,41.51
h96_n1,cold,k1,lts__t_sector_hit_rate.pct,%,45.30
h96_n1,cold,k1,lts__t_sectors.avg,sector,498443.82
h96_n1,cold,k1,lts__t_sectors.max,sector,522796
h96_n1,cold,k1,lts__t_sectors.min,sector,251271
h96_n1,cold,k1,lts__t_sectors.sum,sector,91713663
h96_n1,cold,k1,lts__throughput.avg.pct_of_peak_sustained_elapsed,%,72.11
h96_n1,cold,k1,lts__throughput.max.pct_of_peak_sustained_elapsed,%,80.81
h96_n1,cold,k1,lts__throughput.min.pct_of_peak_sustained_elapsed,%,36.25
h96_n1,cold,k1,lts__throughput.sum.pct_of_peak_sustained_elapsed,%,72.11
h96_n1,cold,k1,numa__cpu_affinity,,1
h96_n1,cold,k1,numa__dev_display_name_all,,1
h96_n1,cold,k1,numa__id_cpu,,1
h96_n1,cold,k1,numa__id_memory,,1
h96_n1,cold,k1,nvlink__bandwidth,,0
h96_n1,cold,k1,nvlink__count_logical,,0
h96_n1,cold,k1,nvlink__count_physical,,0
h96_n1,cold,k1,nvlink__destination_ports,,0
h96_n1,cold,k1,nvlink__dev0Id,,0
h96_n1,cold,k1,nvlink__dev0type,,0
h96_n1,cold,k1,nvlink__dev1Id,,0
h96_n1,cold,k1,nvlink__dev1type,,0
h96_n1,cold,k1,nvlink__dev_display_name_all,,1
h96_n1,cold,k1,nvlink__enabled_mask,,262143
h96_n1,cold,k1,nvlink__is_direct_link,,0
h96_n1,cold,k1,nvlink__is_nvswitch_connected,,0
h96_n1,cold,k1,nvlink__max_count,,18
h96_n1,cold,k1,nvlink__peer_access,,0
h96_n1,cold,k1,nvlink__peer_atomic,,0
h96_n1,cold,k1,nvlink__source_ports,,0
h96_n1,cold,k1,nvlink__system_access,,0
h96_n1,cold,k1,nvlink__system_atomic,,0
h96_n1,cold,k1,profiler__perfworks_session_reuse,,0
h96_n1,cold,k1,profiler__replayer_bytes_mem_accessible.avg,byte,1921438699
h96_n1,cold,k1,profiler__replayer_bytes_mem_accessible.max,byte,1921438699
h96_n1,cold,k1,profiler__replayer_bytes_mem_accessible.min,byte,1921438699
h96_n1,cold,k1,profiler__replayer_bytes_mem_accessible.sum,byte,28821580485
h96_n1,cold,k1,profiler__replayer_bytes_mem_backed_up.avg,byte,1921438699
h96_n1,cold,k1,profiler__replayer_bytes_mem_backed_up.max,byte,1921438699
h96_n1,cold,k1,profiler__replayer_bytes_mem_backed_up.min,byte,1921438699
h96_n1,cold,k1,profiler__replayer_bytes_mem_backed_up.sum,byte,28821580485
h96_n1,cold,k1,profiler__replayer_passes,pass,15
h96_n1,cold,k1,profiler__replayer_passes_type_warmup,pass,0
h96_n1,cold,k1,sm__cycles_active.avg,cycle,510836.05
h96_n1,cold,k1,sm__cycles_active.avg.pct_of_peak_sustained_elapsed,%,98.31
h96_n1,cold,k1,sm__cycles_active.max,cycle,514662
h96_n1,cold,k1,sm__cycles_active.max.pct_of_peak_sustained_elapsed,%,99.05
h96_n1,cold,k1,sm__cycles_active.min,cycle,505958
h96_n1,cold,k1,sm__cycles_active.min.pct_of_peak_sustained_elapsed,%,97.37
h96_n1,cold,k1,sm__cycles_active.sum,cycle,75603736
h96_n1,cold,k1,sm__cycles_active.sum.pct_of_peak_sustained_elapsed,%,98.31
h96_n1,cold,k1,sm__inst_executed_pipe_adu.avg.pct_of_peak_sustained_elapsed,%,21.17
h96_n1,cold,k1,sm__inst_executed_pipe_adu.max.pct_of_peak_sustained_elapsed,%,21.79
h96_n1,cold,k1,sm__inst_executed_pipe_adu.min.pct_of_peak_sustained_elapsed,%,20.65
h96_n1,cold,k1,sm__inst_executed_pipe_adu.sum.pct_of_peak_sustained_elapsed,%,21.17
h96_n1,cold,k1,sm__inst_executed_pipe_alu.avg.pct_of_peak_sustained_elapsed,%,40.33
h96_n1,cold,k1,sm__inst_executed_pipe_alu.max.pct_of_peak_sustained_elapsed,%,41.17
h96_n1,cold,k1,sm__inst_executed_pipe_alu.min.pct_of_peak_sustained_elapsed,%,39.22
h96_n1,cold,k1,sm__inst_executed_pipe_alu.sum.pct_of_peak_sustained_elapsed,%,40.33
h96_n1,cold,k1,sm__inst_executed_pipe_fma.avg.pct_of_peak_sustained_elapsed,%,21.95
h96_n1,cold,k1,sm__inst_executed_pipe_fma.max.pct_of_peak_sustained_elapsed,%,22.41
h96_n1,cold,k1,sm__inst_executed_pipe_fma.min.pct_of_peak_sustained_elapsed,%,21.35
h96_n1,cold,k1,sm__inst_executed_pipe_fma.sum.pct_of_peak_sustained_elapsed,%,21.95
h96_n1,cold,k1,sm__inst_executed_pipe_lsu.avg.pct_of_peak_sustained_elapsed,%,40.39
h96_n1,cold,k1,sm__inst_executed_pipe_lsu.max.pct_of_peak_sustained_elapsed,%,41.23
h96_n1,cold,k1,sm__inst_executed_pipe_lsu.min.pct_of_peak_sustained_elapsed,%,39.29
h96_n1,cold,k1,sm__inst_executed_pipe_lsu.sum.pct_of_peak_sustained_elapsed,%,40.39
h96_n1,cold,k1,sm__inst_executed_pipe_xu.avg.pct_of_peak_sustained_elapsed,%,17.77
h96_n1,cold,k1,sm__inst_executed_pipe_xu.max.pct_of_peak_sustained_elapsed,%,18.24
h96_n1,cold,k1,sm__inst_executed_pipe_xu.min.pct_of_peak_sustained_elapsed,%,17.23
h96_n1,cold,k1,sm__inst_executed_pipe_xu.sum.pct_of_peak_sustained_elapsed,%,17.77
h96_n1,cold,k1,sm__issue_active.avg.pct_of_peak_sustained_elapsed,%,70.15
h96_n1,cold,k1,sm__issue_active.max.pct_of_peak_sustained_elapsed,%,72.02
h96_n1,cold,k1,sm__issue_active.min.pct_of_peak_sustained_elapsed,%,68.01
h96_n1,cold,k1,sm__issue_active.sum.pct_of_peak_sustained_elapsed,%,70.15
h96_n1,cold,k1,sm__maximum_warps_avg_per_active_cycle,warp,64
h96_n1,cold,k1,sm__maximum_warps_per_active_cycle_pct,%,100
h96_n1,cold,k1,sm__ops_path_tensor_op_hmma_src_bf16_dst_fp32.avg,,43530073.95
h96_n1,cold,k1,sm__ops_path_tensor_op_hmma_src_bf16_dst_fp32.max,,44695552
h96_n1,cold,k1,sm__ops_path_tensor_op_hmma_src_bf16_dst_fp32.min,,42205184
h96_n1,cold,k1,sm__ops_path_tensor_op_hmma_src_bf16_dst_fp32.sum,,6442450944
h96_n1,cold,k1,sm__ops_path_tensor_op_hmma_src_fp16_dst_fp16.avg,,16323777.73
h96_n1,cold,k1,sm__ops_path_tensor_op_hmma_src_fp16_dst_fp16.max,,16957440
h96_n1,cold,k1,sm__ops_path_tensor_op_hmma_src_fp16_dst_fp16.min,,15876096
h96_n1,cold,k1,sm__ops_path_tensor_op_hmma_src_fp16_dst_fp16.sum,,2415919104
h96_n1,cold,k1,sm__pipe_tensor_cycles_active.avg.pct_of_peak_sustained_active,%,5.72
h96_n1,cold,k1,sm__pipe_tensor_cycles_active.avg.pct_of_peak_sustained_elapsed,%,5.62
h96_n1,cold,k1,sm__pipe_tensor_cycles_active.max.pct_of_peak_sustained_active,%,5.91
h96_n1,cold,k1,sm__pipe_tensor_cycles_active.max.pct_of_peak_sustained_elapsed,%,5.81
h96_n1,cold,k1,sm__pipe_tensor_cycles_active.min.pct_of_peak_sustained_active,%,5.56
h96_n1,cold,k1,sm__pipe_tensor_cycles_active.min.pct_of_peak_sustained_elapsed,%,5.47
h96_n1,cold,k1,sm__pipe_tensor_cycles_active.sum.pct_of_peak_sustained_active,%,5.72
h96_n1,cold,k1,sm__pipe_tensor_cycles_active.sum.pct_of_peak_sustained_elapsed,%,5.62
h96_n1,cold,k1,sm__throughput.avg.pct_of_peak_sustained_elapsed,%,70.15
h96_n1,cold,k1,sm__throughput.max.pct_of_peak_sustained_elapsed,%,72.23
h96_n1,cold,k1,sm__throughput.min.pct_of_peak_sustained_elapsed,%,68.01
h96_n1,cold,k1,sm__throughput.sum.pct_of_peak_sustained_elapsed,%,70.15
h96_n1,cold,k1,sm__warps_active.avg.pct_of_peak_sustained_active,%,96.61
h96_n1,cold,k1,sm__warps_active.avg.per_cycle_active,warp,61.83
h96_n1,cold,k1,sm__warps_active.max.pct_of_peak_sustained_active,%,97.65
h96_n1,cold,k1,sm__warps_active.max.per_cycle_active,warp,62.49
h96_n1,cold,k1,sm__warps_active.min.pct_of_peak_sustained_active,%,95.67
h96_n1,cold,k1,sm__warps_active.min.per_cycle_active,warp,61.23
h96_n1,cold,k1,sm__warps_active.sum.pct_of_peak_sustained_active,%,96.61
h96_n1,cold,k1,sm__warps_active.sum.per_cycle_active,warp,9151.35
h96_n1,cold,k1,smsp__issue_active.avg.pct_of_peak_sustained_active,%,71.32
h96_n1,cold,k1,smsp__issue_active.max.pct_of_peak_sustained_active,%,73.27
h96_n1,cold,k1,smsp__issue_active.min.pct_of_peak_sustained_active,%,69.11
h96_n1,cold,k1,smsp__issue_active.sum.pct_of_peak_sustained_active,%,71.32
h96_n1,cold,k1,smsp__maximum_warps_avg_per_active_cycle,warp,16
h96_n1,cold,k1,smsp__warp_issue_stalled_barrier_per_warp_active.pct,%,38.44
h96_n1,cold,k1,smsp__warp_issue_stalled_long_scoreboard_per_warp_active.pct,%,19.00
h96_n1,cold,k1,smsp__warp_issue_stalled_math_pipe_throttle_per_warp_active.pct,%,2.50
h96_n1,cold,k1,smsp__warp_issue_stalled_membar_per_warp_active.pct,%,0
h96_n1,cold,k1,smsp__warp_issue_stalled_mio_throttle_per_warp_active.pct,%,2.41
h96_n1,cold,k1,smsp__warp_issue_stalled_not_selected_per_warp_active.pct,%,10.00
h96_n1,cold,k1,smsp__warp_issue_stalled_short_scoreboard_per_warp_active.pct,%,11.76
h96_n1,cold,k1,smsp__warp_issue_stalled_wait_per_warp_active.pct,%,8.26
h96_n1,cold,k1,smsp__warps_active.avg.peak_sustained,warp,16
h96_n1,cold,k1,smsp__warps_active.max.peak_sustained,warp,16
h96_n1,cold,k1,smsp__warps_active.min.peak_sustained,warp,16
h96_n1,cold,k1,smsp__warps_active.sum.peak_sustained,warp,9472
h96_n1,cold,k1,smsp__warps_eligible.avg.per_cycle_active,warp,2.26
h96_n1,cold,k1,smsp__warps_eligible.max.per_cycle_active,warp,2.46
h96_n1,cold,k1,smsp__warps_eligible.min.per_cycle_active,warp,2.10
h96_n1,cold,k1,smsp__warps_eligible.sum.per_cycle_active,warp,1336.72
h96_n1,cold,k2,c2clink__enabled_mask,,0
h96_n1,cold,k2,c2clink__present,,0
h96_n1,cold,k2,derived__pct_occupancy_per_barrier_count,,882
h96_n1,cold,k2,derived__pct_occupancy_per_block_size,%,1163
h96_n1,cold,k2,derived__pct_occupancy_per_register_count,%/register,3834
h96_n1,cold,k2,derived__pct_occupancy_per_shared_mem_size,%/byte,8069
h96_n1,cold,k2,device__attribute_architecture,,416
h96_n1,cold,k2,device__attribute_async_engine_count,,4
h96_n1,cold,k2,device__attribute_can_flush_remote_writes,,0
h96_n1,cold,k2,device__attribute_can_map_host_memory,,1
h96_n1,cold,k2,device__attribute_can_tex2d_gather,,1
h96_n1,cold,k2,device__attribute_can_use_64_bit_stream_mem_ops,,1
h96_n1,cold,k2,device__attribute_can_use_64_bit_stream_mem_ops_v1,,0
h96_n1,cold,k2,device__attribute_can_use_host_pointer_for_registered_mem,,1
h96_n1,cold,k2,device__attribute_can_use_stream_mem_ops_v1,,0
h96_n1,cold,k2,device__attribute_can_use_stream_wait_value_nor,,1
h96_n1,cold,k2,device__attribute_can_use_stream_wait_value_nor_v1,,0
h96_n1,cold,k2,device__attribute_chip,,419
h96_n1,cold,k2,device__attribute_clock_rate,,2032000
h96_n1,cold,k2,device__attribute_cluster_launch,,1
h96_n1,cold,k2,device__attribute_compute_capability_major,,10
h96_n1,cold,k2,device__attribute_compute_capability_minor,,3
h96_n1,cold,k2,device__attribute_compute_mode,,0
h96_n1,cold,k2,device__attribute_compute_preemption_supported,,1
h96_n1,cold,k2,device__attribute_concurrent_kernels,,1
h96_n1,cold,k2,device__attribute_concurrent_managed_access,,1
h96_n1,cold,k2,device__attribute_confidential_computing_mode,,No-CC
h96_n1,cold,k2,device__attribute_cooperative_launch,,1
h96_n1,cold,k2,device__attribute_cooperative_multi_device_launch,,1
h96_n1,cold,k2,device__attribute_deferred_mapping_cuda_array_supported,,1
h96_n1,cold,k2,device__attribute_device_index,,0
h96_n1,cold,k2,device__attribute_direct_managed_mem_access_from_host,,0
h96_n1,cold,k2,device__attribute_display_name,,NVIDIA B300 SXM6 AC
h96_n1,cold,k2,device__attribute_dma_buf_supported,,1
h96_n1,cold,k2,device__attribute_ecc_enabled,,1
h96_n1,cold,k2,device__attribute_fb_bus_width,,7680
h96_n1,cold,k2,device__attribute_fbp_count,,16
h96_n1,cold,k2,device__attribute_generic_compression_supported,,1
h96_n1,cold,k2,device__attribute_global_l1_cache_supported,,1
h96_n1,cold,k2,device__attribute_global_memory_bus_width,,7680
h96_n1,cold,k2,device__attribute_gpu_direct_rdma_flush_writes_options,,1
h96_n1,cold,k2,device__attribute_gpu_direct_rdma_supported,,1
h96_n1,cold,k2,device__attribute_gpu_direct_rdma_with_cuda_vmm_supported,,1
h96_n1,cold,k2,device__attribute_gpu_direct_rdma_writes_ordering,,100
h96_n1,cold,k2,device__attribute_gpu_overlap,,1
h96_n1,cold,k2,device__attribute_gpu_pci_device_id,,830607582
h96_n1,cold,k2,device__attribute_gpu_pci_ext_device_id,,12674
h96_n1,cold,k2,device__attribute_gpu_pci_ext_downstream_link_rate,,16000
h96_n1,cold,k2,device__attribute_gpu_pci_ext_downstream_link_width,,32
h96_n1,cold,k2,device__attribute_gpu_pci_ext_gen,,5
h96_n1,cold,k2,device__attribute_gpu_pci_ext_gpu_gen,,5
h96_n1,cold,k2,device__attribute_gpu_pci_ext_gpu_link_rate,,64000
h96_n1,cold,k2,device__attribute_gpu_pci_ext_gpu_link_width,,16
h96_n1,cold,k2,device__attribute_gpu_pci_revision_id,,161
h96_n1,cold,k2,device__attribute_gpu_pci_sub_system_id,,551948510
h96_n1,cold,k2,device__attribute_handle_type_fabric_supported,,1
h96_n1,cold,k2,device__attribute_handle_type_posix_file_descriptor_supported,,1
h96_n1,cold,k2,device__attribute_handle_type_win32_handle_supported,,0
h96_n1,cold,k2,device__attribute_handle_type_win32_kmt_handle_supported,,0
h96_n1,cold,k2,device__attribute_host_native_atomic_supported,,0
h96_n1,cold,k2,device__attribute_host_numa_id,,0
h96_n1,cold,k2,device__attribute_host_register_supported,,1
h96_n1,cold,k2,device__attribute_implementation,,419
h96_n1,cold,k2,device__attribute_integrated,,0
h96_n1,cold,k2,device__attribute_ipc_event_supported,,1
h96_n1,cold,k2,device__attribute_kernel_exec_timeout,,0
h96_n1,cold,k2,device__attribute_l2_cache_size,,132644864
h96_n1,cold,k2,device__attribute_l2s_count,,192
h96_n1,cold,k2,device__attribute_limits_max_cta_per_sm,,32
h96_n1,cold,k2,device__attribute_limits_num_tpcs,,74
h96_n1,cold,k2,device__attribute_local_l1_cache_supported,,1
h96_n1,cold,k2,device__attribute_managed_memory,,1
h96_n1,cold,k2,device__attribute_max_access_policy_window_size,,134217728
h96_n1,cold,k2,device__attribute_max_block_dim_x,,1024
h96_n1,cold,k2,device__attribute_max_block_dim_y,,1024
h96_n1,cold,k2,device__attribute_max_block_dim_z,,64
h96_n1,cold,k2,device__attribute_max_blocks_per_multiprocessor,,32
h96_n1,cold,k2,device__attribute_max_gpu_frequency_khz,,2032000
h96_n1,cold,k2,device__attribute_max_grid_dim_x,,2147483647
h96_n1,cold,k2,device__attribute_max_grid_dim_y,,65535
h96_n1,cold,k2,device__attribute_max_grid_dim_z,,65535
h96_n1,cold,k2,device__attribute_max_ipc_per_multiprocessor,,4
h96_n1,cold,k2,device__attribute_max_ipc_per_scheduler,,1
h96_n1,cold,k2,device__attribute_max_mem_frequency_khz,,3996000
h96_n1,cold,k2,device__attribute_max_persisting_l2_cache_size,,82903040
h96_n1,cold,k2,device__attribute_max_pitch,,2147483647
h96_n1,cold,k2,device__attribute_max_registers_per_block,,65536
h96_n1,cold,k2,device__attribute_max_registers_per_multiprocessor,,65536
h96_n1,cold,k2,device__attribute_max_registers_per_thread,,255
h96_n1,cold,k2,device__attribute_max_shared_memory_per_block,,49152
h96_n1,cold,k2,device__attribute_max_shared_memory_per_block_optin,,232448
h96_n1,cold,k2,device__attribute_max_shared_memory_per_multiprocessor,,233472
h96_n1,cold,k2,device__attribute_max_threads_per_block,,1024
h96_n1,cold,k2,device__attribute_max_threads_per_multiprocessor,,2048
h96_n1,cold,k2,device__attribute_max_warps_per_multiprocessor,,64
h96_n1,cold,k2,device__attribute_max_warps_per_scheduler,,16
h96_n1,cold,k2,device__attribute_maximum_surface1d_layered_layers,,2048
h96_n1,cold,k2,device__attribute_maximum_surface1d_layered_width,,32768
h96_n1,cold,k2,device__attribute_maximum_surface1d_width,,32768
h96_n1,cold,k2,device__attribute_maximum_surface2d_height,,65536
h96_n1,cold,k2,device__attribute_maximum_surface2d_layered_height,,32768
h96_n1,cold,k2,device__attribute_maximum_surface2d_layered_layers,,2048
h96_n1,cold,k2,device__attribute_maximum_surface2d_layered_width,,32768
h96_n1,cold,k2,device__attribute_maximum_surface2d_width,,131072
h96_n1,cold,k2,device__attribute_maximum_surface3d_depth,,16384
h96_n1,cold,k2,device__attribute_maximum_surface3d_height,,16384
h96_n1,cold,k2,device__attribute_maximum_surface3d_width,,16384
h96_n1,cold,k2,device__attribute_maximum_surfacecubemap_layered_layers,,2046
h96_n1,cold,k2,device__attribute_maximum_surfacecubemap_layered_width,,32768
h96_n1,cold,k2,device__attribute_maximum_surfacecubemap_width,,32768
h96_n1,cold,k2,device__attribute_maximum_texture1d_layered_layers,,2048
h96_n1,cold,k2,device__attribute_maximum_texture1d_layered_width,,32768
h96_n1,cold,k2,device__attribute_maximum_texture1d_linear_width,,268435456
h96_n1,cold,k2,device__attribute_maximum_texture1d_mipmapped_width,,32768
h96_n1,cold,k2,device__attribute_maximum_texture1d_width,,131072
h96_n1,cold,k2,device__attribute_maximum_texture2d_gather_height,,32768
h96_n1,cold,k2,device__attribute_maximum_texture2d_gather_width,,32768
h96_n1,cold,k2,device__attribute_maximum_texture2d_height,,65536
h96_n1,cold,k2,device__attribute_maximum_texture2d_layered_height,,32768
h96_n1,cold,k2,device__attribute_maximum_texture2d_layered_layers,,2048
h96_n1,cold,k2,device__attribute_maximum_texture2d_layered_width,,32768
h96_n1,cold,k2,device__attribute_maximum_texture2d_linear_height,,65000
h96_n1,cold,k2,device__attribute_maximum_texture2d_linear_pitch,,2097120
h96_n1,cold,k2,device__attribute_maximum_texture2d_linear_width,,131072
h96_n1,cold,k2,device__attribute_maximum_texture2d_mipmapped_height,,32768
h96_n1,cold,k2,device__attribute_maximum_texture2d_mipmapped_width,,32768
h96_n1,cold,k2,device__attribute_maximum_texture2d_width,,131072
h96_n1,cold,k2,device__attribute_maximum_texture3d_depth,,16384
h96_n1,cold,k2,device__attribute_maximum_texture3d_depth_alternate,,32768
h96_n1,cold,k2,device__attribute_maximum_texture3d_height,,16384
h96_n1,cold,k2,device__attribute_maximum_texture3d_height_alternate,,8192
h96_n1,cold,k2,device__attribute_maximum_texture3d_width,,16384
h96_n1,cold,k2,device__attribute_maximum_texture3d_width_alternate,,8192
h96_n1,cold,k2,device__attribute_maximum_texturecubemap_layered_layers,,2046
h96_n1,cold,k2,device__attribute_maximum_texturecubemap_layered_width,,32768
h96_n1,cold,k2,device__attribute_maximum_texturecubemap_width,,32768
h96_n1,cold,k2,device__attribute_mem_sync_domain_count,,4
h96_n1,cold,k2,device__attribute_memory_clock_rate,,3996000
h96_n1,cold,k2,device__attribute_memory_pools_supported,,1
h96_n1,cold,k2,device__attribute_mempool_supported_handle_types,,9
h96_n1,cold,k2,device__attribute_mps_enabled,,0
h96_n1,cold,k2,device__attribute_multi_gpu_board,,0
h96_n1,cold,k2,device__attribute_multi_gpu_board_group_id,,0
h96_n1,cold,k2,device__attribute_multicast_supported,,1
h96_n1,cold,k2,device__attribute_multiprocessor_count,,148
h96_n1,cold,k2,device__attribute_num_l2s_per_fbp,,12
h96_n1,cold,k2,device__attribute_num_schedulers_per_multiprocessor,,4
h96_n1,cold,k2,device__attribute_num_tex_per_multiprocessor,,1
h96_n1,cold,k2,device__attribute_numa_config,,0
h96_n1,cold,k2,device__attribute_pageable_memory_access,,1
h96_n1,cold,k2,device__attribute_pageable_memory_access_uses_host_page_tables,,0
h96_n1,cold,k2,device__attribute_pci_bus_id,,12
h96_n1,cold,k2,device__attribute_pci_device_id,,0
h96_n1,cold,k2,device__attribute_pci_domain_id,,0
h96_n1,cold,k2,device__attribute_ram_location,,1
h96_n1,cold,k2,device__attribute_ram_type,,0
h96_n1,cold,k2,device__attribute_reserved_shared_memory_per_block,,1024
h96_n1,cold,k2,device__attribute_sass_level,,10
h96_n1,cold,k2,device__attribute_single_to_double_precision_perf_ratio,,64
h96_n1,cold,k2,device__attribute_sparse_cuda_array_supported,,1
h96_n1,cold,k2,device__attribute_stream_priorities_supported,,1
h96_n1,cold,k2,device__attribute_surface_alignment,,512
h96_n1,cold,k2,device__attribute_tcc_driver,,0
h96_n1,cold,k2,device__attribute_tensor_map_access_supported,,1
h96_n1,cold,k2,device__attribute_texture_alignment,,512
h96_n1,cold,k2,device__attribute_texture_pitch_alignment,,32
h96_n1,cold,k2,device__attribute_total_constant_memory,,65536
h96_n1,cold,k2,device__attribute_total_memory,,287428640768
h96_n1,cold,k2,device__attribute_unified_addressing,,1
h96_n1,cold,k2,device__attribute_unified_function_pointers,,1
h96_n1,cold,k2,device__attribute_virtual_address_management_supported,,1
h96_n1,cold,k2,device__attribute_warp_size,,32
h96_n1,cold,k2,dram__bytes_read.avg,byte,13837484
h96_n1,cold,k2,dram__bytes_read.max,byte,14760704
h96_n1,cold,k2,dram__bytes_read.min,byte,7380480
h96_n1,cold,k2,dram__bytes_read.sum,byte,885598976
h96_n1,cold,k2,dram__bytes_write.avg,byte,2921036
h96_n1,cold,k2,dram__bytes_write.max,byte,3138048
h96_n1,cold,k2,dram__bytes_write.min,byte,1507584
h96_n1,cold,k2,dram__bytes_write.sum,byte,186946304
h96_n1,cold,k2,dram__throughput.avg.pct_of_peak_sustained_elapsed,%,18.68
h96_n1,cold,k2,dram__throughput.max.pct_of_peak_sustained_elapsed,%,18.71
h96_n1,cold,k2,dram__throughput.min.pct_of_peak_sustained_elapsed,%,18.58
h96_n1,cold,k2,dram__throughput.sum.pct_of_peak_sustained_elapsed,%,18.68
h96_n1,cold,k2,gpc__cycles_elapsed.avg.per_second,hz,1904972751.13
h96_n1,cold,k2,gpc__cycles_elapsed.max.per_second,hz,1906197881.03
h96_n1,cold,k2,gpc__cycles_elapsed.min.per_second,hz,1901938825.69
h96_n1,cold,k2,gpc__cycles_elapsed.sum.per_second,hz,15239782009.07
h96_n1,cold,k2,gpu__time_duration.avg,ns,748288
h96_n1,cold,k2,gpu__time_duration.max,ns,748288
h96_n1,cold,k2,gpu__time_duration.min,ns,748288
h96_n1,cold,k2,gpu__time_duration.sum,ns,748288
h96_n1,cold,k2,gr__workids_granted.avg,,0
h96_n1,cold,k2,gr__workids_granted.max,,0
h96_n1,cold,k2,gr__workids_granted.min,,0
h96_n1,cold,k2,gr__workids_granted.sum,,0
h96_n1,cold,k2,gr__workids_granted_as_ctas.avg,block,0
h96_n1,cold,k2,gr__workids_granted_as_ctas.max,block,0
h96_n1,cold,k2,gr__workids_granted_as_ctas.min,block,0
h96_n1,cold,k2,gr__workids_granted_as_ctas.sum,block,0
h96_n1,cold,k2,gr__workids_requested.avg,,0
h96_n1,cold,k2,gr__workids_requested.max,,0
h96_n1,cold,k2,gr__workids_requested.min,,0
h96_n1,cold,k2,gr__workids_requested.sum,,0
h96_n1,cold,k2,l1tex__data_bank_conflicts_pipe_lsu_mem_shared_op_ld.avg,,19207.43
h96_n1,cold,k2,l1tex__data_bank_conflicts_pipe_lsu_mem_shared_op_ld.max,,33023
h96_n1,cold,k2,l1tex__data_bank_conflicts_pipe_lsu_mem_shared_op_ld.min,,0
h96_n1,cold,k2,l1tex__data_bank_conflicts_pipe_lsu_mem_shared_op_ld.sum,,2842700
h96_n1,cold,k2,l1tex__data_bank_conflicts_pipe_lsu_mem_shared_op_st.avg,,72477.47
h96_n1,cold,k2,l1tex__data_bank_conflicts_pipe_lsu_mem_shared_op_st.max,,119304
h96_n1,cold,k2,l1tex__data_bank_conflicts_pipe_lsu_mem_shared_op_st.min,,0
h96_n1,cold,k2,l1tex__data_bank_conflicts_pipe_lsu_mem_shared_op_st.sum,,10726666
h96_n1,cold,k2,l1tex__throughput.avg.pct_of_peak_sustained_elapsed,%,39.02
h96_n1,cold,k2,l1tex__throughput.max.pct_of_peak_sustained_elapsed,%,60.75
h96_n1,cold,k2,l1tex__throughput.min.pct_of_peak_sustained_elapsed,%,0.00
h96_n1,cold,k2,l1tex__throughput.sum.pct_of_peak_sustained_elapsed,%,39.02
h96_n1,cold,k2,launch__barrier_count,,9
h96_n1,cold,k2,launch__block_dim_x,block,192
h96_n1,cold,k2,launch__block_dim_y,block,1
h96_n1,cold,k2,launch__block_dim_z,block,1
h96_n1,cold,k2,launch__block_size,,192
h96_n1,cold,k2,launch__cluster_dim_x,,0
h96_n1,cold,k2,launch__cluster_dim_y,,0
h96_n1,cold,k2,launch__cluster_dim_z,,0
h96_n1,cold,k2,launch__cluster_max_active,cluster,0
h96_n1,cold,k2,launch__cluster_max_potential_size,block,8
h96_n1,cold,k2,launch__cluster_scheduling_policy,,PolicySpread
h96_n1,cold,k2,launch__cluster_size,,0
h96_n1,cold,k2,launch__context_id,,1
h96_n1,cold,k2,launch__device_id,,0
h96_n1,cold,k2,launch__func_cache_config,,CachePreferNone
h96_n1,cold,k2,launch__function_pcs,,1
h96_n1,cold,k2,launch__grid_dim_x,,1
h96_n1,cold,k2,launch__grid_dim_y,,96
h96_n1,cold,k2,launch__grid_dim_z,,1
h96_n1,cold,k2,launch__grid_size,,96
h96_n1,cold,k2,launch__occupancy_cluster_gpu_pct,%,0
h96_n1,cold,k2,launch__occupancy_cluster_pct,%,0
h96_n1,cold,k2,launch__occupancy_limit_barriers,block,7
h96_n1,cold,k2,launch__occupancy_limit_blocks,block,32
h96_n1,cold,k2,launch__occupancy_limit_registers,block,4
h96_n1,cold,k2,launch__occupancy_limit_shared_mem,block,2
h96_n1,cold,k2,launch__occupancy_limit_warps,block,10
h96_n1,cold,k2,launch__occupancy_per_barrier_count,,588
h96_n1,cold,k2,launch__occupancy_per_block_size,,758
h96_n1,cold,k2,launch__occupancy_per_cluster_size,,0
h96_n1,cold,k2,launch__occupancy_per_register_count,,2556
h96_n1,cold,k2,launch__occupancy_per_shared_mem_size,,5292
h96_n1,cold,k2,launch__persisting_l2_cache_size,byte,24870912
h96_n1,cold,k2,launch__preferred_cluster_dim_x,,0
h96_n1,cold,k2,launch__preferred_cluster_dim_y,,0
h96_n1,cold,k2,launch__preferred_cluster_dim_z,,0
h96_n1,cold,k2,launch__preferred_cluster_size,,0
h96_n1,cold,k2,launch__registers_per_thread,register/thread,73
h96_n1,cold,k2,launch__registers_per_thread_allocated,register/thread,80
h96_n1,cold,k2,launch__shared_mem_config_size,byte,200704
h96_n1,cold,k2,launch__shared_mem_per_block,byte/block,99456
h96_n1,cold,k2,launch__shared_mem_per_block_allocated,byte/block,99456
h96_n1,cold,k2,launch__shared_mem_per_block_driver,byte/block,1024
h96_n1,cold,k2,launch__shared_mem_per_block_dynamic,byte/block,98432
h96_n1,cold,k2,launch__shared_mem_per_block_static,byte/block,0
h96_n1,cold,k2,launch__sm_count,SM,148
h96_n1,cold,k2,launch__stack_size,,1024
h96_n1,cold,k2,launch__stream_id,,7
h96_n1,cold,k2,launch__thread_count,thread,18432
h96_n1,cold,k2,launch__tpc_count,,74
h96_n1,cold,k2,launch__tpc_enabled,,all
h96_n1,cold,k2,launch__uses_cdp,,0
h96_n1,cold,k2,launch__uses_green_context,,0
h96_n1,cold,k2,launch__uses_mps,,0
h96_n1,cold,k2,launch__uses_nvlink_centric_scheduling,,0
h96_n1,cold,k2,launch__uses_vgpu,,0
h96_n1,cold,k2,launch__waves_per_multiprocessor,,0.32
h96_n1,cold,k2,lts__t_sector_hit_rate.pct,%,53.00
h96_n1,cold,k2,lts__t_sectors.avg,sector,552958.32
h96_n1,cold,k2,lts__t_sectors.max,sector,595341
h96_n1,cold,k2,lts__t_sectors.min,sector,268707
h96_n1,cold,k2,lts__t_sectors.sum,sector,101744331
h96_n1,cold,k2,lts__throughput.avg.pct_of_peak_sustained_elapsed,%,27.11
h96_n1,cold,k2,lts__throughput.max.pct_of_peak_sustained_elapsed,%,29.48
h96_n1,cold,k2,lts__throughput.min.pct_of_peak_sustained_elapsed,%,13.06
h96_n1,cold,k2,lts__throughput.sum.pct_of_peak_sustained_elapsed,%,27.11
h96_n1,cold,k2,numa__cpu_affinity,,1
h96_n1,cold,k2,numa__dev_display_name_all,,1
h96_n1,cold,k2,numa__id_cpu,,1
h96_n1,cold,k2,numa__id_memory,,1
h96_n1,cold,k2,nvlink__bandwidth,,0
h96_n1,cold,k2,nvlink__count_logical,,0
h96_n1,cold,k2,nvlink__count_physical,,0
h96_n1,cold,k2,nvlink__destination_ports,,0
h96_n1,cold,k2,nvlink__dev0Id,,0
h96_n1,cold,k2,nvlink__dev0type,,0
h96_n1,cold,k2,nvlink__dev1Id,,0
h96_n1,cold,k2,nvlink__dev1type,,0
h96_n1,cold,k2,nvlink__dev_display_name_all,,1
h96_n1,cold,k2,nvlink__enabled_mask,,262143
h96_n1,cold,k2,nvlink__is_direct_link,,0
h96_n1,cold,k2,nvlink__is_nvswitch_connected,,0
h96_n1,cold,k2,nvlink__max_count,,18
h96_n1,cold,k2,nvlink__peer_access,,0
h96_n1,cold,k2,nvlink__peer_atomic,,0
h96_n1,cold,k2,nvlink__source_ports,,0
h96_n1,cold,k2,nvlink__system_access,,0
h96_n1,cold,k2,nvlink__system_atomic,,0
h96_n1,cold,k2,profiler__perfworks_session_reuse,,0
h96_n1,cold,k2,profiler__replayer_bytes_mem_accessible.avg,byte,1921438699
h96_n1,cold,k2,profiler__replayer_bytes_mem_accessible.max,byte,1921438699
h96_n1,cold,k2,profiler__replayer_bytes_mem_accessible.min,byte,1921438699
h96_n1,cold,k2,profiler__replayer_bytes_mem_accessible.sum,byte,28821580485
h96_n1,cold,k2,profiler__replayer_bytes_mem_backed_up.avg,byte,1921438699
h96_n1,cold,k2,profiler__replayer_bytes_mem_backed_up.max,byte,1921438699
h96_n1,cold,k2,profiler__replayer_bytes_mem_backed_up.min,byte,1921438699
h96_n1,cold,k2,profiler__replayer_bytes_mem_backed_up.sum,byte,28821580485
h96_n1,cold,k2,profiler__replayer_passes,pass,15
h96_n1,cold,k2,profiler__replayer_passes_type_warmup,pass,0
h96_n1,cold,k2,sm__cycles_active.avg,cycle,911536.66
h96_n1,cold,k2,sm__cycles_active.avg.pct_of_peak_sustained_elapsed,%,63.81
h96_n1,cold,k2,sm__cycles_active.max,cycle,1418769
h96_n1,cold,k2,sm__cycles_active.max.pct_of_peak_sustained_elapsed,%,99.31
h96_n1,cold,k2,sm__cycles_active.min,cycle,0
h96_n1,cold,k2,sm__cycles_active.min.pct_of_peak_sustained_elapsed,%,0
h96_n1,cold,k2,sm__cycles_active.sum,cycle,134907426
h96_n1,cold,k2,sm__cycles_active.sum.pct_of_peak_sustained_elapsed,%,63.81
h96_n1,cold,k2,sm__inst_executed_pipe_adu.avg.pct_of_peak_sustained_elapsed,%,2.12
h96_n1,cold,k2,sm__inst_executed_pipe_adu.max.pct_of_peak_sustained_elapsed,%,3.32
h96_n1,cold,k2,sm__inst_executed_pipe_adu.min.pct_of_peak_sustained_elapsed,%,0
h96_n1,cold,k2,sm__inst_executed_pipe_adu.sum.pct_of_peak_sustained_elapsed,%,2.12
h96_n1,cold,k2,sm__inst_executed_pipe_alu.avg.pct_of_peak_sustained_elapsed,%,13.57
h96_n1,cold,k2,sm__inst_executed_pipe_alu.max.pct_of_peak_sustained_elapsed,%,20.92
h96_n1,cold,k2,sm__inst_executed_pipe_alu.min.pct_of_peak_sustained_elapsed,%,0
h96_n1,cold,k2,sm__inst_executed_pipe_alu.sum.pct_of_peak_sustained_elapsed,%,13.57
h96_n1,cold,k2,sm__inst_executed_pipe_fma.avg.pct_of_peak_sustained_elapsed,%,5.68
h96_n1,cold,k2,sm__inst_executed_pipe_fma.max.pct_of_peak_sustained_elapsed,%,8.76
h96_n1,cold,k2,sm__inst_executed_pipe_fma.min.pct_of_peak_sustained_elapsed,%,0
h96_n1,cold,k2,sm__inst_executed_pipe_fma.sum.pct_of_peak_sustained_elapsed,%,5.68
h96_n1,cold,k2,sm__inst_executed_pipe_lsu.avg.pct_of_peak_sustained_elapsed,%,10.70
h96_n1,cold,k2,sm__inst_executed_pipe_lsu.max.pct_of_peak_sustained_elapsed,%,16.49
h96_n1,cold,k2,sm__inst_executed_pipe_lsu.min.pct_of_peak_sustained_elapsed,%,0
h96_n1,cold,k2,sm__inst_executed_pipe_lsu.sum.pct_of_peak_sustained_elapsed,%,10.70
h96_n1,cold,k2,sm__inst_executed_pipe_xu.avg.pct_of_peak_sustained_elapsed,%,0.19
h96_n1,cold,k2,sm__inst_executed_pipe_xu.max.pct_of_peak_sustained_elapsed,%,0.29
h96_n1,cold,k2,sm__inst_executed_pipe_xu.min.pct_of_peak_sustained_elapsed,%,0
h96_n1,cold,k2,sm__inst_executed_pipe_xu.sum.pct_of_peak_sustained_elapsed,%,0.19
h96_n1,cold,k2,sm__issue_active.avg.pct_of_peak_sustained_elapsed,%,20.54
h96_n1,cold,k2,sm__issue_active.max.pct_of_peak_sustained_elapsed,%,31.68
h96_n1,cold,k2,sm__issue_active.min.pct_of_peak_sustained_elapsed,%,0
h96_n1,cold,k2,sm__issue_active.sum.pct_of_peak_sustained_elapsed,%,20.54
h96_n1,cold,k2,sm__maximum_warps_avg_per_active_cycle,warp,12
h96_n1,cold,k2,sm__maximum_warps_per_active_cycle_pct,%,18.75
h96_n1,cold,k2,sm__ops_path_tensor_op_hmma_src_bf16_dst_fp32.avg,,565890961.30
h96_n1,cold,k2,sm__ops_path_tensor_op_hmma_src_bf16_dst_fp32.max,,872415232
h96_n1,cold,k2,sm__ops_path_tensor_op_hmma_src_bf16_dst_fp32.min,,0
h96_n1,cold,k2,sm__ops_path_tensor_op_hmma_src_bf16_dst_fp32.sum,,83751862272
h96_n1,cold,k2,sm__ops_path_tensor_op_hmma_src_fp16_dst_fp16.avg,,0
h96_n1,cold,k2,sm__ops_path_tensor_op_hmma_src_fp16_dst_fp16.max,,0
h96_n1,cold,k2,sm__ops_path_tensor_op_hmma_src_fp16_dst_fp16.min,,0
h96_n1,cold,k2,sm__ops_path_tensor_op_hmma_src_fp16_dst_fp16.sum,,0
h96_n1,cold,k2,sm__pipe_tensor_cycles_active.avg.pct_of_peak_sustained_active,%,30.31
h96_n1,cold,k2,sm__pipe_tensor_cycles_active.avg.pct_of_peak_sustained_elapsed,%,19.34
h96_n1,cold,k2,sm__pipe_tensor_cycles_active.max.pct_of_peak_sustained_active,%,46.73
h96_n1,cold,k2,sm__pipe_tensor_cycles_active.max.pct_of_peak_sustained_elapsed,%,29.82
h96_n1,cold,k2,sm__pipe_tensor_cycles_active.min.pct_of_peak_sustained_active,%,0
h96_n1,cold,k2,sm__pipe_tensor_cycles_active.min.pct_of_peak_sustained_elapsed,%,0
h96_n1,cold,k2,sm__pipe_tensor_cycles_active.sum.pct_of_peak_sustained_active,%,30.31
h96_n1,cold,k2,sm__pipe_tensor_cycles_active.sum.pct_of_peak_sustained_elapsed,%,19.34
h96_n1,cold,k2,sm__throughput.avg.pct_of_peak_sustained_elapsed,%,20.54
h96_n1,cold,k2,sm__throughput.max.pct_of_peak_sustained_elapsed,%,31.68
h96_n1,cold,k2,sm__throughput.min.pct_of_peak_sustained_elapsed,%,0
h96_n1,cold,k2,sm__throughput.sum.pct_of_peak_sustained_elapsed,%,20.54
h96_n1,cold,k2,sm__warps_active.avg.pct_of_peak_sustained_active,%,9.37
h96_n1,cold,k2,sm__warps_active.avg.per_cycle_active,warp,6.00
h96_n1,cold,k2,sm__warps_active.max.pct_of_peak_sustained_active,%,14.61
h96_n1,cold,k2,sm__warps_active.max.per_cycle_active,warp,9.35
h96_n1,cold,k2,sm__warps_active.min.pct_of_peak_sustained_active,%,0
h96_n1,cold,k2,sm__warps_active.min.per_cycle_active,warp,0
h96_n1,cold,k2,sm__warps_active.sum.pct_of_peak_sustained_active,%,9.37
h96_n1,cold,k2,sm__warps_active.sum.per_cycle_active,warp,887.50
h96_n1,cold,k2,smsp__issue_active.avg.pct_of_peak_sustained_active,%,32.20
h96_n1,cold,k2,smsp__issue_active.max.pct_of_peak_sustained_active,%,66.10
h96_n1,cold,k2,smsp__issue_active.min.pct_of_peak_sustained_active,%,0
h96_n1,cold,k2,smsp__issue_active.sum.pct_of_peak_sustained_active,%,32.20
h96_n1,cold,k2,smsp__maximum_warps_avg_per_active_cycle,warp,3
h96_n1,cold,k2,smsp__warp_issue_stalled_barrier_per_warp_active.pct,%,2.63
h96_n1,cold,k2,smsp__warp_issue_stalled_long_scoreboard_per_warp_active.pct,%,8.84
h96_n1,cold,k2,smsp__warp_issue_stalled_math_pipe_throttle_per_warp_active.pct,%,0.11
h96_n1,cold,k2,smsp__warp_issue_stalled_membar_per_warp_active.pct,%,0
h96_n1,cold,k2,smsp__warp_issue_stalled_mio_throttle_per_warp_active.pct,%,2.85
h96_n1,cold,k2,smsp__warp_issue_stalled_not_selected_per_warp_active.pct,%,1.03
h96_n1,cold,k2,smsp__warp_issue_stalled_short_scoreboard_per_warp_active.pct,%,16.60
h96_n1,cold,k2,smsp__warp_issue_stalled_wait_per_warp_active.pct,%,23.71
h96_n1,cold,k2,smsp__warps_active.avg.peak_sustained,warp,16
h96_n1,cold,k2,smsp__warps_active.max.peak_sustained,warp,16
h96_n1,cold,k2,smsp__warps_active.min.peak_sustained,warp,16
h96_n1,cold,k2,smsp__warps_active.sum.peak_sustained,warp,9472
h96_n1,cold,k2,smsp__warps_eligible.avg.per_cycle_active,warp,0.34
h96_n1,cold,k2,smsp__warps_eligible.max.per_cycle_active,warp,0.75
h96_n1,cold,k2,smsp__warps_eligible.min.per_cycle_active,warp,0
h96_n1,cold,k2,smsp__warps_eligible.sum.per_cycle_active,warp,199.80
h96_n1,warm,k1,c2clink__enabled_mask,,0
h96_n1,warm,k1,c2clink__present,,0
h96_n1,warm,k1,derived__pct_occupancy_per_barrier_count,,2230
h96_n1,warm,k1,derived__pct_occupancy_per_block_size,%,5190
h96_n1,warm,k1,derived__pct_occupancy_per_register_count,%/register,8524
h96_n1,warm,k1,derived__pct_occupancy_per_shared_mem_size,%/byte,14020
h96_n1,warm,k1,device__attribute_architecture,,416
h96_n1,warm,k1,device__attribute_async_engine_count,,4
h96_n1,warm,k1,device__attribute_can_flush_remote_writes,,0
h96_n1,warm,k1,device__attribute_can_map_host_memory,,1
h96_n1,warm,k1,device__attribute_can_tex2d_gather,,1
h96_n1,warm,k1,device__attribute_can_use_64_bit_stream_mem_ops,,1
h96_n1,warm,k1,device__attribute_can_use_64_bit_stream_mem_ops_v1,,0
h96_n1,warm,k1,device__attribute_can_use_host_pointer_for_registered_mem,,1
h96_n1,warm,k1,device__attribute_can_use_stream_mem_ops_v1,,0
h96_n1,warm,k1,device__attribute_can_use_stream_wait_value_nor,,1
h96_n1,warm,k1,device__attribute_can_use_stream_wait_value_nor_v1,,0
h96_n1,warm,k1,device__attribute_chip,,419
h96_n1,warm,k1,device__attribute_clock_rate,,2032000
h96_n1,warm,k1,device__attribute_cluster_launch,,1
h96_n1,warm,k1,device__attribute_compute_capability_major,,10
h96_n1,warm,k1,device__attribute_compute_capability_minor,,3
h96_n1,warm,k1,device__attribute_compute_mode,,0
h96_n1,warm,k1,device__attribute_compute_preemption_supported,,1
h96_n1,warm,k1,device__attribute_concurrent_kernels,,1
h96_n1,warm,k1,device__attribute_concurrent_managed_access,,1
h96_n1,warm,k1,device__attribute_confidential_computing_mode,,No-CC
h96_n1,warm,k1,device__attribute_cooperative_launch,,1
h96_n1,warm,k1,device__attribute_cooperative_multi_device_launch,,1
h96_n1,warm,k1,device__attribute_deferred_mapping_cuda_array_supported,,1
h96_n1,warm,k1,device__attribute_device_index,,0
h96_n1,warm,k1,device__attribute_direct_managed_mem_access_from_host,,0
h96_n1,warm,k1,device__attribute_display_name,,NVIDIA B300 SXM6 AC
h96_n1,warm,k1,device__attribute_dma_buf_supported,,1
h96_n1,warm,k1,device__attribute_ecc_enabled,,1
h96_n1,warm,k1,device__attribute_fb_bus_width,,7680
h96_n1,warm,k1,device__attribute_fbp_count,,16
h96_n1,warm,k1,device__attribute_generic_compression_supported,,1
h96_n1,warm,k1,device__attribute_global_l1_cache_supported,,1
h96_n1,warm,k1,device__attribute_global_memory_bus_width,,7680
h96_n1,warm,k1,device__attribute_gpu_direct_rdma_flush_writes_options,,1
h96_n1,warm,k1,device__attribute_gpu_direct_rdma_supported,,1
h96_n1,warm,k1,device__attribute_gpu_direct_rdma_with_cuda_vmm_supported,,1
h96_n1,warm,k1,device__attribute_gpu_direct_rdma_writes_ordering,,100
h96_n1,warm,k1,device__attribute_gpu_overlap,,1
h96_n1,warm,k1,device__attribute_gpu_pci_device_id,,830607582
h96_n1,warm,k1,device__attribute_gpu_pci_ext_device_id,,12674
h96_n1,warm,k1,device__attribute_gpu_pci_ext_downstream_link_rate,,16000
h96_n1,warm,k1,device__attribute_gpu_pci_ext_downstream_link_width,,32
h96_n1,warm,k1,device__attribute_gpu_pci_ext_gen,,5
h96_n1,warm,k1,device__attribute_gpu_pci_ext_gpu_gen,,5
h96_n1,warm,k1,device__attribute_gpu_pci_ext_gpu_link_rate,,64000
h96_n1,warm,k1,device__attribute_gpu_pci_ext_gpu_link_width,,16
h96_n1,warm,k1,device__attribute_gpu_pci_revision_id,,161
h96_n1,warm,k1,device__attribute_gpu_pci_sub_system_id,,551948510
h96_n1,warm,k1,device__attribute_handle_type_fabric_supported,,1
h96_n1,warm,k1,device__attribute_handle_type_posix_file_descriptor_supported,,1
h96_n1,warm,k1,device__attribute_handle_type_win32_handle_supported,,0
h96_n1,warm,k1,device__attribute_handle_type_win32_kmt_handle_supported,,0
h96_n1,warm,k1,device__attribute_host_native_atomic_supported,,0
h96_n1,warm,k1,device__attribute_host_numa_id,,0
h96_n1,warm,k1,device__attribute_host_register_supported,,1
h96_n1,warm,k1,device__attribute_implementation,,419
h96_n1,warm,k1,device__attribute_integrated,,0
h96_n1,warm,k1,device__attribute_ipc_event_supported,,1
h96_n1,warm,k1,device__attribute_kernel_exec_timeout,,0
h96_n1,warm,k1,device__attribute_l2_cache_size,,132644864
h96_n1,warm,k1,device__attribute_l2s_count,,192
h96_n1,warm,k1,device__attribute_limits_max_cta_per_sm,,32
h96_n1,warm,k1,device__attribute_limits_num_tpcs,,74
h96_n1,warm,k1,device__attribute_local_l1_cache_supported,,1
h96_n1,warm,k1,device__attribute_managed_memory,,1
h96_n1,warm,k1,device__attribute_max_access_policy_window_size,,134217728
h96_n1,warm,k1,device__attribute_max_block_dim_x,,1024
h96_n1,warm,k1,device__attribute_max_block_dim_y,,1024
h96_n1,warm,k1,device__attribute_max_block_dim_z,,64
h96_n1,warm,k1,device__attribute_max_blocks_per_multiprocessor,,32
h96_n1,warm,k1,device__attribute_max_gpu_frequency_khz,,2032000
h96_n1,warm,k1,device__attribute_max_grid_dim_x,,2147483647
h96_n1,warm,k1,device__attribute_max_grid_dim_y,,65535
h96_n1,warm,k1,device__attribute_max_grid_dim_z,,65535
h96_n1,warm,k1,device__attribute_max_ipc_per_multiprocessor,,4
h96_n1,warm,k1,device__attribute_max_ipc_per_scheduler,,1
h96_n1,warm,k1,device__attribute_max_mem_frequency_khz,,3996000
h96_n1,warm,k1,device__attribute_max_persisting_l2_cache_size,,82903040
h96_n1,warm,k1,device__attribute_max_pitch,,2147483647
h96_n1,warm,k1,device__attribute_max_registers_per_block,,65536
h96_n1,warm,k1,device__attribute_max_registers_per_multiprocessor,,65536
h96_n1,warm,k1,device__attribute_max_registers_per_thread,,255
h96_n1,warm,k1,device__attribute_max_shared_memory_per_block,,49152
h96_n1,warm,k1,device__attribute_max_shared_memory_per_block_optin,,232448
h96_n1,warm,k1,device__attribute_max_shared_memory_per_multiprocessor,,233472
h96_n1,warm,k1,device__attribute_max_threads_per_block,,1024
h96_n1,warm,k1,device__attribute_max_threads_per_multiprocessor,,2048
h96_n1,warm,k1,device__attribute_max_warps_per_multiprocessor,,64
h96_n1,warm,k1,device__attribute_max_warps_per_scheduler,,16
h96_n1,warm,k1,device__attribute_maximum_surface1d_layered_layers,,2048
h96_n1,warm,k1,device__attribute_maximum_surface1d_layered_width,,32768
h96_n1,warm,k1,device__attribute_maximum_surface1d_width,,32768
h96_n1,warm,k1,device__attribute_maximum_surface2d_height,,65536
h96_n1,warm,k1,device__attribute_maximum_surface2d_layered_height,,32768
h96_n1,warm,k1,device__attribute_maximum_surface2d_layered_layers,,2048
h96_n1,warm,k1,device__attribute_maximum_surface2d_layered_width,,32768
h96_n1,warm,k1,device__attribute_maximum_surface2d_width,,131072
h96_n1,warm,k1,device__attribute_maximum_surface3d_depth,,16384
h96_n1,warm,k1,device__attribute_maximum_surface3d_height,,16384
h96_n1,warm,k1,device__attribute_maximum_surface3d_width,,16384
h96_n1,warm,k1,device__attribute_maximum_surfacecubemap_layered_layers,,2046
h96_n1,warm,k1,device__attribute_maximum_surfacecubemap_layered_width,,32768
h96_n1,warm,k1,device__attribute_maximum_surfacecubemap_width,,32768
h96_n1,warm,k1,device__attribute_maximum_texture1d_layered_layers,,2048
h96_n1,warm,k1,device__attribute_maximum_texture1d_layered_width,,32768
h96_n1,warm,k1,device__attribute_maximum_texture1d_linear_width,,268435456
h96_n1,warm,k1,device__attribute_maximum_texture1d_mipmapped_width,,32768
h96_n1,warm,k1,device__attribute_maximum_texture1d_width,,131072
h96_n1,warm,k1,device__attribute_maximum_texture2d_gather_height,,32768
h96_n1,warm,k1,device__attribute_maximum_texture2d_gather_width,,32768
h96_n1,warm,k1,device__attribute_maximum_texture2d_height,,65536
h96_n1,warm,k1,device__attribute_maximum_texture2d_layered_height,,32768
h96_n1,warm,k1,device__attribute_maximum_texture2d_layered_layers,,2048
h96_n1,warm,k1,device__attribute_maximum_texture2d_layered_width,,32768
h96_n1,warm,k1,device__attribute_maximum_texture2d_linear_height,,65000
h96_n1,warm,k1,device__attribute_maximum_texture2d_linear_pitch,,2097120
h96_n1,warm,k1,device__attribute_maximum_texture2d_linear_width,,131072
h96_n1,warm,k1,device__attribute_maximum_texture2d_mipmapped_height,,32768
h96_n1,warm,k1,device__attribute_maximum_texture2d_mipmapped_width,,32768
h96_n1,warm,k1,device__attribute_maximum_texture2d_width,,131072
h96_n1,warm,k1,device__attribute_maximum_texture3d_depth,,16384
h96_n1,warm,k1,device__attribute_maximum_texture3d_depth_alternate,,32768
h96_n1,warm,k1,device__attribute_maximum_texture3d_height,,16384
h96_n1,warm,k1,device__attribute_maximum_texture3d_height_alternate,,8192
h96_n1,warm,k1,device__attribute_maximum_texture3d_width,,16384
h96_n1,warm,k1,device__attribute_maximum_texture3d_width_alternate,,8192
h96_n1,warm,k1,device__attribute_maximum_texturecubemap_layered_layers,,2046
h96_n1,warm,k1,device__attribute_maximum_texturecubemap_layered_width,,32768
h96_n1,warm,k1,device__attribute_maximum_texturecubemap_width,,32768
h96_n1,warm,k1,device__attribute_mem_sync_domain_count,,4
h96_n1,warm,k1,device__attribute_memory_clock_rate,,3996000
h96_n1,warm,k1,device__attribute_memory_pools_supported,,1
h96_n1,warm,k1,device__attribute_mempool_supported_handle_types,,9
h96_n1,warm,k1,device__attribute_mps_enabled,,0
h96_n1,warm,k1,device__attribute_multi_gpu_board,,0
h96_n1,warm,k1,device__attribute_multi_gpu_board_group_id,,0
h96_n1,warm,k1,device__attribute_multicast_supported,,1
h96_n1,warm,k1,device__attribute_multiprocessor_count,,148
h96_n1,warm,k1,device__attribute_num_l2s_per_fbp,,12
h96_n1,warm,k1,device__attribute_num_schedulers_per_multiprocessor,,4
h96_n1,warm,k1,device__attribute_num_tex_per_multiprocessor,,1
h96_n1,warm,k1,device__attribute_numa_config,,0
h96_n1,warm,k1,device__attribute_pageable_memory_access,,1
h96_n1,warm,k1,device__attribute_pageable_memory_access_uses_host_page_tables,,0
h96_n1,warm,k1,device__attribute_pci_bus_id,,12
h96_n1,warm,k1,device__attribute_pci_device_id,,0
h96_n1,warm,k1,device__attribute_pci_domain_id,,0
h96_n1,warm,k1,device__attribute_ram_location,,1
h96_n1,warm,k1,device__attribute_ram_type,,0
h96_n1,warm,k1,device__attribute_reserved_shared_memory_per_block,,1024
h96_n1,warm,k1,device__attribute_sass_level,,10
h96_n1,warm,k1,device__attribute_single_to_double_precision_perf_ratio,,64
h96_n1,warm,k1,device__attribute_sparse_cuda_array_supported,,1
h96_n1,warm,k1,device__attribute_stream_priorities_supported,,1
h96_n1,warm,k1,device__attribute_surface_alignment,,512
h96_n1,warm,k1,device__attribute_tcc_driver,,0
h96_n1,warm,k1,device__attribute_tensor_map_access_supported,,1
h96_n1,warm,k1,device__attribute_texture_alignment,,512
h96_n1,warm,k1,device__attribute_texture_pitch_alignment,,32
h96_n1,warm,k1,device__attribute_total_constant_memory,,65536
h96_n1,warm,k1,device__attribute_total_memory,,287428640768
h96_n1,warm,k1,device__attribute_unified_addressing,,1
h96_n1,warm,k1,device__attribute_unified_function_pointers,,1
h96_n1,warm,k1,device__attribute_virtual_address_management_supported,,1
h96_n1,warm,k1,device__attribute_warp_size,,32
h96_n1,warm,k1,dram__bytes_read.avg,byte,9461652
h96_n1,warm,k1,dram__bytes_read.max,byte,10094336
h96_n1,warm,k1,dram__bytes_read.min,byte,5044480
h96_n1,warm,k1,dram__bytes_read.sum,byte,605545728
h96_n1,warm,k1,dram__bytes_write.avg,byte,10460764
h96_n1,warm,k1,dram__bytes_write.max,byte,11187200
h96_n1,warm,k1,dram__bytes_write.min,byte,5549312
h96_n1,warm,k1,dram__bytes_write.sum,byte,669488896
h96_n1,warm,k1,dram__throughput.avg.pct_of_peak_sustained_elapsed,%,59.72
h96_n1,warm,k1,dram__throughput.max.pct_of_peak_sustained_elapsed,%,59.81
h96_n1,warm,k1,dram__throughput.min.pct_of_peak_sustained_elapsed,%,59.54
h96_n1,warm,k1,dram__throughput.sum.pct_of_peak_sustained_elapsed,%,59.72
h96_n1,warm,k1,gpc__cycles_elapsed.avg.per_second,hz,1901523154.54
h96_n1,warm,k1,gpc__cycles_elapsed.max.per_second,hz,1905092991.84
h96_n1,warm,k1,gpc__cycles_elapsed.min.per_second,hz,1897177187.54
h96_n1,warm,k1,gpc__cycles_elapsed.sum.per_second,hz,15212185236.29
h96_n1,warm,k1,gpu__time_duration.avg,ns,278304
h96_n1,warm,k1,gpu__time_duration.max,ns,278304
h96_n1,warm,k1,gpu__time_duration.min,ns,278304
h96_n1,warm,k1,gpu__time_duration.sum,ns,278304
h96_n1,warm,k1,gr__workids_granted.avg,,0
h96_n1,warm,k1,gr__workids_granted.max,,0
h96_n1,warm,k1,gr__workids_granted.min,,0
h96_n1,warm,k1,gr__workids_granted.sum,,0
h96_n1,warm,k1,gr__workids_granted_as_ctas.avg,block,0
h96_n1,warm,k1,gr__workids_granted_as_ctas.max,block,0
h96_n1,warm,k1,gr__workids_granted_as_ctas.min,block,0
h96_n1,warm,k1,gr__workids_granted_as_ctas.sum,block,0
h96_n1,warm,k1,gr__workids_requested.avg,,0
h96_n1,warm,k1,gr__workids_requested.max,,0
h96_n1,warm,k1,gr__workids_requested.min,,0
h96_n1,warm,k1,gr__workids_requested.sum,,0
h96_n1,warm,k1,l1tex__data_bank_conflicts_pipe_lsu_mem_shared_op_ld.avg,,31541.10
h96_n1,warm,k1,l1tex__data_bank_conflicts_pipe_lsu_mem_shared_op_ld.max,,35565
h96_n1,warm,k1,l1tex__data_bank_conflicts_pipe_lsu_mem_shared_op_ld.min,,27769
h96_n1,warm,k1,l1tex__data_bank_conflicts_pipe_lsu_mem_shared_op_ld.sum,,4668083
h96_n1,warm,k1,l1tex__data_bank_conflicts_pipe_lsu_mem_shared_op_st.avg,,10555.23
h96_n1,warm,k1,l1tex__data_bank_conflicts_pipe_lsu_mem_shared_op_st.max,,12199
h96_n1,warm,k1,l1tex__data_bank_conflicts_pipe_lsu_mem_shared_op_st.min,,8825
h96_n1,warm,k1,l1tex__data_bank_conflicts_pipe_lsu_mem_shared_op_st.sum,,1562174
h96_n1,warm,k1,l1tex__throughput.avg.pct_of_peak_sustained_elapsed,%,66.16
h96_n1,warm,k1,l1tex__throughput.max.pct_of_peak_sustained_elapsed,%,68.76
h96_n1,warm,k1,l1tex__throughput.min.pct_of_peak_sustained_elapsed,%,63.04
h96_n1,warm,k1,l1tex__throughput.sum.pct_of_peak_sustained_elapsed,%,66.16
h96_n1,warm,k1,launch__barrier_count,,1
h96_n1,warm,k1,launch__block_dim_x,block,256
h96_n1,warm,k1,launch__block_dim_y,block,1
h96_n1,warm,k1,launch__block_dim_z,block,1
h96_n1,warm,k1,launch__block_size,,256
h96_n1,warm,k1,launch__cluster_dim_x,,0
h96_n1,warm,k1,launch__cluster_dim_y,,0
h96_n1,warm,k1,launch__cluster_dim_z,,0
h96_n1,warm,k1,launch__cluster_max_active,cluster,0
h96_n1,warm,k1,launch__cluster_max_potential_size,block,8
h96_n1,warm,k1,launch__cluster_scheduling_policy,,PolicySpread
h96_n1,warm,k1,launch__cluster_size,,0
h96_n1,warm,k1,launch__context_id,,1
h96_n1,warm,k1,launch__device_id,,0
h96_n1,warm,k1,launch__func_cache_config,,CachePreferNone
h96_n1,warm,k1,launch__function_pcs,,1
h96_n1,warm,k1,launch__grid_dim_x,,512
h96_n1,warm,k1,launch__grid_dim_y,,96
h96_n1,warm,k1,launch__grid_dim_z,,1
h96_n1,warm,k1,launch__grid_size,,49152
h96_n1,warm,k1,launch__occupancy_cluster_gpu_pct,%,0
h96_n1,warm,k1,launch__occupancy_cluster_pct,%,0
h96_n1,warm,k1,launch__occupancy_limit_barriers,block,32
h96_n1,warm,k1,launch__occupancy_limit_blocks,block,32
h96_n1,warm,k1,launch__occupancy_limit_registers,block,8
h96_n1,warm,k1,launch__occupancy_limit_shared_mem,block,9
h96_n1,warm,k1,launch__occupancy_limit_warps,block,8
h96_n1,warm,k1,launch__occupancy_per_barrier_count,,1440
h96_n1,warm,k1,launch__occupancy_per_block_size,,3339
h96_n1,warm,k1,launch__occupancy_per_cluster_size,,0
h96_n1,warm,k1,launch__occupancy_per_register_count,,5504
h96_n1,warm,k1,launch__occupancy_per_shared_mem_size,,9072
h96_n1,warm,k1,launch__persisting_l2_cache_size,byte,24870912
h96_n1,warm,k1,launch__preferred_cluster_dim_x,,0
h96_n1,warm,k1,launch__preferred_cluster_dim_y,,0
h96_n1,warm,k1,launch__preferred_cluster_dim_z,,0
h96_n1,warm,k1,launch__preferred_cluster_size,,0
h96_n1,warm,k1,launch__registers_per_thread,register/thread,32
h96_n1,warm,k1,launch__registers_per_thread_allocated,register/thread,32
h96_n1,warm,k1,launch__shared_mem_config_size,byte,200704
h96_n1,warm,k1,launch__shared_mem_per_block,byte/block,22272
h96_n1,warm,k1,launch__shared_mem_per_block_allocated,byte/block,22272
h96_n1,warm,k1,launch__shared_mem_per_block_driver,byte/block,1024
h96_n1,warm,k1,launch__shared_mem_per_block_dynamic,byte/block,21248
h96_n1,warm,k1,launch__shared_mem_per_block_static,byte/block,0
h96_n1,warm,k1,launch__sm_count,SM,148
h96_n1,warm,k1,launch__stack_size,,1024
h96_n1,warm,k1,launch__stream_id,,7
h96_n1,warm,k1,launch__thread_count,thread,12582912
h96_n1,warm,k1,launch__tpc_count,,74
h96_n1,warm,k1,launch__tpc_enabled,,all
h96_n1,warm,k1,launch__uses_cdp,,0
h96_n1,warm,k1,launch__uses_green_context,,0
h96_n1,warm,k1,launch__uses_mps,,0
h96_n1,warm,k1,launch__uses_nvlink_centric_scheduling,,0
h96_n1,warm,k1,launch__uses_vgpu,,0
h96_n1,warm,k1,launch__waves_per_multiprocessor,,41.51
h96_n1,warm,k1,lts__t_sector_hit_rate.pct,%,45.26
h96_n1,warm,k1,lts__t_sectors.avg,sector,496928.76
h96_n1,warm,k1,lts__t_sectors.max,sector,521085
h96_n1,warm,k1,lts__t_sectors.min,sector,250350
h96_n1,warm,k1,lts__t_sectors.sum,sector,91434892
h96_n1,warm,k1,lts__throughput.avg.pct_of_peak_sustained_elapsed,%,71.13
h96_n1,warm,k1,lts__throughput.max.pct_of_peak_sustained_elapsed,%,79.66
h96_n1,warm,k1,lts__throughput.min.pct_of_peak_sustained_elapsed,%,36.12
h96_n1,warm,k1,lts__throughput.sum.pct_of_peak_sustained_elapsed,%,71.13
h96_n1,warm,k1,numa__cpu_affinity,,1
h96_n1,warm,k1,numa__dev_display_name_all,,1
h96_n1,warm,k1,numa__id_cpu,,1
h96_n1,warm,k1,numa__id_memory,,1
h96_n1,warm,k1,nvlink__bandwidth,,0
h96_n1,warm,k1,nvlink__count_logical,,0
h96_n1,warm,k1,nvlink__count_physical,,0
h96_n1,warm,k1,nvlink__destination_ports,,0
h96_n1,warm,k1,nvlink__dev0Id,,0
h96_n1,warm,k1,nvlink__dev0type,,0
h96_n1,warm,k1,nvlink__dev1Id,,0
h96_n1,warm,k1,nvlink__dev1type,,0
h96_n1,warm,k1,nvlink__dev_display_name_all,,1
h96_n1,warm,k1,nvlink__enabled_mask,,262143
h96_n1,warm,k1,nvlink__is_direct_link,,0
h96_n1,warm,k1,nvlink__is_nvswitch_connected,,0
h96_n1,warm,k1,nvlink__max_count,,18
h96_n1,warm,k1,nvlink__peer_access,,0
h96_n1,warm,k1,nvlink__peer_atomic,,0
h96_n1,warm,k1,nvlink__source_ports,,0
h96_n1,warm,k1,nvlink__system_access,,0
h96_n1,warm,k1,nvlink__system_atomic,,0
h96_n1,warm,k1,profiler__perfworks_session_reuse,,0
h96_n1,warm,k1,profiler__replayer_passes,pass,15
h96_n1,warm,k1,profiler__replayer_passes_type_warmup,pass,0
h96_n1,warm,k1,sm__cycles_active.avg,cycle,523154.89
h96_n1,warm,k1,sm__cycles_active.avg.pct_of_peak_sustained_elapsed,%,98.92
h96_n1,warm,k1,sm__cycles_active.max,cycle,525142
h96_n1,warm,k1,sm__cycles_active.max.pct_of_peak_sustained_elapsed,%,99.30
h96_n1,warm,k1,sm__cycles_active.min,cycle,520260
h96_n1,warm,k1,sm__cycles_active.min.pct_of_peak_sustained_elapsed,%,98.37
h96_n1,warm,k1,sm__cycles_active.sum,cycle,77426923
h96_n1,warm,k1,sm__cycles_active.sum.pct_of_peak_sustained_elapsed,%,98.92
h96_n1,warm,k1,sm__inst_executed_pipe_adu.avg.pct_of_peak_sustained_elapsed,%,20.76
h96_n1,warm,k1,sm__inst_executed_pipe_adu.max.pct_of_peak_sustained_elapsed,%,21.49
h96_n1,warm,k1,sm__inst_executed_pipe_adu.min.pct_of_peak_sustained_elapsed,%,20.20
h96_n1,warm,k1,sm__inst_executed_pipe_adu.sum.pct_of_peak_sustained_elapsed,%,20.76
h96_n1,warm,k1,sm__inst_executed_pipe_alu.avg.pct_of_peak_sustained_elapsed,%,39.62
h96_n1,warm,k1,sm__inst_executed_pipe_alu.max.pct_of_peak_sustained_elapsed,%,41.16
h96_n1,warm,k1,sm__inst_executed_pipe_alu.min.pct_of_peak_sustained_elapsed,%,38.54
h96_n1,warm,k1,sm__inst_executed_pipe_alu.sum.pct_of_peak_sustained_elapsed,%,39.62
h96_n1,warm,k1,sm__inst_executed_pipe_fma.avg.pct_of_peak_sustained_elapsed,%,21.57
h96_n1,warm,k1,sm__inst_executed_pipe_fma.max.pct_of_peak_sustained_elapsed,%,22.41
h96_n1,warm,k1,sm__inst_executed_pipe_fma.min.pct_of_peak_sustained_elapsed,%,20.98
h96_n1,warm,k1,sm__inst_executed_pipe_fma.sum.pct_of_peak_sustained_elapsed,%,21.57
h96_n1,warm,k1,sm__inst_executed_pipe_lsu.avg.pct_of_peak_sustained_elapsed,%,39.69
h96_n1,warm,k1,sm__inst_executed_pipe_lsu.max.pct_of_peak_sustained_elapsed,%,41.23
h96_n1,warm,k1,sm__inst_executed_pipe_lsu.min.pct_of_peak_sustained_elapsed,%,38.60
h96_n1,warm,k1,sm__inst_executed_pipe_lsu.sum.pct_of_peak_sustained_elapsed,%,39.69
h96_n1,warm,k1,sm__inst_executed_pipe_xu.avg.pct_of_peak_sustained_elapsed,%,17.46
h96_n1,warm,k1,sm__inst_executed_pipe_xu.max.pct_of_peak_sustained_elapsed,%,17.98
h96_n1,warm,k1,sm__inst_executed_pipe_xu.min.pct_of_peak_sustained_elapsed,%,16.82
h96_n1,warm,k1,sm__inst_executed_pipe_xu.sum.pct_of_peak_sustained_elapsed,%,17.46
h96_n1,warm,k1,sm__issue_active.avg.pct_of_peak_sustained_elapsed,%,68.91
h96_n1,warm,k1,sm__issue_active.max.pct_of_peak_sustained_elapsed,%,70.96
h96_n1,warm,k1,sm__issue_active.min.pct_of_peak_sustained_elapsed,%,66.40
h96_n1,warm,k1,sm__issue_active.sum.pct_of_peak_sustained_elapsed,%,68.91
h96_n1,warm,k1,sm__maximum_warps_avg_per_active_cycle,warp,64
h96_n1,warm,k1,sm__maximum_warps_per_active_cycle_pct,%,100
h96_n1,warm,k1,sm__ops_path_tensor_op_hmma_src_bf16_dst_fp32.avg,,43530073.95
h96_n1,warm,k1,sm__ops_path_tensor_op_hmma_src_bf16_dst_fp32.max,,44826624
h96_n1,warm,k1,sm__ops_path_tensor_op_hmma_src_bf16_dst_fp32.min,,41943040
h96_n1,warm,k1,sm__ops_path_tensor_op_hmma_src_bf16_dst_fp32.sum,,6442450944
h96_n1,warm,k1,sm__ops_path_tensor_op_hmma_src_fp16_dst_fp16.avg,,16323777.73
h96_n1,warm,k1,sm__ops_path_tensor_op_hmma_src_fp16_dst_fp16.max,,16908288
h96_n1,warm,k1,sm__ops_path_tensor_op_hmma_src_fp16_dst_fp16.min,,15679488
h96_n1,warm,k1,sm__ops_path_tensor_op_hmma_src_fp16_dst_fp16.sum,,2415919104
h96_n1,warm,k1,sm__pipe_tensor_cycles_active.avg.pct_of_peak_sustained_active,%,5.59
h96_n1,warm,k1,sm__pipe_tensor_cycles_active.avg.pct_of_peak_sustained_elapsed,%,5.53
h96_n1,warm,k1,sm__pipe_tensor_cycles_active.max.pct_of_peak_sustained_active,%,5.79
h96_n1,warm,k1,sm__pipe_tensor_cycles_active.max.pct_of_peak_sustained_elapsed,%,5.72
h96_n1,warm,k1,sm__pipe_tensor_cycles_active.min.pct_of_peak_sustained_active,%,5.40
h96_n1,warm,k1,sm__pipe_tensor_cycles_active.min.pct_of_peak_sustained_elapsed,%,5.34
h96_n1,warm,k1,sm__pipe_tensor_cycles_active.sum.pct_of_peak_sustained_active,%,5.59
h96_n1,warm,k1,sm__pipe_tensor_cycles_active.sum.pct_of_peak_sustained_elapsed,%,5.53
h96_n1,warm,k1,sm__throughput.avg.pct_of_peak_sustained_elapsed,%,68.91
h96_n1,warm,k1,sm__throughput.max.pct_of_peak_sustained_elapsed,%,70.96
h96_n1,warm,k1,sm__throughput.min.pct_of_peak_sustained_elapsed,%,67.23
h96_n1,warm,k1,sm__throughput.sum.pct_of_peak_sustained_elapsed,%,68.91
h96_n1,warm,k1,sm__warps_active.avg.pct_of_peak_sustained_active,%,96.27
h96_n1,warm,k1,sm__warps_active.avg.per_cycle_active,warp,61.61
h96_n1,warm,k1,sm__warps_active.max.pct_of_peak_sustained_active,%,97.34
h96_n1,warm,k1,sm__warps_active.max.per_cycle_active,warp,62.30
h96_n1,warm,k1,sm__warps_active.min.pct_of_peak_sustained_active,%,95.28
h96_n1,warm,k1,sm__warps_active.min.per_cycle_active,warp,60.98
h96_n1,warm,k1,sm__warps_active.sum.pct_of_peak_sustained_active,%,96.27
h96_n1,warm,k1,sm__warps_active.sum.per_cycle_active,warp,9118.25
h96_n1,warm,k1,smsp__issue_active.avg.pct_of_peak_sustained_active,%,69.48
h96_n1,warm,k1,smsp__issue_active.max.pct_of_peak_sustained_active,%,71.58
h96_n1,warm,k1,smsp__issue_active.min.pct_of_peak_sustained_active,%,66.95
h96_n1,warm,k1,smsp__issue_active.sum.pct_of_peak_sustained_active,%,69.48
h96_n1,warm,k1,smsp__maximum_warps_avg_per_active_cycle,warp,16
h96_n1,warm,k1,smsp__warp_issue_stalled_barrier_per_warp_active.pct,%,39.27
h96_n1,warm,k1,smsp__warp_issue_stalled_long_scoreboard_per_warp_active.pct,%,19.48
h96_n1,warm,k1,smsp__warp_issue_stalled_math_pipe_throttle_per_warp_active.pct,%,2.38
h96_n1,warm,k1,smsp__warp_issue_stalled_membar_per_warp_active.pct,%,0
h96_n1,warm,k1,smsp__warp_issue_stalled_mio_throttle_per_warp_active.pct,%,2.29
h96_n1,warm,k1,smsp__warp_issue_stalled_not_selected_per_warp_active.pct,%,9.52
h96_n1,warm,k1,smsp__warp_issue_stalled_short_scoreboard_per_warp_active.pct,%,11.33
h96_n1,warm,k1,smsp__warp_issue_stalled_wait_per_warp_active.pct,%,8.03
h96_n1,warm,k1,smsp__warps_active.avg.peak_sustained,warp,16
h96_n1,warm,k1,smsp__warps_active.max.peak_sustained,warp,16
h96_n1,warm,k1,smsp__warps_active.min.peak_sustained,warp,16
h96_n1,warm,k1,smsp__warps_active.sum.peak_sustained,warp,9472
h96_n1,warm,k1,smsp__warps_eligible.avg.per_cycle_active,warp,2.16
h96_n1,warm,k1,smsp__warps_eligible.max.per_cycle_active,warp,2.37
h96_n1,warm,k1,smsp__warps_eligible.min.per_cycle_active,warp,2.00
h96_n1,warm,k1,smsp__warps_eligible.sum.per_cycle_active,warp,1277.49
h96_n1,warm,k2,c2clink__enabled_mask,,0
h96_n1,warm,k2,c2clink__present,,0
h96_n1,warm,k2,derived__pct_occupancy_per_barrier_count,,882
h96_n1,warm,k2,derived__pct_occupancy_per_block_size,%,1163
h96_n1,warm,k2,derived__pct_occupancy_per_register_count,%/register,3834
h96_n1,warm,k2,derived__pct_occupancy_per_shared_mem_size,%/byte,8069
h96_n1,warm,k2,device__attribute_architecture,,416
h96_n1,warm,k2,device__attribute_async_engine_count,,4
h96_n1,warm,k2,device__attribute_can_flush_remote_writes,,0
h96_n1,warm,k2,device__attribute_can_map_host_memory,,1
h96_n1,warm,k2,device__attribute_can_tex2d_gather,,1
h96_n1,warm,k2,device__attribute_can_use_64_bit_stream_mem_ops,,1
h96_n1,warm,k2,device__attribute_can_use_64_bit_stream_mem_ops_v1,,0
h96_n1,warm,k2,device__attribute_can_use_host_pointer_for_registered_mem,,1
h96_n1,warm,k2,device__attribute_can_use_stream_mem_ops_v1,,0
h96_n1,warm,k2,device__attribute_can_use_stream_wait_value_nor,,1
h96_n1,warm,k2,device__attribute_can_use_stream_wait_value_nor_v1,,0
h96_n1,warm,k2,device__attribute_chip,,419
h96_n1,warm,k2,device__attribute_clock_rate,,2032000
h96_n1,warm,k2,device__attribute_cluster_launch,,1
h96_n1,warm,k2,device__attribute_compute_capability_major,,10
h96_n1,warm,k2,device__attribute_compute_capability_minor,,3
h96_n1,warm,k2,device__attribute_compute_mode,,0
h96_n1,warm,k2,device__attribute_compute_preemption_supported,,1
h96_n1,warm,k2,device__attribute_concurrent_kernels,,1
h96_n1,warm,k2,device__attribute_concurrent_managed_access,,1
h96_n1,warm,k2,device__attribute_confidential_computing_mode,,No-CC
h96_n1,warm,k2,device__attribute_cooperative_launch,,1
h96_n1,warm,k2,device__attribute_cooperative_multi_device_launch,,1
h96_n1,warm,k2,device__attribute_deferred_mapping_cuda_array_supported,,1
h96_n1,warm,k2,device__attribute_device_index,,0
h96_n1,warm,k2,device__attribute_direct_managed_mem_access_from_host,,0
h96_n1,warm,k2,device__attribute_display_name,,NVIDIA B300 SXM6 AC
h96_n1,warm,k2,device__attribute_dma_buf_supported,,1
h96_n1,warm,k2,device__attribute_ecc_enabled,,1
h96_n1,warm,k2,device__attribute_fb_bus_width,,7680
h96_n1,warm,k2,device__attribute_fbp_count,,16
h96_n1,warm,k2,device__attribute_generic_compression_supported,,1
h96_n1,warm,k2,device__attribute_global_l1_cache_supported,,1
h96_n1,warm,k2,device__attribute_global_memory_bus_width,,7680
h96_n1,warm,k2,device__attribute_gpu_direct_rdma_flush_writes_options,,1
h96_n1,warm,k2,device__attribute_gpu_direct_rdma_supported,,1
h96_n1,warm,k2,device__attribute_gpu_direct_rdma_with_cuda_vmm_supported,,1
h96_n1,warm,k2,device__attribute_gpu_direct_rdma_writes_ordering,,100
h96_n1,warm,k2,device__attribute_gpu_overlap,,1
h96_n1,warm,k2,device__attribute_gpu_pci_device_id,,830607582
h96_n1,warm,k2,device__attribute_gpu_pci_ext_device_id,,12674
h96_n1,warm,k2,device__attribute_gpu_pci_ext_downstream_link_rate,,16000
h96_n1,warm,k2,device__attribute_gpu_pci_ext_downstream_link_width,,32
h96_n1,warm,k2,device__attribute_gpu_pci_ext_gen,,5
h96_n1,warm,k2,device__attribute_gpu_pci_ext_gpu_gen,,5
h96_n1,warm,k2,device__attribute_gpu_pci_ext_gpu_link_rate,,64000
h96_n1,warm,k2,device__attribute_gpu_pci_ext_gpu_link_width,,16
h96_n1,warm,k2,device__attribute_gpu_pci_revision_id,,161
h96_n1,warm,k2,device__attribute_gpu_pci_sub_system_id,,551948510
h96_n1,warm,k2,device__attribute_handle_type_fabric_supported,,1
h96_n1,warm,k2,device__attribute_handle_type_posix_file_descriptor_supported,,1
h96_n1,warm,k2,device__attribute_handle_type_win32_handle_supported,,0
h96_n1,warm,k2,device__attribute_handle_type_win32_kmt_handle_supported,,0
h96_n1,warm,k2,device__attribute_host_native_atomic_supported,,0
h96_n1,warm,k2,device__attribute_host_numa_id,,0
h96_n1,warm,k2,device__attribute_host_register_supported,,1
h96_n1,warm,k2,device__attribute_implementation,,419
h96_n1,warm,k2,device__attribute_integrated,,0
h96_n1,warm,k2,device__attribute_ipc_event_supported,,1
h96_n1,warm,k2,device__attribute_kernel_exec_timeout,,0
h96_n1,warm,k2,device__attribute_l2_cache_size,,132644864
h96_n1,warm,k2,device__attribute_l2s_count,,192
h96_n1,warm,k2,device__attribute_limits_max_cta_per_sm,,32
h96_n1,warm,k2,device__attribute_limits_num_tpcs,,74
h96_n1,warm,k2,device__attribute_local_l1_cache_supported,,1
h96_n1,warm,k2,device__attribute_managed_memory,,1
h96_n1,warm,k2,device__attribute_max_access_policy_window_size,,134217728
h96_n1,warm,k2,device__attribute_max_block_dim_x,,1024
h96_n1,warm,k2,device__attribute_max_block_dim_y,,1024
h96_n1,warm,k2,device__attribute_max_block_dim_z,,64
h96_n1,warm,k2,device__attribute_max_blocks_per_multiprocessor,,32
h96_n1,warm,k2,device__attribute_max_gpu_frequency_khz,,2032000
h96_n1,warm,k2,device__attribute_max_grid_dim_x,,2147483647
h96_n1,warm,k2,device__attribute_max_grid_dim_y,,65535
h96_n1,warm,k2,device__attribute_max_grid_dim_z,,65535
h96_n1,warm,k2,device__attribute_max_ipc_per_multiprocessor,,4
h96_n1,warm,k2,device__attribute_max_ipc_per_scheduler,,1
h96_n1,warm,k2,device__attribute_max_mem_frequency_khz,,3996000
h96_n1,warm,k2,device__attribute_max_persisting_l2_cache_size,,82903040
h96_n1,warm,k2,device__attribute_max_pitch,,2147483647
h96_n1,warm,k2,device__attribute_max_registers_per_block,,65536
h96_n1,warm,k2,device__attribute_max_registers_per_multiprocessor,,65536
h96_n1,warm,k2,device__attribute_max_registers_per_thread,,255
h96_n1,warm,k2,device__attribute_max_shared_memory_per_block,,49152
h96_n1,warm,k2,device__attribute_max_shared_memory_per_block_optin,,232448
h96_n1,warm,k2,device__attribute_max_shared_memory_per_multiprocessor,,233472
h96_n1,warm,k2,device__attribute_max_threads_per_block,,1024
h96_n1,warm,k2,device__attribute_max_threads_per_multiprocessor,,2048
h96_n1,warm,k2,device__attribute_max_warps_per_multiprocessor,,64
h96_n1,warm,k2,device__attribute_max_warps_per_scheduler,,16
h96_n1,warm,k2,device__attribute_maximum_surface1d_layered_layers,,2048
h96_n1,warm,k2,device__attribute_maximum_surface1d_layered_width,,32768
h96_n1,warm,k2,device__attribute_maximum_surface1d_width,,32768
h96_n1,warm,k2,device__attribute_maximum_surface2d_height,,65536
h96_n1,warm,k2,device__attribute_maximum_surface2d_layered_height,,32768
h96_n1,warm,k2,device__attribute_maximum_surface2d_layered_layers,,2048
h96_n1,warm,k2,device__attribute_maximum_surface2d_layered_width,,32768
h96_n1,warm,k2,device__attribute_maximum_surface2d_width,,131072
h96_n1,warm,k2,device__attribute_maximum_surface3d_depth,,16384
h96_n1,warm,k2,device__attribute_maximum_surface3d_height,,16384
h96_n1,warm,k2,device__attribute_maximum_surface3d_width,,16384
h96_n1,warm,k2,device__attribute_maximum_surfacecubemap_layered_layers,,2046
h96_n1,warm,k2,device__attribute_maximum_surfacecubemap_layered_width,,32768
h96_n1,warm,k2,device__attribute_maximum_surfacecubemap_width,,32768
h96_n1,warm,k2,device__attribute_maximum_texture1d_layered_layers,,2048
h96_n1,warm,k2,device__attribute_maximum_texture1d_layered_width,,32768
h96_n1,warm,k2,device__attribute_maximum_texture1d_linear_width,,268435456
h96_n1,warm,k2,device__attribute_maximum_texture1d_mipmapped_width,,32768
h96_n1,warm,k2,device__attribute_maximum_texture1d_width,,131072
h96_n1,warm,k2,device__attribute_maximum_texture2d_gather_height,,32768
h96_n1,warm,k2,device__attribute_maximum_texture2d_gather_width,,32768
h96_n1,warm,k2,device__attribute_maximum_texture2d_height,,65536
h96_n1,warm,k2,device__attribute_maximum_texture2d_layered_height,,32768
h96_n1,warm,k2,device__attribute_maximum_texture2d_layered_layers,,2048
h96_n1,warm,k2,device__attribute_maximum_texture2d_layered_width,,32768
h96_n1,warm,k2,device__attribute_maximum_texture2d_linear_height,,65000
h96_n1,warm,k2,device__attribute_maximum_texture2d_linear_pitch,,2097120
h96_n1,warm,k2,device__attribute_maximum_texture2d_linear_width,,131072
h96_n1,warm,k2,device__attribute_maximum_texture2d_mipmapped_height,,32768
h96_n1,warm,k2,device__attribute_maximum_texture2d_mipmapped_width,,32768
h96_n1,warm,k2,device__attribute_maximum_texture2d_width,,131072
h96_n1,warm,k2,device__attribute_maximum_texture3d_depth,,16384
h96_n1,warm,k2,device__attribute_maximum_texture3d_depth_alternate,,32768
h96_n1,warm,k2,device__attribute_maximum_texture3d_height,,16384
h96_n1,warm,k2,device__attribute_maximum_texture3d_height_alternate,,8192
h96_n1,warm,k2,device__attribute_maximum_texture3d_width,,16384
h96_n1,warm,k2,device__attribute_maximum_texture3d_width_alternate,,8192
h96_n1,warm,k2,device__attribute_maximum_texturecubemap_layered_layers,,2046
h96_n1,warm,k2,device__attribute_maximum_texturecubemap_layered_width,,32768
h96_n1,warm,k2,device__attribute_maximum_texturecubemap_width,,32768
h96_n1,warm,k2,device__attribute_mem_sync_domain_count,,4
h96_n1,warm,k2,device__attribute_memory_clock_rate,,3996000
h96_n1,warm,k2,device__attribute_memory_pools_supported,,1
h96_n1,warm,k2,device__attribute_mempool_supported_handle_types,,9
h96_n1,warm,k2,device__attribute_mps_enabled,,0
h96_n1,warm,k2,device__attribute_multi_gpu_board,,0
h96_n1,warm,k2,device__attribute_multi_gpu_board_group_id,,0
h96_n1,warm,k2,device__attribute_multicast_supported,,1
h96_n1,warm,k2,device__attribute_multiprocessor_count,,148
h96_n1,warm,k2,device__attribute_num_l2s_per_fbp,,12
h96_n1,warm,k2,device__attribute_num_schedulers_per_multiprocessor,,4
h96_n1,warm,k2,device__attribute_num_tex_per_multiprocessor,,1
h96_n1,warm,k2,device__attribute_numa_config,,0
h96_n1,warm,k2,device__attribute_pageable_memory_access,,1
h96_n1,warm,k2,device__attribute_pageable_memory_access_uses_host_page_tables,,0
h96_n1,warm,k2,device__attribute_pci_bus_id,,12
h96_n1,warm,k2,device__attribute_pci_device_id,,0
h96_n1,warm,k2,device__attribute_pci_domain_id,,0
h96_n1,warm,k2,device__attribute_ram_location,,1
h96_n1,warm,k2,device__attribute_ram_type,,0
h96_n1,warm,k2,device__attribute_reserved_shared_memory_per_block,,1024
h96_n1,warm,k2,device__attribute_sass_level,,10
h96_n1,warm,k2,device__attribute_single_to_double_precision_perf_ratio,,64
h96_n1,warm,k2,device__attribute_sparse_cuda_array_supported,,1
h96_n1,warm,k2,device__attribute_stream_priorities_supported,,1
h96_n1,warm,k2,device__attribute_surface_alignment,,512
h96_n1,warm,k2,device__attribute_tcc_driver,,0
h96_n1,warm,k2,device__attribute_tensor_map_access_supported,,1
h96_n1,warm,k2,device__attribute_texture_alignment,,512
h96_n1,warm,k2,device__attribute_texture_pitch_alignment,,32
h96_n1,warm,k2,device__attribute_total_constant_memory,,65536
h96_n1,warm,k2,device__attribute_total_memory,,287428640768
h96_n1,warm,k2,device__attribute_unified_addressing,,1
h96_n1,warm,k2,device__attribute_unified_function_pointers,,1
h96_n1,warm,k2,device__attribute_virtual_address_management_supported,,1
h96_n1,warm,k2,device__attribute_warp_size,,32
h96_n1,warm,k2,dram__bytes_read.avg,byte,13787472
h96_n1,warm,k2,dram__bytes_read.max,byte,14715648
h96_n1,warm,k2,dram__bytes_read.min,byte,7329024
h96_n1,warm,k2,dram__bytes_read.sum,byte,882398208
h96_n1,warm,k2,dram__bytes_write.avg,byte,3724608
h96_n1,warm,k2,dram__bytes_write.max,byte,3982336
h96_n1,warm,k2,dram__bytes_write.min,byte,2057984
h96_n1,warm,k2,dram__bytes_write.sum,byte,238374912
h96_n1,warm,k2,dram__throughput.avg.pct_of_peak_sustained_elapsed,%,19.51
h96_n1,warm,k2,dram__throughput.max.pct_of_peak_sustained_elapsed,%,19.53
h96_n1,warm,k2,dram__throughput.min.pct_of_peak_sustained_elapsed,%,19.61
h96_n1,warm,k2,dram__throughput.sum.pct_of_peak_sustained_elapsed,%,19.51
h96_n1,warm,k2,gpc__cycles_elapsed.avg.per_second,hz,1905702053.15
h96_n1,warm,k2,gpc__cycles_elapsed.max.per_second,hz,1906410276.96
h96_n1,warm,k2,gpc__cycles_elapsed.min.per_second,hz,1904130337.22
h96_n1,warm,k2,gpc__cycles_elapsed.sum.per_second,hz,15245616425.18
h96_n1,warm,k2,gpu__time_duration.avg,ns,748704
h96_n1,warm,k2,gpu__time_duration.max,ns,748704
h96_n1,warm,k2,gpu__time_duration.min,ns,748704
h96_n1,warm,k2,gpu__time_duration.sum,ns,748704
h96_n1,warm,k2,gr__workids_granted.avg,,0
h96_n1,warm,k2,gr__workids_granted.max,,0
h96_n1,warm,k2,gr__workids_granted.min,,0
h96_n1,warm,k2,gr__workids_granted.sum,,0
h96_n1,warm,k2,gr__workids_granted_as_ctas.avg,block,0
h96_n1,warm,k2,gr__workids_granted_as_ctas.max,block,0
h96_n1,warm,k2,gr__workids_granted_as_ctas.min,block,0
h96_n1,warm,k2,gr__workids_granted_as_ctas.sum,block,0
h96_n1,warm,k2,gr__workids_requested.avg,,0
h96_n1,warm,k2,gr__workids_requested.max,,0
h96_n1,warm,k2,gr__workids_requested.min,,0
h96_n1,warm,k2,gr__workids_requested.sum,,0
h96_n1,warm,k2,l1tex__data_bank_conflicts_pipe_lsu_mem_shared_op_ld.avg,,19391.70
h96_n1,warm,k2,l1tex__data_bank_conflicts_pipe_lsu_mem_shared_op_ld.max,,34772
h96_n1,warm,k2,l1tex__data_bank_conflicts_pipe_lsu_mem_shared_op_ld.min,,0
h96_n1,warm,k2,l1tex__data_bank_conflicts_pipe_lsu_mem_shared_op_ld.sum,,2869972
h96_n1,warm,k2,l1tex__data_bank_conflicts_pipe_lsu_mem_shared_op_st.avg,,73447.49
h96_n1,warm,k2,l1tex__data_bank_conflicts_pipe_lsu_mem_shared_op_st.max,,120982
h96_n1,warm,k2,l1tex__data_bank_conflicts_pipe_lsu_mem_shared_op_st.min,,0
h96_n1,warm,k2,l1tex__data_bank_conflicts_pipe_lsu_mem_shared_op_st.sum,,10870228
h96_n1,warm,k2,l1tex__throughput.avg.pct_of_peak_sustained_elapsed,%,38.99
h96_n1,warm,k2,l1tex__throughput.max.pct_of_peak_sustained_elapsed,%,60.86
h96_n1,warm,k2,l1tex__throughput.min.pct_of_peak_sustained_elapsed,%,0.00
h96_n1,warm,k2,l1tex__throughput.sum.pct_of_peak_sustained_elapsed,%,38.99
h96_n1,warm,k2,launch__barrier_count,,9
h96_n1,warm,k2,launch__block_dim_x,block,192
h96_n1,warm,k2,launch__block_dim_y,block,1
h96_n1,warm,k2,launch__block_dim_z,block,1
h96_n1,warm,k2,launch__block_size,,192
h96_n1,warm,k2,launch__cluster_dim_x,,0
h96_n1,warm,k2,launch__cluster_dim_y,,0
h96_n1,warm,k2,launch__cluster_dim_z,,0
h96_n1,warm,k2,launch__cluster_max_active,cluster,0
h96_n1,warm,k2,launch__cluster_max_potential_size,block,8
h96_n1,warm,k2,launch__cluster_scheduling_policy,,PolicySpread
h96_n1,warm,k2,launch__cluster_size,,0
h96_n1,warm,k2,launch__context_id,,1
h96_n1,warm,k2,launch__device_id,,0
h96_n1,warm,k2,launch__func_cache_config,,CachePreferNone
h96_n1,warm,k2,launch__function_pcs,,1
h96_n1,warm,k2,launch__grid_dim_x,,1
h96_n1,warm,k2,launch__grid_dim_y,,96
h96_n1,warm,k2,launch__grid_dim_z,,1
h96_n1,warm,k2,launch__grid_size,,96
h96_n1,warm,k2,launch__occupancy_cluster_gpu_pct,%,0
h96_n1,warm,k2,launch__occupancy_cluster_pct,%,0
h96_n1,warm,k2,launch__occupancy_limit_barriers,block,7
h96_n1,warm,k2,launch__occupancy_limit_blocks,block,32
h96_n1,warm,k2,launch__occupancy_limit_registers,block,4
h96_n1,warm,k2,launch__occupancy_limit_shared_mem,block,2
h96_n1,warm,k2,launch__occupancy_limit_warps,block,10
h96_n1,warm,k2,launch__occupancy_per_barrier_count,,588
h96_n1,warm,k2,launch__occupancy_per_block_size,,758
h96_n1,warm,k2,launch__occupancy_per_cluster_size,,0
h96_n1,warm,k2,launch__occupancy_per_register_count,,2556
h96_n1,warm,k2,launch__occupancy_per_shared_mem_size,,5292
h96_n1,warm,k2,launch__persisting_l2_cache_size,byte,24870912
h96_n1,warm,k2,launch__preferred_cluster_dim_x,,0
h96_n1,warm,k2,launch__preferred_cluster_dim_y,,0
h96_n1,warm,k2,launch__preferred_cluster_dim_z,,0
h96_n1,warm,k2,launch__preferred_cluster_size,,0
h96_n1,warm,k2,launch__registers_per_thread,register/thread,73
h96_n1,warm,k2,launch__registers_per_thread_allocated,register/thread,80
h96_n1,warm,k2,launch__shared_mem_config_size,byte,200704
h96_n1,warm,k2,launch__shared_mem_per_block,byte/block,99456
h96_n1,warm,k2,launch__shared_mem_per_block_allocated,byte/block,99456
h96_n1,warm,k2,launch__shared_mem_per_block_driver,byte/block,1024
h96_n1,warm,k2,launch__shared_mem_per_block_dynamic,byte/block,98432
h96_n1,warm,k2,launch__shared_mem_per_block_static,byte/block,0
h96_n1,warm,k2,launch__sm_count,SM,148
h96_n1,warm,k2,launch__stack_size,,1024
h96_n1,warm,k2,launch__stream_id,,7
h96_n1,warm,k2,launch__thread_count,thread,18432
h96_n1,warm,k2,launch__tpc_count,,74
h96_n1,warm,k2,launch__tpc_enabled,,all
h96_n1,warm,k2,launch__uses_cdp,,0
h96_n1,warm,k2,launch__uses_green_context,,0
h96_n1,warm,k2,launch__uses_mps,,0
h96_n1,warm,k2,launch__uses_nvlink_centric_scheduling,,0
h96_n1,warm,k2,launch__uses_vgpu,,0
h96_n1,warm,k2,launch__waves_per_multiprocessor,,0.32
h96_n1,warm,k2,lts__t_sector_hit_rate.pct,%,53.22
h96_n1,warm,k2,lts__t_sectors.avg,sector,551255.73
h96_n1,warm,k2,lts__t_sectors.max,sector,594343
h96_n1,warm,k2,lts__t_sectors.min,sector,267339
h96_n1,warm,k2,lts__t_sectors.sum,sector,101431054
h96_n1,warm,k2,lts__throughput.avg.pct_of_peak_sustained_elapsed,%,27.12
h96_n1,warm,k2,lts__throughput.max.pct_of_peak_sustained_elapsed,%,29.47
h96_n1,warm,k2,lts__throughput.min.pct_of_peak_sustained_elapsed,%,13.10
h96_n1,warm,k2,lts__throughput.sum.pct_of_peak_sustained_elapsed,%,27.12
h96_n1,warm,k2,numa__cpu_affinity,,1
h96_n1,warm,k2,numa__dev_display_name_all,,1
h96_n1,warm,k2,numa__id_cpu,,1
h96_n1,warm,k2,numa__id_memory,,1
h96_n1,warm,k2,nvlink__bandwidth,,0
h96_n1,warm,k2,nvlink__count_logical,,0
h96_n1,warm,k2,nvlink__count_physical,,0
h96_n1,warm,k2,nvlink__destination_ports,,0
h96_n1,warm,k2,nvlink__dev0Id,,0
h96_n1,warm,k2,nvlink__dev0type,,0
h96_n1,warm,k2,nvlink__dev1Id,,0
h96_n1,warm,k2,nvlink__dev1type,,0
h96_n1,warm,k2,nvlink__dev_display_name_all,,1
h96_n1,warm,k2,nvlink__enabled_mask,,262143
h96_n1,warm,k2,nvlink__is_direct_link,,0
h96_n1,warm,k2,nvlink__is_nvswitch_connected,,0
h96_n1,warm,k2,nvlink__max_count,,18
h96_n1,warm,k2,nvlink__peer_access,,0
h96_n1,warm,k2,nvlink__peer_atomic,,0
h96_n1,warm,k2,nvlink__source_ports,,0
h96_n1,warm,k2,nvlink__system_access,,0
h96_n1,warm,k2,nvlink__system_atomic,,0
h96_n1,warm,k2,profiler__perfworks_session_reuse,,1
h96_n1,warm,k2,profiler__replayer_passes,pass,15
h96_n1,warm,k2,profiler__replayer_passes_type_warmup,pass,0
h96_n1,warm,k2,sm__cycles_active.avg,cycle,912941.53
h96_n1,warm,k2,sm__cycles_active.avg.pct_of_peak_sustained_elapsed,%,63.72
h96_n1,warm,k2,sm__cycles_active.max,cycle,1425968
h96_n1,warm,k2,sm__cycles_active.max.pct_of_peak_sustained_elapsed,%,99.53
h96_n1,warm,k2,sm__cycles_active.min,cycle,0
h96_n1,warm,k2,sm__cycles_active.min.pct_of_peak_sustained_elapsed,%,0
h96_n1,warm,k2,sm__cycles_active.sum,cycle,135115347
h96_n1,warm,k2,sm__cycles_active.sum.pct_of_peak_sustained_elapsed,%,63.72
h96_n1,warm,k2,sm__inst_executed_pipe_adu.avg.pct_of_peak_sustained_elapsed,%,2.10
h96_n1,warm,k2,sm__inst_executed_pipe_adu.max.pct_of_peak_sustained_elapsed,%,3.30
h96_n1,warm,k2,sm__inst_executed_pipe_adu.min.pct_of_peak_sustained_elapsed,%,0
h96_n1,warm,k2,sm__inst_executed_pipe_adu.sum.pct_of_peak_sustained_elapsed,%,2.10
h96_n1,warm,k2,sm__inst_executed_pipe_alu.avg.pct_of_peak_sustained_elapsed,%,13.53
h96_n1,warm,k2,sm__inst_executed_pipe_alu.max.pct_of_peak_sustained_elapsed,%,20.86
h96_n1,warm,k2,sm__inst_executed_pipe_alu.min.pct_of_peak_sustained_elapsed,%,0
h96_n1,warm,k2,sm__inst_executed_pipe_alu.sum.pct_of_peak_sustained_elapsed,%,13.53
h96_n1,warm,k2,sm__inst_executed_pipe_fma.avg.pct_of_peak_sustained_elapsed,%,5.66
h96_n1,warm,k2,sm__inst_executed_pipe_fma.max.pct_of_peak_sustained_elapsed,%,8.73
h96_n1,warm,k2,sm__inst_executed_pipe_fma.min.pct_of_peak_sustained_elapsed,%,0
h96_n1,warm,k2,sm__inst_executed_pipe_fma.sum.pct_of_peak_sustained_elapsed,%,5.66
h96_n1,warm,k2,sm__inst_executed_pipe_lsu.avg.pct_of_peak_sustained_elapsed,%,10.66
h96_n1,warm,k2,sm__inst_executed_pipe_lsu.max.pct_of_peak_sustained_elapsed,%,16.44
h96_n1,warm,k2,sm__inst_executed_pipe_lsu.min.pct_of_peak_sustained_elapsed,%,0
h96_n1,warm,k2,sm__inst_executed_pipe_lsu.sum.pct_of_peak_sustained_elapsed,%,10.66
h96_n1,warm,k2,sm__inst_executed_pipe_xu.avg.pct_of_peak_sustained_elapsed,%,0.19
h96_n1,warm,k2,sm__inst_executed_pipe_xu.max.pct_of_peak_sustained_elapsed,%,0.29
h96_n1,warm,k2,sm__inst_executed_pipe_xu.min.pct_of_peak_sustained_elapsed,%,0
h96_n1,warm,k2,sm__inst_executed_pipe_xu.sum.pct_of_peak_sustained_elapsed,%,0.19
h96_n1,warm,k2,sm__issue_active.avg.pct_of_peak_sustained_elapsed,%,20.48
h96_n1,warm,k2,sm__issue_active.max.pct_of_peak_sustained_elapsed,%,31.59
h96_n1,warm,k2,sm__issue_active.min.pct_of_peak_sustained_elapsed,%,0
h96_n1,warm,k2,sm__issue_active.sum.pct_of_peak_sustained_elapsed,%,20.48
h96_n1,warm,k2,sm__maximum_warps_avg_per_active_cycle,warp,12
h96_n1,warm,k2,sm__maximum_warps_per_active_cycle_pct,%,18.75
h96_n1,warm,k2,sm__ops_path_tensor_op_hmma_src_bf16_dst_fp32.avg,,565890961.30
h96_n1,warm,k2,sm__ops_path_tensor_op_hmma_src_bf16_dst_fp32.max,,872415232
h96_n1,warm,k2,sm__ops_path_tensor_op_hmma_src_bf16_dst_fp32.min,,0
h96_n1,warm,k2,sm__ops_path_tensor_op_hmma_src_bf16_dst_fp32.sum,,83751862272
h96_n1,warm,k2,sm__ops_path_tensor_op_hmma_src_fp16_dst_fp16.avg,,0
h96_n1,warm,k2,sm__ops_path_tensor_op_hmma_src_fp16_dst_fp16.max,,0
h96_n1,warm,k2,sm__ops_path_tensor_op_hmma_src_fp16_dst_fp16.min,,0
h96_n1,warm,k2,sm__ops_path_tensor_op_hmma_src_fp16_dst_fp16.sum,,0
h96_n1,warm,k2,sm__pipe_tensor_cycles_active.avg.pct_of_peak_sustained_active,%,30.27
h96_n1,warm,k2,sm__pipe_tensor_cycles_active.avg.pct_of_peak_sustained_elapsed,%,19.29
h96_n1,warm,k2,sm__pipe_tensor_cycles_active.max.pct_of_peak_sustained_active,%,46.66
h96_n1,warm,k2,sm__pipe_tensor_cycles_active.max.pct_of_peak_sustained_elapsed,%,29.73
h96_n1,warm,k2,sm__pipe_tensor_cycles_active.min.pct_of_peak_sustained_active,%,0
h96_n1,warm,k2,sm__pipe_tensor_cycles_active.min.pct_of_peak_sustained_elapsed,%,0
h96_n1,warm,k2,sm__pipe_tensor_cycles_active.sum.pct_of_peak_sustained_active,%,30.27
h96_n1,warm,k2,sm__pipe_tensor_cycles_active.sum.pct_of_peak_sustained_elapsed,%,19.29
h96_n1,warm,k2,sm__throughput.avg.pct_of_peak_sustained_elapsed,%,20.48
h96_n1,warm,k2,sm__throughput.max.pct_of_peak_sustained_elapsed,%,31.59
h96_n1,warm,k2,sm__throughput.min.pct_of_peak_sustained_elapsed,%,0
h96_n1,warm,k2,sm__throughput.sum.pct_of_peak_sustained_elapsed,%,20.48
h96_n1,warm,k2,sm__warps_active.avg.pct_of_peak_sustained_active,%,9.37
h96_n1,warm,k2,sm__warps_active.avg.per_cycle_active,warp,6.00
h96_n1,warm,k2,sm__warps_active.max.pct_of_peak_sustained_active,%,14.63
h96_n1,warm,k2,sm__warps_active.max.per_cycle_active,warp,9.37
h96_n1,warm,k2,sm__warps_active.min.pct_of_peak_sustained_active,%,0
h96_n1,warm,k2,sm__warps_active.min.per_cycle_active,warp,0
h96_n1,warm,k2,sm__warps_active.sum.pct_of_peak_sustained_active,%,9.37
h96_n1,warm,k2,sm__warps_active.sum.per_cycle_active,warp,887.50
h96_n1,warm,k2,smsp__issue_active.avg.pct_of_peak_sustained_active,%,32.15
h96_n1,warm,k2,smsp__issue_active.max.pct_of_peak_sustained_active,%,65.98
h96_n1,warm,k2,smsp__issue_active.min.pct_of_peak_sustained_active,%,0
h96_n1,warm,k2,smsp__issue_active.sum.pct_of_peak_sustained_active,%,32.15
h96_n1,warm,k2,smsp__maximum_warps_avg_per_active_cycle,warp,3
h96_n1,warm,k2,smsp__warp_issue_stalled_barrier_per_warp_active.pct,%,2.62
h96_n1,warm,k2,smsp__warp_issue_stalled_long_scoreboard_per_warp_active.pct,%,8.85
h96_n1,warm,k2,smsp__warp_issue_stalled_math_pipe_throttle_per_warp_active.pct,%,0.11
h96_n1,warm,k2,smsp__warp_issue_stalled_membar_per_warp_active.pct,%,0
h96_n1,warm,k2,smsp__warp_issue_stalled_mio_throttle_per_warp_active.pct,%,2.88
h96_n1,warm,k2,smsp__warp_issue_stalled_not_selected_per_warp_active.pct,%,1.03
h96_n1,warm,k2,smsp__warp_issue_stalled_short_scoreboard_per_warp_active.pct,%,16.62
h96_n1,warm,k2,smsp__warp_issue_stalled_wait_per_warp_active.pct,%,23.67
h96_n1,warm,k2,smsp__warps_active.avg.peak_sustained,warp,16
h96_n1,warm,k2,smsp__warps_active.max.peak_sustained,warp,16
h96_n1,warm,k2,smsp__warps_active.min.peak_sustained,warp,16
h96_n1,warm,k2,smsp__warps_active.sum.peak_sustained,warp,9472
h96_n1,warm,k2,smsp__warps_eligible.avg.per_cycle_active,warp,0.34
h96_n1,warm,k2,smsp__warps_eligible.max.per_cycle_active,warp,0.75
h96_n1,warm,k2,smsp__warps_eligible.min.per_cycle_active,warp,0
h96_n1,warm,k2,smsp__warps_eligible.sum.per_cycle_active,warp,199.49
h96_n8,cold,k1,c2clink__enabled_mask,,0
h96_n8,cold,k1,c2clink__present,,0
h96_n8,cold,k1,derived__pct_occupancy_per_barrier_count,,2230
h96_n8,cold,k1,derived__pct_occupancy_per_block_size,%,5190
h96_n8,cold,k1,derived__pct_occupancy_per_register_count,%/register,8524
h96_n8,cold,k1,derived__pct_occupancy_per_shared_mem_size,%/byte,14020
h96_n8,cold,k1,device__attribute_architecture,,416
h96_n8,cold,k1,device__attribute_async_engine_count,,4
h96_n8,cold,k1,device__attribute_can_flush_remote_writes,,0
h96_n8,cold,k1,device__attribute_can_map_host_memory,,1
h96_n8,cold,k1,device__attribute_can_tex2d_gather,,1
h96_n8,cold,k1,device__attribute_can_use_64_bit_stream_mem_ops,,1
h96_n8,cold,k1,device__attribute_can_use_64_bit_stream_mem_ops_v1,,0
h96_n8,cold,k1,device__attribute_can_use_host_pointer_for_registered_mem,,1
h96_n8,cold,k1,device__attribute_can_use_stream_mem_ops_v1,,0
h96_n8,cold,k1,device__attribute_can_use_stream_wait_value_nor,,1
h96_n8,cold,k1,device__attribute_can_use_stream_wait_value_nor_v1,,0
h96_n8,cold,k1,device__attribute_chip,,419
h96_n8,cold,k1,device__attribute_clock_rate,,2032000
h96_n8,cold,k1,device__attribute_cluster_launch,,1
h96_n8,cold,k1,device__attribute_compute_capability_major,,10
h96_n8,cold,k1,device__attribute_compute_capability_minor,,3
h96_n8,cold,k1,device__attribute_compute_mode,,0
h96_n8,cold,k1,device__attribute_compute_preemption_supported,,1
h96_n8,cold,k1,device__attribute_concurrent_kernels,,1
h96_n8,cold,k1,device__attribute_concurrent_managed_access,,1
h96_n8,cold,k1,device__attribute_confidential_computing_mode,,No-CC
h96_n8,cold,k1,device__attribute_cooperative_launch,,1
h96_n8,cold,k1,device__attribute_cooperative_multi_device_launch,,1
h96_n8,cold,k1,device__attribute_deferred_mapping_cuda_array_supported,,1
h96_n8,cold,k1,device__attribute_device_index,,0
h96_n8,cold,k1,device__attribute_direct_managed_mem_access_from_host,,0
h96_n8,cold,k1,device__attribute_display_name,,NVIDIA B300 SXM6 AC
h96_n8,cold,k1,device__attribute_dma_buf_supported,,1
h96_n8,cold,k1,device__attribute_ecc_enabled,,1
h96_n8,cold,k1,device__attribute_fb_bus_width,,7680
h96_n8,cold,k1,device__attribute_fbp_count,,16
h96_n8,cold,k1,device__attribute_generic_compression_supported,,1
h96_n8,cold,k1,device__attribute_global_l1_cache_supported,,1
h96_n8,cold,k1,device__attribute_global_memory_bus_width,,7680
h96_n8,cold,k1,device__attribute_gpu_direct_rdma_flush_writes_options,,1
h96_n8,cold,k1,device__attribute_gpu_direct_rdma_supported,,1
h96_n8,cold,k1,device__attribute_gpu_direct_rdma_with_cuda_vmm_supported,,1
h96_n8,cold,k1,device__attribute_gpu_direct_rdma_writes_ordering,,100
h96_n8,cold,k1,device__attribute_gpu_overlap,,1
h96_n8,cold,k1,device__attribute_gpu_pci_device_id,,830607582
h96_n8,cold,k1,device__attribute_gpu_pci_ext_device_id,,12674
h96_n8,cold,k1,device__attribute_gpu_pci_ext_downstream_link_rate,,16000
h96_n8,cold,k1,device__attribute_gpu_pci_ext_downstream_link_width,,32
h96_n8,cold,k1,device__attribute_gpu_pci_ext_gen,,5
h96_n8,cold,k1,device__attribute_gpu_pci_ext_gpu_gen,,5
h96_n8,cold,k1,device__attribute_gpu_pci_ext_gpu_link_rate,,64000
h96_n8,cold,k1,device__attribute_gpu_pci_ext_gpu_link_width,,16
h96_n8,cold,k1,device__attribute_gpu_pci_revision_id,,161
h96_n8,cold,k1,device__attribute_gpu_pci_sub_system_id,,551948510
h96_n8,cold,k1,device__attribute_handle_type_fabric_supported,,1
h96_n8,cold,k1,device__attribute_handle_type_posix_file_descriptor_supported,,1
h96_n8,cold,k1,device__attribute_handle_type_win32_handle_supported,,0
h96_n8,cold,k1,device__attribute_handle_type_win32_kmt_handle_supported,,0
h96_n8,cold,k1,device__attribute_host_native_atomic_supported,,0
h96_n8,cold,k1,device__attribute_host_numa_id,,0
h96_n8,cold,k1,device__attribute_host_register_supported,,1
h96_n8,cold,k1,device__attribute_implementation,,419
h96_n8,cold,k1,device__attribute_integrated,,0
h96_n8,cold,k1,device__attribute_ipc_event_supported,,1
h96_n8,cold,k1,device__attribute_kernel_exec_timeout,,0
h96_n8,cold,k1,device__attribute_l2_cache_size,,132644864
h96_n8,cold,k1,device__attribute_l2s_count,,192
h96_n8,cold,k1,device__attribute_limits_max_cta_per_sm,,32
h96_n8,cold,k1,device__attribute_limits_num_tpcs,,74
h96_n8,cold,k1,device__attribute_local_l1_cache_supported,,1
h96_n8,cold,k1,device__attribute_managed_memory,,1
h96_n8,cold,k1,device__attribute_max_access_policy_window_size,,134217728
h96_n8,cold,k1,device__attribute_max_block_dim_x,,1024
h96_n8,cold,k1,device__attribute_max_block_dim_y,,1024
h96_n8,cold,k1,device__attribute_max_block_dim_z,,64
h96_n8,cold,k1,device__attribute_max_blocks_per_multiprocessor,,32
h96_n8,cold,k1,device__attribute_max_gpu_frequency_khz,,2032000
h96_n8,cold,k1,device__attribute_max_grid_dim_x,,2147483647
h96_n8,cold,k1,device__attribute_max_grid_dim_y,,65535
h96_n8,cold,k1,device__attribute_max_grid_dim_z,,65535
h96_n8,cold,k1,device__attribute_max_ipc_per_multiprocessor,,4
h96_n8,cold,k1,device__attribute_max_ipc_per_scheduler,,1
h96_n8,cold,k1,device__attribute_max_mem_frequency_khz,,3996000
h96_n8,cold,k1,device__attribute_max_persisting_l2_cache_size,,82903040
h96_n8,cold,k1,device__attribute_max_pitch,,2147483647
h96_n8,cold,k1,device__attribute_max_registers_per_block,,65536
h96_n8,cold,k1,device__attribute_max_registers_per_multiprocessor,,65536
h96_n8,cold,k1,device__attribute_max_registers_per_thread,,255
h96_n8,cold,k1,device__attribute_max_shared_memory_per_block,,49152
h96_n8,cold,k1,device__attribute_max_shared_memory_per_block_optin,,232448
h96_n8,cold,k1,device__attribute_max_shared_memory_per_multiprocessor,,233472
h96_n8,cold,k1,device__attribute_max_threads_per_block,,1024
h96_n8,cold,k1,device__attribute_max_threads_per_multiprocessor,,2048
h96_n8,cold,k1,device__attribute_max_warps_per_multiprocessor,,64
h96_n8,cold,k1,device__attribute_max_warps_per_scheduler,,16
h96_n8,cold,k1,device__attribute_maximum_surface1d_layered_layers,,2048
h96_n8,cold,k1,device__attribute_maximum_surface1d_layered_width,,32768
h96_n8,cold,k1,device__attribute_maximum_surface1d_width,,32768
h96_n8,cold,k1,device__attribute_maximum_surface2d_height,,65536
h96_n8,cold,k1,device__attribute_maximum_surface2d_layered_height,,32768
h96_n8,cold,k1,device__attribute_maximum_surface2d_layered_layers,,2048
h96_n8,cold,k1,device__attribute_maximum_surface2d_layered_width,,32768
h96_n8,cold,k1,device__attribute_maximum_surface2d_width,,131072
h96_n8,cold,k1,device__attribute_maximum_surface3d_depth,,16384
h96_n8,cold,k1,device__attribute_maximum_surface3d_height,,16384
h96_n8,cold,k1,device__attribute_maximum_surface3d_width,,16384
h96_n8,cold,k1,device__attribute_maximum_surfacecubemap_layered_layers,,2046
h96_n8,cold,k1,device__attribute_maximum_surfacecubemap_layered_width,,32768
h96_n8,cold,k1,device__attribute_maximum_surfacecubemap_width,,32768
h96_n8,cold,k1,device__attribute_maximum_texture1d_layered_layers,,2048
h96_n8,cold,k1,device__attribute_maximum_texture1d_layered_width,,32768
h96_n8,cold,k1,device__attribute_maximum_texture1d_linear_width,,268435456
h96_n8,cold,k1,device__attribute_maximum_texture1d_mipmapped_width,,32768
h96_n8,cold,k1,device__attribute_maximum_texture1d_width,,131072
h96_n8,cold,k1,device__attribute_maximum_texture2d_gather_height,,32768
h96_n8,cold,k1,device__attribute_maximum_texture2d_gather_width,,32768
h96_n8,cold,k1,device__attribute_maximum_texture2d_height,,65536
h96_n8,cold,k1,device__attribute_maximum_texture2d_layered_height,,32768
h96_n8,cold,k1,device__attribute_maximum_texture2d_layered_layers,,2048
h96_n8,cold,k1,device__attribute_maximum_texture2d_layered_width,,32768
h96_n8,cold,k1,device__attribute_maximum_texture2d_linear_height,,65000
h96_n8,cold,k1,device__attribute_maximum_texture2d_linear_pitch,,2097120
h96_n8,cold,k1,device__attribute_maximum_texture2d_linear_width,,131072
h96_n8,cold,k1,device__attribute_maximum_texture2d_mipmapped_height,,32768
h96_n8,cold,k1,device__attribute_maximum_texture2d_mipmapped_width,,32768
h96_n8,cold,k1,device__attribute_maximum_texture2d_width,,131072
h96_n8,cold,k1,device__attribute_maximum_texture3d_depth,,16384
h96_n8,cold,k1,device__attribute_maximum_texture3d_depth_alternate,,32768
h96_n8,cold,k1,device__attribute_maximum_texture3d_height,,16384
h96_n8,cold,k1,device__attribute_maximum_texture3d_height_alternate,,8192
h96_n8,cold,k1,device__attribute_maximum_texture3d_width,,16384
h96_n8,cold,k1,device__attribute_maximum_texture3d_width_alternate,,8192
h96_n8,cold,k1,device__attribute_maximum_texturecubemap_layered_layers,,2046
h96_n8,cold,k1,device__attribute_maximum_texturecubemap_layered_width,,32768
h96_n8,cold,k1,device__attribute_maximum_texturecubemap_width,,32768
h96_n8,cold,k1,device__attribute_mem_sync_domain_count,,4
h96_n8,cold,k1,device__attribute_memory_clock_rate,,3996000
h96_n8,cold,k1,device__attribute_memory_pools_supported,,1
h96_n8,cold,k1,device__attribute_mempool_supported_handle_types,,9
h96_n8,cold,k1,device__attribute_mps_enabled,,0
h96_n8,cold,k1,device__attribute_multi_gpu_board,,0
h96_n8,cold,k1,device__attribute_multi_gpu_board_group_id,,0
h96_n8,cold,k1,device__attribute_multicast_supported,,1
h96_n8,cold,k1,device__attribute_multiprocessor_count,,148
h96_n8,cold,k1,device__attribute_num_l2s_per_fbp,,12
h96_n8,cold,k1,device__attribute_num_schedulers_per_multiprocessor,,4
h96_n8,cold,k1,device__attribute_num_tex_per_multiprocessor,,1
h96_n8,cold,k1,device__attribute_numa_config,,0
h96_n8,cold,k1,device__attribute_pageable_memory_access,,1
h96_n8,cold,k1,device__attribute_pageable_memory_access_uses_host_page_tables,,0
h96_n8,cold,k1,device__attribute_pci_bus_id,,12
h96_n8,cold,k1,device__attribute_pci_device_id,,0
h96_n8,cold,k1,device__attribute_pci_domain_id,,0
h96_n8,cold,k1,device__attribute_ram_location,,1
h96_n8,cold,k1,device__attribute_ram_type,,0
h96_n8,cold,k1,device__attribute_reserved_shared_memory_per_block,,1024
h96_n8,cold,k1,device__attribute_sass_level,,10
h96_n8,cold,k1,device__attribute_single_to_double_precision_perf_ratio,,64
h96_n8,cold,k1,device__attribute_sparse_cuda_array_supported,,1
h96_n8,cold,k1,device__attribute_stream_priorities_supported,,1
h96_n8,cold,k1,device__attribute_surface_alignment,,512
h96_n8,cold,k1,device__attribute_tcc_driver,,0
h96_n8,cold,k1,device__attribute_tensor_map_access_supported,,1
h96_n8,cold,k1,device__attribute_texture_alignment,,512
h96_n8,cold,k1,device__attribute_texture_pitch_alignment,,32
h96_n8,cold,k1,device__attribute_total_constant_memory,,65536
h96_n8,cold,k1,device__attribute_total_memory,,287428640768
h96_n8,cold,k1,device__attribute_unified_addressing,,1
h96_n8,cold,k1,device__attribute_unified_function_pointers,,1
h96_n8,cold,k1,device__attribute_virtual_address_management_supported,,1
h96_n8,cold,k1,device__attribute_warp_size,,32
h96_n8,cold,k1,dram__bytes_read.avg,byte,9464508
h96_n8,cold,k1,dram__bytes_read.max,byte,10098176
h96_n8,cold,k1,dram__bytes_read.min,byte,5046784
h96_n8,cold,k1,dram__bytes_read.sum,byte,605728512
h96_n8,cold,k1,dram__bytes_write.avg,byte,9810652
h96_n8,cold,k1,dram__bytes_write.max,byte,10496512
h96_n8,cold,k1,dram__bytes_write.min,byte,5098240
h96_n8,cold,k1,dram__bytes_write.sum,byte,627881728
h96_n8,cold,k1,dram__throughput.avg.pct_of_peak_sustained_elapsed,%,58.75
h96_n8,cold,k1,dram__throughput.max.pct_of_peak_sustained_elapsed,%,58.84
h96_n8,cold,k1,dram__throughput.min.pct_of_peak_sustained_elapsed,%,57.97
h96_n8,cold,k1,dram__throughput.sum.pct_of_peak_sustained_elapsed,%,58.75
h96_n8,cold,k1,gpc__cycles_elapsed.avg.per_second,hz,1896888241.53
h96_n8,cold,k1,gpc__cycles_elapsed.max.per_second,hz,1905234511.98
h96_n8,cold,k1,gpc__cycles_elapsed.min.per_second,hz,1886192285.21
h96_n8,cold,k1,gpc__cycles_elapsed.sum.per_second,hz,15175105932.20
h96_n8,cold,k1,gpu__time_duration.avg,ns,273760
h96_n8,cold,k1,gpu__time_duration.max,ns,273760
h96_n8,cold,k1,gpu__time_duration.min,ns,273760
h96_n8,cold,k1,gpu__time_duration.sum,ns,273760
h96_n8,cold,k1,gr__workids_granted.avg,,0
h96_n8,cold,k1,gr__workids_granted.max,,0
h96_n8,cold,k1,gr__workids_granted.min,,0
h96_n8,cold,k1,gr__workids_granted.sum,,0
h96_n8,cold,k1,gr__workids_granted_as_ctas.avg,block,0
h96_n8,cold,k1,gr__workids_granted_as_ctas.max,block,0
h96_n8,cold,k1,gr__workids_granted_as_ctas.min,block,0
h96_n8,cold,k1,gr__workids_granted_as_ctas.sum,block,0
h96_n8,cold,k1,gr__workids_requested.avg,,0
h96_n8,cold,k1,gr__workids_requested.max,,0
h96_n8,cold,k1,gr__workids_requested.min,,0
h96_n8,cold,k1,gr__workids_requested.sum,,0
h96_n8,cold,k1,l1tex__data_bank_conflicts_pipe_lsu_mem_shared_op_ld.avg,,32675.47
h96_n8,cold,k1,l1tex__data_bank_conflicts_pipe_lsu_mem_shared_op_ld.max,,36527
h96_n8,cold,k1,l1tex__data_bank_conflicts_pipe_lsu_mem_shared_op_ld.min,,27722
h96_n8,cold,k1,l1tex__data_bank_conflicts_pipe_lsu_mem_shared_op_ld.sum,,4835969
h96_n8,cold,k1,l1tex__data_bank_conflicts_pipe_lsu_mem_shared_op_st.avg,,10746.74
h96_n8,cold,k1,l1tex__data_bank_conflicts_pipe_lsu_mem_shared_op_st.max,,12451
h96_n8,cold,k1,l1tex__data_bank_conflicts_pipe_lsu_mem_shared_op_st.min,,8843
h96_n8,cold,k1,l1tex__data_bank_conflicts_pipe_lsu_mem_shared_op_st.sum,,1590517
h96_n8,cold,k1,l1tex__throughput.avg.pct_of_peak_sustained_elapsed,%,67.69
h96_n8,cold,k1,l1tex__throughput.max.pct_of_peak_sustained_elapsed,%,69.87
h96_n8,cold,k1,l1tex__throughput.min.pct_of_peak_sustained_elapsed,%,64.94
h96_n8,cold,k1,l1tex__throughput.sum.pct_of_peak_sustained_elapsed,%,67.69
h96_n8,cold,k1,launch__barrier_count,,1
h96_n8,cold,k1,launch__block_dim_x,block,256
h96_n8,cold,k1,launch__block_dim_y,block,1
h96_n8,cold,k1,launch__block_dim_z,block,1
h96_n8,cold,k1,launch__block_size,,256
h96_n8,cold,k1,launch__cluster_dim_x,,0
h96_n8,cold,k1,launch__cluster_dim_y,,0
h96_n8,cold,k1,launch__cluster_dim_z,,0
h96_n8,cold,k1,launch__cluster_max_active,cluster,0
h96_n8,cold,k1,launch__cluster_max_potential_size,block,8
h96_n8,cold,k1,launch__cluster_scheduling_policy,,PolicySpread
h96_n8,cold,k1,launch__cluster_size,,0
h96_n8,cold,k1,launch__context_id,,1
h96_n8,cold,k1,launch__device_id,,0
h96_n8,cold,k1,launch__func_cache_config,,CachePreferNone
h96_n8,cold,k1,launch__function_pcs,,1
h96_n8,cold,k1,launch__grid_dim_x,,512
h96_n8,cold,k1,launch__grid_dim_y,,96
h96_n8,cold,k1,launch__grid_dim_z,,1
h96_n8,cold,k1,launch__grid_size,,49152
h96_n8,cold,k1,launch__occupancy_cluster_gpu_pct,%,0
h96_n8,cold,k1,launch__occupancy_cluster_pct,%,0
h96_n8,cold,k1,launch__occupancy_limit_barriers,block,32
h96_n8,cold,k1,launch__occupancy_limit_blocks,block,32
h96_n8,cold,k1,launch__occupancy_limit_registers,block,8
h96_n8,cold,k1,launch__occupancy_limit_shared_mem,block,9
h96_n8,cold,k1,launch__occupancy_limit_warps,block,8
h96_n8,cold,k1,launch__occupancy_per_barrier_count,,1440
h96_n8,cold,k1,launch__occupancy_per_block_size,,3339
h96_n8,cold,k1,launch__occupancy_per_cluster_size,,0
h96_n8,cold,k1,launch__occupancy_per_register_count,,5504
h96_n8,cold,k1,launch__occupancy_per_shared_mem_size,,9072
h96_n8,cold,k1,launch__persisting_l2_cache_size,byte,24870912
h96_n8,cold,k1,launch__preferred_cluster_dim_x,,0
h96_n8,cold,k1,launch__preferred_cluster_dim_y,,0
h96_n8,cold,k1,launch__preferred_cluster_dim_z,,0
h96_n8,cold,k1,launch__preferred_cluster_size,,0
h96_n8,cold,k1,launch__registers_per_thread,register/thread,32
h96_n8,cold,k1,launch__registers_per_thread_allocated,register/thread,32
h96_n8,cold,k1,launch__shared_mem_config_size,byte,200704
h96_n8,cold,k1,launch__shared_mem_per_block,byte/block,22272
h96_n8,cold,k1,launch__shared_mem_per_block_allocated,byte/block,22272
h96_n8,cold,k1,launch__shared_mem_per_block_driver,byte/block,1024
h96_n8,cold,k1,launch__shared_mem_per_block_dynamic,byte/block,21248
h96_n8,cold,k1,launch__shared_mem_per_block_static,byte/block,0
h96_n8,cold,k1,launch__sm_count,SM,148
h96_n8,cold,k1,launch__stack_size,,1024
h96_n8,cold,k1,launch__stream_id,,7
h96_n8,cold,k1,launch__thread_count,thread,12582912
h96_n8,cold,k1,launch__tpc_count,,74
h96_n8,cold,k1,launch__tpc_enabled,,all
h96_n8,cold,k1,launch__uses_cdp,,0
h96_n8,cold,k1,launch__uses_green_context,,0
h96_n8,cold,k1,launch__uses_mps,,0
h96_n8,cold,k1,launch__uses_nvlink_centric_scheduling,,0
h96_n8,cold,k1,launch__uses_vgpu,,0
h96_n8,cold,k1,launch__waves_per_multiprocessor,,41.51
h96_n8,cold,k1,lts__t_sector_hit_rate.pct,%,45.32
h96_n8,cold,k1,lts__t_sectors.avg,sector,498145.72
h96_n8,cold,k1,lts__t_sectors.max,sector,522898
h96_n8,cold,k1,lts__t_sectors.min,sector,249700
h96_n8,cold,k1,lts__t_sectors.sum,sector,91658813
h96_n8,cold,k1,lts__throughput.avg.pct_of_peak_sustained_elapsed,%,72.28
h96_n8,cold,k1,lts__throughput.max.pct_of_peak_sustained_elapsed,%,81.14
h96_n8,cold,k1,lts__throughput.min.pct_of_peak_sustained_elapsed,%,36.12
h96_n8,cold,k1,lts__throughput.sum.pct_of_peak_sustained_elapsed,%,72.28
h96_n8,cold,k1,numa__cpu_affinity,,1
h96_n8,cold,k1,numa__dev_display_name_all,,1
h96_n8,cold,k1,numa__id_cpu,,1
h96_n8,cold,k1,numa__id_memory,,1
h96_n8,cold,k1,nvlink__bandwidth,,0
h96_n8,cold,k1,nvlink__count_logical,,0
h96_n8,cold,k1,nvlink__count_physical,,0
h96_n8,cold,k1,nvlink__destination_ports,,0
h96_n8,cold,k1,nvlink__dev0Id,,0
h96_n8,cold,k1,nvlink__dev0type,,0
h96_n8,cold,k1,nvlink__dev1Id,,0
h96_n8,cold,k1,nvlink__dev1type,,0
h96_n8,cold,k1,nvlink__dev_display_name_all,,1
h96_n8,cold,k1,nvlink__enabled_mask,,262143
h96_n8,cold,k1,nvlink__is_direct_link,,0
h96_n8,cold,k1,nvlink__is_nvswitch_connected,,0
h96_n8,cold,k1,nvlink__max_count,,18
h96_n8,cold,k1,nvlink__peer_access,,0
h96_n8,cold,k1,nvlink__peer_atomic,,0
h96_n8,cold,k1,nvlink__source_ports,,0
h96_n8,cold,k1,nvlink__system_access,,0
h96_n8,cold,k1,nvlink__system_atomic,,0
h96_n8,cold,k1,profiler__perfworks_session_reuse,,0
h96_n8,cold,k1,profiler__replayer_bytes_mem_accessible.avg,byte,2133251051
h96_n8,cold,k1,profiler__replayer_bytes_mem_accessible.max,byte,2133251051
h96_n8,cold,k1,profiler__replayer_bytes_mem_accessible.min,byte,2133251051
h96_n8,cold,k1,profiler__replayer_bytes_mem_accessible.sum,byte,31998765765
h96_n8,cold,k1,profiler__replayer_bytes_mem_backed_up.avg,byte,2133251051
h96_n8,cold,k1,profiler__replayer_bytes_mem_backed_up.max,byte,2133251051
h96_n8,cold,k1,profiler__replayer_bytes_mem_backed_up.min,byte,2133251051
h96_n8,cold,k1,profiler__replayer_bytes_mem_backed_up.sum,byte,31998765765
h96_n8,cold,k1,profiler__replayer_passes,pass,15
h96_n8,cold,k1,profiler__replayer_passes_type_warmup,pass,0
h96_n8,cold,k1,sm__cycles_active.avg,cycle,510993.05
h96_n8,cold,k1,sm__cycles_active.avg.pct_of_peak_sustained_elapsed,%,98.47
h96_n8,cold,k1,sm__cycles_active.max,cycle,514499
h96_n8,cold,k1,sm__cycles_active.max.pct_of_peak_sustained_elapsed,%,99.14
h96_n8,cold,k1,sm__cycles_active.min,cycle,507059
h96_n8,cold,k1,sm__cycles_active.min.pct_of_peak_sustained_elapsed,%,97.71
h96_n8,cold,k1,sm__cycles_active.sum,cycle,75626971
h96_n8,cold,k1,sm__cycles_active.sum.pct_of_peak_sustained_elapsed,%,98.47
h96_n8,cold,k1,sm__inst_executed_pipe_adu.avg.pct_of_peak_sustained_elapsed,%,21.20
h96_n8,cold,k1,sm__inst_executed_pipe_adu.max.pct_of_peak_sustained_elapsed,%,21.83
h96_n8,cold,k1,sm__inst_executed_pipe_adu.min.pct_of_peak_sustained_elapsed,%,20.60
h96_n8,cold,k1,sm__inst_executed_pipe_adu.sum.pct_of_peak_sustained_elapsed,%,21.20
h96_n8,cold,k1,sm__inst_executed_pipe_alu.avg.pct_of_peak_sustained_elapsed,%,40.38
h96_n8,cold,k1,sm__inst_executed_pipe_alu.max.pct_of_peak_sustained_elapsed,%,41.34
h96_n8,cold,k1,sm__inst_executed_pipe_alu.min.pct_of_peak_sustained_elapsed,%,39.27
h96_n8,cold,k1,sm__inst_executed_pipe_alu.sum.pct_of_peak_sustained_elapsed,%,40.38
h96_n8,cold,k1,sm__inst_executed_pipe_fma.avg.pct_of_peak_sustained_elapsed,%,21.98
h96_n8,cold,k1,sm__inst_executed_pipe_fma.max.pct_of_peak_sustained_elapsed,%,22.51
h96_n8,cold,k1,sm__inst_executed_pipe_fma.min.pct_of_peak_sustained_elapsed,%,21.38
h96_n8,cold,k1,sm__inst_executed_pipe_fma.sum.pct_of_peak_sustained_elapsed,%,21.98
h96_n8,cold,k1,sm__inst_executed_pipe_lsu.avg.pct_of_peak_sustained_elapsed,%,40.45
h96_n8,cold,k1,sm__inst_executed_pipe_lsu.max.pct_of_peak_sustained_elapsed,%,41.41
h96_n8,cold,k1,sm__inst_executed_pipe_lsu.min.pct_of_peak_sustained_elapsed,%,39.34
h96_n8,cold,k1,sm__inst_executed_pipe_lsu.sum.pct_of_peak_sustained_elapsed,%,40.45
h96_n8,cold,k1,sm__inst_executed_pipe_xu.avg.pct_of_peak_sustained_elapsed,%,17.79
h96_n8,cold,k1,sm__inst_executed_pipe_xu.max.pct_of_peak_sustained_elapsed,%,18.27
h96_n8,cold,k1,sm__inst_executed_pipe_xu.min.pct_of_peak_sustained_elapsed,%,17.30
h96_n8,cold,k1,sm__inst_executed_pipe_xu.sum.pct_of_peak_sustained_elapsed,%,17.79
h96_n8,cold,k1,sm__issue_active.avg.pct_of_peak_sustained_elapsed,%,70.24
h96_n8,cold,k1,sm__issue_active.max.pct_of_peak_sustained_elapsed,%,72.11
h96_n8,cold,k1,sm__issue_active.min.pct_of_peak_sustained_elapsed,%,68.31
h96_n8,cold,k1,sm__issue_active.sum.pct_of_peak_sustained_elapsed,%,70.24
h96_n8,cold,k1,sm__maximum_warps_avg_per_active_cycle,warp,64
h96_n8,cold,k1,sm__maximum_warps_per_active_cycle_pct,%,100
h96_n8,cold,k1,sm__ops_path_tensor_op_hmma_src_bf16_dst_fp32.avg,,43530073.95
h96_n8,cold,k1,sm__ops_path_tensor_op_hmma_src_bf16_dst_fp32.max,,44695552
h96_n8,cold,k1,sm__ops_path_tensor_op_hmma_src_bf16_dst_fp32.min,,42336256
h96_n8,cold,k1,sm__ops_path_tensor_op_hmma_src_bf16_dst_fp32.sum,,6442450944
h96_n8,cold,k1,sm__ops_path_tensor_op_hmma_src_fp16_dst_fp16.avg,,16323777.73
h96_n8,cold,k1,sm__ops_path_tensor_op_hmma_src_fp16_dst_fp16.max,,16760832
h96_n8,cold,k1,sm__ops_path_tensor_op_hmma_src_fp16_dst_fp16.min,,15777792
h96_n8,cold,k1,sm__ops_path_tensor_op_hmma_src_fp16_dst_fp16.sum,,2415919104
h96_n8,cold,k1,sm__pipe_tensor_cycles_active.avg.pct_of_peak_sustained_active,%,5.72
h96_n8,cold,k1,sm__pipe_tensor_cycles_active.avg.pct_of_peak_sustained_elapsed,%,5.63
h96_n8,cold,k1,sm__pipe_tensor_cycles_active.max.pct_of_peak_sustained_active,%,5.87
h96_n8,cold,k1,sm__pipe_tensor_cycles_active.max.pct_of_peak_sustained_elapsed,%,5.78
h96_n8,cold,k1,sm__pipe_tensor_cycles_active.min.pct_of_peak_sustained_active,%,5.56
h96_n8,cold,k1,sm__pipe_tensor_cycles_active.min.pct_of_peak_sustained_elapsed,%,5.48
h96_n8,cold,k1,sm__pipe_tensor_cycles_active.sum.pct_of_peak_sustained_active,%,5.72
h96_n8,cold,k1,sm__pipe_tensor_cycles_active.sum.pct_of_peak_sustained_elapsed,%,5.63
h96_n8,cold,k1,sm__throughput.avg.pct_of_peak_sustained_elapsed,%,70.24
h96_n8,cold,k1,sm__throughput.max.pct_of_peak_sustained_elapsed,%,72.32
h96_n8,cold,k1,sm__throughput.min.pct_of_peak_sustained_elapsed,%,68.31
h96_n8,cold,k1,sm__throughput.sum.pct_of_peak_sustained_elapsed,%,70.24
h96_n8,cold,k1,sm__warps_active.avg.pct_of_peak_sustained_active,%,96.57
h96_n8,cold,k1,sm__warps_active.avg.per_cycle_active,warp,61.81
h96_n8,cold,k1,sm__warps_active.max.pct_of_peak_sustained_active,%,97.71
h96_n8,cold,k1,sm__warps_active.max.per_cycle_active,warp,62.53
h96_n8,cold,k1,sm__warps_active.min.pct_of_peak_sustained_active,%,95.76
h96_n8,cold,k1,sm__warps_active.min.per_cycle_active,warp,61.29
h96_n8,cold,k1,sm__warps_active.sum.pct_of_peak_sustained_active,%,96.57
h96_n8,cold,k1,sm__warps_active.sum.per_cycle_active,warp,9147.38
h96_n8,cold,k1,smsp__issue_active.avg.pct_of_peak_sustained_active,%,71.32
h96_n8,cold,k1,smsp__issue_active.max.pct_of_peak_sustained_active,%,73.29
h96_n8,cold,k1,smsp__issue_active.min.pct_of_peak_sustained_active,%,69.31
h96_n8,cold,k1,smsp__issue_active.sum.pct_of_peak_sustained_active,%,71.32
h96_n8,cold,k1,smsp__maximum_warps_avg_per_active_cycle,warp,16
h96_n8,cold,k1,smsp__warp_issue_stalled_barrier_per_warp_active.pct,%,38.40
h96_n8,cold,k1,smsp__warp_issue_stalled_long_scoreboard_per_warp_active.pct,%,19.03
h96_n8,cold,k1,smsp__warp_issue_stalled_math_pipe_throttle_per_warp_active.pct,%,2.49
h96_n8,cold,k1,smsp__warp_issue_stalled_membar_per_warp_active.pct,%,0
h96_n8,cold,k1,smsp__warp_issue_stalled_mio_throttle_per_warp_active.pct,%,2.40
h96_n8,cold,k1,smsp__warp_issue_stalled_not_selected_per_warp_active.pct,%,10.03
h96_n8,cold,k1,smsp__warp_issue_stalled_short_scoreboard_per_warp_active.pct,%,11.76
h96_n8,cold,k1,smsp__warp_issue_stalled_wait_per_warp_active.pct,%,8.26
h96_n8,cold,k1,smsp__warps_active.avg.peak_sustained,warp,16
h96_n8,cold,k1,smsp__warps_active.max.peak_sustained,warp,16
h96_n8,cold,k1,smsp__warps_active.min.peak_sustained,warp,16
h96_n8,cold,k1,smsp__warps_active.sum.peak_sustained,warp,9472
h96_n8,cold,k1,smsp__warps_eligible.avg.per_cycle_active,warp,2.26
h96_n8,cold,k1,smsp__warps_eligible.max.per_cycle_active,warp,2.45
h96_n8,cold,k1,smsp__warps_eligible.min.per_cycle_active,warp,2.10
h96_n8,cold,k1,smsp__warps_eligible.sum.per_cycle_active,warp,1338.60
h96_n8,cold,k2,c2clink__enabled_mask,,0
h96_n8,cold,k2,c2clink__present,,0
h96_n8,cold,k2,derived__pct_occupancy_per_barrier_count,,882
h96_n8,cold,k2,derived__pct_occupancy_per_block_size,%,1163
h96_n8,cold,k2,derived__pct_occupancy_per_register_count,%/register,3834
h96_n8,cold,k2,derived__pct_occupancy_per_shared_mem_size,%/byte,8069
h96_n8,cold,k2,device__attribute_architecture,,416
h96_n8,cold,k2,device__attribute_async_engine_count,,4
h96_n8,cold,k2,device__attribute_can_flush_remote_writes,,0
h96_n8,cold,k2,device__attribute_can_map_host_memory,,1
h96_n8,cold,k2,device__attribute_can_tex2d_gather,,1
h96_n8,cold,k2,device__attribute_can_use_64_bit_stream_mem_ops,,1
h96_n8,cold,k2,device__attribute_can_use_64_bit_stream_mem_ops_v1,,0
h96_n8,cold,k2,device__attribute_can_use_host_pointer_for_registered_mem,,1
h96_n8,cold,k2,device__attribute_can_use_stream_mem_ops_v1,,0
h96_n8,cold,k2,device__attribute_can_use_stream_wait_value_nor,,1
h96_n8,cold,k2,device__attribute_can_use_stream_wait_value_nor_v1,,0
h96_n8,cold,k2,device__attribute_chip,,419
h96_n8,cold,k2,device__attribute_clock_rate,,2032000
h96_n8,cold,k2,device__attribute_cluster_launch,,1
h96_n8,cold,k2,device__attribute_compute_capability_major,,10
h96_n8,cold,k2,device__attribute_compute_capability_minor,,3
h96_n8,cold,k2,device__attribute_compute_mode,,0
h96_n8,cold,k2,device__attribute_compute_preemption_supported,,1
h96_n8,cold,k2,device__attribute_concurrent_kernels,,1
h96_n8,cold,k2,device__attribute_concurrent_managed_access,,1
h96_n8,cold,k2,device__attribute_confidential_computing_mode,,No-CC
h96_n8,cold,k2,device__attribute_cooperative_launch,,1
h96_n8,cold,k2,device__attribute_cooperative_multi_device_launch,,1
h96_n8,cold,k2,device__attribute_deferred_mapping_cuda_array_supported,,1
h96_n8,cold,k2,device__attribute_device_index,,0
h96_n8,cold,k2,device__attribute_direct_managed_mem_access_from_host,,0
h96_n8,cold,k2,device__attribute_display_name,,NVIDIA B300 SXM6 AC
h96_n8,cold,k2,device__attribute_dma_buf_supported,,1
h96_n8,cold,k2,device__attribute_ecc_enabled,,1
h96_n8,cold,k2,device__attribute_fb_bus_width,,7680
h96_n8,cold,k2,device__attribute_fbp_count,,16
h96_n8,cold,k2,device__attribute_generic_compression_supported,,1
h96_n8,cold,k2,device__attribute_global_l1_cache_supported,,1
h96_n8,cold,k2,device__attribute_global_memory_bus_width,,7680
h96_n8,cold,k2,device__attribute_gpu_direct_rdma_flush_writes_options,,1
h96_n8,cold,k2,device__attribute_gpu_direct_rdma_supported,,1
h96_n8,cold,k2,device__attribute_gpu_direct_rdma_with_cuda_vmm_supported,,1
h96_n8,cold,k2,device__attribute_gpu_direct_rdma_writes_ordering,,100
h96_n8,cold,k2,device__attribute_gpu_overlap,,1
h96_n8,cold,k2,device__attribute_gpu_pci_device_id,,830607582
h96_n8,cold,k2,device__attribute_gpu_pci_ext_device_id,,12674
h96_n8,cold,k2,device__attribute_gpu_pci_ext_downstream_link_rate,,16000
h96_n8,cold,k2,device__attribute_gpu_pci_ext_downstream_link_width,,32
h96_n8,cold,k2,device__attribute_gpu_pci_ext_gen,,5
h96_n8,cold,k2,device__attribute_gpu_pci_ext_gpu_gen,,5
h96_n8,cold,k2,device__attribute_gpu_pci_ext_gpu_link_rate,,64000
h96_n8,cold,k2,device__attribute_gpu_pci_ext_gpu_link_width,,16
h96_n8,cold,k2,device__attribute_gpu_pci_revision_id,,161
h96_n8,cold,k2,device__attribute_gpu_pci_sub_system_id,,551948510
h96_n8,cold,k2,device__attribute_handle_type_fabric_supported,,1
h96_n8,cold,k2,device__attribute_handle_type_posix_file_descriptor_supported,,1
h96_n8,cold,k2,device__attribute_handle_type_win32_handle_supported,,0
h96_n8,cold,k2,device__attribute_handle_type_win32_kmt_handle_supported,,0
h96_n8,cold,k2,device__attribute_host_native_atomic_supported,,0
h96_n8,cold,k2,device__attribute_host_numa_id,,0
h96_n8,cold,k2,device__attribute_host_register_supported,,1
h96_n8,cold,k2,device__attribute_implementation,,419
h96_n8,cold,k2,device__attribute_integrated,,0
h96_n8,cold,k2,device__attribute_ipc_event_supported,,1
h96_n8,cold,k2,device__attribute_kernel_exec_timeout,,0
h96_n8,cold,k2,device__attribute_l2_cache_size,,132644864
h96_n8,cold,k2,device__attribute_l2s_count,,192
h96_n8,cold,k2,device__attribute_limits_max_cta_per_sm,,32
h96_n8,cold,k2,device__attribute_limits_num_tpcs,,74
h96_n8,cold,k2,device__attribute_local_l1_cache_supported,,1
h96_n8,cold,k2,device__attribute_managed_memory,,1
h96_n8,cold,k2,device__attribute_max_access_policy_window_size,,134217728
h96_n8,cold,k2,device__attribute_max_block_dim_x,,1024
h96_n8,cold,k2,device__attribute_max_block_dim_y,,1024
h96_n8,cold,k2,device__attribute_max_block_dim_z,,64
h96_n8,cold,k2,device__attribute_max_blocks_per_multiprocessor,,32
h96_n8,cold,k2,device__attribute_max_gpu_frequency_khz,,2032000
h96_n8,cold,k2,device__attribute_max_grid_dim_x,,2147483647
h96_n8,cold,k2,device__attribute_max_grid_dim_y,,65535
h96_n8,cold,k2,device__attribute_max_grid_dim_z,,65535
h96_n8,cold,k2,device__attribute_max_ipc_per_multiprocessor,,4
h96_n8,cold,k2,device__attribute_max_ipc_per_scheduler,,1
h96_n8,cold,k2,device__attribute_max_mem_frequency_khz,,3996000
h96_n8,cold,k2,device__attribute_max_persisting_l2_cache_size,,82903040
h96_n8,cold,k2,device__attribute_max_pitch,,2147483647
h96_n8,cold,k2,device__attribute_max_registers_per_block,,65536
h96_n8,cold,k2,device__attribute_max_registers_per_multiprocessor,,65536
h96_n8,cold,k2,device__attribute_max_registers_per_thread,,255
h96_n8,cold,k2,device__attribute_max_shared_memory_per_block,,49152
h96_n8,cold,k2,device__attribute_max_shared_memory_per_block_optin,,232448
h96_n8,cold,k2,device__attribute_max_shared_memory_per_multiprocessor,,233472
h96_n8,cold,k2,device__attribute_max_threads_per_block,,1024
h96_n8,cold,k2,device__attribute_max_threads_per_multiprocessor,,2048
h96_n8,cold,k2,device__attribute_max_warps_per_multiprocessor,,64
h96_n8,cold,k2,device__attribute_max_warps_per_scheduler,,16
h96_n8,cold,k2,device__attribute_maximum_surface1d_layered_layers,,2048
h96_n8,cold,k2,device__attribute_maximum_surface1d_layered_width,,32768
h96_n8,cold,k2,device__attribute_maximum_surface1d_width,,32768
h96_n8,cold,k2,device__attribute_maximum_surface2d_height,,65536
h96_n8,cold,k2,device__attribute_maximum_surface2d_layered_height,,32768
h96_n8,cold,k2,device__attribute_maximum_surface2d_layered_layers,,2048
h96_n8,cold,k2,device__attribute_maximum_surface2d_layered_width,,32768
h96_n8,cold,k2,device__attribute_maximum_surface2d_width,,131072
h96_n8,cold,k2,device__attribute_maximum_surface3d_depth,,16384
h96_n8,cold,k2,device__attribute_maximum_surface3d_height,,16384
h96_n8,cold,k2,device__attribute_maximum_surface3d_width,,16384
h96_n8,cold,k2,device__attribute_maximum_surfacecubemap_layered_layers,,2046
h96_n8,cold,k2,device__attribute_maximum_surfacecubemap_layered_width,,32768
h96_n8,cold,k2,device__attribute_maximum_surfacecubemap_width,,32768
h96_n8,cold,k2,device__attribute_maximum_texture1d_layered_layers,,2048
h96_n8,cold,k2,device__attribute_maximum_texture1d_layered_width,,32768
h96_n8,cold,k2,device__attribute_maximum_texture1d_linear_width,,268435456
h96_n8,cold,k2,device__attribute_maximum_texture1d_mipmapped_width,,32768
h96_n8,cold,k2,device__attribute_maximum_texture1d_width,,131072
h96_n8,cold,k2,device__attribute_maximum_texture2d_gather_height,,32768
h96_n8,cold,k2,device__attribute_maximum_texture2d_gather_width,,32768
h96_n8,cold,k2,device__attribute_maximum_texture2d_height,,65536
h96_n8,cold,k2,device__attribute_maximum_texture2d_layered_height,,32768
h96_n8,cold,k2,device__attribute_maximum_texture2d_layered_layers,,2048
h96_n8,cold,k2,device__attribute_maximum_texture2d_layered_width,,32768
h96_n8,cold,k2,device__attribute_maximum_texture2d_linear_height,,65000
h96_n8,cold,k2,device__attribute_maximum_texture2d_linear_pitch,,2097120
h96_n8,cold,k2,device__attribute_maximum_texture2d_linear_width,,131072
h96_n8,cold,k2,device__attribute_maximum_texture2d_mipmapped_height,,32768
h96_n8,cold,k2,device__attribute_maximum_texture2d_mipmapped_width,,32768
h96_n8,cold,k2,device__attribute_maximum_texture2d_width,,131072
h96_n8,cold,k2,device__attribute_maximum_texture3d_depth,,16384
h96_n8,cold,k2,device__attribute_maximum_texture3d_depth_alternate,,32768
h96_n8,cold,k2,device__attribute_maximum_texture3d_height,,16384
h96_n8,cold,k2,device__attribute_maximum_texture3d_height_alternate,,8192
h96_n8,cold,k2,device__attribute_maximum_texture3d_width,,16384
h96_n8,cold,k2,device__attribute_maximum_texture3d_width_alternate,,8192
h96_n8,cold,k2,device__attribute_maximum_texturecubemap_layered_layers,,2046
h96_n8,cold,k2,device__attribute_maximum_texturecubemap_layered_width,,32768
h96_n8,cold,k2,device__attribute_maximum_texturecubemap_width,,32768
h96_n8,cold,k2,device__attribute_mem_sync_domain_count,,4
h96_n8,cold,k2,device__attribute_memory_clock_rate,,3996000
h96_n8,cold,k2,device__attribute_memory_pools_supported,,1
h96_n8,cold,k2,device__attribute_mempool_supported_handle_types,,9
h96_n8,cold,k2,device__attribute_mps_enabled,,0
h96_n8,cold,k2,device__attribute_multi_gpu_board,,0
h96_n8,cold,k2,device__attribute_multi_gpu_board_group_id,,0
h96_n8,cold,k2,device__attribute_multicast_supported,,1
h96_n8,cold,k2,device__attribute_multiprocessor_count,,148
h96_n8,cold,k2,device__attribute_num_l2s_per_fbp,,12
h96_n8,cold,k2,device__attribute_num_schedulers_per_multiprocessor,,4
h96_n8,cold,k2,device__attribute_num_tex_per_multiprocessor,,1
h96_n8,cold,k2,device__attribute_numa_config,,0
h96_n8,cold,k2,device__attribute_pageable_memory_access,,1
h96_n8,cold,k2,device__attribute_pageable_memory_access_uses_host_page_tables,,0
h96_n8,cold,k2,device__attribute_pci_bus_id,,12
h96_n8,cold,k2,device__attribute_pci_device_id,,0
h96_n8,cold,k2,device__attribute_pci_domain_id,,0
h96_n8,cold,k2,device__attribute_ram_location,,1
h96_n8,cold,k2,device__attribute_ram_type,,0
h96_n8,cold,k2,device__attribute_reserved_shared_memory_per_block,,1024
h96_n8,cold,k2,device__attribute_sass_level,,10
h96_n8,cold,k2,device__attribute_single_to_double_precision_perf_ratio,,64
h96_n8,cold,k2,device__attribute_sparse_cuda_array_supported,,1
h96_n8,cold,k2,device__attribute_stream_priorities_supported,,1
h96_n8,cold,k2,device__attribute_surface_alignment,,512
h96_n8,cold,k2,device__attribute_tcc_driver,,0
h96_n8,cold,k2,device__attribute_tensor_map_access_supported,,1
h96_n8,cold,k2,device__attribute_texture_alignment,,512
h96_n8,cold,k2,device__attribute_texture_pitch_alignment,,32
h96_n8,cold,k2,device__attribute_total_constant_memory,,65536
h96_n8,cold,k2,device__attribute_total_memory,,287428640768
h96_n8,cold,k2,device__attribute_unified_addressing,,1
h96_n8,cold,k2,device__attribute_unified_function_pointers,,1
h96_n8,cold,k2,device__attribute_virtual_address_management_supported,,1
h96_n8,cold,k2,device__attribute_warp_size,,32
h96_n8,cold,k2,dram__bytes_read.avg,byte,14183228
h96_n8,cold,k2,dram__bytes_read.max,byte,15131904
h96_n8,cold,k2,dram__bytes_read.min,byte,7563520
h96_n8,cold,k2,dram__bytes_read.sum,byte,907726592
h96_n8,cold,k2,dram__bytes_write.avg,byte,3224060
h96_n8,cold,k2,dram__bytes_write.max,byte,3469056
h96_n8,cold,k2,dram__bytes_write.min,byte,1658624
h96_n8,cold,k2,dram__bytes_write.sum,byte,206339840
h96_n8,cold,k2,dram__throughput.avg.pct_of_peak_sustained_elapsed,%,36.28
h96_n8,cold,k2,dram__throughput.max.pct_of_peak_sustained_elapsed,%,36.34
h96_n8,cold,k2,dram__throughput.min.pct_of_peak_sustained_elapsed,%,36.04
h96_n8,cold,k2,dram__throughput.sum.pct_of_peak_sustained_elapsed,%,36.28
h96_n8,cold,k2,gpc__cycles_elapsed.avg.per_second,hz,1900279611.18
h96_n8,cold,k2,gpc__cycles_elapsed.max.per_second,hz,1903414541.53
h96_n8,cold,k2,gpc__cycles_elapsed.min.per_second,hz,1896599448.40
h96_n8,cold,k2,gpc__cycles_elapsed.sum.per_second,hz,15202236889.44
h96_n8,cold,k2,gpu__time_duration.avg,ns,400288
h96_n8,cold,k2,gpu__time_duration.max,ns,400288
h96_n8,cold,k2,gpu__time_duration.min,ns,400288
h96_n8,cold,k2,gpu__time_duration.sum,ns,400288
h96_n8,cold,k2,gr__workids_granted.avg,,0
h96_n8,cold,k2,gr__workids_granted.max,,0
h96_n8,cold,k2,gr__workids_granted.min,,0
h96_n8,cold,k2,gr__workids_granted.sum,,0
h96_n8,cold,k2,gr__workids_granted_as_ctas.avg,block,0
h96_n8,cold,k2,gr__workids_granted_as_ctas.max,block,0
h96_n8,cold,k2,gr__workids_granted_as_ctas.min,block,0
h96_n8,cold,k2,gr__workids_granted_as_ctas.sum,block,0
h96_n8,cold,k2,gr__workids_requested.avg,,0
h96_n8,cold,k2,gr__workids_requested.max,,0
h96_n8,cold,k2,gr__workids_requested.min,,0
h96_n8,cold,k2,gr__workids_requested.sum,,0
h96_n8,cold,k2,l1tex__data_bank_conflicts_pipe_lsu_mem_shared_op_ld.avg,,19148.63
h96_n8,cold,k2,l1tex__data_bank_conflicts_pipe_lsu_mem_shared_op_ld.max,,22748
h96_n8,cold,k2,l1tex__data_bank_conflicts_pipe_lsu_mem_shared_op_ld.min,,17457
h96_n8,cold,k2,l1tex__data_bank_conflicts_pipe_lsu_mem_shared_op_ld.sum,,2833997
h96_n8,cold,k2,l1tex__data_bank_conflicts_pipe_lsu_mem_shared_op_st.avg,,44849.79
h96_n8,cold,k2,l1tex__data_bank_conflicts_pipe_lsu_mem_shared_op_st.max,,47379
h96_n8,cold,k2,l1tex__data_bank_conflicts_pipe_lsu_mem_shared_op_st.min,,42427
h96_n8,cold,k2,l1tex__data_bank_conflicts_pipe_lsu_mem_shared_op_st.sum,,6637769
h96_n8,cold,k2,l1tex__throughput.avg.pct_of_peak_sustained_elapsed,%,69.84
h96_n8,cold,k2,l1tex__throughput.max.pct_of_peak_sustained_elapsed,%,80.26
h96_n8,cold,k2,l1tex__throughput.min.pct_of_peak_sustained_elapsed,%,67.12
h96_n8,cold,k2,l1tex__throughput.sum.pct_of_peak_sustained_elapsed,%,69.84
h96_n8,cold,k2,launch__barrier_count,,9
h96_n8,cold,k2,launch__block_dim_x,block,192
h96_n8,cold,k2,launch__block_dim_y,block,1
h96_n8,cold,k2,launch__block_dim_z,block,1
h96_n8,cold,k2,launch__block_size,,192
h96_n8,cold,k2,launch__cluster_dim_x,,0
h96_n8,cold,k2,launch__cluster_dim_y,,0
h96_n8,cold,k2,launch__cluster_dim_z,,0
h96_n8,cold,k2,launch__cluster_max_active,cluster,0
h96_n8,cold,k2,launch__cluster_max_potential_size,block,8
h96_n8,cold,k2,launch__cluster_scheduling_policy,,PolicySpread
h96_n8,cold,k2,launch__cluster_size,,0
h96_n8,cold,k2,launch__context_id,,1
h96_n8,cold,k2,launch__device_id,,0
h96_n8,cold,k2,launch__func_cache_config,,CachePreferNone
h96_n8,cold,k2,launch__function_pcs,,1
h96_n8,cold,k2,launch__grid_dim_x,,8
h96_n8,cold,k2,launch__grid_dim_y,,96
h96_n8,cold,k2,launch__grid_dim_z,,1
h96_n8,cold,k2,launch__grid_size,,768
h96_n8,cold,k2,launch__occupancy_cluster_gpu_pct,%,0
h96_n8,cold,k2,launch__occupancy_cluster_pct,%,0
h96_n8,cold,k2,launch__occupancy_limit_barriers,block,7
h96_n8,cold,k2,launch__occupancy_limit_blocks,block,32
h96_n8,cold,k2,launch__occupancy_limit_registers,block,4
h96_n8,cold,k2,launch__occupancy_limit_shared_mem,block,2
h96_n8,cold,k2,launch__occupancy_limit_warps,block,10
h96_n8,cold,k2,launch__occupancy_per_barrier_count,,588
h96_n8,cold,k2,launch__occupancy_per_block_size,,758
h96_n8,cold,k2,launch__occupancy_per_cluster_size,,0
h96_n8,cold,k2,launch__occupancy_per_register_count,,2556
h96_n8,cold,k2,launch__occupancy_per_shared_mem_size,,5292
h96_n8,cold,k2,launch__persisting_l2_cache_size,byte,24870912
h96_n8,cold,k2,launch__preferred_cluster_dim_x,,0
h96_n8,cold,k2,launch__preferred_cluster_dim_y,,0
h96_n8,cold,k2,launch__preferred_cluster_dim_z,,0
h96_n8,cold,k2,launch__preferred_cluster_size,,0
h96_n8,cold,k2,launch__registers_per_thread,register/thread,73
h96_n8,cold,k2,launch__registers_per_thread_allocated,register/thread,80
h96_n8,cold,k2,launch__shared_mem_config_size,byte,200704
h96_n8,cold,k2,launch__shared_mem_per_block,byte/block,99456
h96_n8,cold,k2,launch__shared_mem_per_block_allocated,byte/block,99456
h96_n8,cold,k2,launch__shared_mem_per_block_driver,byte/block,1024
h96_n8,cold,k2,launch__shared_mem_per_block_dynamic,byte/block,98432
h96_n8,cold,k2,launch__shared_mem_per_block_static,byte/block,0
h96_n8,cold,k2,launch__sm_count,SM,148
h96_n8,cold,k2,launch__stack_size,,1024
h96_n8,cold,k2,launch__stream_id,,7
h96_n8,cold,k2,launch__thread_count,thread,147456
h96_n8,cold,k2,launch__tpc_count,,74
h96_n8,cold,k2,launch__tpc_enabled,,all
h96_n8,cold,k2,launch__uses_cdp,,0
h96_n8,cold,k2,launch__uses_green_context,,0
h96_n8,cold,k2,launch__uses_mps,,0
h96_n8,cold,k2,launch__uses_nvlink_centric_scheduling,,0
h96_n8,cold,k2,launch__uses_vgpu,,0
h96_n8,cold,k2,launch__waves_per_multiprocessor,,2.59
h96_n8,cold,k2,lts__t_sector_hit_rate.pct,%,51.97
h96_n8,cold,k2,lts__t_sectors.avg,sector,576365.76
h96_n8,cold,k2,lts__t_sectors.max,sector,618558
h96_n8,cold,k2,lts__t_sectors.min,sector,281316
h96_n8,cold,k2,lts__t_sectors.sum,sector,106051299
h96_n8,cold,k2,lts__throughput.avg.pct_of_peak_sustained_elapsed,%,53.23
h96_n8,cold,k2,lts__throughput.max.pct_of_peak_sustained_elapsed,%,57.47
h96_n8,cold,k2,lts__throughput.min.pct_of_peak_sustained_elapsed,%,25.84
h96_n8,cold,k2,lts__throughput.sum.pct_of_peak_sustained_elapsed,%,53.23
h96_n8,cold,k2,numa__cpu_affinity,,1
h96_n8,cold,k2,numa__dev_display_name_all,,1
h96_n8,cold,k2,numa__id_cpu,,1
h96_n8,cold,k2,numa__id_memory,,1
h96_n8,cold,k2,nvlink__bandwidth,,0
h96_n8,cold,k2,nvlink__count_logical,,0
h96_n8,cold,k2,nvlink__count_physical,,0
h96_n8,cold,k2,nvlink__destination_ports,,0
h96_n8,cold,k2,nvlink__dev0Id,,0
h96_n8,cold,k2,nvlink__dev0type,,0
h96_n8,cold,k2,nvlink__dev1Id,,0
h96_n8,cold,k2,nvlink__dev1type,,0
h96_n8,cold,k2,nvlink__dev_display_name_all,,1
h96_n8,cold,k2,nvlink__enabled_mask,,262143
h96_n8,cold,k2,nvlink__is_direct_link,,0
h96_n8,cold,k2,nvlink__is_nvswitch_connected,,0
h96_n8,cold,k2,nvlink__max_count,,18
h96_n8,cold,k2,nvlink__peer_access,,0
h96_n8,cold,k2,nvlink__peer_atomic,,0
h96_n8,cold,k2,nvlink__source_ports,,0
h96_n8,cold,k2,nvlink__system_access,,0
h96_n8,cold,k2,nvlink__system_atomic,,0
h96_n8,cold,k2,profiler__perfworks_session_reuse,,0
h96_n8,cold,k2,profiler__replayer_bytes_mem_accessible.avg,byte,2133251051
h96_n8,cold,k2,profiler__replayer_bytes_mem_accessible.max,byte,2133251051
h96_n8,cold,k2,profiler__replayer_bytes_mem_accessible.min,byte,2133251051
h96_n8,cold,k2,profiler__replayer_bytes_mem_accessible.sum,byte,31998765765
h96_n8,cold,k2,profiler__replayer_bytes_mem_backed_up.avg,byte,2133251051
h96_n8,cold,k2,profiler__replayer_bytes_mem_backed_up.max,byte,2133251051
h96_n8,cold,k2,profiler__replayer_bytes_mem_backed_up.min,byte,2133251051
h96_n8,cold,k2,profiler__replayer_bytes_mem_backed_up.sum,byte,31998765765
h96_n8,cold,k2,profiler__replayer_passes,pass,15
h96_n8,cold,k2,profiler__replayer_passes_type_warmup,pass,0
h96_n8,cold,k2,sm__cycles_active.avg,cycle,688373.89
h96_n8,cold,k2,sm__cycles_active.avg.pct_of_peak_sustained_elapsed,%,90.45
h96_n8,cold,k2,sm__cycles_active.max,cycle,755542
h96_n8,cold,k2,sm__cycles_active.max.pct_of_peak_sustained_elapsed,%,99.27
h96_n8,cold,k2,sm__cycles_active.min,cycle,668387
h96_n8,cold,k2,sm__cycles_active.min.pct_of_peak_sustained_elapsed,%,87.82
h96_n8,cold,k2,sm__cycles_active.sum,cycle,101879336
h96_n8,cold,k2,sm__cycles_active.sum.pct_of_peak_sustained_elapsed,%,90.45
h96_n8,cold,k2,sm__inst_executed_pipe_adu.avg.pct_of_peak_sustained_elapsed,%,4.52
h96_n8,cold,k2,sm__inst_executed_pipe_adu.max.pct_of_peak_sustained_elapsed,%,5.34
h96_n8,cold,k2,sm__inst_executed_pipe_adu.min.pct_of_peak_sustained_elapsed,%,4.28
h96_n8,cold,k2,sm__inst_executed_pipe_adu.sum.pct_of_peak_sustained_elapsed,%,4.52
h96_n8,cold,k2,sm__inst_executed_pipe_alu.avg.pct_of_peak_sustained_elapsed,%,25.56
h96_n8,cold,k2,sm__inst_executed_pipe_alu.max.pct_of_peak_sustained_elapsed,%,29.55
h96_n8,cold,k2,sm__inst_executed_pipe_alu.min.pct_of_peak_sustained_elapsed,%,24.62
h96_n8,cold,k2,sm__inst_executed_pipe_alu.sum.pct_of_peak_sustained_elapsed,%,25.56
h96_n8,cold,k2,sm__inst_executed_pipe_fma.avg.pct_of_peak_sustained_elapsed,%,10.67
h96_n8,cold,k2,sm__inst_executed_pipe_fma.max.pct_of_peak_sustained_elapsed,%,12.34
h96_n8,cold,k2,sm__inst_executed_pipe_fma.min.pct_of_peak_sustained_elapsed,%,10.28
h96_n8,cold,k2,sm__inst_executed_pipe_fma.sum.pct_of_peak_sustained_elapsed,%,10.67
h96_n8,cold,k2,sm__inst_executed_pipe_lsu.avg.pct_of_peak_sustained_elapsed,%,20.10
h96_n8,cold,k2,sm__inst_executed_pipe_lsu.max.pct_of_peak_sustained_elapsed,%,23.24
h96_n8,cold,k2,sm__inst_executed_pipe_lsu.min.pct_of_peak_sustained_elapsed,%,19.36
h96_n8,cold,k2,sm__inst_executed_pipe_lsu.sum.pct_of_peak_sustained_elapsed,%,20.10
h96_n8,cold,k2,sm__inst_executed_pipe_xu.avg.pct_of_peak_sustained_elapsed,%,0.36
h96_n8,cold,k2,sm__inst_executed_pipe_xu.max.pct_of_peak_sustained_elapsed,%,0.42
h96_n8,cold,k2,sm__inst_executed_pipe_xu.min.pct_of_peak_sustained_elapsed,%,0.35
h96_n8,cold,k2,sm__inst_executed_pipe_xu.sum.pct_of_peak_sustained_elapsed,%,0.36
h96_n8,cold,k2,sm__issue_active.avg.pct_of_peak_sustained_elapsed,%,38.90
h96_n8,cold,k2,sm__issue_active.max.pct_of_peak_sustained_elapsed,%,45.03
h96_n8,cold,k2,sm__issue_active.min.pct_of_peak_sustained_elapsed,%,37.46
h96_n8,cold,k2,sm__issue_active.sum.pct_of_peak_sustained_elapsed,%,38.90
h96_n8,cold,k2,sm__maximum_warps_avg_per_active_cycle,warp,12
h96_n8,cold,k2,sm__maximum_warps_per_active_cycle_pct,%,18.75
h96_n8,cold,k2,sm__ops_path_tensor_op_hmma_src_bf16_dst_fp32.avg,,565890961.30
h96_n8,cold,k2,sm__ops_path_tensor_op_hmma_src_bf16_dst_fp32.max,,654311424
h96_n8,cold,k2,sm__ops_path_tensor_op_hmma_src_bf16_dst_fp32.min,,545259520
h96_n8,cold,k2,sm__ops_path_tensor_op_hmma_src_bf16_dst_fp32.sum,,83751862272
h96_n8,cold,k2,sm__ops_path_tensor_op_hmma_src_fp16_dst_fp16.avg,,0
h96_n8,cold,k2,sm__ops_path_tensor_op_hmma_src_fp16_dst_fp16.max,,0
h96_n8,cold,k2,sm__ops_path_tensor_op_hmma_src_fp16_dst_fp16.min,,0
h96_n8,cold,k2,sm__ops_path_tensor_op_hmma_src_fp16_dst_fp16.sum,,0
h96_n8,cold,k2,sm__pipe_tensor_cycles_active.avg.pct_of_peak_sustained_active,%,40.14
h96_n8,cold,k2,sm__pipe_tensor_cycles_active.avg.pct_of_peak_sustained_elapsed,%,36.31
h96_n8,cold,k2,sm__pipe_tensor_cycles_active.max.pct_of_peak_sustained_active,%,46.41
h96_n8,cold,k2,sm__pipe_tensor_cycles_active.max.pct_of_peak_sustained_elapsed,%,41.98
h96_n8,cold,k2,sm__pipe_tensor_cycles_active.min.pct_of_peak_sustained_active,%,38.68
h96_n8,cold,k2,sm__pipe_tensor_cycles_active.min.pct_of_peak_sustained_elapsed,%,34.98
h96_n8,cold,k2,sm__pipe_tensor_cycles_active.sum.pct_of_peak_sustained_active,%,40.14
h96_n8,cold,k2,sm__pipe_tensor_cycles_active.sum.pct_of_peak_sustained_elapsed,%,36.31
h96_n8,cold,k2,sm__throughput.avg.pct_of_peak_sustained_elapsed,%,38.90
h96_n8,cold,k2,sm__throughput.max.pct_of_peak_sustained_elapsed,%,45.03
h96_n8,cold,k2,sm__throughput.min.pct_of_peak_sustained_elapsed,%,37.46
h96_n8,cold,k2,sm__throughput.sum.pct_of_peak_sustained_elapsed,%,38.90
h96_n8,cold,k2,sm__warps_active.avg.pct_of_peak_sustained_active,%,16.82
h96_n8,cold,k2,sm__warps_active.avg.per_cycle_active,warp,10.76
h96_n8,cold,k2,sm__warps_active.max.pct_of_peak_sustained_active,%,20.10
h96_n8,cold,k2,sm__warps_active.max.per_cycle_active,warp,12.86
h96_n8,cold,k2,sm__warps_active.min.pct_of_peak_sustained_active,%,16.00
h96_n8,cold,k2,sm__warps_active.min.per_cycle_active,warp,10.24
h96_n8,cold,k2,sm__warps_active.sum.pct_of_peak_sustained_active,%,16.82
h96_n8,cold,k2,sm__warps_active.sum.per_cycle_active,warp,1593.14
h96_n8,cold,k2,smsp__issue_active.avg.pct_of_peak_sustained_active,%,43.06
h96_n8,cold,k2,smsp__issue_active.max.pct_of_peak_sustained_active,%,54.27
h96_n8,cold,k2,smsp__issue_active.min.pct_of_peak_sustained_active,%,37.29
h96_n8,cold,k2,smsp__issue_active.sum.pct_of_peak_sustained_active,%,43.06
h96_n8,cold,k2,smsp__maximum_warps_avg_per_active_cycle,warp,3
h96_n8,cold,k2,smsp__warp_issue_stalled_barrier_per_warp_active.pct,%,4.29
h96_n8,cold,k2,smsp__warp_issue_stalled_long_scoreboard_per_warp_active.pct,%,10.94
h96_n8,cold,k2,smsp__warp_issue_stalled_math_pipe_throttle_per_warp_active.pct,%,3.81
h96_n8,cold,k2,smsp__warp_issue_stalled_membar_per_warp_active.pct,%,0
h96_n8,cold,k2,smsp__warp_issue_stalled_mio_throttle_per_warp_active.pct,%,3.48
h96_n8,cold,k2,smsp__warp_issue_stalled_not_selected_per_warp_active.pct,%,5.66
h96_n8,cold,k2,smsp__warp_issue_stalled_short_scoreboard_per_warp_active.pct,%,15.86
h96_n8,cold,k2,smsp__warp_issue_stalled_wait_per_warp_active.pct,%,18.79
h96_n8,cold,k2,smsp__warps_active.avg.peak_sustained,warp,16
h96_n8,cold,k2,smsp__warps_active.max.peak_sustained,warp,16
h96_n8,cold,k2,smsp__warps_active.min.peak_sustained,warp,16
h96_n8,cold,k2,smsp__warps_active.sum.peak_sustained,warp,9472
h96_n8,cold,k2,smsp__warps_eligible.avg.per_cycle_active,warp,0.58
h96_n8,cold,k2,smsp__warps_eligible.max.per_cycle_active,warp,0.81
h96_n8,cold,k2,smsp__warps_eligible.min.per_cycle_active,warp,0.47
h96_n8,cold,k2,smsp__warps_eligible.sum.per_cycle_active,warp,345.29
h96_n8,warm,k1,c2clink__enabled_mask,,0
h96_n8,warm,k1,c2clink__present,,0
h96_n8,warm,k1,derived__pct_occupancy_per_barrier_count,,2230
h96_n8,warm,k1,derived__pct_occupancy_per_block_size,%,5190
h96_n8,warm,k1,derived__pct_occupancy_per_register_count,%/register,8524
h96_n8,warm,k1,derived__pct_occupancy_per_shared_mem_size,%/byte,14020
h96_n8,warm,k1,device__attribute_architecture,,416
h96_n8,warm,k1,device__attribute_async_engine_count,,4
h96_n8,warm,k1,device__attribute_can_flush_remote_writes,,0
h96_n8,warm,k1,device__attribute_can_map_host_memory,,1
h96_n8,warm,k1,device__attribute_can_tex2d_gather,,1
h96_n8,warm,k1,device__attribute_can_use_64_bit_stream_mem_ops,,1
h96_n8,warm,k1,device__attribute_can_use_64_bit_stream_mem_ops_v1,,0
h96_n8,warm,k1,device__attribute_can_use_host_pointer_for_registered_mem,,1
h96_n8,warm,k1,device__attribute_can_use_stream_mem_ops_v1,,0
h96_n8,warm,k1,device__attribute_can_use_stream_wait_value_nor,,1
h96_n8,warm,k1,device__attribute_can_use_stream_wait_value_nor_v1,,0
h96_n8,warm,k1,device__attribute_chip,,419
h96_n8,warm,k1,device__attribute_clock_rate,,2032000
h96_n8,warm,k1,device__attribute_cluster_launch,,1
h96_n8,warm,k1,device__attribute_compute_capability_major,,10
h96_n8,warm,k1,device__attribute_compute_capability_minor,,3
h96_n8,warm,k1,device__attribute_compute_mode,,0
h96_n8,warm,k1,device__attribute_compute_preemption_supported,,1
h96_n8,warm,k1,device__attribute_concurrent_kernels,,1
h96_n8,warm,k1,device__attribute_concurrent_managed_access,,1
h96_n8,warm,k1,device__attribute_confidential_computing_mode,,No-CC
h96_n8,warm,k1,device__attribute_cooperative_launch,,1
h96_n8,warm,k1,device__attribute_cooperative_multi_device_launch,,1
h96_n8,warm,k1,device__attribute_deferred_mapping_cuda_array_supported,,1
h96_n8,warm,k1,device__attribute_device_index,,0
h96_n8,warm,k1,device__attribute_direct_managed_mem_access_from_host,,0
h96_n8,warm,k1,device__attribute_display_name,,NVIDIA B300 SXM6 AC
h96_n8,warm,k1,device__attribute_dma_buf_supported,,1
h96_n8,warm,k1,device__attribute_ecc_enabled,,1
h96_n8,warm,k1,device__attribute_fb_bus_width,,7680
h96_n8,warm,k1,device__attribute_fbp_count,,16
h96_n8,warm,k1,device__attribute_generic_compression_supported,,1
h96_n8,warm,k1,device__attribute_global_l1_cache_supported,,1
h96_n8,warm,k1,device__attribute_global_memory_bus_width,,7680
h96_n8,warm,k1,device__attribute_gpu_direct_rdma_flush_writes_options,,1
h96_n8,warm,k1,device__attribute_gpu_direct_rdma_supported,,1
h96_n8,warm,k1,device__attribute_gpu_direct_rdma_with_cuda_vmm_supported,,1
h96_n8,warm,k1,device__attribute_gpu_direct_rdma_writes_ordering,,100
h96_n8,warm,k1,device__attribute_gpu_overlap,,1
h96_n8,warm,k1,device__attribute_gpu_pci_device_id,,830607582
h96_n8,warm,k1,device__attribute_gpu_pci_ext_device_id,,12674
h96_n8,warm,k1,device__attribute_gpu_pci_ext_downstream_link_rate,,16000
h96_n8,warm,k1,device__attribute_gpu_pci_ext_downstream_link_width,,32
h96_n8,warm,k1,device__attribute_gpu_pci_ext_gen,,5
h96_n8,warm,k1,device__attribute_gpu_pci_ext_gpu_gen,,5
h96_n8,warm,k1,device__attribute_gpu_pci_ext_gpu_link_rate,,64000
h96_n8,warm,k1,device__attribute_gpu_pci_ext_gpu_link_width,,16
h96_n8,warm,k1,device__attribute_gpu_pci_revision_id,,161
h96_n8,warm,k1,device__attribute_gpu_pci_sub_system_id,,551948510
h96_n8,warm,k1,device__attribute_handle_type_fabric_supported,,1
h96_n8,warm,k1,device__attribute_handle_type_posix_file_descriptor_supported,,1
h96_n8,warm,k1,device__attribute_handle_type_win32_handle_supported,,0
h96_n8,warm,k1,device__attribute_handle_type_win32_kmt_handle_supported,,0
h96_n8,warm,k1,device__attribute_host_native_atomic_supported,,0
h96_n8,warm,k1,device__attribute_host_numa_id,,0
h96_n8,warm,k1,device__attribute_host_register_supported,,1
h96_n8,warm,k1,device__attribute_implementation,,419
h96_n8,warm,k1,device__attribute_integrated,,0
h96_n8,warm,k1,device__attribute_ipc_event_supported,,1
h96_n8,warm,k1,device__attribute_kernel_exec_timeout,,0
h96_n8,warm,k1,device__attribute_l2_cache_size,,132644864
h96_n8,warm,k1,device__attribute_l2s_count,,192
h96_n8,warm,k1,device__attribute_limits_max_cta_per_sm,,32
h96_n8,warm,k1,device__attribute_limits_num_tpcs,,74
h96_n8,warm,k1,device__attribute_local_l1_cache_supported,,1
h96_n8,warm,k1,device__attribute_managed_memory,,1
h96_n8,warm,k1,device__attribute_max_access_policy_window_size,,134217728
h96_n8,warm,k1,device__attribute_max_block_dim_x,,1024
h96_n8,warm,k1,device__attribute_max_block_dim_y,,1024
h96_n8,warm,k1,device__attribute_max_block_dim_z,,64
h96_n8,warm,k1,device__attribute_max_blocks_per_multiprocessor,,32
h96_n8,warm,k1,device__attribute_max_gpu_frequency_khz,,2032000
h96_n8,warm,k1,device__attribute_max_grid_dim_x,,2147483647
h96_n8,warm,k1,device__attribute_max_grid_dim_y,,65535
h96_n8,warm,k1,device__attribute_max_grid_dim_z,,65535
h96_n8,warm,k1,device__attribute_max_ipc_per_multiprocessor,,4
h96_n8,warm,k1,device__attribute_max_ipc_per_scheduler,,1
h96_n8,warm,k1,device__attribute_max_mem_frequency_khz,,3996000
h96_n8,warm,k1,device__attribute_max_persisting_l2_cache_size,,82903040
h96_n8,warm,k1,device__attribute_max_pitch,,2147483647
h96_n8,warm,k1,device__attribute_max_registers_per_block,,65536
h96_n8,warm,k1,device__attribute_max_registers_per_multiprocessor,,65536
h96_n8,warm,k1,device__attribute_max_registers_per_thread,,255
h96_n8,warm,k1,device__attribute_max_shared_memory_per_block,,49152
h96_n8,warm,k1,device__attribute_max_shared_memory_per_block_optin,,232448
h96_n8,warm,k1,device__attribute_max_shared_memory_per_multiprocessor,,233472
h96_n8,warm,k1,device__attribute_max_threads_per_block,,1024
h96_n8,warm,k1,device__attribute_max_threads_per_multiprocessor,,2048
h96_n8,warm,k1,device__attribute_max_warps_per_multiprocessor,,64
h96_n8,warm,k1,device__attribute_max_warps_per_scheduler,,16
h96_n8,warm,k1,device__attribute_maximum_surface1d_layered_layers,,2048
h96_n8,warm,k1,device__attribute_maximum_surface1d_layered_width,,32768
h96_n8,warm,k1,device__attribute_maximum_surface1d_width,,32768
h96_n8,warm,k1,device__attribute_maximum_surface2d_height,,65536
h96_n8,warm,k1,device__attribute_maximum_surface2d_layered_height,,32768
h96_n8,warm,k1,device__attribute_maximum_surface2d_layered_layers,,2048
h96_n8,warm,k1,device__attribute_maximum_surface2d_layered_width,,32768
h96_n8,warm,k1,device__attribute_maximum_surface2d_width,,131072
h96_n8,warm,k1,device__attribute_maximum_surface3d_depth,,16384
h96_n8,warm,k1,device__attribute_maximum_surface3d_height,,16384
h96_n8,warm,k1,device__attribute_maximum_surface3d_width,,16384
h96_n8,warm,k1,device__attribute_maximum_surfacecubemap_layered_layers,,2046
h96_n8,warm,k1,device__attribute_maximum_surfacecubemap_layered_width,,32768
h96_n8,warm,k1,device__attribute_maximum_surfacecubemap_width,,32768
h96_n8,warm,k1,device__attribute_maximum_texture1d_layered_layers,,2048
h96_n8,warm,k1,device__attribute_maximum_texture1d_layered_width,,32768
h96_n8,warm,k1,device__attribute_maximum_texture1d_linear_width,,268435456
h96_n8,warm,k1,device__attribute_maximum_texture1d_mipmapped_width,,32768
h96_n8,warm,k1,device__attribute_maximum_texture1d_width,,131072
h96_n8,warm,k1,device__attribute_maximum_texture2d_gather_height,,32768
h96_n8,warm,k1,device__attribute_maximum_texture2d_gather_width,,32768
h96_n8,warm,k1,device__attribute_maximum_texture2d_height,,65536
h96_n8,warm,k1,device__attribute_maximum_texture2d_layered_height,,32768
h96_n8,warm,k1,device__attribute_maximum_texture2d_layered_layers,,2048
h96_n8,warm,k1,device__attribute_maximum_texture2d_layered_width,,32768
h96_n8,warm,k1,device__attribute_maximum_texture2d_linear_height,,65000
h96_n8,warm,k1,device__attribute_maximum_texture2d_linear_pitch,,2097120
h96_n8,warm,k1,device__attribute_maximum_texture2d_linear_width,,131072
h96_n8,warm,k1,device__attribute_maximum_texture2d_mipmapped_height,,32768
h96_n8,warm,k1,device__attribute_maximum_texture2d_mipmapped_width,,32768
h96_n8,warm,k1,device__attribute_maximum_texture2d_width,,131072
h96_n8,warm,k1,device__attribute_maximum_texture3d_depth,,16384
h96_n8,warm,k1,device__attribute_maximum_texture3d_depth_alternate,,32768
h96_n8,warm,k1,device__attribute_maximum_texture3d_height,,16384
h96_n8,warm,k1,device__attribute_maximum_texture3d_height_alternate,,8192
h96_n8,warm,k1,device__attribute_maximum_texture3d_width,,16384
h96_n8,warm,k1,device__attribute_maximum_texture3d_width_alternate,,8192
h96_n8,warm,k1,device__attribute_maximum_texturecubemap_layered_layers,,2046
h96_n8,warm,k1,device__attribute_maximum_texturecubemap_layered_width,,32768
h96_n8,warm,k1,device__attribute_maximum_texturecubemap_width,,32768
h96_n8,warm,k1,device__attribute_mem_sync_domain_count,,4
h96_n8,warm,k1,device__attribute_memory_clock_rate,,3996000
h96_n8,warm,k1,device__attribute_memory_pools_supported,,1
h96_n8,warm,k1,device__attribute_mempool_supported_handle_types,,9
h96_n8,warm,k1,device__attribute_mps_enabled,,0
h96_n8,warm,k1,device__attribute_multi_gpu_board,,0
h96_n8,warm,k1,device__attribute_multi_gpu_board_group_id,,0
h96_n8,warm,k1,device__attribute_multicast_supported,,1
h96_n8,warm,k1,device__attribute_multiprocessor_count,,148
h96_n8,warm,k1,device__attribute_num_l2s_per_fbp,,12
h96_n8,warm,k1,device__attribute_num_schedulers_per_multiprocessor,,4
h96_n8,warm,k1,device__attribute_num_tex_per_multiprocessor,,1
h96_n8,warm,k1,device__attribute_numa_config,,0
h96_n8,warm,k1,device__attribute_pageable_memory_access,,1
h96_n8,warm,k1,device__attribute_pageable_memory_access_uses_host_page_tables,,0
h96_n8,warm,k1,device__attribute_pci_bus_id,,12
h96_n8,warm,k1,device__attribute_pci_device_id,,0
h96_n8,warm,k1,device__attribute_pci_domain_id,,0
h96_n8,warm,k1,device__attribute_ram_location,,1
h96_n8,warm,k1,device__attribute_ram_type,,0
h96_n8,warm,k1,device__attribute_reserved_shared_memory_per_block,,1024
h96_n8,warm,k1,device__attribute_sass_level,,10
h96_n8,warm,k1,device__attribute_single_to_double_precision_perf_ratio,,64
h96_n8,warm,k1,device__attribute_sparse_cuda_array_supported,,1
h96_n8,warm,k1,device__attribute_stream_priorities_supported,,1
h96_n8,warm,k1,device__attribute_surface_alignment,,512
h96_n8,warm,k1,device__attribute_tcc_driver,,0
h96_n8,warm,k1,device__attribute_tensor_map_access_supported,,1
h96_n8,warm,k1,device__attribute_texture_alignment,,512
h96_n8,warm,k1,device__attribute_texture_pitch_alignment,,32
h96_n8,warm,k1,device__attribute_total_constant_memory,,65536
h96_n8,warm,k1,device__attribute_total_memory,,287428640768
h96_n8,warm,k1,device__attribute_unified_addressing,,1
h96_n8,warm,k1,device__attribute_unified_function_pointers,,1
h96_n8,warm,k1,device__attribute_virtual_address_management_supported,,1
h96_n8,warm,k1,device__attribute_warp_size,,32
h96_n8,warm,k1,dram__bytes_read.avg,byte,9461768
h96_n8,warm,k1,dram__bytes_read.max,byte,10094848
h96_n8,warm,k1,dram__bytes_read.min,byte,5044736
h96_n8,warm,k1,dram__bytes_read.sum,byte,605553152
h96_n8,warm,k1,dram__bytes_write.avg,byte,10467764
h96_n8,warm,k1,dram__bytes_write.max,byte,11181312
h96_n8,warm,k1,dram__bytes_write.min,byte,5563904
h96_n8,warm,k1,dram__bytes_write.sum,byte,669936896
h96_n8,warm,k1,dram__throughput.avg.pct_of_peak_sustained_elapsed,%,59.83
h96_n8,warm,k1,dram__throughput.max.pct_of_peak_sustained_elapsed,%,59.88
h96_n8,warm,k1,dram__throughput.min.pct_of_peak_sustained_elapsed,%,59.72
h96_n8,warm,k1,dram__throughput.sum.pct_of_peak_sustained_elapsed,%,59.83
h96_n8,warm,k1,gpc__cycles_elapsed.avg.per_second,hz,1901626817.07
h96_n8,warm,k1,gpc__cycles_elapsed.max.per_second,hz,1903493811.17
h96_n8,warm,k1,gpc__cycles_elapsed.min.per_second,hz,1898880972.94
h96_n8,warm,k1,gpc__cycles_elapsed.sum.per_second,hz,15213014536.56
h96_n8,warm,k1,gpu__time_duration.avg,ns,277920
h96_n8,warm,k1,gpu__time_duration.max,ns,277920
h96_n8,warm,k1,gpu__time_duration.min,ns,277920
h96_n8,warm,k1,gpu__time_duration.sum,ns,277920
h96_n8,warm,k1,gr__workids_granted.avg,,0
h96_n8,warm,k1,gr__workids_granted.max,,0
h96_n8,warm,k1,gr__workids_granted.min,,0
h96_n8,warm,k1,gr__workids_granted.sum,,0
h96_n8,warm,k1,gr__workids_granted_as_ctas.avg,block,0
h96_n8,warm,k1,gr__workids_granted_as_ctas.max,block,0
h96_n8,warm,k1,gr__workids_granted_as_ctas.min,block,0
h96_n8,warm,k1,gr__workids_granted_as_ctas.sum,block,0
h96_n8,warm,k1,gr__workids_requested.avg,,0
h96_n8,warm,k1,gr__workids_requested.max,,0
h96_n8,warm,k1,gr__workids_requested.min,,0
h96_n8,warm,k1,gr__workids_requested.sum,,0
h96_n8,warm,k1,l1tex__data_bank_conflicts_pipe_lsu_mem_shared_op_ld.avg,,31728.80
h96_n8,warm,k1,l1tex__data_bank_conflicts_pipe_lsu_mem_shared_op_ld.max,,35626
h96_n8,warm,k1,l1tex__data_bank_conflicts_pipe_lsu_mem_shared_op_ld.min,,26594
h96_n8,warm,k1,l1tex__data_bank_conflicts_pipe_lsu_mem_shared_op_ld.sum,,4695862
h96_n8,warm,k1,l1tex__data_bank_conflicts_pipe_lsu_mem_shared_op_st.avg,,10687.80
h96_n8,warm,k1,l1tex__data_bank_conflicts_pipe_lsu_mem_shared_op_st.max,,12108
h96_n8,warm,k1,l1tex__data_bank_conflicts_pipe_lsu_mem_shared_op_st.min,,8936
h96_n8,warm,k1,l1tex__data_bank_conflicts_pipe_lsu_mem_shared_op_st.sum,,1581794
h96_n8,warm,k1,l1tex__throughput.avg.pct_of_peak_sustained_elapsed,%,66.44
h96_n8,warm,k1,l1tex__throughput.max.pct_of_peak_sustained_elapsed,%,69.08
h96_n8,warm,k1,l1tex__throughput.min.pct_of_peak_sustained_elapsed,%,63.13
h96_n8,warm,k1,l1tex__throughput.sum.pct_of_peak_sustained_elapsed,%,66.44
h96_n8,warm,k1,launch__barrier_count,,1
h96_n8,warm,k1,launch__block_dim_x,block,256
h96_n8,warm,k1,launch__block_dim_y,block,1
h96_n8,warm,k1,launch__block_dim_z,block,1
h96_n8,warm,k1,launch__block_size,,256
h96_n8,warm,k1,launch__cluster_dim_x,,0
h96_n8,warm,k1,launch__cluster_dim_y,,0
h96_n8,warm,k1,launch__cluster_dim_z,,0
h96_n8,warm,k1,launch__cluster_max_active,cluster,0
h96_n8,warm,k1,launch__cluster_max_potential_size,block,8
h96_n8,warm,k1,launch__cluster_scheduling_policy,,PolicySpread
h96_n8,warm,k1,launch__cluster_size,,0
h96_n8,warm,k1,launch__context_id,,1
h96_n8,warm,k1,launch__device_id,,0
h96_n8,warm,k1,launch__func_cache_config,,CachePreferNone
h96_n8,warm,k1,launch__function_pcs,,1
h96_n8,warm,k1,launch__grid_dim_x,,512
h96_n8,warm,k1,launch__grid_dim_y,,96
h96_n8,warm,k1,launch__grid_dim_z,,1
h96_n8,warm,k1,launch__grid_size,,49152
h96_n8,warm,k1,launch__occupancy_cluster_gpu_pct,%,0
h96_n8,warm,k1,launch__occupancy_cluster_pct,%,0
h96_n8,warm,k1,launch__occupancy_limit_barriers,block,32
h96_n8,warm,k1,launch__occupancy_limit_blocks,block,32
h96_n8,warm,k1,launch__occupancy_limit_registers,block,8
h96_n8,warm,k1,launch__occupancy_limit_shared_mem,block,9
h96_n8,warm,k1,launch__occupancy_limit_warps,block,8
h96_n8,warm,k1,launch__occupancy_per_barrier_count,,1440
h96_n8,warm,k1,launch__occupancy_per_block_size,,3339
h96_n8,warm,k1,launch__occupancy_per_cluster_size,,0
h96_n8,warm,k1,launch__occupancy_per_register_count,,5504
h96_n8,warm,k1,launch__occupancy_per_shared_mem_size,,9072
h96_n8,warm,k1,launch__persisting_l2_cache_size,byte,24870912
h96_n8,warm,k1,launch__preferred_cluster_dim_x,,0
h96_n8,warm,k1,launch__preferred_cluster_dim_y,,0
h96_n8,warm,k1,launch__preferred_cluster_dim_z,,0
h96_n8,warm,k1,launch__preferred_cluster_size,,0
h96_n8,warm,k1,launch__registers_per_thread,register/thread,32
h96_n8,warm,k1,launch__registers_per_thread_allocated,register/thread,32
h96_n8,warm,k1,launch__shared_mem_config_size,byte,200704
h96_n8,warm,k1,launch__shared_mem_per_block,byte/block,22272
h96_n8,warm,k1,launch__shared_mem_per_block_allocated,byte/block,22272
h96_n8,warm,k1,launch__shared_mem_per_block_driver,byte/block,1024
h96_n8,warm,k1,launch__shared_mem_per_block_dynamic,byte/block,21248
h96_n8,warm,k1,launch__shared_mem_per_block_static,byte/block,0
h96_n8,warm,k1,launch__sm_count,SM,148
h96_n8,warm,k1,launch__stack_size,,1024
h96_n8,warm,k1,launch__stream_id,,7
h96_n8,warm,k1,launch__thread_count,thread,12582912
h96_n8,warm,k1,launch__tpc_count,,74
h96_n8,warm,k1,launch__tpc_enabled,,all
h96_n8,warm,k1,launch__uses_cdp,,0
h96_n8,warm,k1,launch__uses_green_context,,0
h96_n8,warm,k1,launch__uses_mps,,0
h96_n8,warm,k1,launch__uses_nvlink_centric_scheduling,,0
h96_n8,warm,k1,launch__uses_vgpu,,0
h96_n8,warm,k1,launch__waves_per_multiprocessor,,41.51
h96_n8,warm,k1,lts__t_sector_hit_rate.pct,%,45.26
h96_n8,warm,k1,lts__t_sectors.avg,sector,497113.44
h96_n8,warm,k1,lts__t_sectors.max,sector,520994
h96_n8,warm,k1,lts__t_sectors.min,sector,248798
h96_n8,warm,k1,lts__t_sectors.sum,sector,91468873
h96_n8,warm,k1,lts__throughput.avg.pct_of_peak_sustained_elapsed,%,71.26
h96_n8,warm,k1,lts__throughput.max.pct_of_peak_sustained_elapsed,%,79.94
h96_n8,warm,k1,lts__throughput.min.pct_of_peak_sustained_elapsed,%,35.92
h96_n8,warm,k1,lts__throughput.sum.pct_of_peak_sustained_elapsed,%,71.26
h96_n8,warm,k1,numa__cpu_affinity,,1
h96_n8,warm,k1,numa__dev_display_name_all,,1
h96_n8,warm,k1,numa__id_cpu,,1
h96_n8,warm,k1,numa__id_memory,,1
h96_n8,warm,k1,nvlink__bandwidth,,0
h96_n8,warm,k1,nvlink__count_logical,,0
h96_n8,warm,k1,nvlink__count_physical,,0
h96_n8,warm,k1,nvlink__destination_ports,,0
h96_n8,warm,k1,nvlink__dev0Id,,0
h96_n8,warm,k1,nvlink__dev0type,,0
h96_n8,warm,k1,nvlink__dev1Id,,0
h96_n8,warm,k1,nvlink__dev1type,,0
h96_n8,warm,k1,nvlink__dev_display_name_all,,1
h96_n8,warm,k1,nvlink__enabled_mask,,262143
h96_n8,warm,k1,nvlink__is_direct_link,,0
h96_n8,warm,k1,nvlink__is_nvswitch_connected,,0
h96_n8,warm,k1,nvlink__max_count,,18
h96_n8,warm,k1,nvlink__peer_access,,0
h96_n8,warm,k1,nvlink__peer_atomic,,0
h96_n8,warm,k1,nvlink__source_ports,,0
h96_n8,warm,k1,nvlink__system_access,,0
h96_n8,warm,k1,nvlink__system_atomic,,0
h96_n8,warm,k1,profiler__perfworks_session_reuse,,0
h96_n8,warm,k1,profiler__replayer_passes,pass,15
h96_n8,warm,k1,profiler__replayer_passes_type_warmup,pass,0
h96_n8,warm,k1,sm__cycles_active.avg,cycle,521411.99
h96_n8,warm,k1,sm__cycles_active.avg.pct_of_peak_sustained_elapsed,%,98.91
h96_n8,warm,k1,sm__cycles_active.max,cycle,523908
h96_n8,warm,k1,sm__cycles_active.max.pct_of_peak_sustained_elapsed,%,99.39
h96_n8,warm,k1,sm__cycles_active.min,cycle,516750
h96_n8,warm,k1,sm__cycles_active.min.pct_of_peak_sustained_elapsed,%,98.03
h96_n8,warm,k1,sm__cycles_active.sum,cycle,77168975
h96_n8,warm,k1,sm__cycles_active.sum.pct_of_peak_sustained_elapsed,%,98.91
h96_n8,warm,k1,sm__inst_executed_pipe_adu.avg.pct_of_peak_sustained_elapsed,%,20.83
h96_n8,warm,k1,sm__inst_executed_pipe_adu.max.pct_of_peak_sustained_elapsed,%,21.51
h96_n8,warm,k1,sm__inst_executed_pipe_adu.min.pct_of_peak_sustained_elapsed,%,20.19
h96_n8,warm,k1,sm__inst_executed_pipe_adu.sum.pct_of_peak_sustained_elapsed,%,20.83
h96_n8,warm,k1,sm__inst_executed_pipe_alu.avg.pct_of_peak_sustained_elapsed,%,39.75
h96_n8,warm,k1,sm__inst_executed_pipe_alu.max.pct_of_peak_sustained_elapsed,%,40.94
h96_n8,warm,k1,sm__inst_executed_pipe_alu.min.pct_of_peak_sustained_elapsed,%,38.66
h96_n8,warm,k1,sm__inst_executed_pipe_alu.sum.pct_of_peak_sustained_elapsed,%,39.75
h96_n8,warm,k1,sm__inst_executed_pipe_fma.avg.pct_of_peak_sustained_elapsed,%,21.64
h96_n8,warm,k1,sm__inst_executed_pipe_fma.max.pct_of_peak_sustained_elapsed,%,22.29
h96_n8,warm,k1,sm__inst_executed_pipe_fma.min.pct_of_peak_sustained_elapsed,%,21.05
h96_n8,warm,k1,sm__inst_executed_pipe_fma.sum.pct_of_peak_sustained_elapsed,%,21.64
h96_n8,warm,k1,sm__inst_executed_pipe_lsu.avg.pct_of_peak_sustained_elapsed,%,39.82
h96_n8,warm,k1,sm__inst_executed_pipe_lsu.max.pct_of_peak_sustained_elapsed,%,41.00
h96_n8,warm,k1,sm__inst_executed_pipe_lsu.min.pct_of_peak_sustained_elapsed,%,38.72
h96_n8,warm,k1,sm__inst_executed_pipe_lsu.sum.pct_of_peak_sustained_elapsed,%,39.82
h96_n8,warm,k1,sm__inst_executed_pipe_xu.avg.pct_of_peak_sustained_elapsed,%,17.51
h96_n8,warm,k1,sm__inst_executed_pipe_xu.max.pct_of_peak_sustained_elapsed,%,18.09
h96_n8,warm,k1,sm__inst_executed_pipe_xu.min.pct_of_peak_sustained_elapsed,%,16.88
h96_n8,warm,k1,sm__inst_executed_pipe_xu.sum.pct_of_peak_sustained_elapsed,%,17.51
h96_n8,warm,k1,sm__issue_active.avg.pct_of_peak_sustained_elapsed,%,69.14
h96_n8,warm,k1,sm__issue_active.max.pct_of_peak_sustained_elapsed,%,71.40
h96_n8,warm,k1,sm__issue_active.min.pct_of_peak_sustained_elapsed,%,66.62
h96_n8,warm,k1,sm__issue_active.sum.pct_of_peak_sustained_elapsed,%,69.14
h96_n8,warm,k1,sm__maximum_warps_avg_per_active_cycle,warp,64
h96_n8,warm,k1,sm__maximum_warps_per_active_cycle_pct,%,100
h96_n8,warm,k1,sm__ops_path_tensor_op_hmma_src_bf16_dst_fp32.avg,,43530073.95
h96_n8,warm,k1,sm__ops_path_tensor_op_hmma_src_bf16_dst_fp32.max,,44957696
h96_n8,warm,k1,sm__ops_path_tensor_op_hmma_src_bf16_dst_fp32.min,,41943040
h96_n8,warm,k1,sm__ops_path_tensor_op_hmma_src_bf16_dst_fp32.sum,,6442450944
h96_n8,warm,k1,sm__ops_path_tensor_op_hmma_src_fp16_dst_fp16.avg,,16323777.73
h96_n8,warm,k1,sm__ops_path_tensor_op_hmma_src_fp16_dst_fp16.max,,16760832
h96_n8,warm,k1,sm__ops_path_tensor_op_hmma_src_fp16_dst_fp16.min,,15679488
h96_n8,warm,k1,sm__ops_path_tensor_op_hmma_src_fp16_dst_fp16.sum,,2415919104
h96_n8,warm,k1,sm__pipe_tensor_cycles_active.avg.pct_of_peak_sustained_active,%,5.61
h96_n8,warm,k1,sm__pipe_tensor_cycles_active.avg.pct_of_peak_sustained_elapsed,%,5.54
h96_n8,warm,k1,sm__pipe_tensor_cycles_active.max.pct_of_peak_sustained_active,%,5.77
h96_n8,warm,k1,sm__pipe_tensor_cycles_active.max.pct_of_peak_sustained_elapsed,%,5.71
h96_n8,warm,k1,sm__pipe_tensor_cycles_active.min.pct_of_peak_sustained_active,%,5.38
h96_n8,warm,k1,sm__pipe_tensor_cycles_active.min.pct_of_peak_sustained_elapsed,%,5.33
h96_n8,warm,k1,sm__pipe_tensor_cycles_active.sum.pct_of_peak_sustained_active,%,5.61
h96_n8,warm,k1,sm__pipe_tensor_cycles_active.sum.pct_of_peak_sustained_elapsed,%,5.54
h96_n8,warm,k1,sm__throughput.avg.pct_of_peak_sustained_elapsed,%,69.14
h96_n8,warm,k1,sm__throughput.max.pct_of_peak_sustained_elapsed,%,71.40
h96_n8,warm,k1,sm__throughput.min.pct_of_peak_sustained_elapsed,%,67.03
h96_n8,warm,k1,sm__throughput.sum.pct_of_peak_sustained_elapsed,%,69.14
h96_n8,warm,k1,sm__warps_active.avg.pct_of_peak_sustained_active,%,96.29
h96_n8,warm,k1,sm__warps_active.avg.per_cycle_active,warp,61.63
h96_n8,warm,k1,sm__warps_active.max.pct_of_peak_sustained_active,%,97.45
h96_n8,warm,k1,sm__warps_active.max.per_cycle_active,warp,62.37
h96_n8,warm,k1,sm__warps_active.min.pct_of_peak_sustained_active,%,95.37
h96_n8,warm,k1,sm__warps_active.min.per_cycle_active,warp,61.04
h96_n8,warm,k1,sm__warps_active.sum.pct_of_peak_sustained_active,%,96.29
h96_n8,warm,k1,sm__warps_active.sum.per_cycle_active,warp,9120.53
h96_n8,warm,k1,smsp__issue_active.avg.pct_of_peak_sustained_active,%,69.97
h96_n8,warm,k1,smsp__issue_active.max.pct_of_peak_sustained_active,%,72.28
h96_n8,warm,k1,smsp__issue_active.min.pct_of_peak_sustained_active,%,67.43
h96_n8,warm,k1,smsp__issue_active.sum.pct_of_peak_sustained_active,%,69.97
h96_n8,warm,k1,smsp__maximum_warps_avg_per_active_cycle,warp,16
h96_n8,warm,k1,smsp__warp_issue_stalled_barrier_per_warp_active.pct,%,39.10
h96_n8,warm,k1,smsp__warp_issue_stalled_long_scoreboard_per_warp_active.pct,%,19.41
h96_n8,warm,k1,smsp__warp_issue_stalled_math_pipe_throttle_per_warp_active.pct,%,2.41
h96_n8,warm,k1,smsp__warp_issue_stalled_membar_per_warp_active.pct,%,0
h96_n8,warm,k1,smsp__warp_issue_stalled_mio_throttle_per_warp_active.pct,%,2.32
h96_n8,warm,k1,smsp__warp_issue_stalled_not_selected_per_warp_active.pct,%,9.62
h96_n8,warm,k1,smsp__warp_issue_stalled_short_scoreboard_per_warp_active.pct,%,11.43
h96_n8,warm,k1,smsp__warp_issue_stalled_wait_per_warp_active.pct,%,8.10
h96_n8,warm,k1,smsp__warps_active.avg.peak_sustained,warp,16
h96_n8,warm,k1,smsp__warps_active.max.peak_sustained,warp,16
h96_n8,warm,k1,smsp__warps_active.min.peak_sustained,warp,16
h96_n8,warm,k1,smsp__warps_active.sum.peak_sustained,warp,9472
h96_n8,warm,k1,smsp__warps_eligible.avg.per_cycle_active,warp,2.19
h96_n8,warm,k1,smsp__warps_eligible.max.per_cycle_active,warp,2.39
h96_n8,warm,k1,smsp__warps_eligible.min.per_cycle_active,warp,2.03
h96_n8,warm,k1,smsp__warps_eligible.sum.per_cycle_active,warp,1297.39
h96_n8,warm,k2,c2clink__enabled_mask,,0
h96_n8,warm,k2,c2clink__present,,0
h96_n8,warm,k2,derived__pct_occupancy_per_barrier_count,,882
h96_n8,warm,k2,derived__pct_occupancy_per_block_size,%,1163
h96_n8,warm,k2,derived__pct_occupancy_per_register_count,%/register,3834
h96_n8,warm,k2,derived__pct_occupancy_per_shared_mem_size,%/byte,8069
h96_n8,warm,k2,device__attribute_architecture,,416
h96_n8,warm,k2,device__attribute_async_engine_count,,4
h96_n8,warm,k2,device__attribute_can_flush_remote_writes,,0
h96_n8,warm,k2,device__attribute_can_map_host_memory,,1
h96_n8,warm,k2,device__attribute_can_tex2d_gather,,1
h96_n8,warm,k2,device__attribute_can_use_64_bit_stream_mem_ops,,1
h96_n8,warm,k2,device__attribute_can_use_64_bit_stream_mem_ops_v1,,0
h96_n8,warm,k2,device__attribute_can_use_host_pointer_for_registered_mem,,1
h96_n8,warm,k2,device__attribute_can_use_stream_mem_ops_v1,,0
h96_n8,warm,k2,device__attribute_can_use_stream_wait_value_nor,,1
h96_n8,warm,k2,device__attribute_can_use_stream_wait_value_nor_v1,,0
h96_n8,warm,k2,device__attribute_chip,,419
h96_n8,warm,k2,device__attribute_clock_rate,,2032000
h96_n8,warm,k2,device__attribute_cluster_launch,,1
h96_n8,warm,k2,device__attribute_compute_capability_major,,10
h96_n8,warm,k2,device__attribute_compute_capability_minor,,3
h96_n8,warm,k2,device__attribute_compute_mode,,0
h96_n8,warm,k2,device__attribute_compute_preemption_supported,,1
h96_n8,warm,k2,device__attribute_concurrent_kernels,,1
h96_n8,warm,k2,device__attribute_concurrent_managed_access,,1
h96_n8,warm,k2,device__attribute_confidential_computing_mode,,No-CC
h96_n8,warm,k2,device__attribute_cooperative_launch,,1
h96_n8,warm,k2,device__attribute_cooperative_multi_device_launch,,1
h96_n8,warm,k2,device__attribute_deferred_mapping_cuda_array_supported,,1
h96_n8,warm,k2,device__attribute_device_index,,0
h96_n8,warm,k2,device__attribute_direct_managed_mem_access_from_host,,0
h96_n8,warm,k2,device__attribute_display_name,,NVIDIA B300 SXM6 AC
h96_n8,warm,k2,device__attribute_dma_buf_supported,,1
h96_n8,warm,k2,device__attribute_ecc_enabled,,1
h96_n8,warm,k2,device__attribute_fb_bus_width,,7680
h96_n8,warm,k2,device__attribute_fbp_count,,16
h96_n8,warm,k2,device__attribute_generic_compression_supported,,1
h96_n8,warm,k2,device__attribute_global_l1_cache_supported,,1
h96_n8,warm,k2,device__attribute_global_memory_bus_width,,7680
h96_n8,warm,k2,device__attribute_gpu_direct_rdma_flush_writes_options,,1
h96_n8,warm,k2,device__attribute_gpu_direct_rdma_supported,,1
h96_n8,warm,k2,device__attribute_gpu_direct_rdma_with_cuda_vmm_supported,,1
h96_n8,warm,k2,device__attribute_gpu_direct_rdma_writes_ordering,,100
h96_n8,warm,k2,device__attribute_gpu_overlap,,1
h96_n8,warm,k2,device__attribute_gpu_pci_device_id,,830607582
h96_n8,warm,k2,device__attribute_gpu_pci_ext_device_id,,12674
h96_n8,warm,k2,device__attribute_gpu_pci_ext_downstream_link_rate,,16000
h96_n8,warm,k2,device__attribute_gpu_pci_ext_downstream_link_width,,32
h96_n8,warm,k2,device__attribute_gpu_pci_ext_gen,,5
h96_n8,warm,k2,device__attribute_gpu_pci_ext_gpu_gen,,5
h96_n8,warm,k2,device__attribute_gpu_pci_ext_gpu_link_rate,,64000
h96_n8,warm,k2,device__attribute_gpu_pci_ext_gpu_link_width,,16
h96_n8,warm,k2,device__attribute_gpu_pci_revision_id,,161
h96_n8,warm,k2,device__attribute_gpu_pci_sub_system_id,,551948510
h96_n8,warm,k2,device__attribute_handle_type_fabric_supported,,1
h96_n8,warm,k2,device__attribute_handle_type_posix_file_descriptor_supported,,1
h96_n8,warm,k2,device__attribute_handle_type_win32_handle_supported,,0
h96_n8,warm,k2,device__attribute_handle_type_win32_kmt_handle_supported,,0
h96_n8,warm,k2,device__attribute_host_native_atomic_supported,,0
h96_n8,warm,k2,device__attribute_host_numa_id,,0
h96_n8,warm,k2,device__attribute_host_register_supported,,1
h96_n8,warm,k2,device__attribute_implementation,,419
h96_n8,warm,k2,device__attribute_integrated,,0
h96_n8,warm,k2,device__attribute_ipc_event_supported,,1
h96_n8,warm,k2,device__attribute_kernel_exec_timeout,,0
h96_n8,warm,k2,device__attribute_l2_cache_size,,132644864
h96_n8,warm,k2,device__attribute_l2s_count,,192
h96_n8,warm,k2,device__attribute_limits_max_cta_per_sm,,32
h96_n8,warm,k2,device__attribute_limits_num_tpcs,,74
h96_n8,warm,k2,device__attribute_local_l1_cache_supported,,1
h96_n8,warm,k2,device__attribute_managed_memory,,1
h96_n8,warm,k2,device__attribute_max_access_policy_window_size,,134217728
h96_n8,warm,k2,device__attribute_max_block_dim_x,,1024
h96_n8,warm,k2,device__attribute_max_block_dim_y,,1024
h96_n8,warm,k2,device__attribute_max_block_dim_z,,64
h96_n8,warm,k2,device__attribute_max_blocks_per_multiprocessor,,32
h96_n8,warm,k2,device__attribute_max_gpu_frequency_khz,,2032000
h96_n8,warm,k2,device__attribute_max_grid_dim_x,,2147483647
h96_n8,warm,k2,device__attribute_max_grid_dim_y,,65535
h96_n8,warm,k2,device__attribute_max_grid_dim_z,,65535
h96_n8,warm,k2,device__attribute_max_ipc_per_multiprocessor,,4
h96_n8,warm,k2,device__attribute_max_ipc_per_scheduler,,1
h96_n8,warm,k2,device__attribute_max_mem_frequency_khz,,3996000
h96_n8,warm,k2,device__attribute_max_persisting_l2_cache_size,,82903040
h96_n8,warm,k2,device__attribute_max_pitch,,2147483647
h96_n8,warm,k2,device__attribute_max_registers_per_block,,65536
h96_n8,warm,k2,device__attribute_max_registers_per_multiprocessor,,65536
h96_n8,warm,k2,device__attribute_max_registers_per_thread,,255
h96_n8,warm,k2,device__attribute_max_shared_memory_per_block,,49152
h96_n8,warm,k2,device__attribute_max_shared_memory_per_block_optin,,232448
h96_n8,warm,k2,device__attribute_max_shared_memory_per_multiprocessor,,233472
h96_n8,warm,k2,device__attribute_max_threads_per_block,,1024
h96_n8,warm,k2,device__attribute_max_threads_per_multiprocessor,,2048
h96_n8,warm,k2,device__attribute_max_warps_per_multiprocessor,,64
h96_n8,warm,k2,device__attribute_max_warps_per_scheduler,,16
h96_n8,warm,k2,device__attribute_maximum_surface1d_layered_layers,,2048
h96_n8,warm,k2,device__attribute_maximum_surface1d_layered_width,,32768
h96_n8,warm,k2,device__attribute_maximum_surface1d_width,,32768
h96_n8,warm,k2,device__attribute_maximum_surface2d_height,,65536
h96_n8,warm,k2,device__attribute_maximum_surface2d_layered_height,,32768
h96_n8,warm,k2,device__attribute_maximum_surface2d_layered_layers,,2048
h96_n8,warm,k2,device__attribute_maximum_surface2d_layered_width,,32768
h96_n8,warm,k2,device__attribute_maximum_surface2d_width,,131072
h96_n8,warm,k2,device__attribute_maximum_surface3d_depth,,16384
h96_n8,warm,k2,device__attribute_maximum_surface3d_height,,16384
h96_n8,warm,k2,device__attribute_maximum_surface3d_width,,16384
h96_n8,warm,k2,device__attribute_maximum_surfacecubemap_layered_layers,,2046
h96_n8,warm,k2,device__attribute_maximum_surfacecubemap_layered_width,,32768
h96_n8,warm,k2,device__attribute_maximum_surfacecubemap_width,,32768
h96_n8,warm,k2,device__attribute_maximum_texture1d_layered_layers,,2048
h96_n8,warm,k2,device__attribute_maximum_texture1d_layered_width,,32768
h96_n8,warm,k2,device__attribute_maximum_texture1d_linear_width,,268435456
h96_n8,warm,k2,device__attribute_maximum_texture1d_mipmapped_width,,32768
h96_n8,warm,k2,device__attribute_maximum_texture1d_width,,131072
h96_n8,warm,k2,device__attribute_maximum_texture2d_gather_height,,32768
h96_n8,warm,k2,device__attribute_maximum_texture2d_gather_width,,32768
h96_n8,warm,k2,device__attribute_maximum_texture2d_height,,65536
h96_n8,warm,k2,device__attribute_maximum_texture2d_layered_height,,32768
h96_n8,warm,k2,device__attribute_maximum_texture2d_layered_layers,,2048
h96_n8,warm,k2,device__attribute_maximum_texture2d_layered_width,,32768
h96_n8,warm,k2,device__attribute_maximum_texture2d_linear_height,,65000
h96_n8,warm,k2,device__attribute_maximum_texture2d_linear_pitch,,2097120
h96_n8,warm,k2,device__attribute_maximum_texture2d_linear_width,,131072
h96_n8,warm,k2,device__attribute_maximum_texture2d_mipmapped_height,,32768
h96_n8,warm,k2,device__attribute_maximum_texture2d_mipmapped_width,,32768
h96_n8,warm,k2,device__attribute_maximum_texture2d_width,,131072
h96_n8,warm,k2,device__attribute_maximum_texture3d_depth,,16384
h96_n8,warm,k2,device__attribute_maximum_texture3d_depth_alternate,,32768
h96_n8,warm,k2,device__attribute_maximum_texture3d_height,,16384
h96_n8,warm,k2,device__attribute_maximum_texture3d_height_alternate,,8192
h96_n8,warm,k2,device__attribute_maximum_texture3d_width,,16384
h96_n8,warm,k2,device__attribute_maximum_texture3d_width_alternate,,8192
h96_n8,warm,k2,device__attribute_maximum_texturecubemap_layered_layers,,2046
h96_n8,warm,k2,device__attribute_maximum_texturecubemap_layered_width,,32768
h96_n8,warm,k2,device__attribute_maximum_texturecubemap_width,,32768
h96_n8,warm,k2,device__attribute_mem_sync_domain_count,,4
h96_n8,warm,k2,device__attribute_memory_clock_rate,,3996000
h96_n8,warm,k2,device__attribute_memory_pools_supported,,1
h96_n8,warm,k2,device__attribute_mempool_supported_handle_types,,9
h96_n8,warm,k2,device__attribute_mps_enabled,,0
h96_n8,warm,k2,device__attribute_multi_gpu_board,,0
h96_n8,warm,k2,device__attribute_multi_gpu_board_group_id,,0
h96_n8,warm,k2,device__attribute_multicast_supported,,1
h96_n8,warm,k2,device__attribute_multiprocessor_count,,148
h96_n8,warm,k2,device__attribute_num_l2s_per_fbp,,12
h96_n8,warm,k2,device__attribute_num_schedulers_per_multiprocessor,,4
h96_n8,warm,k2,device__attribute_num_tex_per_multiprocessor,,1
h96_n8,warm,k2,device__attribute_numa_config,,0
h96_n8,warm,k2,device__attribute_pageable_memory_access,,1
h96_n8,warm,k2,device__attribute_pageable_memory_access_uses_host_page_tables,,0
h96_n8,warm,k2,device__attribute_pci_bus_id,,12
h96_n8,warm,k2,device__attribute_pci_device_id,,0
h96_n8,warm,k2,device__attribute_pci_domain_id,,0
h96_n8,warm,k2,device__attribute_ram_location,,1
h96_n8,warm,k2,device__attribute_ram_type,,0
h96_n8,warm,k2,device__attribute_reserved_shared_memory_per_block,,1024
h96_n8,warm,k2,device__attribute_sass_level,,10
h96_n8,warm,k2,device__attribute_single_to_double_precision_perf_ratio,,64
h96_n8,warm,k2,device__attribute_sparse_cuda_array_supported,,1
h96_n8,warm,k2,device__attribute_stream_priorities_supported,,1
h96_n8,warm,k2,device__attribute_surface_alignment,,512
h96_n8,warm,k2,device__attribute_tcc_driver,,0
h96_n8,warm,k2,device__attribute_tensor_map_access_supported,,1
h96_n8,warm,k2,device__attribute_texture_alignment,,512
h96_n8,warm,k2,device__attribute_texture_pitch_alignment,,32
h96_n8,warm,k2,device__attribute_total_constant_memory,,65536
h96_n8,warm,k2,device__attribute_total_memory,,287428640768
h96_n8,warm,k2,device__attribute_unified_addressing,,1
h96_n8,warm,k2,device__attribute_unified_function_pointers,,1
h96_n8,warm,k2,device__attribute_virtual_address_management_supported,,1
h96_n8,warm,k2,device__attribute_warp_size,,32
h96_n8,warm,k2,dram__bytes_read.avg,byte,14182804
h96_n8,warm,k2,dram__bytes_read.max,byte,15131136
h96_n8,warm,k2,dram__bytes_read.min,byte,7563264
h96_n8,warm,k2,dram__bytes_read.sum,byte,907699456
h96_n8,warm,k2,dram__bytes_write.avg,byte,4026656
h96_n8,warm,k2,dram__bytes_write.max,byte,4297216
h96_n8,warm,k2,dram__bytes_write.min,byte,2224896
h96_n8,warm,k2,dram__bytes_write.sum,byte,257705984
h96_n8,warm,k2,dram__throughput.avg.pct_of_peak_sustained_elapsed,%,37.77
h96_n8,warm,k2,dram__throughput.max.pct_of_peak_sustained_elapsed,%,37.78
h96_n8,warm,k2,dram__throughput.min.pct_of_peak_sustained_elapsed,%,38.06
h96_n8,warm,k2,dram__throughput.sum.pct_of_peak_sustained_elapsed,%,37.77
h96_n8,warm,k2,gpc__cycles_elapsed.avg.per_second,hz,1900662539.78
h96_n8,warm,k2,gpc__cycles_elapsed.max.per_second,hz,1902908711.22
h96_n8,warm,k2,gpc__cycles_elapsed.min.per_second,hz,1897864459.03
h96_n8,warm,k2,gpc__cycles_elapsed.sum.per_second,hz,15205300318.22
h96_n8,warm,k2,gpu__time_duration.avg,ns,402240
h96_n8,warm,k2,gpu__time_duration.max,ns,402240
h96_n8,warm,k2,gpu__time_duration.min,ns,402240
h96_n8,warm,k2,gpu__time_duration.sum,ns,402240
h96_n8,warm,k2,gr__workids_granted.avg,,0
h96_n8,warm,k2,gr__workids_granted.max,,0
h96_n8,warm,k2,gr__workids_granted.min,,0
h96_n8,warm,k2,gr__workids_granted.sum,,0
h96_n8,warm,k2,gr__workids_granted_as_ctas.avg,block,0
h96_n8,warm,k2,gr__workids_granted_as_ctas.max,block,0
h96_n8,warm,k2,gr__workids_granted_as_ctas.min,block,0
h96_n8,warm,k2,gr__workids_granted_as_ctas.sum,block,0
h96_n8,warm,k2,gr__workids_requested.avg,,0
h96_n8,warm,k2,gr__workids_requested.max,,0
h96_n8,warm,k2,gr__workids_requested.min,,0
h96_n8,warm,k2,gr__workids_requested.sum,,0
h96_n8,warm,k2,l1tex__data_bank_conflicts_pipe_lsu_mem_shared_op_ld.avg,,19142.55
h96_n8,warm,k2,l1tex__data_bank_conflicts_pipe_lsu_mem_shared_op_ld.max,,22514
h96_n8,warm,k2,l1tex__data_bank_conflicts_pipe_lsu_mem_shared_op_ld.min,,17604
h96_n8,warm,k2,l1tex__data_bank_conflicts_pipe_lsu_mem_shared_op_ld.sum,,2833098
h96_n8,warm,k2,l1tex__data_bank_conflicts_pipe_lsu_mem_shared_op_st.avg,,45179.32
h96_n8,warm,k2,l1tex__data_bank_conflicts_pipe_lsu_mem_shared_op_st.max,,48584
h96_n8,warm,k2,l1tex__data_bank_conflicts_pipe_lsu_mem_shared_op_st.min,,43185
h96_n8,warm,k2,l1tex__data_bank_conflicts_pipe_lsu_mem_shared_op_st.sum,,6686540
h96_n8,warm,k2,l1tex__throughput.avg.pct_of_peak_sustained_elapsed,%,69.64
h96_n8,warm,k2,l1tex__throughput.max.pct_of_peak_sustained_elapsed,%,80.01
h96_n8,warm,k2,l1tex__throughput.min.pct_of_peak_sustained_elapsed,%,66.97
h96_n8,warm,k2,l1tex__throughput.sum.pct_of_peak_sustained_elapsed,%,69.64
h96_n8,warm,k2,launch__barrier_count,,9
h96_n8,warm,k2,launch__block_dim_x,block,192
h96_n8,warm,k2,launch__block_dim_y,block,1
h96_n8,warm,k2,launch__block_dim_z,block,1
h96_n8,warm,k2,launch__block_size,,192
h96_n8,warm,k2,launch__cluster_dim_x,,0
h96_n8,warm,k2,launch__cluster_dim_y,,0
h96_n8,warm,k2,launch__cluster_dim_z,,0
h96_n8,warm,k2,launch__cluster_max_active,cluster,0
h96_n8,warm,k2,launch__cluster_max_potential_size,block,8
h96_n8,warm,k2,launch__cluster_scheduling_policy,,PolicySpread
h96_n8,warm,k2,launch__cluster_size,,0
h96_n8,warm,k2,launch__context_id,,1
h96_n8,warm,k2,launch__device_id,,0
h96_n8,warm,k2,launch__func_cache_config,,CachePreferNone
h96_n8,warm,k2,launch__function_pcs,,1
h96_n8,warm,k2,launch__grid_dim_x,,8
h96_n8,warm,k2,launch__grid_dim_y,,96
h96_n8,warm,k2,launch__grid_dim_z,,1
h96_n8,warm,k2,launch__grid_size,,768
h96_n8,warm,k2,launch__occupancy_cluster_gpu_pct,%,0
h96_n8,warm,k2,launch__occupancy_cluster_pct,%,0
h96_n8,warm,k2,launch__occupancy_limit_barriers,block,7
h96_n8,warm,k2,launch__occupancy_limit_blocks,block,32
h96_n8,warm,k2,launch__occupancy_limit_registers,block,4
h96_n8,warm,k2,launch__occupancy_limit_shared_mem,block,2
h96_n8,warm,k2,launch__occupancy_limit_warps,block,10
h96_n8,warm,k2,launch__occupancy_per_barrier_count,,588
h96_n8,warm,k2,launch__occupancy_per_block_size,,758
h96_n8,warm,k2,launch__occupancy_per_cluster_size,,0
h96_n8,warm,k2,launch__occupancy_per_register_count,,2556
h96_n8,warm,k2,launch__occupancy_per_shared_mem_size,,5292
h96_n8,warm,k2,launch__persisting_l2_cache_size,byte,24870912
h96_n8,warm,k2,launch__preferred_cluster_dim_x,,0
h96_n8,warm,k2,launch__preferred_cluster_dim_y,,0
h96_n8,warm,k2,launch__preferred_cluster_dim_z,,0
h96_n8,warm,k2,launch__preferred_cluster_size,,0
h96_n8,warm,k2,launch__registers_per_thread,register/thread,73
h96_n8,warm,k2,launch__registers_per_thread_allocated,register/thread,80
h96_n8,warm,k2,launch__shared_mem_config_size,byte,200704
h96_n8,warm,k2,launch__shared_mem_per_block,byte/block,99456
h96_n8,warm,k2,launch__shared_mem_per_block_allocated,byte/block,99456
h96_n8,warm,k2,launch__shared_mem_per_block_driver,byte/block,1024
h96_n8,warm,k2,launch__shared_mem_per_block_dynamic,byte/block,98432
h96_n8,warm,k2,launch__shared_mem_per_block_static,byte/block,0
h96_n8,warm,k2,launch__sm_count,SM,148
h96_n8,warm,k2,launch__stack_size,,1024
h96_n8,warm,k2,launch__stream_id,,7
h96_n8,warm,k2,launch__thread_count,thread,147456
h96_n8,warm,k2,launch__tpc_count,,74
h96_n8,warm,k2,launch__tpc_enabled,,all
h96_n8,warm,k2,launch__uses_cdp,,0
h96_n8,warm,k2,launch__uses_green_context,,0
h96_n8,warm,k2,launch__uses_mps,,0
h96_n8,warm,k2,launch__uses_nvlink_centric_scheduling,,0
h96_n8,warm,k2,launch__uses_vgpu,,0
h96_n8,warm,k2,launch__waves_per_multiprocessor,,2.59
h96_n8,warm,k2,lts__t_sector_hit_rate.pct,%,52.24
h96_n8,warm,k2,lts__t_sectors.avg,sector,573660.01
h96_n8,warm,k2,lts__t_sectors.max,sector,610144
h96_n8,warm,k2,lts__t_sectors.min,sector,283102
h96_n8,warm,k2,lts__t_sectors.sum,sector,105553442
h96_n8,warm,k2,lts__throughput.avg.pct_of_peak_sustained_elapsed,%,53.11
h96_n8,warm,k2,lts__throughput.max.pct_of_peak_sustained_elapsed,%,56.68
h96_n8,warm,k2,lts__throughput.min.pct_of_peak_sustained_elapsed,%,26.05
h96_n8,warm,k2,lts__throughput.sum.pct_of_peak_sustained_elapsed,%,53.11
h96_n8,warm,k2,numa__cpu_affinity,,1
h96_n8,warm,k2,numa__dev_display_name_all,,1
h96_n8,warm,k2,numa__id_cpu,,1
h96_n8,warm,k2,numa__id_memory,,1
h96_n8,warm,k2,nvlink__bandwidth,,0
h96_n8,warm,k2,nvlink__count_logical,,0
h96_n8,warm,k2,nvlink__count_physical,,0
h96_n8,warm,k2,nvlink__destination_ports,,0
h96_n8,warm,k2,nvlink__dev0Id,,0
h96_n8,warm,k2,nvlink__dev0type,,0
h96_n8,warm,k2,nvlink__dev1Id,,0
h96_n8,warm,k2,nvlink__dev1type,,0
h96_n8,warm,k2,nvlink__dev_display_name_all,,1
h96_n8,warm,k2,nvlink__enabled_mask,,262143
h96_n8,warm,k2,nvlink__is_direct_link,,0
h96_n8,warm,k2,nvlink__is_nvswitch_connected,,0
h96_n8,warm,k2,nvlink__max_count,,18
h96_n8,warm,k2,nvlink__peer_access,,0
h96_n8,warm,k2,nvlink__peer_atomic,,0
h96_n8,warm,k2,nvlink__source_ports,,0
h96_n8,warm,k2,nvlink__system_access,,0
h96_n8,warm,k2,nvlink__system_atomic,,0
h96_n8,warm,k2,profiler__perfworks_session_reuse,,1
h96_n8,warm,k2,profiler__replayer_passes,pass,15
h96_n8,warm,k2,profiler__replayer_passes_type_warmup,pass,0
h96_n8,warm,k2,sm__cycles_active.avg,cycle,691523.28
h96_n8,warm,k2,sm__cycles_active.avg.pct_of_peak_sustained_elapsed,%,90.54
h96_n8,warm,k2,sm__cycles_active.max,cycle,757411
h96_n8,warm,k2,sm__cycles_active.max.pct_of_peak_sustained_elapsed,%,99.17
h96_n8,warm,k2,sm__cycles_active.min,cycle,672440
h96_n8,warm,k2,sm__cycles_active.min.pct_of_peak_sustained_elapsed,%,88.04
h96_n8,warm,k2,sm__cycles_active.sum,cycle,102345445
h96_n8,warm,k2,sm__cycles_active.sum.pct_of_peak_sustained_elapsed,%,90.54
h96_n8,warm,k2,sm__inst_executed_pipe_adu.avg.pct_of_peak_sustained_elapsed,%,4.50
h96_n8,warm,k2,sm__inst_executed_pipe_adu.max.pct_of_peak_sustained_elapsed,%,5.34
h96_n8,warm,k2,sm__inst_executed_pipe_adu.min.pct_of_peak_sustained_elapsed,%,4.28
h96_n8,warm,k2,sm__inst_executed_pipe_adu.sum.pct_of_peak_sustained_elapsed,%,4.50
h96_n8,warm,k2,sm__inst_executed_pipe_alu.avg.pct_of_peak_sustained_elapsed,%,25.46
h96_n8,warm,k2,sm__inst_executed_pipe_alu.max.pct_of_peak_sustained_elapsed,%,29.44
h96_n8,warm,k2,sm__inst_executed_pipe_alu.min.pct_of_peak_sustained_elapsed,%,24.54
h96_n8,warm,k2,sm__inst_executed_pipe_alu.sum.pct_of_peak_sustained_elapsed,%,25.46
h96_n8,warm,k2,sm__inst_executed_pipe_fma.avg.pct_of_peak_sustained_elapsed,%,10.63
h96_n8,warm,k2,sm__inst_executed_pipe_fma.max.pct_of_peak_sustained_elapsed,%,12.29
h96_n8,warm,k2,sm__inst_executed_pipe_fma.min.pct_of_peak_sustained_elapsed,%,10.25
h96_n8,warm,k2,sm__inst_executed_pipe_fma.sum.pct_of_peak_sustained_elapsed,%,10.63
h96_n8,warm,k2,sm__inst_executed_pipe_lsu.avg.pct_of_peak_sustained_elapsed,%,20.02
h96_n8,warm,k2,sm__inst_executed_pipe_lsu.max.pct_of_peak_sustained_elapsed,%,23.15
h96_n8,warm,k2,sm__inst_executed_pipe_lsu.min.pct_of_peak_sustained_elapsed,%,19.29
h96_n8,warm,k2,sm__inst_executed_pipe_lsu.sum.pct_of_peak_sustained_elapsed,%,20.02
h96_n8,warm,k2,sm__inst_executed_pipe_xu.avg.pct_of_peak_sustained_elapsed,%,0.36
h96_n8,warm,k2,sm__inst_executed_pipe_xu.max.pct_of_peak_sustained_elapsed,%,0.42
h96_n8,warm,k2,sm__inst_executed_pipe_xu.min.pct_of_peak_sustained_elapsed,%,0.35
h96_n8,warm,k2,sm__inst_executed_pipe_xu.sum.pct_of_peak_sustained_elapsed,%,0.36
h96_n8,warm,k2,sm__issue_active.avg.pct_of_peak_sustained_elapsed,%,38.76
h96_n8,warm,k2,sm__issue_active.max.pct_of_peak_sustained_elapsed,%,44.87
h96_n8,warm,k2,sm__issue_active.min.pct_of_peak_sustained_elapsed,%,37.32
h96_n8,warm,k2,sm__issue_active.sum.pct_of_peak_sustained_elapsed,%,38.76
h96_n8,warm,k2,sm__maximum_warps_avg_per_active_cycle,warp,12
h96_n8,warm,k2,sm__maximum_warps_per_active_cycle_pct,%,18.75
h96_n8,warm,k2,sm__ops_path_tensor_op_hmma_src_bf16_dst_fp32.avg,,565890961.30
h96_n8,warm,k2,sm__ops_path_tensor_op_hmma_src_bf16_dst_fp32.max,,654311424
h96_n8,warm,k2,sm__ops_path_tensor_op_hmma_src_bf16_dst_fp32.min,,545259520
h96_n8,warm,k2,sm__ops_path_tensor_op_hmma_src_bf16_dst_fp32.sum,,83751862272
h96_n8,warm,k2,sm__ops_path_tensor_op_hmma_src_fp16_dst_fp16.avg,,0
h96_n8,warm,k2,sm__ops_path_tensor_op_hmma_src_fp16_dst_fp16.max,,0
h96_n8,warm,k2,sm__ops_path_tensor_op_hmma_src_fp16_dst_fp16.min,,0
h96_n8,warm,k2,sm__ops_path_tensor_op_hmma_src_fp16_dst_fp16.sum,,0
h96_n8,warm,k2,sm__pipe_tensor_cycles_active.avg.pct_of_peak_sustained_active,%,39.96
h96_n8,warm,k2,sm__pipe_tensor_cycles_active.avg.pct_of_peak_sustained_elapsed,%,36.18
h96_n8,warm,k2,sm__pipe_tensor_cycles_active.max.pct_of_peak_sustained_active,%,46.20
h96_n8,warm,k2,sm__pipe_tensor_cycles_active.max.pct_of_peak_sustained_elapsed,%,41.83
h96_n8,warm,k2,sm__pipe_tensor_cycles_active.min.pct_of_peak_sustained_active,%,38.50
h96_n8,warm,k2,sm__pipe_tensor_cycles_active.min.pct_of_peak_sustained_elapsed,%,34.86
h96_n8,warm,k2,sm__pipe_tensor_cycles_active.sum.pct_of_peak_sustained_active,%,39.96
h96_n8,warm,k2,sm__pipe_tensor_cycles_active.sum.pct_of_peak_sustained_elapsed,%,36.18
h96_n8,warm,k2,sm__throughput.avg.pct_of_peak_sustained_elapsed,%,38.76
h96_n8,warm,k2,sm__throughput.max.pct_of_peak_sustained_elapsed,%,44.87
h96_n8,warm,k2,sm__throughput.min.pct_of_peak_sustained_elapsed,%,37.32
h96_n8,warm,k2,sm__throughput.sum.pct_of_peak_sustained_elapsed,%,38.76
h96_n8,warm,k2,sm__warps_active.avg.pct_of_peak_sustained_active,%,16.82
h96_n8,warm,k2,sm__warps_active.avg.per_cycle_active,warp,10.77
h96_n8,warm,k2,sm__warps_active.max.pct_of_peak_sustained_active,%,20.06
h96_n8,warm,k2,sm__warps_active.max.per_cycle_active,warp,12.84
h96_n8,warm,k2,sm__warps_active.min.pct_of_peak_sustained_active,%,16.00
h96_n8,warm,k2,sm__warps_active.min.per_cycle_active,warp,10.24
h96_n8,warm,k2,sm__warps_active.sum.pct_of_peak_sustained_active,%,16.82
h96_n8,warm,k2,sm__warps_active.sum.per_cycle_active,warp,1593.59
h96_n8,warm,k2,smsp__issue_active.avg.pct_of_peak_sustained_active,%,42.86
h96_n8,warm,k2,smsp__issue_active.max.pct_of_peak_sustained_active,%,54.02
h96_n8,warm,k2,smsp__issue_active.min.pct_of_peak_sustained_active,%,37.11
h96_n8,warm,k2,smsp__issue_active.sum.pct_of_peak_sustained_active,%,42.86
h96_n8,warm,k2,smsp__maximum_warps_avg_per_active_cycle,warp,3
h96_n8,warm,k2,smsp__warp_issue_stalled_barrier_per_warp_active.pct,%,4.36
h96_n8,warm,k2,smsp__warp_issue_stalled_long_scoreboard_per_warp_active.pct,%,11.29
h96_n8,warm,k2,smsp__warp_issue_stalled_math_pipe_throttle_per_warp_active.pct,%,3.78
h96_n8,warm,k2,smsp__warp_issue_stalled_membar_per_warp_active.pct,%,0
h96_n8,warm,k2,smsp__warp_issue_stalled_mio_throttle_per_warp_active.pct,%,3.53
h96_n8,warm,k2,smsp__warp_issue_stalled_not_selected_per_warp_active.pct,%,5.63
h96_n8,warm,k2,smsp__warp_issue_stalled_short_scoreboard_per_warp_active.pct,%,15.78
h96_n8,warm,k2,smsp__warp_issue_stalled_wait_per_warp_active.pct,%,18.69
h96_n8,warm,k2,smsp__warps_active.avg.peak_sustained,warp,16
h96_n8,warm,k2,smsp__warps_active.max.peak_sustained,warp,16
h96_n8,warm,k2,smsp__warps_active.min.peak_sustained,warp,16
h96_n8,warm,k2,smsp__warps_active.sum.peak_sustained,warp,9472
h96_n8,warm,k2,smsp__warps_eligible.avg.per_cycle_active,warp,0.58
h96_n8,warm,k2,smsp__warps_eligible.max.per_cycle_active,warp,0.81
h96_n8,warm,k2,smsp__warps_eligible.min.per_cycle_active,warp,0.46
h96_n8,warm,k2,smsp__warps_eligible.sum.per_cycle_active,warp,343.64
h96_skew8,cold,k1,c2clink__enabled_mask,,0
h96_skew8,cold,k1,c2clink__present,,0
h96_skew8,cold,k1,derived__pct_occupancy_per_barrier_count,,2230
h96_skew8,cold,k1,derived__pct_occupancy_per_block_size,%,5190
h96_skew8,cold,k1,derived__pct_occupancy_per_register_count,%/register,8524
h96_skew8,cold,k1,derived__pct_occupancy_per_shared_mem_size,%/byte,14020
h96_skew8,cold,k1,device__attribute_architecture,,416
h96_skew8,cold,k1,device__attribute_async_engine_count,,4
h96_skew8,cold,k1,device__attribute_can_flush_remote_writes,,0
h96_skew8,cold,k1,device__attribute_can_map_host_memory,,1
h96_skew8,cold,k1,device__attribute_can_tex2d_gather,,1
h96_skew8,cold,k1,device__attribute_can_use_64_bit_stream_mem_ops,,1
h96_skew8,cold,k1,device__attribute_can_use_64_bit_stream_mem_ops_v1,,0
h96_skew8,cold,k1,device__attribute_can_use_host_pointer_for_registered_mem,,1
h96_skew8,cold,k1,device__attribute_can_use_stream_mem_ops_v1,,0
h96_skew8,cold,k1,device__attribute_can_use_stream_wait_value_nor,,1
h96_skew8,cold,k1,device__attribute_can_use_stream_wait_value_nor_v1,,0
h96_skew8,cold,k1,device__attribute_chip,,419
h96_skew8,cold,k1,device__attribute_clock_rate,,2032000
h96_skew8,cold,k1,device__attribute_cluster_launch,,1
h96_skew8,cold,k1,device__attribute_compute_capability_major,,10
h96_skew8,cold,k1,device__attribute_compute_capability_minor,,3
h96_skew8,cold,k1,device__attribute_compute_mode,,0
h96_skew8,cold,k1,device__attribute_compute_preemption_supported,,1
h96_skew8,cold,k1,device__attribute_concurrent_kernels,,1
h96_skew8,cold,k1,device__attribute_concurrent_managed_access,,1
h96_skew8,cold,k1,device__attribute_confidential_computing_mode,,No-CC
h96_skew8,cold,k1,device__attribute_cooperative_launch,,1
h96_skew8,cold,k1,device__attribute_cooperative_multi_device_launch,,1
h96_skew8,cold,k1,device__attribute_deferred_mapping_cuda_array_supported,,1
h96_skew8,cold,k1,device__attribute_device_index,,0
h96_skew8,cold,k1,device__attribute_direct_managed_mem_access_from_host,,0
h96_skew8,cold,k1,device__attribute_display_name,,NVIDIA B300 SXM6 AC
h96_skew8,cold,k1,device__attribute_dma_buf_supported,,1
h96_skew8,cold,k1,device__attribute_ecc_enabled,,1
h96_skew8,cold,k1,device__attribute_fb_bus_width,,7680
h96_skew8,cold,k1,device__attribute_fbp_count,,16
h96_skew8,cold,k1,device__attribute_generic_compression_supported,,1
h96_skew8,cold,k1,device__attribute_global_l1_cache_supported,,1
h96_skew8,cold,k1,device__attribute_global_memory_bus_width,,7680
h96_skew8,cold,k1,device__attribute_gpu_direct_rdma_flush_writes_options,,1
h96_skew8,cold,k1,device__attribute_gpu_direct_rdma_supported,,1
h96_skew8,cold,k1,device__attribute_gpu_direct_rdma_with_cuda_vmm_supported,,1
h96_skew8,cold,k1,device__attribute_gpu_direct_rdma_writes_ordering,,100
h96_skew8,cold,k1,device__attribute_gpu_overlap,,1
h96_skew8,cold,k1,device__attribute_gpu_pci_device_id,,830607582
h96_skew8,cold,k1,device__attribute_gpu_pci_ext_device_id,,12674
h96_skew8,cold,k1,device__attribute_gpu_pci_ext_downstream_link_rate,,16000
h96_skew8,cold,k1,device__attribute_gpu_pci_ext_downstream_link_width,,32
h96_skew8,cold,k1,device__attribute_gpu_pci_ext_gen,,5
h96_skew8,cold,k1,device__attribute_gpu_pci_ext_gpu_gen,,5
h96_skew8,cold,k1,device__attribute_gpu_pci_ext_gpu_link_rate,,64000
h96_skew8,cold,k1,device__attribute_gpu_pci_ext_gpu_link_width,,16
h96_skew8,cold,k1,device__attribute_gpu_pci_revision_id,,161
h96_skew8,cold,k1,device__attribute_gpu_pci_sub_system_id,,551948510
h96_skew8,cold,k1,device__attribute_handle_type_fabric_supported,,1
h96_skew8,cold,k1,device__attribute_handle_type_posix_file_descriptor_supported,,1
h96_skew8,cold,k1,device__attribute_handle_type_win32_handle_supported,,0
h96_skew8,cold,k1,device__attribute_handle_type_win32_kmt_handle_supported,,0
h96_skew8,cold,k1,device__attribute_host_native_atomic_supported,,0
h96_skew8,cold,k1,device__attribute_host_numa_id,,0
h96_skew8,cold,k1,device__attribute_host_register_supported,,1
h96_skew8,cold,k1,device__attribute_implementation,,419
h96_skew8,cold,k1,device__attribute_integrated,,0
h96_skew8,cold,k1,device__attribute_ipc_event_supported,,1
h96_skew8,cold,k1,device__attribute_kernel_exec_timeout,,0
h96_skew8,cold,k1,device__attribute_l2_cache_size,,132644864
h96_skew8,cold,k1,device__attribute_l2s_count,,192
h96_skew8,cold,k1,device__attribute_limits_max_cta_per_sm,,32
h96_skew8,cold,k1,device__attribute_limits_num_tpcs,,74
h96_skew8,cold,k1,device__attribute_local_l1_cache_supported,,1
h96_skew8,cold,k1,device__attribute_managed_memory,,1
h96_skew8,cold,k1,device__attribute_max_access_policy_window_size,,134217728
h96_skew8,cold,k1,device__attribute_max_block_dim_x,,1024
h96_skew8,cold,k1,device__attribute_max_block_dim_y,,1024
h96_skew8,cold,k1,device__attribute_max_block_dim_z,,64
h96_skew8,cold,k1,device__attribute_max_blocks_per_multiprocessor,,32
h96_skew8,cold,k1,device__attribute_max_gpu_frequency_khz,,2032000
h96_skew8,cold,k1,device__attribute_max_grid_dim_x,,2147483647
h96_skew8,cold,k1,device__attribute_max_grid_dim_y,,65535
h96_skew8,cold,k1,device__attribute_max_grid_dim_z,,65535
h96_skew8,cold,k1,device__attribute_max_ipc_per_multiprocessor,,4
h96_skew8,cold,k1,device__attribute_max_ipc_per_scheduler,,1
h96_skew8,cold,k1,device__attribute_max_mem_frequency_khz,,3996000
h96_skew8,cold,k1,device__attribute_max_persisting_l2_cache_size,,82903040
h96_skew8,cold,k1,device__attribute_max_pitch,,2147483647
h96_skew8,cold,k1,device__attribute_max_registers_per_block,,65536
h96_skew8,cold,k1,device__attribute_max_registers_per_multiprocessor,,65536
h96_skew8,cold,k1,device__attribute_max_registers_per_thread,,255
h96_skew8,cold,k1,device__attribute_max_shared_memory_per_block,,49152
h96_skew8,cold,k1,device__attribute_max_shared_memory_per_block_optin,,232448
h96_skew8,cold,k1,device__attribute_max_shared_memory_per_multiprocessor,,233472
h96_skew8,cold,k1,device__attribute_max_threads_per_block,,1024
h96_skew8,cold,k1,device__attribute_max_threads_per_multiprocessor,,2048
h96_skew8,cold,k1,device__attribute_max_warps_per_multiprocessor,,64
h96_skew8,cold,k1,device__attribute_max_warps_per_scheduler,,16
h96_skew8,cold,k1,device__attribute_maximum_surface1d_layered_layers,,2048
h96_skew8,cold,k1,device__attribute_maximum_surface1d_layered_width,,32768
h96_skew8,cold,k1,device__attribute_maximum_surface1d_width,,32768
h96_skew8,cold,k1,device__attribute_maximum_surface2d_height,,65536
h96_skew8,cold,k1,device__attribute_maximum_surface2d_layered_height,,32768
h96_skew8,cold,k1,device__attribute_maximum_surface2d_layered_layers,,2048
h96_skew8,cold,k1,device__attribute_maximum_surface2d_layered_width,,32768
h96_skew8,cold,k1,device__attribute_maximum_surface2d_width,,131072
h96_skew8,cold,k1,device__attribute_maximum_surface3d_depth,,16384
h96_skew8,cold,k1,device__attribute_maximum_surface3d_height,,16384
h96_skew8,cold,k1,device__attribute_maximum_surface3d_width,,16384
h96_skew8,cold,k1,device__attribute_maximum_surfacecubemap_layered_layers,,2046
h96_skew8,cold,k1,device__attribute_maximum_surfacecubemap_layered_width,,32768
h96_skew8,cold,k1,device__attribute_maximum_surfacecubemap_width,,32768
h96_skew8,cold,k1,device__attribute_maximum_texture1d_layered_layers,,2048
h96_skew8,cold,k1,device__attribute_maximum_texture1d_layered_width,,32768
h96_skew8,cold,k1,device__attribute_maximum_texture1d_linear_width,,268435456
h96_skew8,cold,k1,device__attribute_maximum_texture1d_mipmapped_width,,32768
h96_skew8,cold,k1,device__attribute_maximum_texture1d_width,,131072
h96_skew8,cold,k1,device__attribute_maximum_texture2d_gather_height,,32768
h96_skew8,cold,k1,device__attribute_maximum_texture2d_gather_width,,32768
h96_skew8,cold,k1,device__attribute_maximum_texture2d_height,,65536
h96_skew8,cold,k1,device__attribute_maximum_texture2d_layered_height,,32768
h96_skew8,cold,k1,device__attribute_maximum_texture2d_layered_layers,,2048
h96_skew8,cold,k1,device__attribute_maximum_texture2d_layered_width,,32768
h96_skew8,cold,k1,device__attribute_maximum_texture2d_linear_height,,65000
h96_skew8,cold,k1,device__attribute_maximum_texture2d_linear_pitch,,2097120
h96_skew8,cold,k1,device__attribute_maximum_texture2d_linear_width,,131072
h96_skew8,cold,k1,device__attribute_maximum_texture2d_mipmapped_height,,32768
h96_skew8,cold,k1,device__attribute_maximum_texture2d_mipmapped_width,,32768
h96_skew8,cold,k1,device__attribute_maximum_texture2d_width,,131072
h96_skew8,cold,k1,device__attribute_maximum_texture3d_depth,,16384
h96_skew8,cold,k1,device__attribute_maximum_texture3d_depth_alternate,,32768
h96_skew8,cold,k1,device__attribute_maximum_texture3d_height,,16384
h96_skew8,cold,k1,device__attribute_maximum_texture3d_height_alternate,,8192
h96_skew8,cold,k1,device__attribute_maximum_texture3d_width,,16384
h96_skew8,cold,k1,device__attribute_maximum_texture3d_width_alternate,,8192
h96_skew8,cold,k1,device__attribute_maximum_texturecubemap_layered_layers,,2046
h96_skew8,cold,k1,device__attribute_maximum_texturecubemap_layered_width,,32768
h96_skew8,cold,k1,device__attribute_maximum_texturecubemap_width,,32768
h96_skew8,cold,k1,device__attribute_mem_sync_domain_count,,4
h96_skew8,cold,k1,device__attribute_memory_clock_rate,,3996000
h96_skew8,cold,k1,device__attribute_memory_pools_supported,,1
h96_skew8,cold,k1,device__attribute_mempool_supported_handle_types,,9
h96_skew8,cold,k1,device__attribute_mps_enabled,,0
h96_skew8,cold,k1,device__attribute_multi_gpu_board,,0
h96_skew8,cold,k1,device__attribute_multi_gpu_board_group_id,,0
h96_skew8,cold,k1,device__attribute_multicast_supported,,1
h96_skew8,cold,k1,device__attribute_multiprocessor_count,,148
h96_skew8,cold,k1,device__attribute_num_l2s_per_fbp,,12
h96_skew8,cold,k1,device__attribute_num_schedulers_per_multiprocessor,,4
h96_skew8,cold,k1,device__attribute_num_tex_per_multiprocessor,,1
h96_skew8,cold,k1,device__attribute_numa_config,,0
h96_skew8,cold,k1,device__attribute_pageable_memory_access,,1
h96_skew8,cold,k1,device__attribute_pageable_memory_access_uses_host_page_tables,,0
h96_skew8,cold,k1,device__attribute_pci_bus_id,,12
h96_skew8,cold,k1,device__attribute_pci_device_id,,0
h96_skew8,cold,k1,device__attribute_pci_domain_id,,0
h96_skew8,cold,k1,device__attribute_ram_location,,1
h96_skew8,cold,k1,device__attribute_ram_type,,0
h96_skew8,cold,k1,device__attribute_reserved_shared_memory_per_block,,1024
h96_skew8,cold,k1,device__attribute_sass_level,,10
h96_skew8,cold,k1,device__attribute_single_to_double_precision_perf_ratio,,64
h96_skew8,cold,k1,device__attribute_sparse_cuda_array_supported,,1
h96_skew8,cold,k1,device__attribute_stream_priorities_supported,,1
h96_skew8,cold,k1,device__attribute_surface_alignment,,512
h96_skew8,cold,k1,device__attribute_tcc_driver,,0
h96_skew8,cold,k1,device__attribute_tensor_map_access_supported,,1
h96_skew8,cold,k1,device__attribute_texture_alignment,,512
h96_skew8,cold,k1,device__attribute_texture_pitch_alignment,,32
h96_skew8,cold,k1,device__attribute_total_constant_memory,,65536
h96_skew8,cold,k1,device__attribute_total_memory,,287428640768
h96_skew8,cold,k1,device__attribute_unified_addressing,,1
h96_skew8,cold,k1,device__attribute_unified_function_pointers,,1
h96_skew8,cold,k1,device__attribute_virtual_address_management_supported,,1
h96_skew8,cold,k1,device__attribute_warp_size,,32
h96_skew8,cold,k1,dram__bytes_read.avg,byte,9464516
h96_skew8,cold,k1,dram__bytes_read.max,byte,10097920
h96_skew8,cold,k1,dram__bytes_read.min,byte,5046784
h96_skew8,cold,k1,dram__bytes_read.sum,byte,605729024
h96_skew8,cold,k1,dram__bytes_write.avg,byte,9809052
h96_skew8,cold,k1,dram__bytes_write.max,byte,10495488
h96_skew8,cold,k1,dram__bytes_write.min,byte,5092352
h96_skew8,cold,k1,dram__bytes_write.sum,byte,627779328
h96_skew8,cold,k1,dram__throughput.avg.pct_of_peak_sustained_elapsed,%,57.07
h96_skew8,cold,k1,dram__throughput.max.pct_of_peak_sustained_elapsed,%,57.17
h96_skew8,cold,k1,dram__throughput.min.pct_of_peak_sustained_elapsed,%,56.30
h96_skew8,cold,k1,dram__throughput.sum.pct_of_peak_sustained_elapsed,%,57.07
h96_skew8,cold,k1,gpc__cycles_elapsed.avg.per_second,hz,1900052532.94
h96_skew8,cold,k1,gpc__cycles_elapsed.max.per_second,hz,1906306792.37
h96_skew8,cold,k1,gpc__cycles_elapsed.min.per_second,hz,1892186790.10
h96_skew8,cold,k1,gpc__cycles_elapsed.sum.per_second,hz,15200420263.52
h96_skew8,cold,k1,gpu__time_duration.avg,ns,281728
h96_skew8,cold,k1,gpu__time_duration.max,ns,281728
h96_skew8,cold,k1,gpu__time_duration.min,ns,281728
h96_skew8,cold,k1,gpu__time_duration.sum,ns,281728
h96_skew8,cold,k1,gr__workids_granted.avg,,0
h96_skew8,cold,k1,gr__workids_granted.max,,0
h96_skew8,cold,k1,gr__workids_granted.min,,0
h96_skew8,cold,k1,gr__workids_granted.sum,,0
h96_skew8,cold,k1,gr__workids_granted_as_ctas.avg,block,0
h96_skew8,cold,k1,gr__workids_granted_as_ctas.max,block,0
h96_skew8,cold,k1,gr__workids_granted_as_ctas.min,block,0
h96_skew8,cold,k1,gr__workids_granted_as_ctas.sum,block,0
h96_skew8,cold,k1,gr__workids_requested.avg,,0
h96_skew8,cold,k1,gr__workids_requested.max,,0
h96_skew8,cold,k1,gr__workids_requested.min,,0
h96_skew8,cold,k1,gr__workids_requested.sum,,0
h96_skew8,cold,k1,l1tex__data_bank_conflicts_pipe_lsu_mem_shared_op_ld.avg,,30072.52
h96_skew8,cold,k1,l1tex__data_bank_conflicts_pipe_lsu_mem_shared_op_ld.max,,35179
h96_skew8,cold,k1,l1tex__data_bank_conflicts_pipe_lsu_mem_shared_op_ld.min,,26574
h96_skew8,cold,k1,l1tex__data_bank_conflicts_pipe_lsu_mem_shared_op_ld.sum,,4450733
h96_skew8,cold,k1,l1tex__data_bank_conflicts_pipe_lsu_mem_shared_op_st.avg,,10706.57
h96_skew8,cold,k1,l1tex__data_bank_conflicts_pipe_lsu_mem_shared_op_st.max,,12379
h96_skew8,cold,k1,l1tex__data_bank_conflicts_pipe_lsu_mem_shared_op_st.min,,9266
h96_skew8,cold,k1,l1tex__data_bank_conflicts_pipe_lsu_mem_shared_op_st.sum,,1584573
h96_skew8,cold,k1,l1tex__throughput.avg.pct_of_peak_sustained_elapsed,%,68.26
h96_skew8,cold,k1,l1tex__throughput.max.pct_of_peak_sustained_elapsed,%,71.09
h96_skew8,cold,k1,l1tex__throughput.min.pct_of_peak_sustained_elapsed,%,65.75
h96_skew8,cold,k1,l1tex__throughput.sum.pct_of_peak_sustained_elapsed,%,68.26
h96_skew8,cold,k1,launch__barrier_count,,1
h96_skew8,cold,k1,launch__block_dim_x,block,256
h96_skew8,cold,k1,launch__block_dim_y,block,1
h96_skew8,cold,k1,launch__block_dim_z,block,1
h96_skew8,cold,k1,launch__block_size,,256
h96_skew8,cold,k1,launch__cluster_dim_x,,0
h96_skew8,cold,k1,launch__cluster_dim_y,,0
h96_skew8,cold,k1,launch__cluster_dim_z,,0
h96_skew8,cold,k1,launch__cluster_max_active,cluster,0
h96_skew8,cold,k1,launch__cluster_max_potential_size,block,8
h96_skew8,cold,k1,launch__cluster_scheduling_policy,,PolicySpread
h96_skew8,cold,k1,launch__cluster_size,,0
h96_skew8,cold,k1,launch__context_id,,1
h96_skew8,cold,k1,launch__device_id,,0
h96_skew8,cold,k1,launch__func_cache_config,,CachePreferNone
h96_skew8,cold,k1,launch__function_pcs,,1
h96_skew8,cold,k1,launch__grid_dim_x,,520
h96_skew8,cold,k1,launch__grid_dim_y,,96
h96_skew8,cold,k1,launch__grid_dim_z,,1
h96_skew8,cold,k1,launch__grid_size,,49920
h96_skew8,cold,k1,launch__occupancy_cluster_gpu_pct,%,0
h96_skew8,cold,k1,launch__occupancy_cluster_pct,%,0
h96_skew8,cold,k1,launch__occupancy_limit_barriers,block,32
h96_skew8,cold,k1,launch__occupancy_limit_blocks,block,32
h96_skew8,cold,k1,launch__occupancy_limit_registers,block,8
h96_skew8,cold,k1,launch__occupancy_limit_shared_mem,block,9
h96_skew8,cold,k1,launch__occupancy_limit_warps,block,8
h96_skew8,cold,k1,launch__occupancy_per_barrier_count,,1440
h96_skew8,cold,k1,launch__occupancy_per_block_size,,3339
h96_skew8,cold,k1,launch__occupancy_per_cluster_size,,0
h96_skew8,cold,k1,launch__occupancy_per_register_count,,5504
h96_skew8,cold,k1,launch__occupancy_per_shared_mem_size,,9072
h96_skew8,cold,k1,launch__persisting_l2_cache_size,byte,24870912
h96_skew8,cold,k1,launch__preferred_cluster_dim_x,,0
h96_skew8,cold,k1,launch__preferred_cluster_dim_y,,0
h96_skew8,cold,k1,launch__preferred_cluster_dim_z,,0
h96_skew8,cold,k1,launch__preferred_cluster_size,,0
h96_skew8,cold,k1,launch__registers_per_thread,register/thread,32
h96_skew8,cold,k1,launch__registers_per_thread_allocated,register/thread,32
h96_skew8,cold,k1,launch__shared_mem_config_size,byte,200704
h96_skew8,cold,k1,launch__shared_mem_per_block,byte/block,22272
h96_skew8,cold,k1,launch__shared_mem_per_block_allocated,byte/block,22272
h96_skew8,cold,k1,launch__shared_mem_per_block_driver,byte/block,1024
h96_skew8,cold,k1,launch__shared_mem_per_block_dynamic,byte/block,21248
h96_skew8,cold,k1,launch__shared_mem_per_block_static,byte/block,0
h96_skew8,cold,k1,launch__sm_count,SM,148
h96_skew8,cold,k1,launch__stack_size,,1024
h96_skew8,cold,k1,launch__stream_id,,7
h96_skew8,cold,k1,launch__thread_count,thread,12779520
h96_skew8,cold,k1,launch__tpc_count,,74
h96_skew8,cold,k1,launch__tpc_enabled,,all
h96_skew8,cold,k1,launch__uses_cdp,,0
h96_skew8,cold,k1,launch__uses_green_context,,0
h96_skew8,cold,k1,launch__uses_mps,,0
h96_skew8,cold,k1,launch__uses_nvlink_centric_scheduling,,0
h96_skew8,cold,k1,launch__uses_vgpu,,0
h96_skew8,cold,k1,launch__waves_per_multiprocessor,,42.16
h96_skew8,cold,k1,lts__t_sector_hit_rate.pct,%,44.89
h96_skew8,cold,k1,lts__t_sectors.avg,sector,498248.11
h96_skew8,cold,k1,lts__t_sectors.max,sector,521959
h96_skew8,cold,k1,lts__t_sectors.min,sector,249419
h96_skew8,cold,k1,lts__t_sectors.sum,sector,91677652
h96_skew8,cold,k1,lts__throughput.avg.pct_of_peak_sustained_elapsed,%,70.16
h96_skew8,cold,k1,lts__throughput.max.pct_of_peak_sustained_elapsed,%,77.79
h96_skew8,cold,k1,lts__throughput.min.pct_of_peak_sustained_elapsed,%,35.21
h96_skew8,cold,k1,lts__throughput.sum.pct_of_peak_sustained_elapsed,%,70.16
h96_skew8,cold,k1,numa__cpu_affinity,,1
h96_skew8,cold,k1,numa__dev_display_name_all,,1
h96_skew8,cold,k1,numa__id_cpu,,1
h96_skew8,cold,k1,numa__id_memory,,1
h96_skew8,cold,k1,nvlink__bandwidth,,0
h96_skew8,cold,k1,nvlink__count_logical,,0
h96_skew8,cold,k1,nvlink__count_physical,,0
h96_skew8,cold,k1,nvlink__destination_ports,,0
h96_skew8,cold,k1,nvlink__dev0Id,,0
h96_skew8,cold,k1,nvlink__dev0type,,0
h96_skew8,cold,k1,nvlink__dev1Id,,0
h96_skew8,cold,k1,nvlink__dev1type,,0
h96_skew8,cold,k1,nvlink__dev_display_name_all,,1
h96_skew8,cold,k1,nvlink__enabled_mask,,262143
h96_skew8,cold,k1,nvlink__is_direct_link,,0
h96_skew8,cold,k1,nvlink__is_nvswitch_connected,,0
h96_skew8,cold,k1,nvlink__max_count,,18
h96_skew8,cold,k1,nvlink__peer_access,,0
h96_skew8,cold,k1,nvlink__peer_atomic,,0
h96_skew8,cold,k1,nvlink__source_ports,,0
h96_skew8,cold,k1,nvlink__system_access,,0
h96_skew8,cold,k1,nvlink__system_atomic,,0
h96_skew8,cold,k1,profiler__perfworks_session_reuse,,0
h96_skew8,cold,k1,profiler__replayer_bytes_mem_accessible.avg,byte,2133251051
h96_skew8,cold,k1,profiler__replayer_bytes_mem_accessible.max,byte,2133251051
h96_skew8,cold,k1,profiler__replayer_bytes_mem_accessible.min,byte,2133251051
h96_skew8,cold,k1,profiler__replayer_bytes_mem_accessible.sum,byte,31998765765
h96_skew8,cold,k1,profiler__replayer_bytes_mem_backed_up.avg,byte,2133251051
h96_skew8,cold,k1,profiler__replayer_bytes_mem_backed_up.max,byte,2133251051
h96_skew8,cold,k1,profiler__replayer_bytes_mem_backed_up.min,byte,2133251051
h96_skew8,cold,k1,profiler__replayer_bytes_mem_backed_up.sum,byte,31998765765
h96_skew8,cold,k1,profiler__replayer_passes,pass,15
h96_skew8,cold,k1,profiler__replayer_passes_type_warmup,pass,0
h96_skew8,cold,k1,sm__cycles_active.avg,cycle,526501.82
h96_skew8,cold,k1,sm__cycles_active.avg.pct_of_peak_sustained_elapsed,%,98.37
h96_skew8,cold,k1,sm__cycles_active.max,cycle,529782
h96_skew8,cold,k1,sm__cycles_active.max.pct_of_peak_sustained_elapsed,%,98.98
h96_skew8,cold,k1,sm__cycles_active.min,cycle,523518
h96_skew8,cold,k1,sm__cycles_active.min.pct_of_peak_sustained_elapsed,%,97.81
h96_skew8,cold,k1,sm__cycles_active.sum,cycle,77922270
h96_skew8,cold,k1,sm__cycles_active.sum.pct_of_peak_sustained_elapsed,%,98.37
h96_skew8,cold,k1,sm__inst_executed_pipe_adu.avg.pct_of_peak_sustained_elapsed,%,21.41
h96_skew8,cold,k1,sm__inst_executed_pipe_adu.max.pct_of_peak_sustained_elapsed,%,22.11
h96_skew8,cold,k1,sm__inst_executed_pipe_adu.min.pct_of_peak_sustained_elapsed,%,20.75
h96_skew8,cold,k1,sm__inst_executed_pipe_adu.sum.pct_of_peak_sustained_elapsed,%,21.41
h96_skew8,cold,k1,sm__inst_executed_pipe_alu.avg.pct_of_peak_sustained_elapsed,%,40.93
h96_skew8,cold,k1,sm__inst_executed_pipe_alu.max.pct_of_peak_sustained_elapsed,%,42.11
h96_skew8,cold,k1,sm__inst_executed_pipe_alu.min.pct_of_peak_sustained_elapsed,%,39.70
h96_skew8,cold,k1,sm__inst_executed_pipe_alu.sum.pct_of_peak_sustained_elapsed,%,40.93
h96_skew8,cold,k1,sm__inst_executed_pipe_fma.avg.pct_of_peak_sustained_elapsed,%,19.58
h96_skew8,cold,k1,sm__inst_executed_pipe_fma.max.pct_of_peak_sustained_elapsed,%,20.16
h96_skew8,cold,k1,sm__inst_executed_pipe_fma.min.pct_of_peak_sustained_elapsed,%,19.03
h96_skew8,cold,k1,sm__inst_executed_pipe_fma.sum.pct_of_peak_sustained_elapsed,%,19.58
h96_skew8,cold,k1,sm__inst_executed_pipe_lsu.avg.pct_of_peak_sustained_elapsed,%,42.24
h96_skew8,cold,k1,sm__inst_executed_pipe_lsu.max.pct_of_peak_sustained_elapsed,%,43.49
h96_skew8,cold,k1,sm__inst_executed_pipe_lsu.min.pct_of_peak_sustained_elapsed,%,41.05
h96_skew8,cold,k1,sm__inst_executed_pipe_lsu.sum.pct_of_peak_sustained_elapsed,%,42.24
h96_skew8,cold,k1,sm__inst_executed_pipe_xu.avg.pct_of_peak_sustained_elapsed,%,14.27
h96_skew8,cold,k1,sm__inst_executed_pipe_xu.max.pct_of_peak_sustained_elapsed,%,14.70
h96_skew8,cold,k1,sm__inst_executed_pipe_xu.min.pct_of_peak_sustained_elapsed,%,13.92
h96_skew8,cold,k1,sm__inst_executed_pipe_xu.sum.pct_of_peak_sustained_elapsed,%,14.27
h96_skew8,cold,k1,sm__issue_active.avg.pct_of_peak_sustained_elapsed,%,69.52
h96_skew8,cold,k1,sm__issue_active.max.pct_of_peak_sustained_elapsed,%,71.58
h96_skew8,cold,k1,sm__issue_active.min.pct_of_peak_sustained_elapsed,%,67.80
h96_skew8,cold,k1,sm__issue_active.sum.pct_of_peak_sustained_elapsed,%,69.52
h96_skew8,cold,k1,sm__maximum_warps_avg_per_active_cycle,warp,64
h96_skew8,cold,k1,sm__maximum_warps_per_active_cycle_pct,%,100
h96_skew8,cold,k1,sm__ops_path_tensor_op_hmma_src_bf16_dst_fp32.avg,,43530073.95
h96_skew8,cold,k1,sm__ops_path_tensor_op_hmma_src_bf16_dst_fp32.max,,44826624
h96_skew8,cold,k1,sm__ops_path_tensor_op_hmma_src_bf16_dst_fp32.min,,42467328
h96_skew8,cold,k1,sm__ops_path_tensor_op_hmma_src_bf16_dst_fp32.sum,,6442450944
h96_skew8,cold,k1,sm__ops_path_tensor_op_hmma_src_fp16_dst_fp16.avg,,16323777.73
h96_skew8,cold,k1,sm__ops_path_tensor_op_hmma_src_fp16_dst_fp16.max,,16859136
h96_skew8,cold,k1,sm__ops_path_tensor_op_hmma_src_fp16_dst_fp16.min,,15876096
h96_skew8,cold,k1,sm__ops_path_tensor_op_hmma_src_fp16_dst_fp16.sum,,2415919104
h96_skew8,cold,k1,sm__pipe_tensor_cycles_active.avg.pct_of_peak_sustained_active,%,5.55
h96_skew8,cold,k1,sm__pipe_tensor_cycles_active.avg.pct_of_peak_sustained_elapsed,%,5.46
h96_skew8,cold,k1,sm__pipe_tensor_cycles_active.max.pct_of_peak_sustained_active,%,5.70
h96_skew8,cold,k1,sm__pipe_tensor_cycles_active.max.pct_of_peak_sustained_elapsed,%,5.61
h96_skew8,cold,k1,sm__pipe_tensor_cycles_active.min.pct_of_peak_sustained_active,%,5.38
h96_skew8,cold,k1,sm__pipe_tensor_cycles_active.min.pct_of_peak_sustained_elapsed,%,5.29
h96_skew8,cold,k1,sm__pipe_tensor_cycles_active.sum.pct_of_peak_sustained_active,%,5.55
h96_skew8,cold,k1,sm__pipe_tensor_cycles_active.sum.pct_of_peak_sustained_elapsed,%,5.46
h96_skew8,cold,k1,sm__throughput.avg.pct_of_peak_sustained_elapsed,%,69.52
h96_skew8,cold,k1,sm__throughput.max.pct_of_peak_sustained_elapsed,%,71.58
h96_skew8,cold,k1,sm__throughput.min.pct_of_peak_sustained_elapsed,%,67.80
h96_skew8,cold,k1,sm__throughput.sum.pct_of_peak_sustained_elapsed,%,69.52
h96_skew8,cold,k1,sm__warps_active.avg.pct_of_peak_sustained_active,%,96.62
h96_skew8,cold,k1,sm__warps_active.avg.per_cycle_active,warp,61.83
h96_skew8,cold,k1,sm__warps_active.max.pct_of_peak_sustained_active,%,97.89
h96_skew8,cold,k1,sm__warps_active.max.per_cycle_active,warp,62.65
h96_skew8,cold,k1,sm__warps_active.min.pct_of_peak_sustained_active,%,95.61
h96_skew8,cold,k1,sm__warps_active.min.per_cycle_active,warp,61.19
h96_skew8,cold,k1,sm__warps_active.sum.pct_of_peak_sustained_active,%,96.62
h96_skew8,cold,k1,sm__warps_active.sum.per_cycle_active,warp,9151.42
h96_skew8,cold,k1,smsp__issue_active.avg.pct_of_peak_sustained_active,%,70.66
h96_skew8,cold,k1,smsp__issue_active.max.pct_of_peak_sustained_active,%,72.79
h96_skew8,cold,k1,smsp__issue_active.min.pct_of_peak_sustained_active,%,68.76
h96_skew8,cold,k1,smsp__issue_active.sum.pct_of_peak_sustained_active,%,70.66
h96_skew8,cold,k1,smsp__maximum_warps_avg_per_active_cycle,warp,16
h96_skew8,cold,k1,smsp__warp_issue_stalled_barrier_per_warp_active.pct,%,38.59
h96_skew8,cold,k1,smsp__warp_issue_stalled_long_scoreboard_per_warp_active.pct,%,19.61
h96_skew8,cold,k1,smsp__warp_issue_stalled_math_pipe_throttle_per_warp_active.pct,%,2.63
h96_skew8,cold,k1,smsp__warp_issue_stalled_membar_per_warp_active.pct,%,0
h96_skew8,cold,k1,smsp__warp_issue_stalled_mio_throttle_per_warp_active.pct,%,2.64
h96_skew8,cold,k1,smsp__warp_issue_stalled_not_selected_per_warp_active.pct,%,11.00
h96_skew8,cold,k1,smsp__warp_issue_stalled_short_scoreboard_per_warp_active.pct,%,9.87
h96_skew8,cold,k1,smsp__warp_issue_stalled_wait_per_warp_active.pct,%,7.97
h96_skew8,cold,k1,smsp__warps_active.avg.peak_sustained,warp,16
h96_skew8,cold,k1,smsp__warps_active.max.peak_sustained,warp,16
h96_skew8,cold,k1,smsp__warps_active.min.peak_sustained,warp,16
h96_skew8,cold,k1,smsp__warps_active.sum.peak_sustained,warp,9472
h96_skew8,cold,k1,smsp__warps_eligible.avg.per_cycle_active,warp,2.41
h96_skew8,cold,k1,smsp__warps_eligible.max.per_cycle_active,warp,2.61
h96_skew8,cold,k1,smsp__warps_eligible.min.per_cycle_active,warp,2.20
h96_skew8,cold,k1,smsp__warps_eligible.sum.per_cycle_active,warp,1425.15
h96_skew8,cold,k2,c2clink__enabled_mask,,0
h96_skew8,cold,k2,c2clink__present,,0
h96_skew8,cold,k2,derived__pct_occupancy_per_barrier_count,,882
h96_skew8,cold,k2,derived__pct_occupancy_per_block_size,%,1163
h96_skew8,cold,k2,derived__pct_occupancy_per_register_count,%/register,3834
h96_skew8,cold,k2,derived__pct_occupancy_per_shared_mem_size,%/byte,8069
h96_skew8,cold,k2,device__attribute_architecture,,416
h96_skew8,cold,k2,device__attribute_async_engine_count,,4
h96_skew8,cold,k2,device__attribute_can_flush_remote_writes,,0
h96_skew8,cold,k2,device__attribute_can_map_host_memory,,1
h96_skew8,cold,k2,device__attribute_can_tex2d_gather,,1
h96_skew8,cold,k2,device__attribute_can_use_64_bit_stream_mem_ops,,1
h96_skew8,cold,k2,device__attribute_can_use_64_bit_stream_mem_ops_v1,,0
h96_skew8,cold,k2,device__attribute_can_use_host_pointer_for_registered_mem,,1
h96_skew8,cold,k2,device__attribute_can_use_stream_mem_ops_v1,,0
h96_skew8,cold,k2,device__attribute_can_use_stream_wait_value_nor,,1
h96_skew8,cold,k2,device__attribute_can_use_stream_wait_value_nor_v1,,0
h96_skew8,cold,k2,device__attribute_chip,,419
h96_skew8,cold,k2,device__attribute_clock_rate,,2032000
h96_skew8,cold,k2,device__attribute_cluster_launch,,1
h96_skew8,cold,k2,device__attribute_compute_capability_major,,10
h96_skew8,cold,k2,device__attribute_compute_capability_minor,,3
h96_skew8,cold,k2,device__attribute_compute_mode,,0
h96_skew8,cold,k2,device__attribute_compute_preemption_supported,,1
h96_skew8,cold,k2,device__attribute_concurrent_kernels,,1
h96_skew8,cold,k2,device__attribute_concurrent_managed_access,,1
h96_skew8,cold,k2,device__attribute_confidential_computing_mode,,No-CC
h96_skew8,cold,k2,device__attribute_cooperative_launch,,1
h96_skew8,cold,k2,device__attribute_cooperative_multi_device_launch,,1
h96_skew8,cold,k2,device__attribute_deferred_mapping_cuda_array_supported,,1
h96_skew8,cold,k2,device__attribute_device_index,,0
h96_skew8,cold,k2,device__attribute_direct_managed_mem_access_from_host,,0
h96_skew8,cold,k2,device__attribute_display_name,,NVIDIA B300 SXM6 AC
h96_skew8,cold,k2,device__attribute_dma_buf_supported,,1
h96_skew8,cold,k2,device__attribute_ecc_enabled,,1
h96_skew8,cold,k2,device__attribute_fb_bus_width,,7680
h96_skew8,cold,k2,device__attribute_fbp_count,,16
h96_skew8,cold,k2,device__attribute_generic_compression_supported,,1
h96_skew8,cold,k2,device__attribute_global_l1_cache_supported,,1
h96_skew8,cold,k2,device__attribute_global_memory_bus_width,,7680
h96_skew8,cold,k2,device__attribute_gpu_direct_rdma_flush_writes_options,,1
h96_skew8,cold,k2,device__attribute_gpu_direct_rdma_supported,,1
h96_skew8,cold,k2,device__attribute_gpu_direct_rdma_with_cuda_vmm_supported,,1
h96_skew8,cold,k2,device__attribute_gpu_direct_rdma_writes_ordering,,100
h96_skew8,cold,k2,device__attribute_gpu_overlap,,1
h96_skew8,cold,k2,device__attribute_gpu_pci_device_id,,830607582
h96_skew8,cold,k2,device__attribute_gpu_pci_ext_device_id,,12674
h96_skew8,cold,k2,device__attribute_gpu_pci_ext_downstream_link_rate,,16000
h96_skew8,cold,k2,device__attribute_gpu_pci_ext_downstream_link_width,,32
h96_skew8,cold,k2,device__attribute_gpu_pci_ext_gen,,5
h96_skew8,cold,k2,device__attribute_gpu_pci_ext_gpu_gen,,5
h96_skew8,cold,k2,device__attribute_gpu_pci_ext_gpu_link_rate,,64000
h96_skew8,cold,k2,device__attribute_gpu_pci_ext_gpu_link_width,,16
h96_skew8,cold,k2,device__attribute_gpu_pci_revision_id,,161
h96_skew8,cold,k2,device__attribute_gpu_pci_sub_system_id,,551948510
h96_skew8,cold,k2,device__attribute_handle_type_fabric_supported,,1
h96_skew8,cold,k2,device__attribute_handle_type_posix_file_descriptor_supported,,1
h96_skew8,cold,k2,device__attribute_handle_type_win32_handle_supported,,0
h96_skew8,cold,k2,device__attribute_handle_type_win32_kmt_handle_supported,,0
h96_skew8,cold,k2,device__attribute_host_native_atomic_supported,,0
h96_skew8,cold,k2,device__attribute_host_numa_id,,0
h96_skew8,cold,k2,device__attribute_host_register_supported,,1
h96_skew8,cold,k2,device__attribute_implementation,,419
h96_skew8,cold,k2,device__attribute_integrated,,0
h96_skew8,cold,k2,device__attribute_ipc_event_supported,,1
h96_skew8,cold,k2,device__attribute_kernel_exec_timeout,,0
h96_skew8,cold,k2,device__attribute_l2_cache_size,,132644864
h96_skew8,cold,k2,device__attribute_l2s_count,,192
h96_skew8,cold,k2,device__attribute_limits_max_cta_per_sm,,32
h96_skew8,cold,k2,device__attribute_limits_num_tpcs,,74
h96_skew8,cold,k2,device__attribute_local_l1_cache_supported,,1
h96_skew8,cold,k2,device__attribute_managed_memory,,1
h96_skew8,cold,k2,device__attribute_max_access_policy_window_size,,134217728
h96_skew8,cold,k2,device__attribute_max_block_dim_x,,1024
h96_skew8,cold,k2,device__attribute_max_block_dim_y,,1024
h96_skew8,cold,k2,device__attribute_max_block_dim_z,,64
h96_skew8,cold,k2,device__attribute_max_blocks_per_multiprocessor,,32
h96_skew8,cold,k2,device__attribute_max_gpu_frequency_khz,,2032000
h96_skew8,cold,k2,device__attribute_max_grid_dim_x,,2147483647
h96_skew8,cold,k2,device__attribute_max_grid_dim_y,,65535
h96_skew8,cold,k2,device__attribute_max_grid_dim_z,,65535
h96_skew8,cold,k2,device__attribute_max_ipc_per_multiprocessor,,4
h96_skew8,cold,k2,device__attribute_max_ipc_per_scheduler,,1
h96_skew8,cold,k2,device__attribute_max_mem_frequency_khz,,3996000
h96_skew8,cold,k2,device__attribute_max_persisting_l2_cache_size,,82903040
h96_skew8,cold,k2,device__attribute_max_pitch,,2147483647
h96_skew8,cold,k2,device__attribute_max_registers_per_block,,65536
h96_skew8,cold,k2,device__attribute_max_registers_per_multiprocessor,,65536
h96_skew8,cold,k2,device__attribute_max_registers_per_thread,,255
h96_skew8,cold,k2,device__attribute_max_shared_memory_per_block,,49152
h96_skew8,cold,k2,device__attribute_max_shared_memory_per_block_optin,,232448
h96_skew8,cold,k2,device__attribute_max_shared_memory_per_multiprocessor,,233472
h96_skew8,cold,k2,device__attribute_max_threads_per_block,,1024
h96_skew8,cold,k2,device__attribute_max_threads_per_multiprocessor,,2048
h96_skew8,cold,k2,device__attribute_max_warps_per_multiprocessor,,64
h96_skew8,cold,k2,device__attribute_max_warps_per_scheduler,,16
h96_skew8,cold,k2,device__attribute_maximum_surface1d_layered_layers,,2048
h96_skew8,cold,k2,device__attribute_maximum_surface1d_layered_width,,32768
h96_skew8,cold,k2,device__attribute_maximum_surface1d_width,,32768
h96_skew8,cold,k2,device__attribute_maximum_surface2d_height,,65536
h96_skew8,cold,k2,device__attribute_maximum_surface2d_layered_height,,32768
h96_skew8,cold,k2,device__attribute_maximum_surface2d_layered_layers,,2048
h96_skew8,cold,k2,device__attribute_maximum_surface2d_layered_width,,32768
h96_skew8,cold,k2,device__attribute_maximum_surface2d_width,,131072
h96_skew8,cold,k2,device__attribute_maximum_surface3d_depth,,16384
h96_skew8,cold,k2,device__attribute_maximum_surface3d_height,,16384
h96_skew8,cold,k2,device__attribute_maximum_surface3d_width,,16384
h96_skew8,cold,k2,device__attribute_maximum_surfacecubemap_layered_layers,,2046
h96_skew8,cold,k2,device__attribute_maximum_surfacecubemap_layered_width,,32768
h96_skew8,cold,k2,device__attribute_maximum_surfacecubemap_width,,32768
h96_skew8,cold,k2,device__attribute_maximum_texture1d_layered_layers,,2048
h96_skew8,cold,k2,device__attribute_maximum_texture1d_layered_width,,32768
h96_skew8,cold,k2,device__attribute_maximum_texture1d_linear_width,,268435456
h96_skew8,cold,k2,device__attribute_maximum_texture1d_mipmapped_width,,32768
h96_skew8,cold,k2,device__attribute_maximum_texture1d_width,,131072
h96_skew8,cold,k2,device__attribute_maximum_texture2d_gather_height,,32768
h96_skew8,cold,k2,device__attribute_maximum_texture2d_gather_width,,32768
h96_skew8,cold,k2,device__attribute_maximum_texture2d_height,,65536
h96_skew8,cold,k2,device__attribute_maximum_texture2d_layered_height,,32768
h96_skew8,cold,k2,device__attribute_maximum_texture2d_layered_layers,,2048
h96_skew8,cold,k2,device__attribute_maximum_texture2d_layered_width,,32768
h96_skew8,cold,k2,device__attribute_maximum_texture2d_linear_height,,65000
h96_skew8,cold,k2,device__attribute_maximum_texture2d_linear_pitch,,2097120
h96_skew8,cold,k2,device__attribute_maximum_texture2d_linear_width,,131072
h96_skew8,cold,k2,device__attribute_maximum_texture2d_mipmapped_height,,32768
h96_skew8,cold,k2,device__attribute_maximum_texture2d_mipmapped_width,,32768
h96_skew8,cold,k2,device__attribute_maximum_texture2d_width,,131072
h96_skew8,cold,k2,device__attribute_maximum_texture3d_depth,,16384
h96_skew8,cold,k2,device__attribute_maximum_texture3d_depth_alternate,,32768
h96_skew8,cold,k2,device__attribute_maximum_texture3d_height,,16384
h96_skew8,cold,k2,device__attribute_maximum_texture3d_height_alternate,,8192
h96_skew8,cold,k2,device__attribute_maximum_texture3d_width,,16384
h96_skew8,cold,k2,device__attribute_maximum_texture3d_width_alternate,,8192
h96_skew8,cold,k2,device__attribute_maximum_texturecubemap_layered_layers,,2046
h96_skew8,cold,k2,device__attribute_maximum_texturecubemap_layered_width,,32768
h96_skew8,cold,k2,device__attribute_maximum_texturecubemap_width,,32768
h96_skew8,cold,k2,device__attribute_mem_sync_domain_count,,4
h96_skew8,cold,k2,device__attribute_memory_clock_rate,,3996000
h96_skew8,cold,k2,device__attribute_memory_pools_supported,,1
h96_skew8,cold,k2,device__attribute_mempool_supported_handle_types,,9
h96_skew8,cold,k2,device__attribute_mps_enabled,,0
h96_skew8,cold,k2,device__attribute_multi_gpu_board,,0
h96_skew8,cold,k2,device__attribute_multi_gpu_board_group_id,,0
h96_skew8,cold,k2,device__attribute_multicast_supported,,1
h96_skew8,cold,k2,device__attribute_multiprocessor_count,,148
h96_skew8,cold,k2,device__attribute_num_l2s_per_fbp,,12
h96_skew8,cold,k2,device__attribute_num_schedulers_per_multiprocessor,,4
h96_skew8,cold,k2,device__attribute_num_tex_per_multiprocessor,,1
h96_skew8,cold,k2,device__attribute_numa_config,,0
h96_skew8,cold,k2,device__attribute_pageable_memory_access,,1
h96_skew8,cold,k2,device__attribute_pageable_memory_access_uses_host_page_tables,,0
h96_skew8,cold,k2,device__attribute_pci_bus_id,,12
h96_skew8,cold,k2,device__attribute_pci_device_id,,0
h96_skew8,cold,k2,device__attribute_pci_domain_id,,0
h96_skew8,cold,k2,device__attribute_ram_location,,1
h96_skew8,cold,k2,device__attribute_ram_type,,0
h96_skew8,cold,k2,device__attribute_reserved_shared_memory_per_block,,1024
h96_skew8,cold,k2,device__attribute_sass_level,,10
h96_skew8,cold,k2,device__attribute_single_to_double_precision_perf_ratio,,64
h96_skew8,cold,k2,device__attribute_sparse_cuda_array_supported,,1
h96_skew8,cold,k2,device__attribute_stream_priorities_supported,,1
h96_skew8,cold,k2,device__attribute_surface_alignment,,512
h96_skew8,cold,k2,device__attribute_tcc_driver,,0
h96_skew8,cold,k2,device__attribute_tensor_map_access_supported,,1
h96_skew8,cold,k2,device__attribute_texture_alignment,,512
h96_skew8,cold,k2,device__attribute_texture_pitch_alignment,,32
h96_skew8,cold,k2,device__attribute_total_constant_memory,,65536
h96_skew8,cold,k2,device__attribute_total_memory,,287428640768
h96_skew8,cold,k2,device__attribute_unified_addressing,,1
h96_skew8,cold,k2,device__attribute_unified_function_pointers,,1
h96_skew8,cold,k2,device__attribute_virtual_address_management_supported,,1
h96_skew8,cold,k2,device__attribute_warp_size,,32
h96_skew8,cold,k2,dram__bytes_read.avg,byte,14183072
h96_skew8,cold,k2,dram__bytes_read.max,byte,15137792
h96_skew8,cold,k2,dram__bytes_read.min,byte,7565056
h96_skew8,cold,k2,dram__bytes_read.sum,byte,907716608
h96_skew8,cold,k2,dram__bytes_write.avg,byte,3265528
h96_skew8,cold,k2,dram__bytes_write.max,byte,3523840
h96_skew8,cold,k2,dram__bytes_write.min,byte,1675520
h96_skew8,cold,k2,dram__bytes_write.sum,byte,208993792
h96_skew8,cold,k2,dram__throughput.avg.pct_of_peak_sustained_elapsed,%,20.25
h96_skew8,cold,k2,dram__throughput.max.pct_of_peak_sustained_elapsed,%,20.31
h96_skew8,cold,k2,dram__throughput.min.pct_of_peak_sustained_elapsed,%,20.11
h96_skew8,cold,k2,dram__throughput.sum.pct_of_peak_sustained_elapsed,%,20.25
h96_skew8,cold,k2,gpc__cycles_elapsed.avg.per_second,hz,1905976597.28
h96_skew8,cold,k2,gpc__cycles_elapsed.max.per_second,hz,1915432991.99
h96_skew8,cold,k2,gpc__cycles_elapsed.min.per_second,hz,1899627114.87
h96_skew8,cold,k2,gpc__cycles_elapsed.sum.per_second,hz,15247812778.27
h96_skew8,cold,k2,gpu__time_duration.avg,ns,718720
h96_skew8,cold,k2,gpu__time_duration.max,ns,718720
h96_skew8,cold,k2,gpu__time_duration.min,ns,718720
h96_skew8,cold,k2,gpu__time_duration.sum,ns,718720
h96_skew8,cold,k2,gr__workids_granted.avg,,0
h96_skew8,cold,k2,gr__workids_granted.max,,0
h96_skew8,cold,k2,gr__workids_granted.min,,0
h96_skew8,cold,k2,gr__workids_granted.sum,,0
h96_skew8,cold,k2,gr__workids_granted_as_ctas.avg,block,0
h96_skew8,cold,k2,gr__workids_granted_as_ctas.max,block,0
h96_skew8,cold,k2,gr__workids_granted_as_ctas.min,block,0
h96_skew8,cold,k2,gr__workids_granted_as_ctas.sum,block,0
h96_skew8,cold,k2,gr__workids_requested.avg,,0
h96_skew8,cold,k2,gr__workids_requested.max,,0
h96_skew8,cold,k2,gr__workids_requested.min,,0
h96_skew8,cold,k2,gr__workids_requested.sum,,0
h96_skew8,cold,k2,l1tex__data_bank_conflicts_pipe_lsu_mem_shared_op_ld.avg,,18071.14
h96_skew8,cold,k2,l1tex__data_bank_conflicts_pipe_lsu_mem_shared_op_ld.max,,38253
h96_skew8,cold,k2,l1tex__data_bank_conflicts_pipe_lsu_mem_shared_op_ld.min,,10801
h96_skew8,cold,k2,l1tex__data_bank_conflicts_pipe_lsu_mem_shared_op_ld.sum,,2674528
h96_skew8,cold,k2,l1tex__data_bank_conflicts_pipe_lsu_mem_shared_op_st.avg,,40117.13
h96_skew8,cold,k2,l1tex__data_bank_conflicts_pipe_lsu_mem_shared_op_st.max,,81495
h96_skew8,cold,k2,l1tex__data_bank_conflicts_pipe_lsu_mem_shared_op_st.min,,21430
h96_skew8,cold,k2,l1tex__data_bank_conflicts_pipe_lsu_mem_shared_op_st.sum,,5937335
h96_skew8,cold,k2,l1tex__throughput.avg.pct_of_peak_sustained_elapsed,%,38.29
h96_skew8,cold,k2,l1tex__throughput.max.pct_of_peak_sustained_elapsed,%,80.92
h96_skew8,cold,k2,l1tex__throughput.min.pct_of_peak_sustained_elapsed,%,22.13
h96_skew8,cold,k2,l1tex__throughput.sum.pct_of_peak_sustained_elapsed,%,38.29
h96_skew8,cold,k2,launch__barrier_count,,9
h96_skew8,cold,k2,launch__block_dim_x,block,192
h96_skew8,cold,k2,launch__block_dim_y,block,1
h96_skew8,cold,k2,launch__block_dim_z,block,1
h96_skew8,cold,k2,launch__block_size,,192
h96_skew8,cold,k2,launch__cluster_dim_x,,0
h96_skew8,cold,k2,launch__cluster_dim_y,,0
h96_skew8,cold,k2,launch__cluster_dim_z,,0
h96_skew8,cold,k2,launch__cluster_max_active,cluster,0
h96_skew8,cold,k2,launch__cluster_max_potential_size,block,8
h96_skew8,cold,k2,launch__cluster_scheduling_policy,,PolicySpread
h96_skew8,cold,k2,launch__cluster_size,,0
h96_skew8,cold,k2,launch__context_id,,1
h96_skew8,cold,k2,launch__device_id,,0
h96_skew8,cold,k2,launch__func_cache_config,,CachePreferNone
h96_skew8,cold,k2,launch__function_pcs,,1
h96_skew8,cold,k2,launch__grid_dim_x,,8
h96_skew8,cold,k2,launch__grid_dim_y,,96
h96_skew8,cold,k2,launch__grid_dim_z,,1
h96_skew8,cold,k2,launch__grid_size,,768
h96_skew8,cold,k2,launch__occupancy_cluster_gpu_pct,%,0
h96_skew8,cold,k2,launch__occupancy_cluster_pct,%,0
h96_skew8,cold,k2,launch__occupancy_limit_barriers,block,7
h96_skew8,cold,k2,launch__occupancy_limit_blocks,block,32
h96_skew8,cold,k2,launch__occupancy_limit_registers,block,4
h96_skew8,cold,k2,launch__occupancy_limit_shared_mem,block,2
h96_skew8,cold,k2,launch__occupancy_limit_warps,block,10
h96_skew8,cold,k2,launch__occupancy_per_barrier_count,,588
h96_skew8,cold,k2,launch__occupancy_per_block_size,,758
h96_skew8,cold,k2,launch__occupancy_per_cluster_size,,0
h96_skew8,cold,k2,launch__occupancy_per_register_count,,2556
h96_skew8,cold,k2,launch__occupancy_per_shared_mem_size,,5292
h96_skew8,cold,k2,launch__persisting_l2_cache_size,byte,24870912
h96_skew8,cold,k2,launch__preferred_cluster_dim_x,,0
h96_skew8,cold,k2,launch__preferred_cluster_dim_y,,0
h96_skew8,cold,k2,launch__preferred_cluster_dim_z,,0
h96_skew8,cold,k2,launch__preferred_cluster_size,,0
h96_skew8,cold,k2,launch__registers_per_thread,register/thread,73
h96_skew8,cold,k2,launch__registers_per_thread_allocated,register/thread,80
h96_skew8,cold,k2,launch__shared_mem_config_size,byte,200704
h96_skew8,cold,k2,launch__shared_mem_per_block,byte/block,99456
h96_skew8,cold,k2,launch__shared_mem_per_block_allocated,byte/block,99456
h96_skew8,cold,k2,launch__shared_mem_per_block_driver,byte/block,1024
h96_skew8,cold,k2,launch__shared_mem_per_block_dynamic,byte/block,98432
h96_skew8,cold,k2,launch__shared_mem_per_block_static,byte/block,0
h96_skew8,cold,k2,launch__sm_count,SM,148
h96_skew8,cold,k2,launch__stack_size,,1024
h96_skew8,cold,k2,launch__stream_id,,7
h96_skew8,cold,k2,launch__thread_count,thread,147456
h96_skew8,cold,k2,launch__tpc_count,,74
h96_skew8,cold,k2,launch__tpc_enabled,,all
h96_skew8,cold,k2,launch__uses_cdp,,0
h96_skew8,cold,k2,launch__uses_green_context,,0
h96_skew8,cold,k2,launch__uses_mps,,0
h96_skew8,cold,k2,launch__uses_nvlink_centric_scheduling,,0
h96_skew8,cold,k2,launch__uses_vgpu,,0
h96_skew8,cold,k2,launch__waves_per_multiprocessor,,2.59
h96_skew8,cold,k2,lts__t_sector_hit_rate.pct,%,52.10
h96_skew8,cold,k2,lts__t_sectors.avg,sector,576371.05
h96_skew8,cold,k2,lts__t_sectors.max,sector,612975
h96_skew8,cold,k2,lts__t_sectors.min,sector,284616
h96_skew8,cold,k2,lts__t_sectors.sum,sector,106052273
h96_skew8,cold,k2,lts__throughput.avg.pct_of_peak_sustained_elapsed,%,29.62
h96_skew8,cold,k2,lts__throughput.max.pct_of_peak_sustained_elapsed,%,31.74
h96_skew8,cold,k2,lts__throughput.min.pct_of_peak_sustained_elapsed,%,14.50
h96_skew8,cold,k2,lts__throughput.sum.pct_of_peak_sustained_elapsed,%,29.62
h96_skew8,cold,k2,numa__cpu_affinity,,1
h96_skew8,cold,k2,numa__dev_display_name_all,,1
h96_skew8,cold,k2,numa__id_cpu,,1
h96_skew8,cold,k2,numa__id_memory,,1
h96_skew8,cold,k2,nvlink__bandwidth,,0
h96_skew8,cold,k2,nvlink__count_logical,,0
h96_skew8,cold,k2,nvlink__count_physical,,0
h96_skew8,cold,k2,nvlink__destination_ports,,0
h96_skew8,cold,k2,nvlink__dev0Id,,0
h96_skew8,cold,k2,nvlink__dev0type,,0
h96_skew8,cold,k2,nvlink__dev1Id,,0
h96_skew8,cold,k2,nvlink__dev1type,,0
h96_skew8,cold,k2,nvlink__dev_display_name_all,,1
h96_skew8,cold,k2,nvlink__enabled_mask,,262143
h96_skew8,cold,k2,nvlink__is_direct_link,,0
h96_skew8,cold,k2,nvlink__is_nvswitch_connected,,0
h96_skew8,cold,k2,nvlink__max_count,,18
h96_skew8,cold,k2,nvlink__peer_access,,0
h96_skew8,cold,k2,nvlink__peer_atomic,,0
h96_skew8,cold,k2,nvlink__source_ports,,0
h96_skew8,cold,k2,nvlink__system_access,,0
h96_skew8,cold,k2,nvlink__system_atomic,,0
h96_skew8,cold,k2,profiler__perfworks_session_reuse,,0
h96_skew8,cold,k2,profiler__replayer_bytes_mem_accessible.avg,byte,2133251051
h96_skew8,cold,k2,profiler__replayer_bytes_mem_accessible.max,byte,2133251051
h96_skew8,cold,k2,profiler__replayer_bytes_mem_accessible.min,byte,2133251051
h96_skew8,cold,k2,profiler__replayer_bytes_mem_accessible.sum,byte,31998765765
h96_skew8,cold,k2,profiler__replayer_bytes_mem_backed_up.avg,byte,2133251051
h96_skew8,cold,k2,profiler__replayer_bytes_mem_backed_up.max,byte,2133251051
h96_skew8,cold,k2,profiler__replayer_bytes_mem_backed_up.min,byte,2133251051
h96_skew8,cold,k2,profiler__replayer_bytes_mem_backed_up.sum,byte,31998765765
h96_skew8,cold,k2,profiler__replayer_passes,pass,15
h96_skew8,cold,k2,profiler__replayer_passes_type_warmup,pass,0
h96_skew8,cold,k2,sm__cycles_active.avg,cycle,734205.32
h96_skew8,cold,k2,sm__cycles_active.avg.pct_of_peak_sustained_elapsed,%,53.46
h96_skew8,cold,k2,sm__cycles_active.max,cycle,1363036
h96_skew8,cold,k2,sm__cycles_active.max.pct_of_peak_sustained_elapsed,%,99.26
h96_skew8,cold,k2,sm__cycles_active.min,cycle,391054
h96_skew8,cold,k2,sm__cycles_active.min.pct_of_peak_sustained_elapsed,%,28.48
h96_skew8,cold,k2,sm__cycles_active.sum,cycle,108662387
h96_skew8,cold,k2,sm__cycles_active.sum.pct_of_peak_sustained_elapsed,%,53.46
h96_skew8,cold,k2,sm__inst_executed_pipe_adu.avg.pct_of_peak_sustained_elapsed,%,2.47
h96_skew8,cold,k2,sm__inst_executed_pipe_adu.max.pct_of_peak_sustained_elapsed,%,5.13
h96_skew8,cold,k2,sm__inst_executed_pipe_adu.min.pct_of_peak_sustained_elapsed,%,1.51
h96_skew8,cold,k2,sm__inst_executed_pipe_adu.sum.pct_of_peak_sustained_elapsed,%,2.47
h96_skew8,cold,k2,sm__inst_executed_pipe_alu.avg.pct_of_peak_sustained_elapsed,%,14.02
h96_skew8,cold,k2,sm__inst_executed_pipe_alu.max.pct_of_peak_sustained_elapsed,%,28.28
h96_skew8,cold,k2,sm__inst_executed_pipe_alu.min.pct_of_peak_sustained_elapsed,%,8.15
h96_skew8,cold,k2,sm__inst_executed_pipe_alu.sum.pct_of_peak_sustained_elapsed,%,14.02
h96_skew8,cold,k2,sm__inst_executed_pipe_fma.avg.pct_of_peak_sustained_elapsed,%,5.93
h96_skew8,cold,k2,sm__inst_executed_pipe_fma.max.pct_of_peak_sustained_elapsed,%,11.99
h96_skew8,cold,k2,sm__inst_executed_pipe_fma.min.pct_of_peak_sustained_elapsed,%,3.43
h96_skew8,cold,k2,sm__inst_executed_pipe_fma.sum.pct_of_peak_sustained_elapsed,%,5.93
h96_skew8,cold,k2,sm__inst_executed_pipe_lsu.avg.pct_of_peak_sustained_elapsed,%,11.16
h96_skew8,cold,k2,sm__inst_executed_pipe_lsu.max.pct_of_peak_sustained_elapsed,%,22.54
h96_skew8,cold,k2,sm__inst_executed_pipe_lsu.min.pct_of_peak_sustained_elapsed,%,6.46
h96_skew8,cold,k2,sm__inst_executed_pipe_lsu.sum.pct_of_peak_sustained_elapsed,%,11.16
h96_skew8,cold,k2,sm__inst_executed_pipe_xu.avg.pct_of_peak_sustained_elapsed,%,0.19
h96_skew8,cold,k2,sm__inst_executed_pipe_xu.max.pct_of_peak_sustained_elapsed,%,0.41
h96_skew8,cold,k2,sm__inst_executed_pipe_xu.min.pct_of_peak_sustained_elapsed,%,0.11
h96_skew8,cold,k2,sm__inst_executed_pipe_xu.sum.pct_of_peak_sustained_elapsed,%,0.19
h96_skew8,cold,k2,sm__issue_active.avg.pct_of_peak_sustained_elapsed,%,21.43
h96_skew8,cold,k2,sm__issue_active.max.pct_of_peak_sustained_elapsed,%,45.41
h96_skew8,cold,k2,sm__issue_active.min.pct_of_peak_sustained_elapsed,%,12.47
h96_skew8,cold,k2,sm__issue_active.sum.pct_of_peak_sustained_elapsed,%,21.43
h96_skew8,cold,k2,sm__maximum_warps_avg_per_active_cycle,warp,12
h96_skew8,cold,k2,sm__maximum_warps_per_active_cycle_pct,%,18.75
h96_skew8,cold,k2,sm__ops_path_tensor_op_hmma_src_bf16_dst_fp32.avg,,565890961.30
h96_skew8,cold,k2,sm__ops_path_tensor_op_hmma_src_bf16_dst_fp32.max,,1199570944
h96_skew8,cold,k2,sm__ops_path_tensor_op_hmma_src_bf16_dst_fp32.min,,327155712
h96_skew8,cold,k2,sm__ops_path_tensor_op_hmma_src_bf16_dst_fp32.sum,,83751862272
h96_skew8,cold,k2,sm__ops_path_tensor_op_hmma_src_fp16_dst_fp16.avg,,0
h96_skew8,cold,k2,sm__ops_path_tensor_op_hmma_src_fp16_dst_fp16.max,,0
h96_skew8,cold,k2,sm__ops_path_tensor_op_hmma_src_fp16_dst_fp16.min,,0
h96_skew8,cold,k2,sm__ops_path_tensor_op_hmma_src_fp16_dst_fp16.sum,,0
h96_skew8,cold,k2,sm__pipe_tensor_cycles_active.avg.pct_of_peak_sustained_active,%,37.63
h96_skew8,cold,k2,sm__pipe_tensor_cycles_active.avg.pct_of_peak_sustained_elapsed,%,20.12
h96_skew8,cold,k2,sm__pipe_tensor_cycles_active.max.pct_of_peak_sustained_active,%,79.78
h96_skew8,cold,k2,sm__pipe_tensor_cycles_active.max.pct_of_peak_sustained_elapsed,%,42.65
h96_skew8,cold,k2,sm__pipe_tensor_cycles_active.min.pct_of_peak_sustained_active,%,21.76
h96_skew8,cold,k2,sm__pipe_tensor_cycles_active.min.pct_of_peak_sustained_elapsed,%,11.63
h96_skew8,cold,k2,sm__pipe_tensor_cycles_active.sum.pct_of_peak_sustained_active,%,37.63
h96_skew8,cold,k2,sm__pipe_tensor_cycles_active.sum.pct_of_peak_sustained_elapsed,%,20.12
h96_skew8,cold,k2,sm__throughput.avg.pct_of_peak_sustained_elapsed,%,21.43
h96_skew8,cold,k2,sm__throughput.max.pct_of_peak_sustained_elapsed,%,45.41
h96_skew8,cold,k2,sm__throughput.min.pct_of_peak_sustained_elapsed,%,12.47
h96_skew8,cold,k2,sm__throughput.sum.pct_of_peak_sustained_elapsed,%,21.43
h96_skew8,cold,k2,sm__warps_active.avg.pct_of_peak_sustained_active,%,15.02
h96_skew8,cold,k2,sm__warps_active.avg.per_cycle_active,warp,9.61
h96_skew8,cold,k2,sm__warps_active.max.pct_of_peak_sustained_active,%,33.88
h96_skew8,cold,k2,sm__warps_active.max.per_cycle_active,warp,21.69
h96_skew8,cold,k2,sm__warps_active.min.pct_of_peak_sustained_active,%,9.72
h96_skew8,cold,k2,sm__warps_active.min.per_cycle_active,warp,6.22
h96_skew8,cold,k2,sm__warps_active.sum.pct_of_peak_sustained_active,%,15.02
h96_skew8,cold,k2,sm__warps_active.sum.per_cycle_active,warp,1422.44
h96_skew8,cold,k2,smsp__issue_active.avg.pct_of_peak_sustained_active,%,40.45
h96_skew8,cold,k2,smsp__issue_active.max.pct_of_peak_sustained_active,%,104.07
h96_skew8,cold,k2,smsp__issue_active.min.pct_of_peak_sustained_active,%,21.57
h96_skew8,cold,k2,smsp__issue_active.sum.pct_of_peak_sustained_active,%,40.45
h96_skew8,cold,k2,smsp__maximum_warps_avg_per_active_cycle,warp,3
h96_skew8,cold,k2,smsp__warp_issue_stalled_barrier_per_warp_active.pct,%,4.41
h96_skew8,cold,k2,smsp__warp_issue_stalled_long_scoreboard_per_warp_active.pct,%,11.04
h96_skew8,cold,k2,smsp__warp_issue_stalled_math_pipe_throttle_per_warp_active.pct,%,3.29
h96_skew8,cold,k2,smsp__warp_issue_stalled_membar_per_warp_active.pct,%,0
h96_skew8,cold,k2,smsp__warp_issue_stalled_mio_throttle_per_warp_active.pct,%,3.06
h96_skew8,cold,k2,smsp__warp_issue_stalled_not_selected_per_warp_active.pct,%,4.86
h96_skew8,cold,k2,smsp__warp_issue_stalled_short_scoreboard_per_warp_active.pct,%,15.56
h96_skew8,cold,k2,smsp__warp_issue_stalled_wait_per_warp_active.pct,%,19.75
h96_skew8,cold,k2,smsp__warps_active.avg.peak_sustained,warp,16
h96_skew8,cold,k2,smsp__warps_active.max.peak_sustained,warp,16
h96_skew8,cold,k2,smsp__warps_active.min.peak_sustained,warp,16
h96_skew8,cold,k2,smsp__warps_active.sum.peak_sustained,warp,9472
h96_skew8,cold,k2,smsp__warps_eligible.avg.per_cycle_active,warp,0.52
h96_skew8,cold,k2,smsp__warps_eligible.max.per_cycle_active,warp,1.70
h96_skew8,cold,k2,smsp__warps_eligible.min.per_cycle_active,warp,0.28
h96_skew8,cold,k2,smsp__warps_eligible.sum.per_cycle_active,warp,309.08
h96_skew8,warm,k1,c2clink__enabled_mask,,0
h96_skew8,warm,k1,c2clink__present,,0
h96_skew8,warm,k1,derived__pct_occupancy_per_barrier_count,,2230
h96_skew8,warm,k1,derived__pct_occupancy_per_block_size,%,5190
h96_skew8,warm,k1,derived__pct_occupancy_per_register_count,%/register,8524
h96_skew8,warm,k1,derived__pct_occupancy_per_shared_mem_size,%/byte,14020
h96_skew8,warm,k1,device__attribute_architecture,,416
h96_skew8,warm,k1,device__attribute_async_engine_count,,4
h96_skew8,warm,k1,device__attribute_can_flush_remote_writes,,0
h96_skew8,warm,k1,device__attribute_can_map_host_memory,,1
h96_skew8,warm,k1,device__attribute_can_tex2d_gather,,1
h96_skew8,warm,k1,device__attribute_can_use_64_bit_stream_mem_ops,,1
h96_skew8,warm,k1,device__attribute_can_use_64_bit_stream_mem_ops_v1,,0
h96_skew8,warm,k1,device__attribute_can_use_host_pointer_for_registered_mem,,1
h96_skew8,warm,k1,device__attribute_can_use_stream_mem_ops_v1,,0
h96_skew8,warm,k1,device__attribute_can_use_stream_wait_value_nor,,1
h96_skew8,warm,k1,device__attribute_can_use_stream_wait_value_nor_v1,,0
h96_skew8,warm,k1,device__attribute_chip,,419
h96_skew8,warm,k1,device__attribute_clock_rate,,2032000
h96_skew8,warm,k1,device__attribute_cluster_launch,,1
h96_skew8,warm,k1,device__attribute_compute_capability_major,,10
h96_skew8,warm,k1,device__attribute_compute_capability_minor,,3
h96_skew8,warm,k1,device__attribute_compute_mode,,0
h96_skew8,warm,k1,device__attribute_compute_preemption_supported,,1
h96_skew8,warm,k1,device__attribute_concurrent_kernels,,1
h96_skew8,warm,k1,device__attribute_concurrent_managed_access,,1
h96_skew8,warm,k1,device__attribute_confidential_computing_mode,,No-CC
h96_skew8,warm,k1,device__attribute_cooperative_launch,,1
h96_skew8,warm,k1,device__attribute_cooperative_multi_device_launch,,1
h96_skew8,warm,k1,device__attribute_deferred_mapping_cuda_array_supported,,1
h96_skew8,warm,k1,device__attribute_device_index,,0
h96_skew8,warm,k1,device__attribute_direct_managed_mem_access_from_host,,0
h96_skew8,warm,k1,device__attribute_display_name,,NVIDIA B300 SXM6 AC
h96_skew8,warm,k1,device__attribute_dma_buf_supported,,1
h96_skew8,warm,k1,device__attribute_ecc_enabled,,1
h96_skew8,warm,k1,device__attribute_fb_bus_width,,7680
h96_skew8,warm,k1,device__attribute_fbp_count,,16
h96_skew8,warm,k1,device__attribute_generic_compression_supported,,1
h96_skew8,warm,k1,device__attribute_global_l1_cache_supported,,1
h96_skew8,warm,k1,device__attribute_global_memory_bus_width,,7680
h96_skew8,warm,k1,device__attribute_gpu_direct_rdma_flush_writes_options,,1
h96_skew8,warm,k1,device__attribute_gpu_direct_rdma_supported,,1
h96_skew8,warm,k1,device__attribute_gpu_direct_rdma_with_cuda_vmm_supported,,1
h96_skew8,warm,k1,device__attribute_gpu_direct_rdma_writes_ordering,,100
h96_skew8,warm,k1,device__attribute_gpu_overlap,,1
h96_skew8,warm,k1,device__attribute_gpu_pci_device_id,,830607582
h96_skew8,warm,k1,device__attribute_gpu_pci_ext_device_id,,12674
h96_skew8,warm,k1,device__attribute_gpu_pci_ext_downstream_link_rate,,16000
h96_skew8,warm,k1,device__attribute_gpu_pci_ext_downstream_link_width,,32
h96_skew8,warm,k1,device__attribute_gpu_pci_ext_gen,,5
h96_skew8,warm,k1,device__attribute_gpu_pci_ext_gpu_gen,,5
h96_skew8,warm,k1,device__attribute_gpu_pci_ext_gpu_link_rate,,64000
h96_skew8,warm,k1,device__attribute_gpu_pci_ext_gpu_link_width,,16
h96_skew8,warm,k1,device__attribute_gpu_pci_revision_id,,161
h96_skew8,warm,k1,device__attribute_gpu_pci_sub_system_id,,551948510
h96_skew8,warm,k1,device__attribute_handle_type_fabric_supported,,1
h96_skew8,warm,k1,device__attribute_handle_type_posix_file_descriptor_supported,,1
h96_skew8,warm,k1,device__attribute_handle_type_win32_handle_supported,,0
h96_skew8,warm,k1,device__attribute_handle_type_win32_kmt_handle_supported,,0
h96_skew8,warm,k1,device__attribute_host_native_atomic_supported,,0
h96_skew8,warm,k1,device__attribute_host_numa_id,,0
h96_skew8,warm,k1,device__attribute_host_register_supported,,1
h96_skew8,warm,k1,device__attribute_implementation,,419
h96_skew8,warm,k1,device__attribute_integrated,,0
h96_skew8,warm,k1,device__attribute_ipc_event_supported,,1
h96_skew8,warm,k1,device__attribute_kernel_exec_timeout,,0
h96_skew8,warm,k1,device__attribute_l2_cache_size,,132644864
h96_skew8,warm,k1,device__attribute_l2s_count,,192
h96_skew8,warm,k1,device__attribute_limits_max_cta_per_sm,,32
h96_skew8,warm,k1,device__attribute_limits_num_tpcs,,74
h96_skew8,warm,k1,device__attribute_local_l1_cache_supported,,1
h96_skew8,warm,k1,device__attribute_managed_memory,,1
h96_skew8,warm,k1,device__attribute_max_access_policy_window_size,,134217728
h96_skew8,warm,k1,device__attribute_max_block_dim_x,,1024
h96_skew8,warm,k1,device__attribute_max_block_dim_y,,1024
h96_skew8,warm,k1,device__attribute_max_block_dim_z,,64
h96_skew8,warm,k1,device__attribute_max_blocks_per_multiprocessor,,32
h96_skew8,warm,k1,device__attribute_max_gpu_frequency_khz,,2032000
h96_skew8,warm,k1,device__attribute_max_grid_dim_x,,2147483647
h96_skew8,warm,k1,device__attribute_max_grid_dim_y,,65535
h96_skew8,warm,k1,device__attribute_max_grid_dim_z,,65535
h96_skew8,warm,k1,device__attribute_max_ipc_per_multiprocessor,,4
h96_skew8,warm,k1,device__attribute_max_ipc_per_scheduler,,1
h96_skew8,warm,k1,device__attribute_max_mem_frequency_khz,,3996000
h96_skew8,warm,k1,device__attribute_max_persisting_l2_cache_size,,82903040
h96_skew8,warm,k1,device__attribute_max_pitch,,2147483647
h96_skew8,warm,k1,device__attribute_max_registers_per_block,,65536
h96_skew8,warm,k1,device__attribute_max_registers_per_multiprocessor,,65536
h96_skew8,warm,k1,device__attribute_max_registers_per_thread,,255
h96_skew8,warm,k1,device__attribute_max_shared_memory_per_block,,49152
h96_skew8,warm,k1,device__attribute_max_shared_memory_per_block_optin,,232448
h96_skew8,warm,k1,device__attribute_max_shared_memory_per_multiprocessor,,233472
h96_skew8,warm,k1,device__attribute_max_threads_per_block,,1024
h96_skew8,warm,k1,device__attribute_max_threads_per_multiprocessor,,2048
h96_skew8,warm,k1,device__attribute_max_warps_per_multiprocessor,,64
h96_skew8,warm,k1,device__attribute_max_warps_per_scheduler,,16
h96_skew8,warm,k1,device__attribute_maximum_surface1d_layered_layers,,2048
h96_skew8,warm,k1,device__attribute_maximum_surface1d_layered_width,,32768
h96_skew8,warm,k1,device__attribute_maximum_surface1d_width,,32768
h96_skew8,warm,k1,device__attribute_maximum_surface2d_height,,65536
h96_skew8,warm,k1,device__attribute_maximum_surface2d_layered_height,,32768
h96_skew8,warm,k1,device__attribute_maximum_surface2d_layered_layers,,2048
h96_skew8,warm,k1,device__attribute_maximum_surface2d_layered_width,,32768
h96_skew8,warm,k1,device__attribute_maximum_surface2d_width,,131072
h96_skew8,warm,k1,device__attribute_maximum_surface3d_depth,,16384
h96_skew8,warm,k1,device__attribute_maximum_surface3d_height,,16384
h96_skew8,warm,k1,device__attribute_maximum_surface3d_width,,16384
h96_skew8,warm,k1,device__attribute_maximum_surfacecubemap_layered_layers,,2046
h96_skew8,warm,k1,device__attribute_maximum_surfacecubemap_layered_width,,32768
h96_skew8,warm,k1,device__attribute_maximum_surfacecubemap_width,,32768
h96_skew8,warm,k1,device__attribute_maximum_texture1d_layered_layers,,2048
h96_skew8,warm,k1,device__attribute_maximum_texture1d_layered_width,,32768
h96_skew8,warm,k1,device__attribute_maximum_texture1d_linear_width,,268435456
h96_skew8,warm,k1,device__attribute_maximum_texture1d_mipmapped_width,,32768
h96_skew8,warm,k1,device__attribute_maximum_texture1d_width,,131072
h96_skew8,warm,k1,device__attribute_maximum_texture2d_gather_height,,32768
h96_skew8,warm,k1,device__attribute_maximum_texture2d_gather_width,,32768
h96_skew8,warm,k1,device__attribute_maximum_texture2d_height,,65536
h96_skew8,warm,k1,device__attribute_maximum_texture2d_layered_height,,32768
h96_skew8,warm,k1,device__attribute_maximum_texture2d_layered_layers,,2048
h96_skew8,warm,k1,device__attribute_maximum_texture2d_layered_width,,32768
h96_skew8,warm,k1,device__attribute_maximum_texture2d_linear_height,,65000
h96_skew8,warm,k1,device__attribute_maximum_texture2d_linear_pitch,,2097120
h96_skew8,warm,k1,device__attribute_maximum_texture2d_linear_width,,131072
h96_skew8,warm,k1,device__attribute_maximum_texture2d_mipmapped_height,,32768
h96_skew8,warm,k1,device__attribute_maximum_texture2d_mipmapped_width,,32768
h96_skew8,warm,k1,device__attribute_maximum_texture2d_width,,131072
h96_skew8,warm,k1,device__attribute_maximum_texture3d_depth,,16384
h96_skew8,warm,k1,device__attribute_maximum_texture3d_depth_alternate,,32768
h96_skew8,warm,k1,device__attribute_maximum_texture3d_height,,16384
h96_skew8,warm,k1,device__attribute_maximum_texture3d_height_alternate,,8192
h96_skew8,warm,k1,device__attribute_maximum_texture3d_width,,16384
h96_skew8,warm,k1,device__attribute_maximum_texture3d_width_alternate,,8192
h96_skew8,warm,k1,device__attribute_maximum_texturecubemap_layered_layers,,2046
h96_skew8,warm,k1,device__attribute_maximum_texturecubemap_layered_width,,32768
h96_skew8,warm,k1,device__attribute_maximum_texturecubemap_width,,32768
h96_skew8,warm,k1,device__attribute_mem_sync_domain_count,,4
h96_skew8,warm,k1,device__attribute_memory_clock_rate,,3996000
h96_skew8,warm,k1,device__attribute_memory_pools_supported,,1
h96_skew8,warm,k1,device__attribute_mempool_supported_handle_types,,9
h96_skew8,warm,k1,device__attribute_mps_enabled,,0
h96_skew8,warm,k1,device__attribute_multi_gpu_board,,0
h96_skew8,warm,k1,device__attribute_multi_gpu_board_group_id,,0
h96_skew8,warm,k1,device__attribute_multicast_supported,,1
h96_skew8,warm,k1,device__attribute_multiprocessor_count,,148
h96_skew8,warm,k1,device__attribute_num_l2s_per_fbp,,12
h96_skew8,warm,k1,device__attribute_num_schedulers_per_multiprocessor,,4
h96_skew8,warm,k1,device__attribute_num_tex_per_multiprocessor,,1
h96_skew8,warm,k1,device__attribute_numa_config,,0
h96_skew8,warm,k1,device__attribute_pageable_memory_access,,1
h96_skew8,warm,k1,device__attribute_pageable_memory_access_uses_host_page_tables,,0
h96_skew8,warm,k1,device__attribute_pci_bus_id,,12
h96_skew8,warm,k1,device__attribute_pci_device_id,,0
h96_skew8,warm,k1,device__attribute_pci_domain_id,,0
h96_skew8,warm,k1,device__attribute_ram_location,,1
h96_skew8,warm,k1,device__attribute_ram_type,,0
h96_skew8,warm,k1,device__attribute_reserved_shared_memory_per_block,,1024
h96_skew8,warm,k1,device__attribute_sass_level,,10
h96_skew8,warm,k1,device__attribute_single_to_double_precision_perf_ratio,,64
h96_skew8,warm,k1,device__attribute_sparse_cuda_array_supported,,1
h96_skew8,warm,k1,device__attribute_stream_priorities_supported,,1
h96_skew8,warm,k1,device__attribute_surface_alignment,,512
h96_skew8,warm,k1,device__attribute_tcc_driver,,0
h96_skew8,warm,k1,device__attribute_tensor_map_access_supported,,1
h96_skew8,warm,k1,device__attribute_texture_alignment,,512
h96_skew8,warm,k1,device__attribute_texture_pitch_alignment,,32
h96_skew8,warm,k1,device__attribute_total_constant_memory,,65536
h96_skew8,warm,k1,device__attribute_total_memory,,287428640768
h96_skew8,warm,k1,device__attribute_unified_addressing,,1
h96_skew8,warm,k1,device__attribute_unified_function_pointers,,1
h96_skew8,warm,k1,device__attribute_virtual_address_management_supported,,1
h96_skew8,warm,k1,device__attribute_warp_size,,32
h96_skew8,warm,k1,dram__bytes_read.avg,byte,9461948
h96_skew8,warm,k1,dram__bytes_read.max,byte,10094848
h96_skew8,warm,k1,dram__bytes_read.min,byte,5045504
h96_skew8,warm,k1,dram__bytes_read.sum,byte,605564672
h96_skew8,warm,k1,dram__bytes_write.avg,byte,10472968
h96_skew8,warm,k1,dram__bytes_write.max,byte,11190016
h96_skew8,warm,k1,dram__bytes_write.min,byte,5555200
h96_skew8,warm,k1,dram__bytes_write.sum,byte,670269952
h96_skew8,warm,k1,dram__throughput.avg.pct_of_peak_sustained_elapsed,%,58.58
h96_skew8,warm,k1,dram__throughput.max.pct_of_peak_sustained_elapsed,%,58.64
h96_skew8,warm,k1,dram__throughput.min.pct_of_peak_sustained_elapsed,%,58.41
h96_skew8,warm,k1,dram__throughput.sum.pct_of_peak_sustained_elapsed,%,58.58
h96_skew8,warm,k1,gpc__cycles_elapsed.avg.per_second,hz,1899645214.58
h96_skew8,warm,k1,gpc__cycles_elapsed.max.per_second,hz,1905517357.98
h96_skew8,warm,k1,gpc__cycles_elapsed.min.per_second,hz,1893883143.60
h96_skew8,warm,k1,gpc__cycles_elapsed.sum.per_second,hz,15197161716.64
h96_skew8,warm,k1,gpu__time_duration.avg,ns,283904
h96_skew8,warm,k1,gpu__time_duration.max,ns,283904
h96_skew8,warm,k1,gpu__time_duration.min,ns,283904
h96_skew8,warm,k1,gpu__time_duration.sum,ns,283904
h96_skew8,warm,k1,gr__workids_granted.avg,,0
h96_skew8,warm,k1,gr__workids_granted.max,,0
h96_skew8,warm,k1,gr__workids_granted.min,,0
h96_skew8,warm,k1,gr__workids_granted.sum,,0
h96_skew8,warm,k1,gr__workids_granted_as_ctas.avg,block,0
h96_skew8,warm,k1,gr__workids_granted_as_ctas.max,block,0
h96_skew8,warm,k1,gr__workids_granted_as_ctas.min,block,0
h96_skew8,warm,k1,gr__workids_granted_as_ctas.sum,block,0
h96_skew8,warm,k1,gr__workids_requested.avg,,0
h96_skew8,warm,k1,gr__workids_requested.max,,0
h96_skew8,warm,k1,gr__workids_requested.min,,0
h96_skew8,warm,k1,gr__workids_requested.sum,,0
h96_skew8,warm,k1,l1tex__data_bank_conflicts_pipe_lsu_mem_shared_op_ld.avg,,30070.24
h96_skew8,warm,k1,l1tex__data_bank_conflicts_pipe_lsu_mem_shared_op_ld.max,,33893
h96_skew8,warm,k1,l1tex__data_bank_conflicts_pipe_lsu_mem_shared_op_ld.min,,25218
h96_skew8,warm,k1,l1tex__data_bank_conflicts_pipe_lsu_mem_shared_op_ld.sum,,4450395
h96_skew8,warm,k1,l1tex__data_bank_conflicts_pipe_lsu_mem_shared_op_st.avg,,10742.89
h96_skew8,warm,k1,l1tex__data_bank_conflicts_pipe_lsu_mem_shared_op_st.max,,12299
h96_skew8,warm,k1,l1tex__data_bank_conflicts_pipe_lsu_mem_shared_op_st.min,,9133
h96_skew8,warm,k1,l1tex__data_bank_conflicts_pipe_lsu_mem_shared_op_st.sum,,1589948
h96_skew8,warm,k1,l1tex__throughput.avg.pct_of_peak_sustained_elapsed,%,67.61
h96_skew8,warm,k1,l1tex__throughput.max.pct_of_peak_sustained_elapsed,%,69.91
h96_skew8,warm,k1,l1tex__throughput.min.pct_of_peak_sustained_elapsed,%,65.32
h96_skew8,warm,k1,l1tex__throughput.sum.pct_of_peak_sustained_elapsed,%,67.61
h96_skew8,warm,k1,launch__barrier_count,,1
h96_skew8,warm,k1,launch__block_dim_x,block,256
h96_skew8,warm,k1,launch__block_dim_y,block,1
h96_skew8,warm,k1,launch__block_dim_z,block,1
h96_skew8,warm,k1,launch__block_size,,256
h96_skew8,warm,k1,launch__cluster_dim_x,,0
h96_skew8,warm,k1,launch__cluster_dim_y,,0
h96_skew8,warm,k1,launch__cluster_dim_z,,0
h96_skew8,warm,k1,launch__cluster_max_active,cluster,0
h96_skew8,warm,k1,launch__cluster_max_potential_size,block,8
h96_skew8,warm,k1,launch__cluster_scheduling_policy,,PolicySpread
h96_skew8,warm,k1,launch__cluster_size,,0
h96_skew8,warm,k1,launch__context_id,,1
h96_skew8,warm,k1,launch__device_id,,0
h96_skew8,warm,k1,launch__func_cache_config,,CachePreferNone
h96_skew8,warm,k1,launch__function_pcs,,1
h96_skew8,warm,k1,launch__grid_dim_x,,520
h96_skew8,warm,k1,launch__grid_dim_y,,96
h96_skew8,warm,k1,launch__grid_dim_z,,1
h96_skew8,warm,k1,launch__grid_size,,49920
h96_skew8,warm,k1,launch__occupancy_cluster_gpu_pct,%,0
h96_skew8,warm,k1,launch__occupancy_cluster_pct,%,0
h96_skew8,warm,k1,launch__occupancy_limit_barriers,block,32
h96_skew8,warm,k1,launch__occupancy_limit_blocks,block,32
h96_skew8,warm,k1,launch__occupancy_limit_registers,block,8
h96_skew8,warm,k1,launch__occupancy_limit_shared_mem,block,9
h96_skew8,warm,k1,launch__occupancy_limit_warps,block,8
h96_skew8,warm,k1,launch__occupancy_per_barrier_count,,1440
h96_skew8,warm,k1,launch__occupancy_per_block_size,,3339
h96_skew8,warm,k1,launch__occupancy_per_cluster_size,,0
h96_skew8,warm,k1,launch__occupancy_per_register_count,,5504
h96_skew8,warm,k1,launch__occupancy_per_shared_mem_size,,9072
h96_skew8,warm,k1,launch__persisting_l2_cache_size,byte,24870912
h96_skew8,warm,k1,launch__preferred_cluster_dim_x,,0
h96_skew8,warm,k1,launch__preferred_cluster_dim_y,,0
h96_skew8,warm,k1,launch__preferred_cluster_dim_z,,0
h96_skew8,warm,k1,launch__preferred_cluster_size,,0
h96_skew8,warm,k1,launch__registers_per_thread,register/thread,32
h96_skew8,warm,k1,launch__registers_per_thread_allocated,register/thread,32
h96_skew8,warm,k1,launch__shared_mem_config_size,byte,200704
h96_skew8,warm,k1,launch__shared_mem_per_block,byte/block,22272
h96_skew8,warm,k1,launch__shared_mem_per_block_allocated,byte/block,22272
h96_skew8,warm,k1,launch__shared_mem_per_block_driver,byte/block,1024
h96_skew8,warm,k1,launch__shared_mem_per_block_dynamic,byte/block,21248
h96_skew8,warm,k1,launch__shared_mem_per_block_static,byte/block,0
h96_skew8,warm,k1,launch__sm_count,SM,148
h96_skew8,warm,k1,launch__stack_size,,1024
h96_skew8,warm,k1,launch__stream_id,,7
h96_skew8,warm,k1,launch__thread_count,thread,12779520
h96_skew8,warm,k1,launch__tpc_count,,74
h96_skew8,warm,k1,launch__tpc_enabled,,all
h96_skew8,warm,k1,launch__uses_cdp,,0
h96_skew8,warm,k1,launch__uses_green_context,,0
h96_skew8,warm,k1,launch__uses_mps,,0
h96_skew8,warm,k1,launch__uses_nvlink_centric_scheduling,,0
h96_skew8,warm,k1,launch__uses_vgpu,,0
h96_skew8,warm,k1,launch__waves_per_multiprocessor,,42.16
h96_skew8,warm,k1,lts__t_sector_hit_rate.pct,%,45.06
h96_skew8,warm,k1,lts__t_sectors.avg,sector,497529.43
h96_skew8,warm,k1,lts__t_sectors.max,sector,521659
h96_skew8,warm,k1,lts__t_sectors.min,sector,251511
h96_skew8,warm,k1,lts__t_sectors.sum,sector,91545415
h96_skew8,warm,k1,lts__throughput.avg.pct_of_peak_sustained_elapsed,%,69.96
h96_skew8,warm,k1,lts__throughput.max.pct_of_peak_sustained_elapsed,%,77.95
h96_skew8,warm,k1,lts__throughput.min.pct_of_peak_sustained_elapsed,%,35.45
h96_skew8,warm,k1,lts__throughput.sum.pct_of_peak_sustained_elapsed,%,69.96
h96_skew8,warm,k1,numa__cpu_affinity,,1
h96_skew8,warm,k1,numa__dev_display_name_all,,1
h96_skew8,warm,k1,numa__id_cpu,,1
h96_skew8,warm,k1,numa__id_memory,,1
h96_skew8,warm,k1,nvlink__bandwidth,,0
h96_skew8,warm,k1,nvlink__count_logical,,0
h96_skew8,warm,k1,nvlink__count_physical,,0
h96_skew8,warm,k1,nvlink__destination_ports,,0
h96_skew8,warm,k1,nvlink__dev0Id,,0
h96_skew8,warm,k1,nvlink__dev0type,,0
h96_skew8,warm,k1,nvlink__dev1Id,,0
h96_skew8,warm,k1,nvlink__dev1type,,0
h96_skew8,warm,k1,nvlink__dev_display_name_all,,1
h96_skew8,warm,k1,nvlink__enabled_mask,,262143
h96_skew8,warm,k1,nvlink__is_direct_link,,0
h96_skew8,warm,k1,nvlink__is_nvswitch_connected,,0
h96_skew8,warm,k1,nvlink__max_count,,18
h96_skew8,warm,k1,nvlink__peer_access,,0
h96_skew8,warm,k1,nvlink__peer_atomic,,0
h96_skew8,warm,k1,nvlink__source_ports,,0
h96_skew8,warm,k1,nvlink__system_access,,0
h96_skew8,warm,k1,nvlink__system_atomic,,0
h96_skew8,warm,k1,profiler__perfworks_session_reuse,,0
h96_skew8,warm,k1,profiler__replayer_passes,pass,15
h96_skew8,warm,k1,profiler__replayer_passes_type_warmup,pass,0
h96_skew8,warm,k1,sm__cycles_active.avg,cycle,531976.89
h96_skew8,warm,k1,sm__cycles_active.avg.pct_of_peak_sustained_elapsed,%,98.45
h96_skew8,warm,k1,sm__cycles_active.max,cycle,534669
h96_skew8,warm,k1,sm__cycles_active.max.pct_of_peak_sustained_elapsed,%,98.94
h96_skew8,warm,k1,sm__cycles_active.min,cycle,527866
h96_skew8,warm,k1,sm__cycles_active.min.pct_of_peak_sustained_elapsed,%,97.68
h96_skew8,warm,k1,sm__cycles_active.sum,cycle,78732580
h96_skew8,warm,k1,sm__cycles_active.sum.pct_of_peak_sustained_elapsed,%,98.45
h96_skew8,warm,k1,sm__inst_executed_pipe_adu.avg.pct_of_peak_sustained_elapsed,%,21.17
h96_skew8,warm,k1,sm__inst_executed_pipe_adu.max.pct_of_peak_sustained_elapsed,%,21.85
h96_skew8,warm,k1,sm__inst_executed_pipe_adu.min.pct_of_peak_sustained_elapsed,%,20.53
h96_skew8,warm,k1,sm__inst_executed_pipe_adu.sum.pct_of_peak_sustained_elapsed,%,21.17
h96_skew8,warm,k1,sm__inst_executed_pipe_alu.avg.pct_of_peak_sustained_elapsed,%,40.54
h96_skew8,warm,k1,sm__inst_executed_pipe_alu.max.pct_of_peak_sustained_elapsed,%,41.73
h96_skew8,warm,k1,sm__inst_executed_pipe_alu.min.pct_of_peak_sustained_elapsed,%,39.54
h96_skew8,warm,k1,sm__inst_executed_pipe_alu.sum.pct_of_peak_sustained_elapsed,%,40.54
h96_skew8,warm,k1,sm__inst_executed_pipe_fma.avg.pct_of_peak_sustained_elapsed,%,19.39
h96_skew8,warm,k1,sm__inst_executed_pipe_fma.max.pct_of_peak_sustained_elapsed,%,19.97
h96_skew8,warm,k1,sm__inst_executed_pipe_fma.min.pct_of_peak_sustained_elapsed,%,18.92
h96_skew8,warm,k1,sm__inst_executed_pipe_fma.sum.pct_of_peak_sustained_elapsed,%,19.39
h96_skew8,warm,k1,sm__inst_executed_pipe_lsu.avg.pct_of_peak_sustained_elapsed,%,41.84
h96_skew8,warm,k1,sm__inst_executed_pipe_lsu.max.pct_of_peak_sustained_elapsed,%,43.08
h96_skew8,warm,k1,sm__inst_executed_pipe_lsu.min.pct_of_peak_sustained_elapsed,%,40.82
h96_skew8,warm,k1,sm__inst_executed_pipe_lsu.sum.pct_of_peak_sustained_elapsed,%,41.84
h96_skew8,warm,k1,sm__inst_executed_pipe_xu.avg.pct_of_peak_sustained_elapsed,%,14.14
h96_skew8,warm,k1,sm__inst_executed_pipe_xu.max.pct_of_peak_sustained_elapsed,%,14.56
h96_skew8,warm,k1,sm__inst_executed_pipe_xu.min.pct_of_peak_sustained_elapsed,%,13.71
h96_skew8,warm,k1,sm__inst_executed_pipe_xu.sum.pct_of_peak_sustained_elapsed,%,14.14
h96_skew8,warm,k1,sm__issue_active.avg.pct_of_peak_sustained_elapsed,%,68.86
h96_skew8,warm,k1,sm__issue_active.max.pct_of_peak_sustained_elapsed,%,70.86
h96_skew8,warm,k1,sm__issue_active.min.pct_of_peak_sustained_elapsed,%,66.69
h96_skew8,warm,k1,sm__issue_active.sum.pct_of_peak_sustained_elapsed,%,68.86
h96_skew8,warm,k1,sm__maximum_warps_avg_per_active_cycle,warp,64
h96_skew8,warm,k1,sm__maximum_warps_per_active_cycle_pct,%,100
h96_skew8,warm,k1,sm__ops_path_tensor_op_hmma_src_bf16_dst_fp32.avg,,43530073.95
h96_skew8,warm,k1,sm__ops_path_tensor_op_hmma_src_bf16_dst_fp32.max,,44826624
h96_skew8,warm,k1,sm__ops_path_tensor_op_hmma_src_bf16_dst_fp32.min,,42205184
h96_skew8,warm,k1,sm__ops_path_tensor_op_hmma_src_bf16_dst_fp32.sum,,6442450944
h96_skew8,warm,k1,sm__ops_path_tensor_op_hmma_src_fp16_dst_fp16.avg,,16323777.73
h96_skew8,warm,k1,sm__ops_path_tensor_op_hmma_src_fp16_dst_fp16.max,,16760832
h96_skew8,warm,k1,sm__ops_path_tensor_op_hmma_src_fp16_dst_fp16.min,,15826944
h96_skew8,warm,k1,sm__ops_path_tensor_op_hmma_src_fp16_dst_fp16.sum,,2415919104
h96_skew8,warm,k1,sm__pipe_tensor_cycles_active.avg.pct_of_peak_sustained_active,%,5.49
h96_skew8,warm,k1,sm__pipe_tensor_cycles_active.avg.pct_of_peak_sustained_elapsed,%,5.41
h96_skew8,warm,k1,sm__pipe_tensor_cycles_active.max.pct_of_peak_sustained_active,%,5.61
h96_skew8,warm,k1,sm__pipe_tensor_cycles_active.max.pct_of_peak_sustained_elapsed,%,5.52
h96_skew8,warm,k1,sm__pipe_tensor_cycles_active.min.pct_of_peak_sustained_active,%,5.33
h96_skew8,warm,k1,sm__pipe_tensor_cycles_active.min.pct_of_peak_sustained_elapsed,%,5.24
h96_skew8,warm,k1,sm__pipe_tensor_cycles_active.sum.pct_of_peak_sustained_active,%,5.49
h96_skew8,warm,k1,sm__pipe_tensor_cycles_active.sum.pct_of_peak_sustained_elapsed,%,5.41
h96_skew8,warm,k1,sm__throughput.avg.pct_of_peak_sustained_elapsed,%,68.86
h96_skew8,warm,k1,sm__throughput.max.pct_of_peak_sustained_elapsed,%,70.86
h96_skew8,warm,k1,sm__throughput.min.pct_of_peak_sustained_elapsed,%,66.79
h96_skew8,warm,k1,sm__throughput.sum.pct_of_peak_sustained_elapsed,%,68.86
h96_skew8,warm,k1,sm__warps_active.avg.pct_of_peak_sustained_active,%,96.58
h96_skew8,warm,k1,sm__warps_active.avg.per_cycle_active,warp,61.81
h96_skew8,warm,k1,sm__warps_active.max.pct_of_peak_sustained_active,%,97.98
h96_skew8,warm,k1,sm__warps_active.max.per_cycle_active,warp,62.70
h96_skew8,warm,k1,sm__warps_active.min.pct_of_peak_sustained_active,%,95.46
h96_skew8,warm,k1,sm__warps_active.min.per_cycle_active,warp,61.10
h96_skew8,warm,k1,sm__warps_active.sum.pct_of_peak_sustained_active,%,96.58
h96_skew8,warm,k1,sm__warps_active.sum.per_cycle_active,warp,9148.01
h96_skew8,warm,k1,smsp__issue_active.avg.pct_of_peak_sustained_active,%,69.91
h96_skew8,warm,k1,smsp__issue_active.max.pct_of_peak_sustained_active,%,71.98
h96_skew8,warm,k1,smsp__issue_active.min.pct_of_peak_sustained_active,%,67.61
h96_skew8,warm,k1,smsp__issue_active.sum.pct_of_peak_sustained_active,%,69.91
h96_skew8,warm,k1,smsp__maximum_warps_avg_per_active_cycle,warp,16
h96_skew8,warm,k1,smsp__warp_issue_stalled_barrier_per_warp_active.pct,%,38.83
h96_skew8,warm,k1,smsp__warp_issue_stalled_long_scoreboard_per_warp_active.pct,%,19.99
h96_skew8,warm,k1,smsp__warp_issue_stalled_math_pipe_throttle_per_warp_active.pct,%,2.59
h96_skew8,warm,k1,smsp__warp_issue_stalled_membar_per_warp_active.pct,%,0
h96_skew8,warm,k1,smsp__warp_issue_stalled_mio_throttle_per_warp_active.pct,%,2.58
h96_skew8,warm,k1,smsp__warp_issue_stalled_not_selected_per_warp_active.pct,%,10.80
h96_skew8,warm,k1,smsp__warp_issue_stalled_short_scoreboard_per_warp_active.pct,%,9.68
h96_skew8,warm,k1,smsp__warp_issue_stalled_wait_per_warp_active.pct,%,7.87
h96_skew8,warm,k1,smsp__warps_active.avg.peak_sustained,warp,16
h96_skew8,warm,k1,smsp__warps_active.max.peak_sustained,warp,16
h96_skew8,warm,k1,smsp__warps_active.min.peak_sustained,warp,16
h96_skew8,warm,k1,smsp__warps_active.sum.peak_sustained,warp,9472
h96_skew8,warm,k1,smsp__warps_eligible.avg.per_cycle_active,warp,2.36
h96_skew8,warm,k1,smsp__warps_eligible.max.per_cycle_active,warp,2.60
h96_skew8,warm,k1,smsp__warps_eligible.min.per_cycle_active,warp,2.20
h96_skew8,warm,k1,smsp__warps_eligible.sum.per_cycle_active,warp,1399.20
h96_skew8,warm,k2,c2clink__enabled_mask,,0
h96_skew8,warm,k2,c2clink__present,,0
h96_skew8,warm,k2,derived__pct_occupancy_per_barrier_count,,882
h96_skew8,warm,k2,derived__pct_occupancy_per_block_size,%,1163
h96_skew8,warm,k2,derived__pct_occupancy_per_register_count,%/register,3834
h96_skew8,warm,k2,derived__pct_occupancy_per_shared_mem_size,%/byte,8069
h96_skew8,warm,k2,device__attribute_architecture,,416
h96_skew8,warm,k2,device__attribute_async_engine_count,,4
h96_skew8,warm,k2,device__attribute_can_flush_remote_writes,,0
h96_skew8,warm,k2,device__attribute_can_map_host_memory,,1
h96_skew8,warm,k2,device__attribute_can_tex2d_gather,,1
h96_skew8,warm,k2,device__attribute_can_use_64_bit_stream_mem_ops,,1
h96_skew8,warm,k2,device__attribute_can_use_64_bit_stream_mem_ops_v1,,0
h96_skew8,warm,k2,device__attribute_can_use_host_pointer_for_registered_mem,,1
h96_skew8,warm,k2,device__attribute_can_use_stream_mem_ops_v1,,0
h96_skew8,warm,k2,device__attribute_can_use_stream_wait_value_nor,,1
h96_skew8,warm,k2,device__attribute_can_use_stream_wait_value_nor_v1,,0
h96_skew8,warm,k2,device__attribute_chip,,419
h96_skew8,warm,k2,device__attribute_clock_rate,,2032000
h96_skew8,warm,k2,device__attribute_cluster_launch,,1
h96_skew8,warm,k2,device__attribute_compute_capability_major,,10
h96_skew8,warm,k2,device__attribute_compute_capability_minor,,3
h96_skew8,warm,k2,device__attribute_compute_mode,,0
h96_skew8,warm,k2,device__attribute_compute_preemption_supported,,1
h96_skew8,warm,k2,device__attribute_concurrent_kernels,,1
h96_skew8,warm,k2,device__attribute_concurrent_managed_access,,1
h96_skew8,warm,k2,device__attribute_confidential_computing_mode,,No-CC
h96_skew8,warm,k2,device__attribute_cooperative_launch,,1
h96_skew8,warm,k2,device__attribute_cooperative_multi_device_launch,,1
h96_skew8,warm,k2,device__attribute_deferred_mapping_cuda_array_supported,,1
h96_skew8,warm,k2,device__attribute_device_index,,0
h96_skew8,warm,k2,device__attribute_direct_managed_mem_access_from_host,,0
h96_skew8,warm,k2,device__attribute_display_name,,NVIDIA B300 SXM6 AC
h96_skew8,warm,k2,device__attribute_dma_buf_supported,,1
h96_skew8,warm,k2,device__attribute_ecc_enabled,,1
h96_skew8,warm,k2,device__attribute_fb_bus_width,,7680
h96_skew8,warm,k2,device__attribute_fbp_count,,16
h96_skew8,warm,k2,device__attribute_generic_compression_supported,,1
h96_skew8,warm,k2,device__attribute_global_l1_cache_supported,,1
h96_skew8,warm,k2,device__attribute_global_memory_bus_width,,7680
h96_skew8,warm,k2,device__attribute_gpu_direct_rdma_flush_writes_options,,1
h96_skew8,warm,k2,device__attribute_gpu_direct_rdma_supported,,1
h96_skew8,warm,k2,device__attribute_gpu_direct_rdma_with_cuda_vmm_supported,,1
h96_skew8,warm,k2,device__attribute_gpu_direct_rdma_writes_ordering,,100
h96_skew8,warm,k2,device__attribute_gpu_overlap,,1
h96_skew8,warm,k2,device__attribute_gpu_pci_device_id,,830607582
h96_skew8,warm,k2,device__attribute_gpu_pci_ext_device_id,,12674
h96_skew8,warm,k2,device__attribute_gpu_pci_ext_downstream_link_rate,,16000
h96_skew8,warm,k2,device__attribute_gpu_pci_ext_downstream_link_width,,32
h96_skew8,warm,k2,device__attribute_gpu_pci_ext_gen,,5
h96_skew8,warm,k2,device__attribute_gpu_pci_ext_gpu_gen,,5
h96_skew8,warm,k2,device__attribute_gpu_pci_ext_gpu_link_rate,,64000
h96_skew8,warm,k2,device__attribute_gpu_pci_ext_gpu_link_width,,16
h96_skew8,warm,k2,device__attribute_gpu_pci_revision_id,,161
h96_skew8,warm,k2,device__attribute_gpu_pci_sub_system_id,,551948510
h96_skew8,warm,k2,device__attribute_handle_type_fabric_supported,,1
h96_skew8,warm,k2,device__attribute_handle_type_posix_file_descriptor_supported,,1
h96_skew8,warm,k2,device__attribute_handle_type_win32_handle_supported,,0
h96_skew8,warm,k2,device__attribute_handle_type_win32_kmt_handle_supported,,0
h96_skew8,warm,k2,device__attribute_host_native_atomic_supported,,0
h96_skew8,warm,k2,device__attribute_host_numa_id,,0
h96_skew8,warm,k2,device__attribute_host_register_supported,,1
h96_skew8,warm,k2,device__attribute_implementation,,419
h96_skew8,warm,k2,device__attribute_integrated,,0
h96_skew8,warm,k2,device__attribute_ipc_event_supported,,1
h96_skew8,warm,k2,device__attribute_kernel_exec_timeout,,0
h96_skew8,warm,k2,device__attribute_l2_cache_size,,132644864
h96_skew8,warm,k2,device__attribute_l2s_count,,192
h96_skew8,warm,k2,device__attribute_limits_max_cta_per_sm,,32
h96_skew8,warm,k2,device__attribute_limits_num_tpcs,,74
h96_skew8,warm,k2,device__attribute_local_l1_cache_supported,,1
h96_skew8,warm,k2,device__attribute_managed_memory,,1
h96_skew8,warm,k2,device__attribute_max_access_policy_window_size,,134217728
h96_skew8,warm,k2,device__attribute_max_block_dim_x,,1024
h96_skew8,warm,k2,device__attribute_max_block_dim_y,,1024
h96_skew8,warm,k2,device__attribute_max_block_dim_z,,64
h96_skew8,warm,k2,device__attribute_max_blocks_per_multiprocessor,,32
h96_skew8,warm,k2,device__attribute_max_gpu_frequency_khz,,2032000
h96_skew8,warm,k2,device__attribute_max_grid_dim_x,,2147483647
h96_skew8,warm,k2,device__attribute_max_grid_dim_y,,65535
h96_skew8,warm,k2,device__attribute_max_grid_dim_z,,65535
h96_skew8,warm,k2,device__attribute_max_ipc_per_multiprocessor,,4
h96_skew8,warm,k2,device__attribute_max_ipc_per_scheduler,,1
h96_skew8,warm,k2,device__attribute_max_mem_frequency_khz,,3996000
h96_skew8,warm,k2,device__attribute_max_persisting_l2_cache_size,,82903040
h96_skew8,warm,k2,device__attribute_max_pitch,,2147483647
h96_skew8,warm,k2,device__attribute_max_registers_per_block,,65536
h96_skew8,warm,k2,device__attribute_max_registers_per_multiprocessor,,65536
h96_skew8,warm,k2,device__attribute_max_registers_per_thread,,255
h96_skew8,warm,k2,device__attribute_max_shared_memory_per_block,,49152
h96_skew8,warm,k2,device__attribute_max_shared_memory_per_block_optin,,232448
h96_skew8,warm,k2,device__attribute_max_shared_memory_per_multiprocessor,,233472
h96_skew8,warm,k2,device__attribute_max_threads_per_block,,1024
h96_skew8,warm,k2,device__attribute_max_threads_per_multiprocessor,,2048
h96_skew8,warm,k2,device__attribute_max_warps_per_multiprocessor,,64
h96_skew8,warm,k2,device__attribute_max_warps_per_scheduler,,16
h96_skew8,warm,k2,device__attribute_maximum_surface1d_layered_layers,,2048
h96_skew8,warm,k2,device__attribute_maximum_surface1d_layered_width,,32768
h96_skew8,warm,k2,device__attribute_maximum_surface1d_width,,32768
h96_skew8,warm,k2,device__attribute_maximum_surface2d_height,,65536
h96_skew8,warm,k2,device__attribute_maximum_surface2d_layered_height,,32768
h96_skew8,warm,k2,device__attribute_maximum_surface2d_layered_layers,,2048
h96_skew8,warm,k2,device__attribute_maximum_surface2d_layered_width,,32768
h96_skew8,warm,k2,device__attribute_maximum_surface2d_width,,131072
h96_skew8,warm,k2,device__attribute_maximum_surface3d_depth,,16384
h96_skew8,warm,k2,device__attribute_maximum_surface3d_height,,16384
h96_skew8,warm,k2,device__attribute_maximum_surface3d_width,,16384
h96_skew8,warm,k2,device__attribute_maximum_surfacecubemap_layered_layers,,2046
h96_skew8,warm,k2,device__attribute_maximum_surfacecubemap_layered_width,,32768
h96_skew8,warm,k2,device__attribute_maximum_surfacecubemap_width,,32768
h96_skew8,warm,k2,device__attribute_maximum_texture1d_layered_layers,,2048
h96_skew8,warm,k2,device__attribute_maximum_texture1d_layered_width,,32768
h96_skew8,warm,k2,device__attribute_maximum_texture1d_linear_width,,268435456
h96_skew8,warm,k2,device__attribute_maximum_texture1d_mipmapped_width,,32768
h96_skew8,warm,k2,device__attribute_maximum_texture1d_width,,131072
h96_skew8,warm,k2,device__attribute_maximum_texture2d_gather_height,,32768
h96_skew8,warm,k2,device__attribute_maximum_texture2d_gather_width,,32768
h96_skew8,warm,k2,device__attribute_maximum_texture2d_height,,65536
h96_skew8,warm,k2,device__attribute_maximum_texture2d_layered_height,,32768
h96_skew8,warm,k2,device__attribute_maximum_texture2d_layered_layers,,2048
h96_skew8,warm,k2,device__attribute_maximum_texture2d_layered_width,,32768
h96_skew8,warm,k2,device__attribute_maximum_texture2d_linear_height,,65000
h96_skew8,warm,k2,device__attribute_maximum_texture2d_linear_pitch,,2097120
h96_skew8,warm,k2,device__attribute_maximum_texture2d_linear_width,,131072
h96_skew8,warm,k2,device__attribute_maximum_texture2d_mipmapped_height,,32768
h96_skew8,warm,k2,device__attribute_maximum_texture2d_mipmapped_width,,32768
h96_skew8,warm,k2,device__attribute_maximum_texture2d_width,,131072
h96_skew8,warm,k2,device__attribute_maximum_texture3d_depth,,16384
h96_skew8,warm,k2,device__attribute_maximum_texture3d_depth_alternate,,32768
h96_skew8,warm,k2,device__attribute_maximum_texture3d_height,,16384
h96_skew8,warm,k2,device__attribute_maximum_texture3d_height_alternate,,8192
h96_skew8,warm,k2,device__attribute_maximum_texture3d_width,,16384
h96_skew8,warm,k2,device__attribute_maximum_texture3d_width_alternate,,8192
h96_skew8,warm,k2,device__attribute_maximum_texturecubemap_layered_layers,,2046
h96_skew8,warm,k2,device__attribute_maximum_texturecubemap_layered_width,,32768
h96_skew8,warm,k2,device__attribute_maximum_texturecubemap_width,,32768
h96_skew8,warm,k2,device__attribute_mem_sync_domain_count,,4
h96_skew8,warm,k2,device__attribute_memory_clock_rate,,3996000
h96_skew8,warm,k2,device__attribute_memory_pools_supported,,1
h96_skew8,warm,k2,device__attribute_mempool_supported_handle_types,,9
h96_skew8,warm,k2,device__attribute_mps_enabled,,0
h96_skew8,warm,k2,device__attribute_multi_gpu_board,,0
h96_skew8,warm,k2,device__attribute_multi_gpu_board_group_id,,0
h96_skew8,warm,k2,device__attribute_multicast_supported,,1
h96_skew8,warm,k2,device__attribute_multiprocessor_count,,148
h96_skew8,warm,k2,device__attribute_num_l2s_per_fbp,,12
h96_skew8,warm,k2,device__attribute_num_schedulers_per_multiprocessor,,4
h96_skew8,warm,k2,device__attribute_num_tex_per_multiprocessor,,1
h96_skew8,warm,k2,device__attribute_numa_config,,0
h96_skew8,warm,k2,device__attribute_pageable_memory_access,,1
h96_skew8,warm,k2,device__attribute_pageable_memory_access_uses_host_page_tables,,0
h96_skew8,warm,k2,device__attribute_pci_bus_id,,12
h96_skew8,warm,k2,device__attribute_pci_device_id,,0
h96_skew8,warm,k2,device__attribute_pci_domain_id,,0
h96_skew8,warm,k2,device__attribute_ram_location,,1
h96_skew8,warm,k2,device__attribute_ram_type,,0
h96_skew8,warm,k2,device__attribute_reserved_shared_memory_per_block,,1024
h96_skew8,warm,k2,device__attribute_sass_level,,10
h96_skew8,warm,k2,device__attribute_single_to_double_precision_perf_ratio,,64
h96_skew8,warm,k2,device__attribute_sparse_cuda_array_supported,,1
h96_skew8,warm,k2,device__attribute_stream_priorities_supported,,1
h96_skew8,warm,k2,device__attribute_surface_alignment,,512
h96_skew8,warm,k2,device__attribute_tcc_driver,,0
h96_skew8,warm,k2,device__attribute_tensor_map_access_supported,,1
h96_skew8,warm,k2,device__attribute_texture_alignment,,512
h96_skew8,warm,k2,device__attribute_texture_pitch_alignment,,32
h96_skew8,warm,k2,device__attribute_total_constant_memory,,65536
h96_skew8,warm,k2,device__attribute_total_memory,,287428640768
h96_skew8,warm,k2,device__attribute_unified_addressing,,1
h96_skew8,warm,k2,device__attribute_unified_function_pointers,,1
h96_skew8,warm,k2,device__attribute_virtual_address_management_supported,,1
h96_skew8,warm,k2,device__attribute_warp_size,,32
h96_skew8,warm,k2,dram__bytes_read.avg,byte,14182652
h96_skew8,warm,k2,dram__bytes_read.max,byte,15137024
h96_skew8,warm,k2,dram__bytes_read.min,byte,7565056
h96_skew8,warm,k2,dram__bytes_read.sum,byte,907689728
h96_skew8,warm,k2,dram__bytes_write.avg,byte,4070692
h96_skew8,warm,k2,dram__bytes_write.max,byte,4346368
h96_skew8,warm,k2,dram__bytes_write.min,byte,2250496
h96_skew8,warm,k2,dram__bytes_write.sum,byte,260524288
h96_skew8,warm,k2,dram__throughput.avg.pct_of_peak_sustained_elapsed,%,21.18
h96_skew8,warm,k2,dram__throughput.max.pct_of_peak_sustained_elapsed,%,21.19
h96_skew8,warm,k2,dram__throughput.min.pct_of_peak_sustained_elapsed,%,21.35
h96_skew8,warm,k2,dram__throughput.sum.pct_of_peak_sustained_elapsed,%,21.18
h96_skew8,warm,k2,gpc__cycles_elapsed.avg.per_second,hz,1913039434.52
h96_skew8,warm,k2,gpc__cycles_elapsed.max.per_second,hz,1928392022.70
h96_skew8,warm,k2,gpc__cycles_elapsed.min.per_second,hz,1896959835.34
h96_skew8,warm,k2,gpc__cycles_elapsed.sum.per_second,hz,15304315476.19
h96_skew8,warm,k2,gpu__time_duration.avg,ns,719040
h96_skew8,warm,k2,gpu__time_duration.max,ns,719040
h96_skew8,warm,k2,gpu__time_duration.min,ns,719040
h96_skew8,warm,k2,gpu__time_duration.sum,ns,719040
h96_skew8,warm,k2,gr__workids_granted.avg,,0
h96_skew8,warm,k2,gr__workids_granted.max,,0
h96_skew8,warm,k2,gr__workids_granted.min,,0
h96_skew8,warm,k2,gr__workids_granted.sum,,0
h96_skew8,warm,k2,gr__workids_granted_as_ctas.avg,block,0
h96_skew8,warm,k2,gr__workids_granted_as_ctas.max,block,0
h96_skew8,warm,k2,gr__workids_granted_as_ctas.min,block,0
h96_skew8,warm,k2,gr__workids_granted_as_ctas.sum,block,0
h96_skew8,warm,k2,gr__workids_requested.avg,,0
h96_skew8,warm,k2,gr__workids_requested.max,,0
h96_skew8,warm,k2,gr__workids_requested.min,,0
h96_skew8,warm,k2,gr__workids_requested.sum,,0
h96_skew8,warm,k2,l1tex__data_bank_conflicts_pipe_lsu_mem_shared_op_ld.avg,,18048.51
h96_skew8,warm,k2,l1tex__data_bank_conflicts_pipe_lsu_mem_shared_op_ld.max,,38109
h96_skew8,warm,k2,l1tex__data_bank_conflicts_pipe_lsu_mem_shared_op_ld.min,,10879
h96_skew8,warm,k2,l1tex__data_bank_conflicts_pipe_lsu_mem_shared_op_ld.sum,,2671179
h96_skew8,warm,k2,l1tex__data_bank_conflicts_pipe_lsu_mem_shared_op_st.avg,,40719.57
h96_skew8,warm,k2,l1tex__data_bank_conflicts_pipe_lsu_mem_shared_op_st.max,,85189
h96_skew8,warm,k2,l1tex__data_bank_conflicts_pipe_lsu_mem_shared_op_st.min,,21274
h96_skew8,warm,k2,l1tex__data_bank_conflicts_pipe_lsu_mem_shared_op_st.sum,,6026496
h96_skew8,warm,k2,l1tex__throughput.avg.pct_of_peak_sustained_elapsed,%,38.35
h96_skew8,warm,k2,l1tex__throughput.max.pct_of_peak_sustained_elapsed,%,81.26
h96_skew8,warm,k2,l1tex__throughput.min.pct_of_peak_sustained_elapsed,%,22.14
h96_skew8,warm,k2,l1tex__throughput.sum.pct_of_peak_sustained_elapsed,%,38.35
h96_skew8,warm,k2,launch__barrier_count,,9
h96_skew8,warm,k2,launch__block_dim_x,block,192
h96_skew8,warm,k2,launch__block_dim_y,block,1
h96_skew8,warm,k2,launch__block_dim_z,block,1
h96_skew8,warm,k2,launch__block_size,,192
h96_skew8,warm,k2,launch__cluster_dim_x,,0
h96_skew8,warm,k2,launch__cluster_dim_y,,0
h96_skew8,warm,k2,launch__cluster_dim_z,,0
h96_skew8,warm,k2,launch__cluster_max_active,cluster,0
h96_skew8,warm,k2,launch__cluster_max_potential_size,block,8
h96_skew8,warm,k2,launch__cluster_scheduling_policy,,PolicySpread
h96_skew8,warm,k2,launch__cluster_size,,0
h96_skew8,warm,k2,launch__context_id,,1
h96_skew8,warm,k2,launch__device_id,,0
h96_skew8,warm,k2,launch__func_cache_config,,CachePreferNone
h96_skew8,warm,k2,launch__function_pcs,,1
h96_skew8,warm,k2,launch__grid_dim_x,,8
h96_skew8,warm,k2,launch__grid_dim_y,,96
h96_skew8,warm,k2,launch__grid_dim_z,,1
h96_skew8,warm,k2,launch__grid_size,,768
h96_skew8,warm,k2,launch__occupancy_cluster_gpu_pct,%,0
h96_skew8,warm,k2,launch__occupancy_cluster_pct,%,0
h96_skew8,warm,k2,launch__occupancy_limit_barriers,block,7
h96_skew8,warm,k2,launch__occupancy_limit_blocks,block,32
h96_skew8,warm,k2,launch__occupancy_limit_registers,block,4
h96_skew8,warm,k2,launch__occupancy_limit_shared_mem,block,2
h96_skew8,warm,k2,launch__occupancy_limit_warps,block,10
h96_skew8,warm,k2,launch__occupancy_per_barrier_count,,588
h96_skew8,warm,k2,launch__occupancy_per_block_size,,758
h96_skew8,warm,k2,launch__occupancy_per_cluster_size,,0
h96_skew8,warm,k2,launch__occupancy_per_register_count,,2556
h96_skew8,warm,k2,launch__occupancy_per_shared_mem_size,,5292
h96_skew8,warm,k2,launch__persisting_l2_cache_size,byte,24870912
h96_skew8,warm,k2,launch__preferred_cluster_dim_x,,0
h96_skew8,warm,k2,launch__preferred_cluster_dim_y,,0
h96_skew8,warm,k2,launch__preferred_cluster_dim_z,,0
h96_skew8,warm,k2,launch__preferred_cluster_size,,0
h96_skew8,warm,k2,launch__registers_per_thread,register/thread,73
h96_skew8,warm,k2,launch__registers_per_thread_allocated,register/thread,80
h96_skew8,warm,k2,launch__shared_mem_config_size,byte,200704
h96_skew8,warm,k2,launch__shared_mem_per_block,byte/block,99456
h96_skew8,warm,k2,launch__shared_mem_per_block_allocated,byte/block,99456
h96_skew8,warm,k2,launch__shared_mem_per_block_driver,byte/block,1024
h96_skew8,warm,k2,launch__shared_mem_per_block_dynamic,byte/block,98432
h96_skew8,warm,k2,launch__shared_mem_per_block_static,byte/block,0
h96_skew8,warm,k2,launch__sm_count,SM,148
h96_skew8,warm,k2,launch__stack_size,,1024
h96_skew8,warm,k2,launch__stream_id,,7
h96_skew8,warm,k2,launch__thread_count,thread,147456
h96_skew8,warm,k2,launch__tpc_count,,74
h96_skew8,warm,k2,launch__tpc_enabled,,all
h96_skew8,warm,k2,launch__uses_cdp,,0
h96_skew8,warm,k2,launch__uses_green_context,,0
h96_skew8,warm,k2,launch__uses_mps,,0
h96_skew8,warm,k2,launch__uses_nvlink_centric_scheduling,,0
h96_skew8,warm,k2,launch__uses_vgpu,,0
h96_skew8,warm,k2,launch__waves_per_multiprocessor,,2.59
h96_skew8,warm,k2,lts__t_sector_hit_rate.pct,%,52.35
h96_skew8,warm,k2,lts__t_sectors.avg,sector,574018.96
h96_skew8,warm,k2,lts__t_sectors.max,sector,602596
h96_skew8,warm,k2,lts__t_sectors.min,sector,286828
h96_skew8,warm,k2,lts__t_sectors.sum,sector,105619488
h96_skew8,warm,k2,lts__throughput.avg.pct_of_peak_sustained_elapsed,%,29.68
h96_skew8,warm,k2,lts__throughput.max.pct_of_peak_sustained_elapsed,%,31.31
h96_skew8,warm,k2,lts__throughput.min.pct_of_peak_sustained_elapsed,%,14.78
h96_skew8,warm,k2,lts__throughput.sum.pct_of_peak_sustained_elapsed,%,29.68
h96_skew8,warm,k2,numa__cpu_affinity,,1
h96_skew8,warm,k2,numa__dev_display_name_all,,1
h96_skew8,warm,k2,numa__id_cpu,,1
h96_skew8,warm,k2,numa__id_memory,,1
h96_skew8,warm,k2,nvlink__bandwidth,,0
h96_skew8,warm,k2,nvlink__count_logical,,0
h96_skew8,warm,k2,nvlink__count_physical,,0
h96_skew8,warm,k2,nvlink__destination_ports,,0
h96_skew8,warm,k2,nvlink__dev0Id,,0
h96_skew8,warm,k2,nvlink__dev0type,,0
h96_skew8,warm,k2,nvlink__dev1Id,,0
h96_skew8,warm,k2,nvlink__dev1type,,0
h96_skew8,warm,k2,nvlink__dev_display_name_all,,1
h96_skew8,warm,k2,nvlink__enabled_mask,,262143
h96_skew8,warm,k2,nvlink__is_direct_link,,0
h96_skew8,warm,k2,nvlink__is_nvswitch_connected,,0
h96_skew8,warm,k2,nvlink__max_count,,18
h96_skew8,warm,k2,nvlink__peer_access,,0
h96_skew8,warm,k2,nvlink__peer_atomic,,0
h96_skew8,warm,k2,nvlink__source_ports,,0
h96_skew8,warm,k2,nvlink__system_access,,0
h96_skew8,warm,k2,nvlink__system_atomic,,0
h96_skew8,warm,k2,profiler__perfworks_session_reuse,,1
h96_skew8,warm,k2,profiler__replayer_passes,pass,15
h96_skew8,warm,k2,profiler__replayer_passes_type_warmup,pass,0
h96_skew8,warm,k2,sm__cycles_active.avg,cycle,744585.30
h96_skew8,warm,k2,sm__cycles_active.avg.pct_of_peak_sustained_elapsed,%,54.26
h96_skew8,warm,k2,sm__cycles_active.max,cycle,1357388
h96_skew8,warm,k2,sm__cycles_active.max.pct_of_peak_sustained_elapsed,%,98.92
h96_skew8,warm,k2,sm__cycles_active.min,cycle,394418
h96_skew8,warm,k2,sm__cycles_active.min.pct_of_peak_sustained_elapsed,%,28.74
h96_skew8,warm,k2,sm__cycles_active.sum,cycle,110198624
h96_skew8,warm,k2,sm__cycles_active.sum.pct_of_peak_sustained_elapsed,%,54.26
h96_skew8,warm,k2,sm__inst_executed_pipe_adu.avg.pct_of_peak_sustained_elapsed,%,2.46
h96_skew8,warm,k2,sm__inst_executed_pipe_adu.max.pct_of_peak_sustained_elapsed,%,5.34
h96_skew8,warm,k2,sm__inst_executed_pipe_adu.min.pct_of_peak_sustained_elapsed,%,1.51
h96_skew8,warm,k2,sm__inst_executed_pipe_adu.sum.pct_of_peak_sustained_elapsed,%,2.46
h96_skew8,warm,k2,sm__inst_executed_pipe_alu.avg.pct_of_peak_sustained_elapsed,%,14.03
h96_skew8,warm,k2,sm__inst_executed_pipe_alu.max.pct_of_peak_sustained_elapsed,%,29.67
h96_skew8,warm,k2,sm__inst_executed_pipe_alu.min.pct_of_peak_sustained_elapsed,%,8.16
h96_skew8,warm,k2,sm__inst_executed_pipe_alu.sum.pct_of_peak_sustained_elapsed,%,14.03
h96_skew8,warm,k2,sm__inst_executed_pipe_fma.avg.pct_of_peak_sustained_elapsed,%,5.93
h96_skew8,warm,k2,sm__inst_executed_pipe_fma.max.pct_of_peak_sustained_elapsed,%,12.57
h96_skew8,warm,k2,sm__inst_executed_pipe_fma.min.pct_of_peak_sustained_elapsed,%,3.44
h96_skew8,warm,k2,sm__inst_executed_pipe_fma.sum.pct_of_peak_sustained_elapsed,%,5.93
h96_skew8,warm,k2,sm__inst_executed_pipe_lsu.avg.pct_of_peak_sustained_elapsed,%,11.16
h96_skew8,warm,k2,sm__inst_executed_pipe_lsu.max.pct_of_peak_sustained_elapsed,%,23.63
h96_skew8,warm,k2,sm__inst_executed_pipe_lsu.min.pct_of_peak_sustained_elapsed,%,6.47
h96_skew8,warm,k2,sm__inst_executed_pipe_lsu.sum.pct_of_peak_sustained_elapsed,%,11.16
h96_skew8,warm,k2,sm__inst_executed_pipe_xu.avg.pct_of_peak_sustained_elapsed,%,0.19
h96_skew8,warm,k2,sm__inst_executed_pipe_xu.max.pct_of_peak_sustained_elapsed,%,0.39
h96_skew8,warm,k2,sm__inst_executed_pipe_xu.min.pct_of_peak_sustained_elapsed,%,0.11
h96_skew8,warm,k2,sm__inst_executed_pipe_xu.sum.pct_of_peak_sustained_elapsed,%,0.19
h96_skew8,warm,k2,sm__issue_active.avg.pct_of_peak_sustained_elapsed,%,21.45
h96_skew8,warm,k2,sm__issue_active.max.pct_of_peak_sustained_elapsed,%,43.38
h96_skew8,warm,k2,sm__issue_active.min.pct_of_peak_sustained_elapsed,%,12.48
h96_skew8,warm,k2,sm__issue_active.sum.pct_of_peak_sustained_elapsed,%,21.45
h96_skew8,warm,k2,sm__maximum_warps_avg_per_active_cycle,warp,12
h96_skew8,warm,k2,sm__maximum_warps_per_active_cycle_pct,%,18.75
h96_skew8,warm,k2,sm__ops_path_tensor_op_hmma_src_bf16_dst_fp32.avg,,565890961.30
h96_skew8,warm,k2,sm__ops_path_tensor_op_hmma_src_bf16_dst_fp32.max,,1145044992
h96_skew8,warm,k2,sm__ops_path_tensor_op_hmma_src_bf16_dst_fp32.min,,327155712
h96_skew8,warm,k2,sm__ops_path_tensor_op_hmma_src_bf16_dst_fp32.sum,,83751862272
h96_skew8,warm,k2,sm__ops_path_tensor_op_hmma_src_fp16_dst_fp16.avg,,0
h96_skew8,warm,k2,sm__ops_path_tensor_op_hmma_src_fp16_dst_fp16.max,,0
h96_skew8,warm,k2,sm__ops_path_tensor_op_hmma_src_fp16_dst_fp16.min,,0
h96_skew8,warm,k2,sm__ops_path_tensor_op_hmma_src_fp16_dst_fp16.sum,,0
h96_skew8,warm,k2,sm__pipe_tensor_cycles_active.avg.pct_of_peak_sustained_active,%,37.11
h96_skew8,warm,k2,sm__pipe_tensor_cycles_active.avg.pct_of_peak_sustained_elapsed,%,20.14
h96_skew8,warm,k2,sm__pipe_tensor_cycles_active.max.pct_of_peak_sustained_active,%,78.66
h96_skew8,warm,k2,sm__pipe_tensor_cycles_active.max.pct_of_peak_sustained_elapsed,%,42.69
h96_skew8,warm,k2,sm__pipe_tensor_cycles_active.min.pct_of_peak_sustained_active,%,21.45
h96_skew8,warm,k2,sm__pipe_tensor_cycles_active.min.pct_of_peak_sustained_elapsed,%,11.64
h96_skew8,warm,k2,sm__pipe_tensor_cycles_active.sum.pct_of_peak_sustained_active,%,37.11
h96_skew8,warm,k2,sm__pipe_tensor_cycles_active.sum.pct_of_peak_sustained_elapsed,%,20.14
h96_skew8,warm,k2,sm__throughput.avg.pct_of_peak_sustained_elapsed,%,21.45
h96_skew8,warm,k2,sm__throughput.max.pct_of_peak_sustained_elapsed,%,45.31
h96_skew8,warm,k2,sm__throughput.min.pct_of_peak_sustained_elapsed,%,12.48
h96_skew8,warm,k2,sm__throughput.sum.pct_of_peak_sustained_elapsed,%,21.45
h96_skew8,warm,k2,sm__warps_active.avg.pct_of_peak_sustained_active,%,14.81
h96_skew8,warm,k2,sm__warps_active.avg.per_cycle_active,warp,9.48
h96_skew8,warm,k2,sm__warps_active.max.pct_of_peak_sustained_active,%,32.07
h96_skew8,warm,k2,sm__warps_active.max.per_cycle_active,warp,20.53
h96_skew8,warm,k2,sm__warps_active.min.pct_of_peak_sustained_active,%,9.65
h96_skew8,warm,k2,sm__warps_active.min.per_cycle_active,warp,6.18
h96_skew8,warm,k2,sm__warps_active.sum.pct_of_peak_sustained_active,%,14.81
h96_skew8,warm,k2,sm__warps_active.sum.per_cycle_active,warp,1402.55
h96_skew8,warm,k2,smsp__issue_active.avg.pct_of_peak_sustained_active,%,39.74
h96_skew8,warm,k2,smsp__issue_active.max.pct_of_peak_sustained_active,%,102.24
h96_skew8,warm,k2,smsp__issue_active.min.pct_of_peak_sustained_active,%,21.19
h96_skew8,warm,k2,smsp__issue_active.sum.pct_of_peak_sustained_active,%,39.74
h96_skew8,warm,k2,smsp__maximum_warps_avg_per_active_cycle,warp,3
h96_skew8,warm,k2,smsp__warp_issue_stalled_barrier_per_warp_active.pct,%,4.47
h96_skew8,warm,k2,smsp__warp_issue_stalled_long_scoreboard_per_warp_active.pct,%,11.27
h96_skew8,warm,k2,smsp__warp_issue_stalled_math_pipe_throttle_per_warp_active.pct,%,3.15
h96_skew8,warm,k2,smsp__warp_issue_stalled_membar_per_warp_active.pct,%,0
h96_skew8,warm,k2,smsp__warp_issue_stalled_mio_throttle_per_warp_active.pct,%,3.10
h96_skew8,warm,k2,smsp__warp_issue_stalled_not_selected_per_warp_active.pct,%,4.76
h96_skew8,warm,k2,smsp__warp_issue_stalled_short_scoreboard_per_warp_active.pct,%,15.63
h96_skew8,warm,k2,smsp__warp_issue_stalled_wait_per_warp_active.pct,%,19.83
h96_skew8,warm,k2,smsp__warps_active.avg.peak_sustained,warp,16
h96_skew8,warm,k2,smsp__warps_active.max.peak_sustained,warp,16
h96_skew8,warm,k2,smsp__warps_active.min.peak_sustained,warp,16
h96_skew8,warm,k2,smsp__warps_active.sum.peak_sustained,warp,9472
h96_skew8,warm,k2,smsp__warps_eligible.avg.per_cycle_active,warp,0.51
h96_skew8,warm,k2,smsp__warps_eligible.max.per_cycle_active,warp,1.67
h96_skew8,warm,k2,smsp__warps_eligible.min.per_cycle_active,warp,0.27
h96_skew8,warm,k2,smsp__warps_eligible.sum.per_cycle_active,warp,302.00
