case,pattern,length,sequence,seed,position,method,finite,ref_rms,rmse,relative_l2,max_abs,p99_abs,worst_channel_relative,within_2pct
nominal_256,nominal,256,0,0,16,official,True,0.019424679212929254,9.406901406085057e-05,0.004842757660483645,0.0010357153030061267,0.00041237260750937157,0.006913540946113905,True
nominal_256,nominal,256,0,1,16,official,True,0.042697800369988485,0.00019307439256110933,0.004521881476049474,0.00347299871426332,0.0007893294520061852,0.00879965006532137,True
nominal_256,nominal,256,0,2,16,official,True,0.04843073842292626,0.00023364387805411955,0.004824288987993556,0.0022457491236253235,0.0009725290396418696,0.00774594837276806,True
nominal_256,nominal,256,0,0,16,bf16_checkpoint,True,0.019424679212929254,3.218774019436579e-05,0.0016570538870439272,0.0004616095077708826,0.00011764823662308523,0.0021220233580885755,True
nominal_256,nominal,256,0,1,16,bf16_checkpoint,True,0.042697800369988485,7.285240605069703e-05,0.0017062332349538003,0.00183709661783793,0.0002673989914294554,0.002398345742594679,True
nominal_256,nominal,256,0,2,16,bf16_checkpoint,True,0.04843073842292626,7.976032959518041e-05,0.0016468947654414304,0.000956807772152013,0.00031712490659987884,0.002001611126326572,True
nominal_256,nominal,256,0,0,16,fp32_checkpoint,True,0.019424679212929254,4.900676114347672e-10,2.52291225025005e-08,5.610477277206982e-09,1.81459933440431e-09,3.278741027289985e-08,True
nominal_256,nominal,256,0,1,16,fp32_checkpoint,True,0.042697800369988485,1.0893022368149032e-09,2.55119052357684e-08,2.1861215615537333e-08,4.0153742969506476e-09,3.81909359814677e-08,True
nominal_256,nominal,256,0,2,16,fp32_checkpoint,True,0.04843073842292626,1.2291529638109104e-09,2.537960402497293e-08,1.440320168688558e-08,5.210608159944564e-09,3.0749054447846877e-08,True
nominal_256,nominal,256,0,0,64,official,True,0.029662686170262575,0.00013658483133017934,0.004604600896432243,0.0018559834730036973,0.000566954367085155,0.007242819179655942,True
nominal_256,nominal,256,0,1,64,official,True,0.02644355976518939,0.00015372297694766037,0.005813248228024999,0.0018842000597964481,0.0006267161819363403,0.010015289037754048,True
nominal_256,nominal,256,0,2,64,official,True,0.06357908322600166,0.00030782985041609103,0.004841684321270604,0.0033926791028072167,0.001347259436688571,0.008333423278055667,True
nominal_256,nominal,256,0,0,64,bf16_checkpoint,True,0.029662686170262575,5.015323008771446e-05,0.0016907851770347777,0.0004819108495815183,0.0002131612673117654,0.002114814781001207,True
nominal_256,nominal,256,0,1,64,bf16_checkpoint,True,0.02644355976518939,4.4753132281798643e-05,0.0016924019564382624,0.00048690689614502847,0.00019588137120375314,0.0023278193555363097,True
nominal_256,nominal,256,0,2,64,bf16_checkpoint,True,0.06357908322600166,0.00010403343914750387,0.0016362840397949898,0.0009285871329933748,0.00042659126172207054,0.0020357913734235108,True
nominal_256,nominal,256,0,0,64,fp32_checkpoint,True,0.029662686170262575,7.524632881499428e-10,2.53673346989155e-08,7.350959285723491e-09,3.1985970549985867e-09,3.1323216809652614e-08,True
nominal_256,nominal,256,0,1,64,fp32_checkpoint,True,0.02644355976518939,6.741929468883987e-10,2.5495544203391033e-08,7.203471236172376e-09,2.93984641394629e-09,3.195420155954966e-08,True
nominal_256,nominal,256,0,2,64,fp32_checkpoint,True,0.06357908322600166,1.6302024994557073e-09,2.5640547436975475e-08,1.4833434647254506e-08,6.68805494041802e-09,3.16841621078282e-08,True
nominal_256,nominal,256,0,0,256,official,True,0.04134174251139716,0.00016197271664637167,0.003917897669691082,0.0016637586155581752,0.0006541540049593401,0.006555656107372909,True
nominal_256,nominal,256,0,1,256,official,True,0.022561299893925045,0.00011127137580621071,0.0049319576588834815,0.0017551348661599409,0.00044413618610532357,0.00773207145877405,True
nominal_256,nominal,256,0,2,256,official,True,0.06385128500110426,0.00033870593579207004,0.005304606411385649,0.00424239836013407,0.0014195776253428383,0.007843021694841086,True
nominal_256,nominal,256,0,0,256,bf16_checkpoint,True,0.04134174251139716,6.850498585139788e-05,0.0016570415683981464,0.0007895282717412799,0.00024029428177430091,0.0026884963606119035,True
nominal_256,nominal,256,0,1,256,bf16_checkpoint,True,0.022561299893925045,3.767197699101882e-05,0.0016697609254847298,0.0004681903603995785,0.00014005323624513346,0.0024867909245176686,True
nominal_256,nominal,256,0,2,256,bf16_checkpoint,True,0.06385128500110426,0.00010679307183377968,0.0016725281540055578,0.0009717365695948166,0.0004419300187987568,0.002022348981391749,True
nominal_256,nominal,256,0,0,256,fp32_checkpoint,True,0.04134174251139716,1.0446156120142085e-09,2.5267817671841652e-08,7.436701726648565e-09,3.645896945736471e-09,3.063077233337294e-08,True
nominal_256,nominal,256,0,1,256,fp32_checkpoint,True,0.022561299893925045,5.817805439157264e-10,2.5786658865005343e-08,7.4360044788335244e-09,2.2735730924317046e-09,3.602195702010238e-08,True
nominal_256,nominal,256,0,2,256,fp32_checkpoint,True,0.06385128500110426,1.5603284567144916e-09,2.443691550902236e-08,1.449570286027324e-08,6.573236816520556e-09,3.080693401543098e-08,True
nominal_8192,nominal,8192,0,0,16,official,True,0.037929779768706914,0.00023607030015114036,0.006223877427991414,0.003845809118707494,0.0010319446621317623,0.008402041521618888,True
nominal_8192,nominal,8192,0,1,16,official,True,0.030521681961141738,0.00015867305896649685,0.005198699703656872,0.0030067324834919806,0.0006278827756210245,0.0076152231828717715,True
nominal_8192,nominal,8192,0,2,16,official,True,0.0207832333919456,0.00010099475890907817,0.004859434381765544,0.001407895343280674,0.00040516754303924926,0.00885146667574711,True
nominal_8192,nominal,8192,0,0,16,bf16_checkpoint,True,0.037929779768706914,6.337514922769641e-05,0.001670854658639031,0.0009263922804309543,0.00023862717969493451,0.002300298841513506,True
nominal_8192,nominal,8192,0,1,16,bf16_checkpoint,True,0.030521681961141738,5.0536755367404455e-05,0.0016557657416044317,0.0008995175165080194,0.0002091561847284104,0.0020321474224256476,True
nominal_8192,nominal,8192,0,2,16,bf16_checkpoint,True,0.0207832333919456,3.520886211515302e-05,0.0016940993468705391,0.0004861472623572949,0.0001208302970401746,0.0020774381070286048,True
nominal_8192,nominal,8192,0,0,16,fp32_checkpoint,True,0.037929779768706914,9.714704931601882e-10,2.561234204585805e-08,1.2910990554448887e-08,3.6796225794111236e-09,3.2554681371912186e-08,True
nominal_8192,nominal,8192,0,1,16,fp32_checkpoint,True,0.030521681961141738,7.665917023746399e-10,2.51162994015407e-08,1.4012179860856122e-08,3.1979023805417398e-09,3.17954507783403e-08,True
nominal_8192,nominal,8192,0,2,16,fp32_checkpoint,True,0.0207832333919456,5.166879503802856e-10,2.4860806816543018e-08,7.124498907495891e-09,1.8364809244858507e-09,3.1502673186208996e-08,True
nominal_8192,nominal,8192,0,0,64,official,True,0.02741523193854789,0.00013007693407093677,0.0047446957356592255,0.001128189648268857,0.0005052128838528272,0.009136594406021934,True
nominal_8192,nominal,8192,0,1,64,official,True,0.05772927298003746,0.0003313850646630683,0.005740329776501081,0.0036981210498465422,0.0013737678533172122,0.009335189913482592,True
nominal_8192,nominal,8192,0,2,64,official,True,0.04721083747499838,0.00023927334875080295,0.005068186915292825,0.002931629875746966,0.0010622808397779265,0.008082731646107247,True
nominal_8192,nominal,8192,0,0,64,bf16_checkpoint,True,0.02741523193854789,4.59948443506689e-05,0.0016777112976380357,0.00048067922872840896,0.00019890212026096296,0.002062039551635334,True
nominal_8192,nominal,8192,0,1,64,bf16_checkpoint,True,0.05772927298003746,9.636498404215511e-05,0.00166925684436521,0.0009581052315200678,0.0003981542196199965,0.0020021012138226085,True
nominal_8192,nominal,8192,0,2,64,bf16_checkpoint,True,0.04721083747499838,7.917668228149704e-05,0.0016770870104438824,0.0009746201242530339,0.0003527738662519492,0.0021387607764162472,True
nominal_8192,nominal,8192,0,0,64,fp32_checkpoint,True,0.02741523193854789,7.003228873789695e-10,2.554502872522711e-08,7.148872521733907e-09,2.9867219236701107e-09,3.16804252122602e-08,True
nominal_8192,nominal,8192,0,1,64,fp32_checkpoint,True,0.05772927298003746,1.453057744333436e-09,2.5170206886823213e-08,1.4208399512494196e-08,6.082324774392412e-09,3.004418550709884e-08,True
nominal_8192,nominal,8192,0,2,64,fp32_checkpoint,True,0.04721083747499838,1.201897334098678e-09,2.545808120296894e-08,1.4644683354880783e-08,5.252329945137913e-09,3.155619475827102e-08,True
nominal_8192,nominal,8192,0,0,256,official,True,0.052993340096009,0.0002733224254243629,0.0051576750008431186,0.004679456326308062,0.0010729694215934403,0.009142692865274908,True
nominal_8192,nominal,8192,0,1,256,official,True,0.03472953091111577,0.00017501731135322206,0.005039437814497081,0.003162507476294374,0.0007184806033867413,0.008813926295347857,True
nominal_8192,nominal,8192,0,2,256,official,True,0.04066534101430452,0.00018789147118253278,0.004620432695165146,0.0023711496668825383,0.0007586327990991474,0.008265731618354663,True
nominal_8192,nominal,8192,0,0,256,bf16_checkpoint,True,0.052993340096009,8.920269906039723e-05,0.0016832813123080575,0.0009692369712738791,0.0003772346877558953,0.0019564829014371127,True
nominal_8192,nominal,8192,0,1,256,bf16_checkpoint,True,0.03472953091111577,5.7607545547261594e-05,0.0016587481614623056,0.0007437425237056261,0.00022455417063082242,0.002052052633386476,True
nominal_8192,nominal,8192,0,2,256,bf16_checkpoint,True,0.04066534101430452,6.774816302101471e-05,0.001665992742989257,0.0004850598765495928,0.00024112838321057152,0.002100385456594939,True
nominal_8192,nominal,8192,0,0,256,fp32_checkpoint,True,0.052993340096009,1.34817652717194e-09,2.5440489780969157e-08,1.4874281695220759e-08,5.845672406412651e-09,3.0372534161674833e-08,True
nominal_8192,nominal,8192,0,1,256,fp32_checkpoint,True,0.03472953091111577,8.663488852417526e-10,2.494559709024066e-08,7.4381525105859936e-09,3.4571046196585356e-09,3.013128271516071e-08,True
nominal_8192,nominal,8192,0,2,256,fp32_checkpoint,True,0.04066534101430452,1.0188896354666694e-09,2.5055479925970934e-08,7.389869716156738e-09,3.6841287789912695e-09,3.175768592838692e-08,True
nominal_8192,nominal,8192,0,0,1024,official,True,0.055946877204858095,0.00033420344010424096,0.005973585243739408,0.00837840209413987,0.001408339612326473,0.009773749072796678,True
nominal_8192,nominal,8192,0,1,1024,official,True,0.06864719065584829,0.0003280964035988387,0.004779458568722754,0.00418611032168581,0.001339087616763838,0.008265456239026713,True
nominal_8192,nominal,8192,0,2,1024,official,True,0.07242089133240881,0.00035103697604995716,0.004847178343037955,0.004082391232021976,0.0015044140418192227,0.009300010479685913,True
nominal_8192,nominal,8192,0,0,1024,bf16_checkpoint,True,0.055946877204858095,9.273930025334738e-05,0.001657631397616138,0.0009670830061036528,0.00040257864783483976,0.0020904013783178744,True
nominal_8192,nominal,8192,0,1,1024,bf16_checkpoint,True,0.06864719065584829,0.00011423243862832145,0.001664051180200622,0.0018432907335285131,0.00045049831115094835,0.0023800968665044393,True
nominal_8192,nominal,8192,0,2,1024,bf16_checkpoint,True,0.07242089133240881,0.00011779330179695725,0.0016265099701174763,0.0009763923117008799,0.00045829882448527876,0.0020861669484754305,True
nominal_8192,nominal,8192,0,0,1024,fp32_checkpoint,True,0.055946877204858095,1.4110506053985756e-09,2.5221257662546505e-08,1.5596642310988784e-08,6.219013502228866e-09,3.161964888896037e-08,True
nominal_8192,nominal,8192,0,1,1024,fp32_checkpoint,True,0.06864719065584829,1.733307761408962e-09,2.524950758871726e-08,1.7093849558058594e-08,6.899577438546079e-09,3.0328126067549824e-08,True
nominal_8192,nominal,8192,0,2,1024,fp32_checkpoint,True,0.07242089133240881,1.8608951679483994e-09,2.569555736903278e-08,1.481277916992596e-08,7.0821570116730294e-09,3.0349738705334976e-08,True
nominal_8192,nominal,8192,0,0,4096,official,True,0.06280174338185654,0.0003266038009567929,0.005200553095650986,0.0037252595299885893,0.0013915788382661528,0.010150466282602954,True
nominal_8192,nominal,8192,0,1,4096,official,True,0.02565888640274109,0.00011454729016876304,0.004464234665948955,0.0015511675727552243,0.0004504855607213075,0.007764884934218608,True
nominal_8192,nominal,8192,0,2,4096,official,True,0.04923368840154091,0.00022254386976173766,0.004520154329017781,0.002629771016272986,0.0009021331668478546,0.006436754389513287,True
nominal_8192,nominal,8192,0,0,4096,bf16_checkpoint,True,0.06280174338185654,0.00010418088965560095,0.0016588853118637925,0.0009617667598669222,0.0004279646702811779,0.002056545567928728,True
nominal_8192,nominal,8192,0,1,4096,bf16_checkpoint,True,0.02565888640274109,4.2774439868102785e-05,0.0016670419439377257,0.0004806032202240573,0.0001798238050608049,0.0020616828585497196,True
nominal_8192,nominal,8192,0,2,4096,bf16_checkpoint,True,0.04923368840154091,8.20213862924616e-05,0.001665960624837007,0.0009737563934905658,0.00035163181953670454,0.00200444377418398,True
nominal_8192,nominal,8192,0,0,4096,fp32_checkpoint,True,0.06280174338185654,1.5686984173048187e-09,2.4978580734082242e-08,1.4881730403537574e-08,6.378563137121597e-09,3.127816344768857e-08,True
nominal_8192,nominal,8192,0,1,4096,fp32_checkpoint,True,0.02565888640274109,6.537247610250302e-10,2.5477518812164588e-08,7.381207478562857e-09,2.714248409363407e-09,3.149368977106862e-08,True
nominal_8192,nominal,8192,0,2,4096,fp32_checkpoint,True,0.04923368840154091,1.2492112857910226e-09,2.5373099728029414e-08,1.4088782751553452e-08,5.251194064581637e-09,3.069358457015267e-08,True
nominal_8192,nominal,8192,0,0,8192,official,True,0.06484128110375863,0.00034434613973089573,0.005310600498159114,0.0052073280393784005,0.001491689683811209,0.009692397075794874,True
nominal_8192,nominal,8192,0,1,8192,official,True,0.04687019672028947,0.0002694983774521296,0.005749887909804045,0.0035565289516722443,0.0011701867118600095,0.009830596449446869,True
nominal_8192,nominal,8192,0,2,8192,official,True,0.08537791827030633,0.0004334632121222047,0.005076994390398007,0.00645962929953825,0.0017885874685258374,0.007845815214752631,True
nominal_8192,nominal,8192,0,0,8192,bf16_checkpoint,True,0.06484128110375863,0.000106985809278376,0.001649964458709228,0.001381289798770502,0.0004319285223740099,0.002157439434168925,True
nominal_8192,nominal,8192,0,1,8192,bf16_checkpoint,True,0.04687019672028947,7.828570550952428e-05,0.0016702662029928171,0.0009725353994803343,0.0003317305619904374,0.002156970539598697,True
nominal_8192,nominal,8192,0,2,8192,bf16_checkpoint,True,0.08537791827030633,0.00014216033339901912,0.0016650714409426073,0.000973369880480357,0.0005448578570015685,0.002047382039918853,True
nominal_8192,nominal,8192,0,0,8192,fp32_checkpoint,True,0.06484128110375863,1.6201192984233338e-09,2.4985923640694707e-08,1.9145163232536788e-08,6.651367604193492e-09,3.591537094521664e-08,True
nominal_8192,nominal,8192,0,1,8192,fp32_checkpoint,True,0.04687019672028947,1.1878147805412876e-09,2.534264551160074e-08,1.4440884432698198e-08,4.9175666874679e-09,3.3124596310627626e-08,True
nominal_8192,nominal,8192,0,2,8192,fp32_checkpoint,True,0.08537791827030633,2.171436051202708e-09,2.5433227878992615e-08,1.4899327938078244e-08,8.362845083098593e-09,2.9483809434883186e-08,True
nominal_65536,nominal,65536,0,0,16,official,True,0.016166453194397374,8.711556509672131e-05,0.005388662809905142,0.0013571713158110343,0.000364688674204036,0.009519126376492886,True
nominal_65536,nominal,65536,0,1,16,official,True,0.040469178537035626,0.00020457974836547076,0.005055198938081935,0.003263583433702366,0.000868554438365002,0.0076482925004317335,True
nominal_65536,nominal,65536,0,2,16,official,True,0.05427143645098451,0.0003067337439114361,0.005651844947727964,0.005272852040313247,0.001304910358644874,0.008635551203150947,True
nominal_65536,nominal,65536,0,0,16,bf16_checkpoint,True,0.016166453194397374,2.6597899877540772e-05,0.0016452526449498835,0.00024264825113499977,0.00010916567780021988,0.0020203089863943,True
nominal_65536,nominal,65536,0,1,16,bf16_checkpoint,True,0.040469178537035626,6.646571318757383e-05,0.0016423786098536026,0.0008960996286634382,0.00023836572791513134,0.002384908877662006,True
nominal_65536,nominal,65536,0,2,16,bf16_checkpoint,True,0.05427143645098451,9.103189399782994e-05,0.0016773444734606536,0.0013666020403132473,0.0003956010314945774,0.0021006271567470328,True
nominal_65536,nominal,65536,0,0,16,fp32_checkpoint,True,0.016166453194397374,4.1250779384268887e-10,2.5516282939887338e-08,3.5835263090255864e-09,1.677518541368106e-09,3.2178246657791266e-08,True
nominal_65536,nominal,65536,0,1,16,fp32_checkpoint,True,0.040469178537035626,1.0150265095772883e-09,2.5081470547972215e-08,9.286329372137914e-09,3.6567136180165606e-09,3.326983349936473e-08,True
nominal_65536,nominal,65536,0,2,16,fp32_checkpoint,True,0.05427143645098451,1.3654224174234886e-09,2.5159135388956875e-08,1.4891527788662984e-08,6.076640617636022e-09,3.27987137647446e-08,True
nominal_65536,nominal,65536,0,0,64,official,True,0.047939799764464296,0.00024988391139310037,0.005212452129980078,0.00253271698421198,0.0009596277880431993,0.007939295422319647,True
nominal_65536,nominal,65536,0,1,64,official,True,0.03670079105373104,0.00017907088883028043,0.0048792106025212206,0.0026147083092058487,0.0006842439460461648,0.0087677251022519,True
nominal_65536,nominal,65536,0,2,64,official,True,0.06321822270984478,0.0002700403960133244,0.00427155944026993,0.0032948990416459267,0.001087802980281947,0.006595087333333787,True
nominal_65536,nominal,65536,0,0,64,bf16_checkpoint,True,0.047939799764464296,7.984577554097724e-05,0.0016655425332035589,0.0009745737134782551,0.0003010124193920291,0.0019846089188497434,True
nominal_65536,nominal,65536,0,1,64,bf16_checkpoint,True,0.03670079105373104,6.078325425961106e-05,0.0016561837637402035,0.000893676212124106,0.00022873003380387668,0.002095401116753528,True
nominal_65536,nominal,65536,0,2,64,bf16_checkpoint,True,0.06321822270984478,0.00010549608669923478,0.0016687607176720928,0.0009709435493665541,0.0004350244920201222,0.001995159263468843,True
nominal_65536,nominal,65536,0,0,64,fp32_checkpoint,True,0.047939799764464296,1.229091115804107e-09,2.563821963885588e-08,1.0047103982113725e-08,4.9529301751616305e-09,3.116117278187067e-08,True
nominal_65536,nominal,65536,0,1,64,fp32_checkpoint,True,0.03670079105373104,9.197017836695959e-10,2.5059453958993023e-08,1.007188649149171e-08,3.5119967682628597e-09,3.008368345175291e-08,True
nominal_65536,nominal,65536,0,2,64,fp32_checkpoint,True,0.06321822270984478,1.6250307769239143e-09,2.5705100638187557e-08,1.4879365739517425e-08,6.740279609451783e-09,3.2016743848510486e-08,True
nominal_65536,nominal,65536,0,0,256,official,True,0.03453006874147223,0.00016152469504823982,0.004677798247596336,0.0021234659301334335,0.000676744958395016,0.0069256928387357725,True
nominal_65536,nominal,65536,0,1,256,official,True,0.028001945708482773,0.00014839506317566213,0.005299455427867216,0.002137322963989857,0.0006067342329147555,0.009095501414919322,True
nominal_65536,nominal,65536,0,2,256,official,True,0.013474419445096723,6.030649646062435e-05,0.004475628557234026,0.0006303622542174689,0.0002503443106720238,0.007713895564188755,True
nominal_65536,nominal,65536,0,0,256,bf16_checkpoint,True,0.03453006874147223,5.654234383550665e-05,0.0016374813574464929,0.0004822358313101849,0.00022353212805443156,0.0020139293372804594,True
nominal_65536,nominal,65536,0,1,256,bf16_checkpoint,True,0.028001945708482773,4.541166882492216e-05,0.00162173262164298,0.0007934276095030168,0.00020035251567816659,0.0020039241009475518,True
nominal_65536,nominal,65536,0,2,256,bf16_checkpoint,True,0.013474419445096723,2.2161627622086155e-05,0.001644718550761062,0.00023152980361026976,9.690461790854111e-05,0.0019479735744052863,True
nominal_65536,nominal,65536,0,0,256,fp32_checkpoint,True,0.03453006874147223,8.926259820460327e-10,2.5850686505409333e-08,7.247359712359014e-09,3.51770532397433e-09,3.080965128682238e-08,True
nominal_65536,nominal,65536,0,1,256,fp32_checkpoint,True,0.028001945708482773,7.078533719154186e-10,2.527872096048615e-08,7.34443525440831e-09,3.0150676144646837e-09,3.148357244130174e-08,True
nominal_65536,nominal,65536,0,2,256,fp32_checkpoint,True,0.013474419445096723,3.3897361943920744e-10,2.5156825555297547e-08,3.67794340816463e-09,1.5163167506326848e-09,2.9715712627310235e-08,True
nominal_65536,nominal,65536,0,0,1024,official,True,0.06637053408726289,0.0003559022265803076,0.005362352909686898,0.0039115431266547596,0.0014619974602753203,0.009905750196329095,True
nominal_65536,nominal,65536,0,1,1024,official,True,0.021257314999770197,0.00010686967829081118,0.005027430712296756,0.001157371465361337,0.0004490308506664581,0.008885681500219381,True
nominal_65536,nominal,65536,0,2,1024,official,True,0.03688765440758085,0.00017572077082390628,0.004763674287400437,0.002736872895099607,0.0007388107922593645,0.008303756020816313,True
nominal_65536,nominal,65536,0,0,1024,bf16_checkpoint,True,0.06637053408726289,0.00010665219767045042,0.001606920889475228,0.0009578072394857973,0.0004314945734809215,0.002132442726083656,True
nominal_65536,nominal,65536,0,1,1024,bf16_checkpoint,True,0.021257314999770197,3.571296110380929e-05,0.0016800316081403209,0.00048173388783842586,0.00013480835680454586,0.0020812533679246247,True
nominal_65536,nominal,65536,0,2,1024,bf16_checkpoint,True,0.03688765440758085,6.31172583687879e-05,0.001711067276639215,0.0009351222013029847,0.00023486487170541612,0.0021223641155882723,True
nominal_65536,nominal,65536,0,0,1024,fp32_checkpoint,True,0.06637053408726289,1.6674206986900373e-09,2.5122906145334614e-08,1.4868239528453842e-08,6.6354715647087835e-09,3.0748061063485114e-08,True
nominal_65536,nominal,65536,0,1,1024,fp32_checkpoint,True,0.021257314999770197,5.355463589167254e-10,2.519350910133829e-08,7.165154386479244e-09,1.929811054429687e-09,3.1949941859606955e-08,True
nominal_65536,nominal,65536,0,2,1024,fp32_checkpoint,True,0.03688765440758085,9.214087189913028e-10,2.4978783112919817e-08,1.4731744268914326e-08,3.5696026957909855e-09,3.169596993929357e-08,True
nominal_65536,nominal,65536,0,0,4096,official,True,0.034664092230659534,0.00015379980313460378,0.004436862275555903,0.0016271539175477245,0.0006006529900979472,0.006615764893058244,True
nominal_65536,nominal,65536,0,1,4096,official,True,0.04737207075007767,0.0002613305476118519,0.005516553181526764,0.003592669672037252,0.00114997539806034,0.00895710490463369,True
nominal_65536,nominal,65536,0,2,4096,official,True,0.03630728898862642,0.0001955264948050392,0.005385323450238591,0.0026389986451134384,0.0008197936112109436,0.007833451161627026,True
nominal_65536,nominal,65536,0,0,4096,bf16_checkpoint,True,0.034664092230659534,5.805862332337822e-05,0.0016748923623053024,0.0007414091587022442,0.00022361341163699842,0.002140903538528074,True
nominal_65536,nominal,65536,0,1,4096,bf16_checkpoint,True,0.04737207075007767,7.951582397685075e-05,0.0016785380651049623,0.0009526812764663051,0.0003389076666109589,0.0021367553104017964,True
nominal_65536,nominal,65536,0,2,4096,bf16_checkpoint,True,0.03630728898862642,5.9883553589585443e-05,0.001649353484044058,0.0004862232916408582,0.00023076585539500192,0.00201993613600795,True
nominal_65536,nominal,65536,0,0,4096,fp32_checkpoint,True,0.034664092230659534,8.761192320776407e-10,2.5274547109089874e-08,1.3017658839764579e-08,3.4062902544429454e-09,3.505756867720665e-08,True
nominal_65536,nominal,65536,0,1,4096,fp32_checkpoint,True,0.04737207075007767,1.2051074587186383e-09,2.543919739283642e-08,1.4368532086361796e-08,5.034149133109624e-09,3.054276388539426e-08,True
nominal_65536,nominal,65536,0,2,4096,fp32_checkpoint,True,0.03630728898862642,9.042469032783677e-10,2.4905382044956075e-08,1.2001997895527694e-08,3.5109931291466e-09,3.453150582330061e-08,True
nominal_65536,nominal,65536,0,0,8192,official,True,0.06983439051452568,0.00034151218967967396,0.004890315318333577,0.003653484927930273,0.0014264543952941435,0.008314500363913914,True
nominal_65536,nominal,65536,0,1,8192,official,True,0.026922813485253643,0.00010350138730977603,0.0038443748595022044,0.0009126551439637143,0.0004209006405361199,0.0064206217302152585,True
nominal_65536,nominal,65536,0,2,8192,official,True,0.020536733803660286,9.930928352247444e-05,0.0048356902549311145,0.0011408743773593522,0.000407518671975539,0.007007276258047515,True
nominal_65536,nominal,65536,0,0,8192,bf16_checkpoint,True,0.06983439051452568,0.00011446308168652937,0.0016390646620266678,0.0009692067874913501,0.0004519164952082278,0.0021135854717934314,True
nominal_65536,nominal,65536,0,1,8192,bf16_checkpoint,True,0.026922813485253643,4.437149661939327e-05,0.0016481002865356828,0.0004736576857241881,0.00019753493690132797,0.0024860613327275832,True
nominal_65536,nominal,65536,0,2,8192,bf16_checkpoint,True,0.020536733803660286,3.325044113492179e-05,0.0016190715355620731,0.0002440133475630213,0.00011986789598455103,0.002005173628430735,True
nominal_65536,nominal,65536,0,0,8192,fp32_checkpoint,True,0.06983439051452568,1.7507517934350355e-09,2.5070051883260525e-08,1.4832637840189733e-08,6.859294116312586e-09,3.281172362136043e-08,True
nominal_65536,nominal,65536,0,1,8192,fp32_checkpoint,True,0.026922813485253643,6.79553915935482e-10,2.5240820997690012e-08,7.448246269747827e-09,2.9247674568355646e-09,4.0436956361804094e-08,True
nominal_65536,nominal,65536,0,2,8192,fp32_checkpoint,True,0.020536733803660286,5.186353179019765e-10,2.5254031281719177e-08,6.839840221983806e-09,1.8451892548621007e-09,3.2511001905399595e-08,True
nominal_65536,nominal,65536,0,0,16384,official,True,0.03953020136943755,0.00017777630018659356,0.004497227285162272,0.003329013970519268,0.0007395572412957103,0.006871887185996845,True
nominal_65536,nominal,65536,0,1,16384,official,True,0.06972434071161958,0.0003592206501306034,0.005152012144745016,0.004905652411905159,0.0015473756930169176,0.008319009732156525,True
nominal_65536,nominal,65536,0,2,16384,official,True,0.025147169289269706,0.00016439656838608337,0.00653737868047961,0.002016976159168987,0.0006829514653443416,0.008678623474258396,True
nominal_65536,nominal,65536,0,0,16384,bf16_checkpoint,True,0.03953020136943755,6.51988511812773e-05,0.0016493427537074288,0.0007712018643944996,0.00024049094325215487,0.001956282442041488,True
nominal_65536,nominal,65536,0,1,16384,bf16_checkpoint,True,0.06972434071161958,0.00011809724359701329,0.0016937735429505805,0.0009544894307661478,0.000456041311328316,0.002023151615905914,True
nominal_65536,nominal,65536,0,2,16384,bf16_checkpoint,True,0.025147169289269706,4.212712869576644e-05,0.0016752234898160915,0.00044419478022622583,0.00018103812879014913,0.0023255134237732023,True
nominal_65536,nominal,65536,0,0,16384,fp32_checkpoint,True,0.03953020136943755,9.87723927414504e-10,2.4986564530332868e-08,1.1446986858398844e-08,3.637069652395742e-09,3.39869600500508e-08,True
nominal_65536,nominal,65536,0,1,16384,fp32_checkpoint,True,0.06972434071161958,1.7830768026354628e-09,2.5573232883051307e-08,1.4892872601812712e-08,6.968285524711071e-09,3.002593310526659e-08,True
nominal_65536,nominal,65536,0,2,16384,fp32_checkpoint,True,0.025147169289269706,6.325390945060571e-10,2.5153490924959156e-08,7.220227249415956e-09,2.7511635970756127e-09,3.5518248331502405e-08,True
nominal_65536,nominal,65536,0,0,32768,official,True,0.026608934472304283,0.00013995162991637262,0.005259572872489135,0.0022100941757005055,0.0005816511464877398,0.00914671153858067,True
nominal_65536,nominal,65536,0,1,32768,official,True,0.03437068601096796,0.0001413438737821012,0.004112337872365923,0.001712194795694344,0.0005762528373126701,0.007594049464366768,True
nominal_65536,nominal,65536,0,2,32768,official,True,0.05415066389224977,0.000222813030047443,0.00411468694992921,0.0026643060555751608,0.0009173609654361593,0.006493092538280497,True
nominal_65536,nominal,65536,0,0,32768,bf16_checkpoint,True,0.026608934472304283,4.443893911620625e-05,0.0016700758597628252,0.00047283643175671797,0.00018767240836787148,0.002037420593177942,True
nominal_65536,nominal,65536,0,1,32768,bf16_checkpoint,True,0.03437068601096796,5.7140545329174794e-05,0.0016624790471432775,0.0004819328914270893,0.00022643289358290078,0.0019846133229342654,True
nominal_65536,nominal,65536,0,2,32768,bf16_checkpoint,True,0.05415066389224977,9.032272937057596e-05,0.001667989326045978,0.0009580269206760361,0.00040170770840010454,0.002665189754459831,True
nominal_65536,nominal,65536,0,0,32768,fp32_checkpoint,True,0.026608934472304283,6.758578464375596e-10,2.5399658417026106e-08,7.21524645586058e-09,2.8290036965805677e-09,3.390508223537654e-08,True
nominal_65536,nominal,65536,0,1,32768,fp32_checkpoint,True,0.03437068601096796,8.588076242005802e-10,2.4986630290897536e-08,7.415062758253654e-09,3.448191034371995e-09,3.271602046975112e-08,True
nominal_65536,nominal,65536,0,2,32768,fp32_checkpoint,True,0.05415066389224977,1.39456590893106e-09,2.57534406541349e-08,1.4559028982397137e-08,6.1041207902179375e-09,3.936241100993838e-08,True
nominal_65536,nominal,65536,0,0,65536,official,True,0.0451874085098021,0.00023857179221672633,0.00527960775101708,0.0035128722264529677,0.0009948254976610688,0.008835358799572644,True
nominal_65536,nominal,65536,0,1,65536,official,True,0.04904265911029794,0.00025558323721063745,0.005211447377594791,0.00473422912904653,0.0010465205924383505,0.008649726966316345,True
nominal_65536,nominal,65536,0,2,65536,official,True,0.07579435950323055,0.0004013641300422373,0.005295435342060384,0.00601074851884964,0.0016869241165162227,0.007130312739647189,True
nominal_65536,nominal,65536,0,0,65536,bf16_checkpoint,True,0.0451874085098021,7.46219229165978e-05,0.0016513875297896477,0.0009578961230325977,0.0003083002275419189,0.0023074162907360377,True
nominal_65536,nominal,65536,0,1,65536,bf16_checkpoint,True,0.04904265911029794,8.204557349476613e-05,0.0016729430047878104,0.0009611036463723077,0.0003461119757736129,0.0021596149905825407,True
nominal_65536,nominal,65536,0,2,65536,bf16_checkpoint,True,0.07579435950323055,0.00012476073275813278,0.0016460424440002711,0.0018017514811503599,0.00046582302669749754,0.0020014937794291866,True
nominal_65536,nominal,65536,0,0,65536,fp32_checkpoint,True,0.0451874085098021,1.1479969145830927e-09,2.540523903542882e-08,1.4594434605275097e-08,4.308178876422099e-09,3.502729949585914e-08,True
nominal_65536,nominal,65536,0,1,65536,fp32_checkpoint,True,0.04904265911029794,1.2368882967996396e-09,2.52206613433797e-08,1.4627061173388967e-08,5.406088530168774e-09,3.1395708894460305e-08,True
nominal_65536,nominal,65536,0,2,65536,fp32_checkpoint,True,0.07579435950323055,1.957783599091322e-09,2.5830201771252865e-08,2.227887985206678e-08,7.195342326682397e-09,3.1801572736873836e-08,True
weak_256,weak,256,0,0,16,official,True,0.2348591601626153,0.0011888196599776678,0.005061840718303409,0.006135106246963451,0.003580595145243511,0.00817584705527919,True
weak_256,weak,256,0,1,16,official,True,0.19593507939145963,0.0008801020903608406,0.0044918045971874205,0.0053899271698224505,0.002712924415342368,0.007630053469778354,True
weak_256,weak,256,0,2,16,official,True,0.20615194398762005,0.0010137040856481503,0.004917266682234274,0.01096547051736696,0.003041043353288692,0.008119383303995165,True
weak_256,weak,256,0,0,16,bf16_checkpoint,True,0.2348591601626153,0.00038615151270322796,0.0016441833158044959,0.0019505774544085197,0.0013813259894263233,0.002052244401773225,True
weak_256,weak,256,0,1,16,bf16_checkpoint,True,0.19593507939145963,0.0003209255664181639,0.0016379178624619086,0.001912908501556898,0.0009545901912244231,0.0019417463787207326,True
weak_256,weak,256,0,2,16,bf16_checkpoint,True,0.20615194398762005,0.0003429819506639824,0.001663733768547821,0.0031529705173669598,0.0009735771631026791,0.0020500110709940522,True
weak_256,weak,256,0,0,16,fp32_checkpoint,True,0.2348591601626153,5.969675440979581e-09,2.541810775805469e-08,2.973946711115616e-08,2.2851537792023537e-08,3.09118627732272e-08,True
weak_256,weak,256,0,1,16,fp32_checkpoint,True,0.19593507939145963,4.939184026611043e-09,2.520826817714976e-08,2.9785227506629042e-08,1.4600966927735826e-08,3.113896562772854e-08,True
weak_256,weak,256,0,2,16,fp32_checkpoint,True,0.20615194398762005,5.18645593056937e-09,2.5158413887578137e-08,2.9785395816439575e-08,1.48351503009847e-08,3.2475505671690904e-08,True
weak_256,weak,256,0,0,64,official,True,0.3764484519441862,0.0020941548545926236,0.00556292592990424,0.011338335777494546,0.00574968651668014,0.007105924025392539,True
weak_256,weak,256,0,1,64,official,True,0.324613357555431,0.0018417401539644446,0.005673642538415718,0.009328842236212553,0.005105862413549685,0.007649851401296803,True
weak_256,weak,256,0,2,64,official,True,0.3481052988021281,0.0020560303822995465,0.0059063461239302955,0.010745131910470329,0.005575678924314801,0.008514273082173866,True
weak_256,weak,256,0,0,64,bf16_checkpoint,True,0.3764484519441862,0.0009541330973707242,0.0025345650711088275,0.0068158660182706665,0.00306191933637472,0.0037544907144086495,True
weak_256,weak,256,0,1,64,bf16_checkpoint,True,0.324613357555431,0.0008232487250586246,0.0025360901081159194,0.005473147799172073,0.002716853690538742,0.0032291479776011193,True
weak_256,weak,256,0,2,64,bf16_checkpoint,True,0.3481052988021281,0.0008762195973199563,0.0025171107717553644,0.0068029685063009104,0.0029049388245397235,0.0031534639170795868,True
weak_256,weak,256,0,0,64,fp32_checkpoint,True,0.3764484519441862,1.4659513278356381e-08,3.8941621894436326e-08,1.0771739900050648e-07,4.6640084200300084e-08,5.463295067031487e-08,True
weak_256,weak,256,0,1,64,fp32_checkpoint,True,0.324613357555431,1.2487149085147506e-08,3.846776109025396e-08,8.495200165548056e-08,4.197161579566623e-08,4.687287815375938e-08,True
weak_256,weak,256,0,2,64,fp32_checkpoint,True,0.3481052988021281,1.324804940047811e-08,3.805759190126157e-08,1.0859827437315062e-07,4.294865574516749e-08,4.923186975844304e-08,True
weak_256,weak,256,0,0,256,official,True,0.48743723855219145,0.003399055674356002,0.006973319651268404,0.017330629270800424,0.009238517642349202,0.009579390493410191,True
weak_256,weak,256,0,1,256,official,True,0.47865668219277796,0.00324671846173594,0.006782979497669127,0.015029305533333037,0.008775561241838334,0.008553579345342299,True
weak_256,weak,256,0,2,256,official,True,0.48767789644260007,0.0033731016862835568,0.0069166589482297204,0.01662898816520597,0.009023198356672375,0.009036723263208594,True
weak_256,weak,256,0,0,256,bf16_checkpoint,True,0.48743723855219145,0.0020192078633648656,0.004142498159070509,0.0125586914352529,0.006524464463446922,0.0052494121127454685,True
weak_256,weak,256,0,1,256,bf16_checkpoint,True,0.47865668219277796,0.0019258707221211102,0.004023490726795014,0.012426325365897717,0.006124440423192486,0.005228427833533844,True
weak_256,weak,256,0,2,256,bf16_checkpoint,True,0.48767789644260007,0.00195562660722477,0.004010078417517428,0.012817044009930001,0.006302300078806719,0.005289746359690249,True
weak_256,weak,256,0,0,256,fp32_checkpoint,True,0.48743723855219145,3.0654944488831516e-08,6.289003396598143e-08,2.3119965719686775e-07,9.773367027565705e-08,8.307869679269056e-08,True
weak_256,weak,256,0,1,256,fp32_checkpoint,True,0.47865668219277796,2.9165145171293236e-08,6.093123998120021e-08,1.9641108772727733e-07,9.160069365021785e-08,7.82784136043516e-08,True
weak_256,weak,256,0,2,256,fp32_checkpoint,True,0.48767789644260007,2.993162636464051e-08,6.137581092556956e-08,2.0127635758093732e-07,9.596154568525251e-08,8.26228180890148e-08,True
weak_8192,weak,8192,0,0,16,official,True,0.21144070465662743,0.0010387751076087286,0.004912843576148993,0.007101422188154793,0.00306384533215632,0.007941950165584645,True
weak_8192,weak,8192,0,1,16,official,True,0.21135324056452648,0.0010644685944846588,0.005036443215355739,0.011563864917736755,0.003214153245800573,0.008040014947619857,True
weak_8192,weak,8192,0,2,16,official,True,0.17530173860371454,0.0007533931677933157,0.004297693644079761,0.006662405553777617,0.002282762192270714,0.006439011470656896,True
weak_8192,weak,8192,0,0,16,bf16_checkpoint,True,0.21144070465662743,0.00035040038905373287,0.0016572040356315086,0.001952900022186066,0.000986816617563089,0.0019388888496244107,True
weak_8192,weak,8192,0,1,16,bf16_checkpoint,True,0.21135324056452648,0.000351783059299973,0.0016644318221019805,0.0037513649177367547,0.00097602539298347,0.001985751665917685,True
weak_8192,weak,8192,0,2,16,bf16_checkpoint,True,0.17530173860371454,0.0002939713793333525,0.0016769450301796576,0.0019383925457522322,0.0009416804920737394,0.0020076441939657582,True
weak_8192,weak,8192,0,0,16,fp32_checkpoint,True,0.21144070465662743,5.357262634361107e-09,2.5336950342939508e-08,2.969209955683283e-08,1.6144526320260865e-08,3.096606702361039e-08,True
weak_8192,weak,8192,0,1,16,fp32_checkpoint,True,0.21135324056452648,5.3252180510759615e-09,2.5195819268501654e-08,3.2215136780422426e-08,1.5029172280023326e-08,3.158285921982699e-08,True
weak_8192,weak,8192,0,2,16,fp32_checkpoint,True,0.17530173860371454,4.400392349815962e-09,2.5101818070175833e-08,2.9469380824487246e-08,1.421436009840793e-08,3.2467050329969855e-08,True
weak_8192,weak,8192,0,0,64,official,True,0.3464092942019065,0.002001571863621487,0.005778054737916068,0.00884409461740776,0.005395790550202842,0.00797398160507823,True
weak_8192,weak,8192,0,1,64,official,True,0.35079929218618827,0.002066016562005953,0.00588945476238135,0.01165390691151691,0.005671703983841566,0.007808984534043049,True
weak_8192,weak,8192,0,2,64,official,True,0.34494935544741584,0.0019866424618025214,0.005759229377964052,0.010569214566442442,0.005435960303560825,0.008011880257345245,True
weak_8192,weak,8192,0,0,64,bf16_checkpoint,True,0.3464092942019065,0.0009010157964130225,0.0026010150752129087,0.00665947921797283,0.002960206210941784,0.003363514842681731,True
weak_8192,weak,8192,0,1,64,bf16_checkpoint,True,0.35079929218618827,0.0009047806676992046,0.002579197529335345,0.007091313082861372,0.0029707006575583187,0.0033290072997882096,True
weak_8192,weak,8192,0,2,64,bf16_checkpoint,True,0.34494935544741584,0.0008620537973964881,0.0024990735126272754,0.0067706698754588235,0.002820500485030559,0.003133575633941302,True
weak_8192,weak,8192,0,0,64,fp32_checkpoint,True,0.3464092942019065,1.3779793555082402e-08,3.977893718709168e-08,1.1058261573104744e-07,4.4733424603426997e-08,5.115779510700237e-08,True
weak_8192,weak,8192,0,1,64,fp32_checkpoint,True,0.35079929218618827,1.3754211215593818e-08,3.9208206863466845e-08,9.50957618206516e-08,4.579076080535317e-08,4.956546718039313e-08,True
weak_8192,weak,8192,0,2,64,fp32_checkpoint,True,0.34494935544741584,1.3092287512161193e-08,3.795423097741368e-08,9.492426356061401e-08,4.362332993834706e-08,5.283424972695931e-08,True
weak_8192,weak,8192,0,0,256,official,True,0.4614474424409302,0.003213176400468112,0.006963255410998253,0.015993398024812144,0.008685837435906884,0.008606552960744468,True
weak_8192,weak,8192,0,1,256,official,True,0.4755397205196075,0.0032818709060805137,0.006901360211286903,0.01808291656374128,0.008755480544928767,0.009008413698880561,True
weak_8192,weak,8192,0,2,256,official,True,0.48414838592773524,0.0033663213697057506,0.006953077749614171,0.017870500158663205,0.009114224091783025,0.008952941922019293,True
weak_8192,weak,8192,0,0,256,bf16_checkpoint,True,0.4614474424409302,0.0018915390189009724,0.004099142924913075,0.014231290442090594,0.006081805070214621,0.005440830160998793,True
weak_8192,weak,8192,0,1,256,bf16_checkpoint,True,0.4755397205196075,0.001899778635797592,0.003994994642554281,0.01268788408439625,0.006015225106727186,0.0051339939007979465,True
weak_8192,weak,8192,0,2,256,bf16_checkpoint,True,0.48414838592773524,0.001957561959692134,0.0040433098954590395,0.014570890275892423,0.0061552285985219425,0.005262691386773595,True
weak_8192,weak,8192,0,0,256,fp32_checkpoint,True,0.4614474424409302,2.835536568228761e-08,6.144874383157378e-08,2.3594489251266282e-07,8.911623097240807e-08,7.896281611253357e-08,True
weak_8192,weak,8192,0,1,256,fp32_checkpoint,True,0.4755397205196075,2.8869571115714367e-08,6.070906355450073e-08,1.744642066370261e-07,9.045115487160693e-08,7.859148696367328e-08,True
weak_8192,weak,8192,0,2,256,fp32_checkpoint,True,0.48414838592773524,2.9789341280427197e-08,6.15293619606812e-08,1.849194466441162e-07,9.624826720733281e-08,7.72281417493889e-08,True
weak_8192,weak,8192,0,0,1024,official,True,0.5188227705933424,0.003764717572595899,0.007256268972717692,0.017614180468005003,0.010074920329961807,0.008938887365766854,True
weak_8192,weak,8192,0,1,1024,official,True,0.5067294139931363,0.0038015231963989815,0.0075020772258751756,0.016291424256207776,0.010150619930645383,0.01000321538495085,True
weak_8192,weak,8192,0,2,1024,official,True,0.4993218921965534,0.0036624174486100817,0.007334782443643399,0.017065077661544414,0.009738667272737018,0.00874777197354581,True
weak_8192,weak,8192,0,0,1024,bf16_checkpoint,True,0.5188227705933424,0.0023557112149974243,0.004540493109628472,0.01884100097768515,0.007231155877353754,0.00588912193766607,True
weak_8192,weak,8192,0,1,1024,bf16_checkpoint,True,0.5067294139931363,0.0023018240867415697,0.004542511295333545,0.015242538806905293,0.007017230943955028,0.005964345837446056,True
weak_8192,weak,8192,0,2,1024,bf16_checkpoint,True,0.4993218921965534,0.0022758749100673737,0.004557931357777313,0.017065077661544414,0.006992095537879536,0.0060486283696059625,True
weak_8192,weak,8192,0,0,1024,fp32_checkpoint,True,0.5188227705933424,3.554878859911356e-08,6.851817347657819e-08,2.2446350844695928e-07,1.0967193504296536e-07,8.316837401535945e-08,True
weak_8192,weak,8192,0,1,1024,fp32_checkpoint,True,0.5067294139931363,3.556752064139721e-08,7.019036128397901e-08,2.1683012096929133e-07,1.0777097350034294e-07,8.606512430773473e-08,True
weak_8192,weak,8192,0,2,1024,fp32_checkpoint,True,0.4993218921965534,3.497467368856154e-08,7.004434260774227e-08,2.3343091481997646e-07,1.0805318251427832e-07,9.749972757525985e-08,True
weak_8192,weak,8192,0,0,4096,official,True,0.510317692697015,0.003791260404997142,0.007429216073149326,0.021056822678352183,0.010357633791559726,0.009742320353451135,True
weak_8192,weak,8192,0,1,4096,official,True,0.5151380802148577,0.003825539886148006,0.007426241687573204,0.018761257429376066,0.010334723740792891,0.00901148004603713,True
weak_8192,weak,8192,0,2,4096,official,True,0.5012167985755615,0.003836511192232926,0.007654394671399963,0.01672620489135035,0.010294710048391867,0.00975513779932936,True
weak_8192,weak,8192,0,0,4096,bf16_checkpoint,True,0.510317692697015,0.0023698681779765816,0.004643907534249682,0.014738874788994716,0.00735459303966246,0.006143350607408516,True
weak_8192,weak,8192,0,1,4096,bf16_checkpoint,True,0.5151380802148577,0.0023127746761953697,0.0044896208706425664,0.01633728367213716,0.006903485030847093,0.005503238942746607,True
weak_8192,weak,8192,0,2,4096,bf16_checkpoint,True,0.5012167985755615,0.002321737768875861,0.004632202622645827,0.014131997193062684,0.007121583031820437,0.005718274136592984,True
weak_8192,weak,8192,0,0,4096,fp32_checkpoint,True,0.510317692697015,3.5788871258145545e-08,7.013057115265266e-08,2.420538924852167e-07,1.1218384514233296e-07,9.042728207673913e-08,True
weak_8192,weak,8192,0,1,4096,fp32_checkpoint,True,0.5151380802148577,3.556853653832272e-08,6.904660692816094e-08,2.6183835788451404e-07,1.096556804591753e-07,8.840349131720419e-08,True
weak_8192,weak,8192,0,2,4096,fp32_checkpoint,True,0.5012167985755615,3.496708789771117e-08,6.976439735676512e-08,2.4722981639691e-07,1.0532382399452979e-07,8.682388864718752e-08,True
weak_8192,weak,8192,0,0,8192,official,True,0.5009559563119403,0.0037106848258736907,0.007407207717804005,0.01680682918473131,0.010027120962033849,0.00930186251904839,True
weak_8192,weak,8192,0,1,8192,official,True,0.5157950741250008,0.003777695476493425,0.007324023950600808,0.01876491086326365,0.010091210552106955,0.009141432010116388,True
weak_8192,weak,8192,0,2,8192,official,True,0.5062797520312265,0.003706462438129487,0.007320977035441224,0.021619106790460307,0.009821391735443958,0.009247674662311786,True
weak_8192,weak,8192,0,0,8192,bf16_checkpoint,True,0.5009559563119403,0.0023118827375424285,0.004614942109008166,0.016455991077027887,0.007042350153412662,0.006070935221449986,True
weak_8192,weak,8192,0,1,8192,bf16_checkpoint,True,0.5157950741250008,0.002366177531183992,0.004587437239872823,0.015401308222553256,0.007310841002310587,0.005924410124711946,True
weak_8192,weak,8192,0,2,8192,bf16_checkpoint,True,0.5062797520312265,0.002263115795289572,0.004470089483550957,0.014453604729766534,0.006948846703047103,0.005979926627051682,True
weak_8192,weak,8192,0,0,8192,fp32_checkpoint,True,0.5009559563119403,3.552481284939422e-08,7.091404424239098e-08,2.4208239235434803e-07,1.0967676424278319e-07,8.865916891808747e-08,True
weak_8192,weak,8192,0,1,8192,fp32_checkpoint,True,0.5157950741250008,3.621875416184545e-08,7.021927113842112e-08,2.902676035088092e-07,1.1134545069513281e-07,9.565595049717443e-08,True
weak_8192,weak,8192,0,2,8192,fp32_checkpoint,True,0.5062797520312265,3.5433083826071026e-08,6.998716358675464e-08,2.508642555909546e-07,1.0905420946727419e-07,8.965072341017434e-08,True
weak_65536,weak,65536,0,0,16,official,True,0.1947175535157827,0.000883604663536734,0.004537878827987195,0.005094317204185628,0.002635822323839185,0.007861435541556067,True
weak_65536,weak,65536,0,1,16,official,True,0.19323580736362023,0.0008942240447034663,0.0046276311668301,0.009046017728877587,0.0026668483185877247,0.007391936336731661,True
weak_65536,weak,65536,0,2,16,official,True,0.2313959440493292,0.0012593205437247171,0.005442275787929342,0.009621884517870494,0.003758053479975312,0.008127991820353748,True
weak_65536,weak,65536,0,0,16,bf16_checkpoint,True,0.1947175535157827,0.0003218750338174142,0.0016530355276435046,0.001952230915060249,0.0009557657896822974,0.0019586800395665124,True
weak_65536,weak,65536,0,1,16,bf16_checkpoint,True,0.19323580736362023,0.0003202699094840616,0.0016574045662323639,0.001947623108014107,0.0009508626494346046,0.002101721620737515,True
weak_65536,weak,65536,0,2,16,bf16_checkpoint,True,0.2313959440493292,0.00038149362078198257,0.0016486616580481438,0.0019423185643228091,0.001360416239913296,0.0019059624299641682,True
weak_65536,weak,65536,0,0,16,fp32_checkpoint,True,0.1947175535157827,4.955786214497201e-09,2.545115283659063e-08,2.971488644032405e-08,1.4603976534743879e-08,3.1246470942413686e-08,True
weak_65536,weak,65536,0,1,16,fp32_checkpoint,True,0.19323580736362023,4.898431772067746e-09,2.534950348436278e-08,2.9793564837454767e-08,1.4566643299351867e-08,3.0152412872780773e-08,True
weak_65536,weak,65536,0,2,16,fp32_checkpoint,True,0.2313959440493292,5.868956594987636e-09,2.5363264767235877e-08,4.89390050706362e-08,2.1302338335527088e-08,3.0357330966206656e-08,True
weak_65536,weak,65536,0,0,64,official,True,0.32561225553957235,0.0018439503272771685,0.005663024950401688,0.008560831395127089,0.005168853276580185,0.006997035407017332,True
weak_65536,weak,65536,0,1,64,official,True,0.32741126495434786,0.0019027119780285979,0.00581138214133805,0.009301963634028354,0.005174795136260782,0.0072147785561927965,True
weak_65536,weak,65536,0,2,64,official,True,0.3436812490281343,0.0020038139333791406,0.0058304430021874866,0.009597348855364674,0.00552698930190332,0.008125389096104904,True
weak_65536,weak,65536,0,0,64,bf16_checkpoint,True,0.32561225553957235,0.0008480339263164526,0.002604428770382659,0.009133195901859237,0.0027001338836258482,0.003589148583659928,True
weak_65536,weak,65536,0,1,64,bf16_checkpoint,True,0.32741126495434786,0.0008116413505112552,0.002478965867666237,0.005974526508461864,0.002622124659765804,0.003208307846295945,True
weak_65536,weak,65536,0,2,64,bf16_checkpoint,True,0.3436812490281343,0.0009130168965259986,0.0026565804771364106,0.006557761739607537,0.0030068548038820818,0.003415877020587375,True
weak_65536,weak,65536,0,0,64,fp32_checkpoint,True,0.32561225553957235,1.2854676013000964e-08,3.9478477220396604e-08,1.4465352471404458e-07,4.25619668620314e-08,5.00054013289656e-08,True
weak_65536,weak,65536,0,1,64,fp32_checkpoint,True,0.32741126495434786,1.2388933710631309e-08,3.783905759124917e-08,8.477503987691648e-08,3.973282287517144e-08,4.9046837723614225e-08,True
weak_65536,weak,65536,0,2,64,fp32_checkpoint,True,0.3436812490281343,1.3778400314573066e-08,4.009063733775346e-08,9.949294432765043e-08,4.485121695818606e-08,4.9504869001987517e-08,True
weak_65536,weak,65536,0,0,256,official,True,0.4898937333565544,0.0033078895470819774,0.006752259361265251,0.017802696004962648,0.008977733969778419,0.00846716157673262,True
weak_65536,weak,65536,0,1,256,official,True,0.4759472970813079,0.0033003604973268204,0.006934298224962936,0.02032343800998948,0.008864449147467156,0.008540935078106847,True
weak_65536,weak,65536,0,2,256,official,True,0.4922199955393822,0.0033219332023447963,0.0067488790224878425,0.01484207014188732,0.008956552683937356,0.00833514563924984,True
weak_65536,weak,65536,0,0,256,bf16_checkpoint,True,0.4898937333565544,0.001977563776351913,0.00403671988780596,0.015215694414332237,0.006090501883943588,0.004951018781591207,True
weak_65536,weak,65536,0,1,256,bf16_checkpoint,True,0.4759472970813079,0.0019266025703802273,0.004047932580340084,0.013438687223059853,0.006159101807541019,0.006292927433756968,True
weak_65536,weak,65536,0,2,256,bf16_checkpoint,True,0.4922199955393822,0.001923336574827005,0.003907473471733677,0.013921253198537542,0.006052695578622055,0.004905231996485884,True
weak_65536,weak,65536,0,0,256,fp32_checkpoint,True,0.4898937333565544,3.0013597583772024e-08,6.126552666459101e-08,2.3316593189548485e-07,9.488905155174977e-08,8.1387049961963e-08,True
weak_65536,weak,65536,0,1,256,fp32_checkpoint,True,0.4759472970813079,2.932909645790231e-08,6.162257173800465e-08,2.0573518444422234e-07,9.250272944072437e-08,7.925636465098754e-08,True
weak_65536,weak,65536,0,2,256,fp32_checkpoint,True,0.4922199955393822,2.9382339275547084e-08,5.969351010080252e-08,2.1430361729635194e-07,9.054279051179393e-08,7.522740293353819e-08,True
weak_65536,weak,65536,0,0,1024,official,True,0.5007929613431222,0.003682952169189555,0.007354241080609261,0.01977894491112131,0.010106422720108098,0.008661087555782255,True
weak_65536,weak,65536,0,1,1024,official,True,0.5099884776361273,0.0037683903327660486,0.007389167594987832,0.018727897559106532,0.010135680954926386,0.009722552812485847,True
weak_65536,weak,65536,0,2,1024,official,True,0.5001760920851168,0.0037354348429896518,0.007468239490251324,0.017630631866893842,0.010050668026314435,0.009470261868833964,True
weak_65536,weak,65536,0,0,1024,bf16_checkpoint,True,0.5007929613431222,0.0022979325617862056,0.004588587977800589,0.016190177088516,0.007014551645573857,0.005816115994872123,True
weak_65536,weak,65536,0,1,1024,bf16_checkpoint,True,0.5099884776361273,0.0023115343164281186,0.004532522630986537,0.014253774233145222,0.007031821989769057,0.005963304489606129,True
weak_65536,weak,65536,0,2,1024,bf16_checkpoint,True,0.5001760920851168,0.0023235010298951453,0.004645366035407679,0.014970277622722294,0.007146528945193536,0.006224514466619642,True
weak_65536,weak,65536,0,0,1024,fp32_checkpoint,True,0.5007929613431222,3.552173232502011e-08,7.093097360983497e-08,2.4725622416177373e-07,1.1089557571009047e-07,9.728671569311695e-08,True
weak_65536,weak,65536,0,1,1024,fp32_checkpoint,True,0.5099884776361273,3.5236664038699663e-08,6.909305912562351e-08,2.6248766293868186e-07,1.0643136284071988e-07,9.19862055842891e-08,True
weak_65536,weak,65536,0,2,1024,fp32_checkpoint,True,0.5001760920851168,3.5638824906862096e-08,7.125255579148574e-08,2.0323457250448485e-07,1.114797595172523e-07,9.010924183617623e-08,True
weak_65536,weak,65536,0,0,4096,official,True,0.520008937150906,0.0038951383899957564,0.00749052201167341,0.020032446049046415,0.010480486110431052,0.00911045920105078,True
weak_65536,weak,65536,0,1,4096,official,True,0.5030482468463435,0.003779242733781132,0.007512684434293446,0.0187278739929429,0.010028553682022729,0.009436261234417822,True
weak_65536,weak,65536,0,2,4096,official,True,0.5237097024746561,0.00378147702267184,0.007220559414506622,0.02210688350468315,0.010099665829488885,0.008707600047443283,True
weak_65536,weak,65536,0,0,4096,bf16_checkpoint,True,0.520008937150906,0.002312186349156191,0.004446435789785661,0.014821656710208408,0.006891246580099249,0.005562861274496768,True
weak_65536,weak,65536,0,1,4096,bf16_checkpoint,True,0.5030482468463435,0.0023230723534040003,0.004617991152871634,0.0161066653245725,0.006852764443587478,0.005942508479127914,True
weak_65536,weak,65536,0,2,4096,bf16_checkpoint,True,0.5237097024746561,0.002373368723293758,0.004531840277312052,0.013726679741594694,0.007273792089826965,0.005661605311937071,True
weak_65536,weak,65536,0,0,4096,fp32_checkpoint,True,0.520008937150906,3.571386264707923e-08,6.867932471075032e-08,2.6720855794692966e-07,1.0985448226641382e-07,8.743378956510367e-08,True
weak_65536,weak,65536,0,1,4096,fp32_checkpoint,True,0.5030482468463435,3.569410285805698e-08,7.09556251946541e-08,2.1651202875005993e-07,1.1042472104705327e-07,9.079480421842831e-08,True
weak_65536,weak,65536,0,2,4096,fp32_checkpoint,True,0.5237097024746561,3.555674374089941e-08,6.789399465559856e-08,3.3936385834820726e-07,1.0711567715260275e-07,9.07530391742523e-08,True
weak_65536,weak,65536,0,0,8192,official,True,0.49643997621523595,0.00373168200397177,0.0075168845837545245,0.019198807161394105,0.009914038492728698,0.009446793686871222,True
weak_65536,weak,65536,0,1,8192,official,True,0.49617532564716205,0.003670844588151991,0.007398281209095,0.017798130157196113,0.009975485390689157,0.009071641938141913,True
weak_65536,weak,65536,0,2,8192,official,True,0.504592079000663,0.0038005545654593393,0.0075319346530097735,0.019647856091407068,0.010202410302410548,0.009497781711554517,True
weak_65536,weak,65536,0,0,8192,bf16_checkpoint,True,0.49643997621523595,0.002333424387358479,0.00470031524283774,0.013875218120237287,0.007159769804173174,0.005551135150068887,True
weak_65536,weak,65536,0,1,8192,bf16_checkpoint,True,0.49617532564716205,0.0023278985418136652,0.004691685421433209,0.015843903333503606,0.007279127331955498,0.005942280425490648,True
weak_65536,weak,65536,0,2,8192,bf16_checkpoint,True,0.504592079000663,0.0023692392845884613,0.00469535568073265,0.016432649232354768,0.0074608507993770305,0.006078020333562361,True
weak_65536,weak,65536,0,0,8192,fp32_checkpoint,True,0.49643997621523595,3.568920214574466e-08,7.189026640810105e-08,2.267747736262038e-07,1.0966209442631048e-07,9.533630224637014e-08,True
weak_65536,weak,65536,0,1,8192,fp32_checkpoint,True,0.49617532564716205,3.490225096265311e-08,7.034257682429102e-08,2.354360364442698e-07,1.0701797249934591e-07,9.00903197282786e-08,True
weak_65536,weak,65536,0,2,8192,fp32_checkpoint,True,0.504592079000663,3.550434011374432e-08,7.036246027496137e-08,2.494012774079124e-07,1.1001423428247393e-07,9.874903572279976e-08,True
weak_65536,weak,65536,0,0,16384,official,True,0.5294495030531214,0.003984650358787551,0.007526025307058901,0.01874385675352741,0.010718782791613955,0.009469646233298122,True
weak_65536,weak,65536,0,1,16384,official,True,0.49055098095220373,0.003661001328905672,0.007463039461870686,0.018299840060283623,0.00972790473247789,0.009487035730929651,True
weak_65536,weak,65536,0,2,16384,official,True,0.5059401424407535,0.0038085700151238074,0.007527708706311633,0.01846214136498525,0.010312263171251697,0.009586079577384098,True
weak_65536,weak,65536,0,0,16384,bf16_checkpoint,True,0.5294495030531214,0.002364197773581169,0.004465388596925288,0.01448191750010297,0.007271705568026518,0.006022712599343928,True
weak_65536,weak,65536,0,1,16384,bf16_checkpoint,True,0.49055098095220373,0.0023445746746760324,0.004779471993155536,0.01440865718124873,0.007205887367934727,0.006431121417292661,True
weak_65536,weak,65536,0,2,16384,bf16_checkpoint,True,0.5059401424407535,0.0023942129611237576,0.0047322059672387515,0.015923019638657054,0.007319001713348017,0.005950288504330658,True
weak_65536,weak,65536,0,0,16384,fp32_checkpoint,True,0.5294495030531214,3.5635777830409834e-08,6.730722689305155e-08,2.1908261049752298e-07,1.0856404389802955e-07,8.549188603860569e-08,True
weak_65536,weak,65536,0,1,16384,fp32_checkpoint,True,0.49055098095220373,3.5474646485506234e-08,7.231592202026942e-08,2.666580591892398e-07,1.0806251721284799e-07,9.270354984048138e-08,True
weak_65536,weak,65536,0,2,16384,fp32_checkpoint,True,0.5059401424407535,3.6042097508694485e-08,7.123786884120404e-08,2.55682930827561e-07,1.1036615582327159e-07,9.37008606947713e-08,True
weak_65536,weak,65536,0,0,32768,official,True,0.4961466785451946,0.0037380276274224336,0.0075341180120022345,0.018881752082372083,0.01005068364924643,0.009129272812614655,True
weak_65536,weak,65536,0,1,32768,official,True,0.5180517648571071,0.003940457362861133,0.007606300432058212,0.023226614665499357,0.010680716252895586,0.009616413577567087,True
weak_65536,weak,65536,0,2,32768,official,True,0.5035608319094035,0.003713015213904203,0.0073735187064196015,0.017395282205958207,0.009972607123687843,0.009277450838073194,True
weak_65536,weak,65536,0,0,32768,bf16_checkpoint,True,0.4961466785451946,0.002311528894825635,0.004658962751909413,0.01472986834917922,0.007213301401938497,0.005973386622359122,True
weak_65536,weak,65536,0,1,32768,bf16_checkpoint,True,0.5180517648571071,0.0023958563952503863,0.004624743235671109,0.013968991427604216,0.00741442628054398,0.005648986880061076,True
weak_65536,weak,65536,0,2,32768,bf16_checkpoint,True,0.5035608319094035,0.0022964750710800477,0.004560471993765414,0.013911908514016691,0.0069453624078707485,0.006201792034368754,True
weak_65536,weak,65536,0,0,32768,fp32_checkpoint,True,0.4961466785451946,3.5094019409228205e-08,7.073315397803565e-08,2.2380744146843767e-07,1.0695377802238948e-07,8.669480603358251e-08,True
weak_65536,weak,65536,0,1,32768,fp32_checkpoint,True,0.5180517648571071,3.7045114175117334e-08,7.150851843026805e-08,2.3490916833956987e-07,1.1202958862199798e-07,9.428735466946405e-08,True
weak_65536,weak,65536,0,2,32768,fp32_checkpoint,True,0.5035608319094035,3.453548835762291e-08,6.858255481601129e-08,2.724344831950276e-07,1.0625470073910572e-07,9.39148926952702e-08,True
weak_65536,weak,65536,0,0,65536,official,True,0.5153900561912044,0.0038606220566728337,0.007490680136910874,0.01823596098544933,0.010513218172986475,0.009512551752859,True
weak_65536,weak,65536,0,1,65536,official,True,0.5054314068417419,0.003884218619782406,0.007684956983685449,0.022112293089175505,0.010358290932682106,0.009241280757345581,True
weak_65536,weak,65536,0,2,65536,official,True,0.5031409907108301,0.003708868161729131,0.0073714291425337804,0.020448099216418436,0.010034993191836367,0.008910703911504288,True
weak_65536,weak,65536,0,0,65536,bf16_checkpoint,True,0.5153900561912044,0.0023578393426707403,0.004574863861548788,0.015653316171690523,0.007210750849394289,0.005430503305946794,True
weak_65536,weak,65536,0,1,65536,bf16_checkpoint,True,0.5054314068417419,0.002363838747888667,0.004676873490429573,0.01488159081969087,0.007117734467675197,0.005939993155193389,True
weak_65536,weak,65536,0,2,65536,bf16_checkpoint,True,0.5031409907108301,0.0022746114795005215,0.004520823231450461,0.013279881361890844,0.0068926656564823755,0.005955930923783434,True
weak_65536,weak,65536,0,0,65536,fp32_checkpoint,True,0.5153900561912044,3.516314553381436e-08,6.822627854653292e-08,2.0045859949746614e-07,1.05266001935167e-07,8.358103959421856e-08,True
weak_65536,weak,65536,0,1,65536,fp32_checkpoint,True,0.5054314068417419,3.642361500936448e-08,7.206440778376334e-08,2.347826748572146e-07,1.1375236954047629e-07,9.092390857048692e-08,True
weak_65536,weak,65536,0,2,65536,fp32_checkpoint,True,0.5031409907108301,3.457249884647382e-08,6.871334175661241e-08,2.414603983424968e-07,1.0753366511462307e-07,8.702356383292468e-08,True
near_identity_256,near_identity,256,0,0,16,official,True,0.09877471125461026,0.00016454717356064572,0.0016658836201150177,0.0009761944522894694,0.0004873419724908545,0.002007309120174808,True
near_identity_256,near_identity,256,0,1,16,official,True,0.10009288887561958,0.0001652339920274471,0.0016508065046736246,0.0009706911723629252,0.0004801027390896223,0.001999707778185758,True
near_identity_256,near_identity,256,0,2,16,official,True,0.09932796895887194,0.00016860822562830456,0.0016974899154347856,0.001001761978875526,0.0004899966220168442,0.002022230783376408,True
near_identity_256,near_identity,256,0,0,16,bf16_checkpoint,True,0.09877471125461026,0.00016262615195176828,0.001646435103541523,0.0009761944522894694,0.0004788277076373518,0.002000258037887831,True
near_identity_256,near_identity,256,0,1,16,bf16_checkpoint,True,0.10009288887561958,0.00016325178481566032,0.0016310028279683797,0.0009706911723629252,0.00047394151538303233,0.0019924174362476294,True
near_identity_256,near_identity,256,0,2,16,bf16_checkpoint,True,0.09932796895887194,0.00016665978278594242,0.001677873659683408,0.000965944912642791,0.0004813861838028427,0.002005533630863838,True
near_identity_256,near_identity,256,0,0,16,fp32_checkpoint,True,0.09877471125461026,2.4636016985156705e-09,2.4941623895667758e-08,1.4830110084407266e-08,7.265774036591122e-09,3.135462917823675e-08,True
near_identity_256,near_identity,256,0,1,16,fp32_checkpoint,True,0.10009288887561958,2.541679641356846e-09,2.5393208947293588e-08,1.489827550216205e-08,7.302640044060116e-09,3.196674574951991e-08,True
near_identity_256,near_identity,256,0,2,16,fp32_checkpoint,True,0.09932796895887194,2.5433508611727866e-09,2.5605586098573047e-08,1.4874764087124959e-08,7.3365347277865034e-09,3.29222886388045e-08,True
near_identity_256,near_identity,256,0,0,64,official,True,0.0986889005301542,0.000331524512844235,0.003359288745373532,0.0031136592571415767,0.001179028940175333,0.004496168018162605,True
near_identity_256,near_identity,256,0,1,64,official,True,0.09997480614879992,0.0003345170930892695,0.0033460139206610007,0.00274708133318885,0.0012079763854944082,0.004218273049719502,True
near_identity_256,near_identity,256,0,2,64,official,True,0.09919103035484611,0.00033217570251012026,0.0033488481904240183,0.0029765484441411916,0.0011775744917812247,0.00425724514800065,True
near_identity_256,near_identity,256,0,0,64,bf16_checkpoint,True,0.0986889005301542,0.00032870546132340747,0.003330723714192886,0.0031136592571415767,0.0011674722084808547,0.004434632841938749,True
near_identity_256,near_identity,256,0,1,64,bf16_checkpoint,True,0.09997480614879992,0.0003293706385953739,0.003294536406553739,0.00274708133318885,0.0012063948046285367,0.004055625972522031,True
near_identity_256,near_identity,256,0,2,64,bf16_checkpoint,True,0.09919103035484611,0.00033125876474406215,0.0033396040303141994,0.0029765484441411916,0.0011807744117402646,0.004183261982177551,True
near_identity_256,near_identity,256,0,0,64,fp32_checkpoint,True,0.0986889005301542,5.004271329394311e-09,5.0707539576502484e-08,4.927984204039504e-08,1.746325131973814e-08,6.804679855373324e-08,True
near_identity_256,near_identity,256,0,1,64,fp32_checkpoint,True,0.09997480614879992,5.0516419706681155e-09,5.05291499455311e-08,5.559283583478347e-08,1.7768711079724222e-08,7.101966886331998e-08,True
near_identity_256,near_identity,256,0,2,64,fp32_checkpoint,True,0.09919103035484611,5.035164875548467e-09,5.076230035655101e-08,4.856771701478024e-08,1.8526604709800945e-08,6.46239155586476e-08,True
near_identity_256,near_identity,256,0,0,256,official,True,0.09846385292638699,0.0006553601392988241,0.0066558449605743225,0.007089974050686898,0.002346454313764232,0.009530308159435218,True
near_identity_256,near_identity,256,0,1,256,official,True,0.09960518478723282,0.0006733946561658385,0.006760638591297034,0.007877578516656825,0.002410289851096377,0.009286979614926716,True
near_identity_256,near_identity,256,0,2,256,official,True,0.09909643226377218,0.0006483657563923317,0.006542775976702465,0.005396884761684595,0.002307175705805222,0.008428508515777413,True
near_identity_256,near_identity,256,0,0,256,bf16_checkpoint,True,0.09846385292638699,0.0006502546125071277,0.006603993172938982,0.007089974050686898,0.0023199336669251455,0.009551612547207005,True
near_identity_256,near_identity,256,0,1,256,bf16_checkpoint,True,0.09960518478723282,0.00066027530021339,0.0066289250065025,0.007877578516656825,0.0023941448097580973,0.009251971041277398,True
near_identity_256,near_identity,256,0,2,256,bf16_checkpoint,True,0.09909643226377218,0.0006424015569447383,0.006482590162628775,0.0063446031300798955,0.0022713807784792224,0.008709238733097027,True
near_identity_256,near_identity,256,0,0,256,fp32_checkpoint,True,0.09846385292638699,9.645695473810672e-09,9.796179193822463e-08,7.681298608286369e-08,3.492939811750029e-08,1.282436769354956e-07,True
near_identity_256,near_identity,256,0,1,256,fp32_checkpoint,True,0.09960518478723282,9.816250055506906e-09,9.855159725345074e-08,1.057346538657633e-07,3.5532341259858495e-08,1.3105643536611252e-07,True
near_identity_256,near_identity,256,0,2,256,fp32_checkpoint,True,0.09909643226377218,9.81146659834645e-09,9.900928191068026e-08,1.2433946477985458e-07,3.500842609305277e-08,1.446716805350817e-07,True
near_identity_8192,near_identity,8192,0,0,16,official,True,0.09930181011725978,0.00016574645331642897,0.0016691181471990143,0.00097768969805756,0.00048654838528061715,0.0020513571438537026,True
near_identity_8192,near_identity,8192,0,1,16,official,True,0.10095442909785264,0.00016839878853128809,0.0016680673650094468,0.001012476290752018,0.0004887142008334431,0.002010713342350595,True
near_identity_8192,near_identity,8192,0,2,16,official,True,0.09939988355922609,0.00016576056473064136,0.001667613268700412,0.001001185188937992,0.0004858569860579812,0.0020099305003234316,True
near_identity_8192,near_identity,8192,0,0,16,bf16_checkpoint,True,0.09930181011725978,0.00016388205502170671,0.001650343078622513,0.0009756972082930471,0.0004759479003075426,0.001995356394392176,True
near_identity_8192,near_identity,8192,0,1,16,bf16_checkpoint,True,0.10095442909785264,0.0001664507903544708,0.0016487715481322185,0.0009762593375025053,0.0004784285869665736,0.002002991631593747,True
near_identity_8192,near_identity,8192,0,2,16,bf16_checkpoint,True,0.09939988355922609,0.00016385228569034776,0.0016484152679386045,0.000972957590971435,0.0004780898705982179,0.0019995428963042665,True
near_identity_8192,near_identity,8192,0,0,16,fp32_checkpoint,True,0.09930181011725978,2.4981836026949487e-09,2.51574830282045e-08,1.4890667088263143e-08,7.309598978322285e-09,3.229258510097408e-08,True
near_identity_8192,near_identity,8192,0,1,16,fp32_checkpoint,True,0.10095442909785264,2.5136942049306958e-09,2.4899295923849305e-08,1.4833726691421134e-08,7.275969679809702e-09,3.18322281671887e-08,True
near_identity_8192,near_identity,8192,0,2,16,fp32_checkpoint,True,0.09939988355922609,2.521319887647227e-09,2.5365420937791463e-08,1.4886075372366747e-08,7.292572516415241e-09,3.1757731306914496e-08,True
near_identity_8192,near_identity,8192,0,0,64,official,True,0.09921839236033057,0.0003288725634055134,0.0033146330592734234,0.0027328930822270725,0.0011424515314187441,0.004338228303343258,True
near_identity_8192,near_identity,8192,0,1,64,official,True,0.10094420866843212,0.000327528269449243,0.0032446464613444395,0.002540412375672152,0.00115238504790169,0.004075560632042379,True
near_identity_8192,near_identity,8192,0,2,64,official,True,0.09934493524854132,0.0003320154784767376,0.003342047358993196,0.00297606709162912,0.0011340805912745738,0.004492719125501744,True
near_identity_8192,near_identity,8192,0,0,64,bf16_checkpoint,True,0.09921839236033057,0.000325433714301365,0.003279973667780165,0.0027328930822270725,0.0011459955182149646,0.004156223158465071,True
near_identity_8192,near_identity,8192,0,1,64,bf16_checkpoint,True,0.10094420866843212,0.00032451511015328064,0.0032147967123027726,0.002540412375672152,0.0011539582636398572,0.004095291165361883,True
near_identity_8192,near_identity,8192,0,2,64,bf16_checkpoint,True,0.09934493524854132,0.00032922737048589394,0.0033139824356645093,0.00297606709162912,0.0011300929572828858,0.004719646110510382,True
near_identity_8192,near_identity,8192,0,0,64,fp32_checkpoint,True,0.09921839236033057,4.936534082724386e-09,4.975422364027446e-08,4.9535500756814344e-08,1.767285618320402e-08,6.458498206164553e-08,True
near_identity_8192,near_identity,8192,0,1,64,fp32_checkpoint,True,0.10094420866843212,5.08848806083547e-09,5.040891526079963e-08,4.5891047073531865e-08,1.8268526018327957e-08,6.340989465163703e-08,True
near_identity_8192,near_identity,8192,0,2,64,fp32_checkpoint,True,0.09934493524854132,5.017297654436331e-09,5.050380919655388e-08,4.2272276845611856e-08,1.8093154903198185e-08,6.847904123883213e-08,True
near_identity_8192,near_identity,8192,0,0,256,official,True,0.09909479864148157,0.0006397527456905453,0.006455966957510337,0.005962067000603033,0.0023145884353854497,0.008464728382361657,True
near_identity_8192,near_identity,8192,0,1,256,official,True,0.10089978208817767,0.0006668730708534159,0.006609261755100983,0.005481600740687098,0.002391625689151978,0.008637705623543027,True
near_identity_8192,near_identity,8192,0,2,256,official,True,0.09914108296322362,0.0006556860969605427,0.0066136668812037235,0.006930384035060133,0.0023257737983211316,0.009113512347054455,True
near_identity_8192,near_identity,8192,0,0,256,bf16_checkpoint,True,0.09909479864148157,0.0006305265143614955,0.006362861855572246,0.005204530894586057,0.0022854909594260705,0.008137040121231951,True
near_identity_8192,near_identity,8192,0,1,256,bf16_checkpoint,True,0.10089978208817767,0.0006601166390497249,0.006542299947415547,0.006322928669519723,0.002372695472623866,0.008910492856955774,True
near_identity_8192,near_identity,8192,0,2,256,bf16_checkpoint,True,0.09914108296322362,0.0006431683341636302,0.006487404766419724,0.006930384035060133,0.0023149381990055346,0.009416206084659231,True
near_identity_8192,near_identity,8192,0,0,256,fp32_checkpoint,True,0.09909479864148157,9.925566097283328e-09,1.0016233176065446e-07,1.0402853101165732e-07,3.5610470738300926e-08,1.3299583412867033e-07,True
near_identity_8192,near_identity,8192,0,1,256,fp32_checkpoint,True,0.10089978208817767,9.903082497496514e-09,9.814770946524025e-08,8.10598656530992e-08,3.52292943195387e-08,1.278031497368789e-07,True
near_identity_8192,near_identity,8192,0,2,256,fp32_checkpoint,True,0.09914108296322362,9.797296486774532e-09,9.882176181602575e-08,9.942232809256879e-08,3.513894796108863e-08,1.2907719497103275e-07,True
near_identity_8192,near_identity,8192,0,0,1024,official,True,0.09826942425499105,0.001218322551576917,0.012397778462765737,0.011299740879264164,0.0042410904950206324,0.01653121383608799,True
near_identity_8192,near_identity,8192,0,1,1024,official,True,0.09954689398455835,0.0012221604108967827,0.012277232990176102,0.01183903978978132,0.00419974546483909,0.018081552356360605,True
near_identity_8192,near_identity,8192,0,2,1024,official,True,0.09832568495134598,0.001232264375244231,0.012532476899133591,0.009587325827602272,0.004369451811261878,0.01655626238564107,True
near_identity_8192,near_identity,8192,0,0,1024,bf16_checkpoint,True,0.09826942425499105,0.0011955019311669286,0.012165553428549875,0.011299740879264164,0.004267011584339829,0.015138122149171807,True
near_identity_8192,near_identity,8192,0,1,1024,bf16_checkpoint,True,0.09954689398455835,0.001196091794390739,0.012015360264040745,0.010090560704259566,0.004162848305861743,0.01694571423316457,True
near_identity_8192,near_identity,8192,0,2,1024,bf16_checkpoint,True,0.09832568495134598,0.0012109249700576017,0.012315449118475989,0.011173520381933255,0.004270617795009333,0.01728253656061004,True
near_identity_8192,near_identity,8192,0,0,1024,fp32_checkpoint,True,0.09826942425499105,1.8688577837853354e-08,1.901769342757106e-07,1.3516175245698037e-07,6.588535649748595e-08,2.3334558496922148e-07,True
near_identity_8192,near_identity,8192,0,1,1024,fp32_checkpoint,True,0.09954689398455835,1.8858685482062867e-08,1.8944524261086655e-07,1.9690274777328653e-07,6.567377273447584e-08,2.583293932231396e-07,True
near_identity_8192,near_identity,8192,0,2,1024,fp32_checkpoint,True,0.09832568495134598,1.868805723770624e-08,1.900628228214587e-07,2.2115248043963476e-07,6.516096576841823e-08,3.339207773215465e-07,True
near_identity_8192,near_identity,8192,0,0,4096,official,True,0.09567599079983412,0.0019821836200674984,0.020717670164654676,0.014834057334004502,0.006690627751690374,0.025422451133104196,False
near_identity_8192,near_identity,8192,0,1,4096,official,True,0.09717641127593982,0.0020219988921732685,0.020807507353113184,0.02025639264731849,0.006800302023148038,0.030884458779527623,False
near_identity_8192,near_identity,8192,0,2,4096,official,True,0.09672517457407559,0.001998610292720222,0.020662772659971938,0.017180430025303534,0.006794259781211481,0.025810038420062742,False
near_identity_8192,near_identity,8192,0,0,4096,bf16_checkpoint,True,0.09567599079983412,0.0019737204635325955,0.020629213735155985,0.015930641289200353,0.006613037388710252,0.025204497891973203,False
near_identity_8192,near_identity,8192,0,1,4096,bf16_checkpoint,True,0.09717641127593982,0.0020014765077437276,0.020596320459503107,0.01908495227934992,0.006869806088888332,0.02764063587504572,False
near_identity_8192,near_identity,8192,0,2,4096,bf16_checkpoint,True,0.09672517457407559,0.0019835229003892954,0.02050679059638443,0.019237314108349224,0.006693368565910898,0.024716281748474952,False
near_identity_8192,near_identity,8192,0,0,4096,fp32_checkpoint,True,0.09567599079983412,3.004811250698597e-08,3.140611584556286e-07,2.8902069226788285e-07,1.0195595218438081e-07,4.087193806086565e-07,True
near_identity_8192,near_identity,8192,0,1,4096,fp32_checkpoint,True,0.09717641127593982,3.076068832501339e-08,3.1654480671925693e-07,2.66318617436756e-07,1.050875040731203e-07,4.133628233344437e-07,True
near_identity_8192,near_identity,8192,0,2,4096,fp32_checkpoint,True,0.09672517457407559,3.023335783162574e-08,3.125696899980465e-07,2.2067216493004693e-07,1.0100035611637637e-07,4.0022553413060743e-07,True
near_identity_8192,near_identity,8192,0,0,8192,official,True,0.09487174524187891,0.0022792959137976137,0.024025023551390006,0.022315269427356704,0.007449970405115902,0.031138541472385102,False
near_identity_8192,near_identity,8192,0,1,8192,official,True,0.09630045561761404,0.00227328724401071,0.023606194066592867,0.015778284375863094,0.007455444320818772,0.02999256507573609,False
near_identity_8192,near_identity,8192,0,2,8192,official,True,0.09503539609522924,0.0023190399443874716,0.02440185488429702,0.018941847863348016,0.007617752017273688,0.029944013558017128,False
near_identity_8192,near_identity,8192,0,0,8192,bf16_checkpoint,True,0.09487174524187891,0.0022421901442286423,0.02363390847835779,0.021211994025913117,0.007329983426125503,0.030892928070503402,False
near_identity_8192,near_identity,8192,0,1,8192,bf16_checkpoint,True,0.09630045561761404,0.00225092783464705,0.023374010228829484,0.015778284375863094,0.007423563055917899,0.0298783649049987,False
near_identity_8192,near_identity,8192,0,2,8192,bf16_checkpoint,True,0.09503539609522924,0.002286157519428822,0.024055853012260837,0.01642225252509527,0.007670687030511694,0.03014268127393726,False
near_identity_8192,near_identity,8192,0,0,8192,fp32_checkpoint,True,0.09487174524187891,3.4522064070290364e-08,3.638814062319095e-07,2.683986758400536e-07,1.1308633799306245e-07,4.887997091415101e-07,True
near_identity_8192,near_identity,8192,0,1,8192,fp32_checkpoint,True,0.09630045561761404,3.4275198442706506e-08,3.559193798501336e-07,2.776766064027658e-07,1.121003118906283e-07,4.4943395395707715e-07,True
near_identity_8192,near_identity,8192,0,2,8192,fp32_checkpoint,True,0.09503539609522924,3.413203028427938e-08,3.591507131729922e-07,2.7368965327401185e-07,1.1258038362604861e-07,4.708693592303859e-07,True
near_identity_65536,near_identity,65536,0,0,16,official,True,0.10030777157466356,0.0001684013409480315,0.001678846397486588,0.0009806312579120346,0.0004876361758259157,0.002038353954983434,True
near_identity_65536,near_identity,65536,0,1,16,official,True,0.10003793900221135,0.00016584319726160288,0.0016578030186921073,0.0009795505160378748,0.0004845962606208515,0.002048800906898661,True
near_identity_65536,near_identity,65536,0,2,16,official,True,0.10009826693646098,0.00016851028015219067,0.0016834485282263211,0.0010146274524143184,0.0004900134845666834,0.002084439682336435,True
near_identity_65536,near_identity,65536,0,0,16,bf16_checkpoint,True,0.10030777157466356,0.00016652425530749203,0.0016601331351832553,0.0009728987474610373,0.0004790211675299841,0.0019984488036370552,True
near_identity_65536,near_identity,65536,0,1,16,bf16_checkpoint,True,0.10003793900221135,0.0001638102090003398,0.0016374808461089825,0.0009735744839621252,0.0004755352753325842,0.0020465993806103805,True
near_identity_65536,near_identity,65536,0,2,16,bf16_checkpoint,True,0.10009826693646098,0.00016657964460424848,0.0016641611258863018,0.0009749192236737092,0.0004798326380824955,0.002005018994066232,True
near_identity_65536,near_identity,65536,0,0,16,fp32_checkpoint,True,0.10030777157466356,2.550496564899241e-09,2.5426709464887197e-08,1.4857301666726386e-08,7.292365871436335e-09,3.2697920041227436e-08,True
near_identity_65536,near_identity,65536,0,1,16,fp32_checkpoint,True,0.10003793900221135,2.534329793101038e-09,2.5333686583097404e-08,1.486707129627618e-08,7.284308691513087e-09,2.9811650547188734e-08,True
near_identity_65536,near_identity,65536,0,2,16,fp32_checkpoint,True,0.10009826693646098,2.5198838365445352e-09,2.5174100548055172e-08,1.4805148162988502e-08,7.2973619552607615e-09,3.1926560805759365e-08,True
near_identity_65536,near_identity,65536,0,0,64,official,True,0.1001395180804908,0.00033382279706803007,0.0033335770279991537,0.003352558598963107,0.0011736379375696067,0.004108673452817574,True
near_identity_65536,near_identity,65536,0,1,64,official,True,0.09995370293097088,0.00032976908228300056,0.0032992182641871978,0.003102607827676074,0.0011350128633353925,0.004340077037558187,True
near_identity_65536,near_identity,65536,0,2,64,official,True,0.09998383808508843,0.0003347778304275696,0.0033483194568172748,0.0027358459967696813,0.0011805093949948475,0.0042794760356131625,True
near_identity_65536,near_identity,65536,0,0,64,bf16_checkpoint,True,0.1001395180804908,0.00033361394830950586,0.0033314914501720635,0.003352558598963107,0.0011912733175569637,0.004209912381189003,True
near_identity_65536,near_identity,65536,0,1,64,bf16_checkpoint,True,0.09995370293097088,0.0003268915677784294,0.0032704297909221464,0.003102607827676074,0.0011549272203013302,0.004114142914210012,True
near_identity_65536,near_identity,65536,0,2,64,bf16_checkpoint,True,0.09998383808508843,0.0003311199967032061,0.0033117352068582897,0.002441010786361608,0.0011721223956129383,0.004224771424250219,True
near_identity_65536,near_identity,65536,0,0,64,fp32_checkpoint,True,0.1001395180804908,5.007026195137831e-09,5.0000502210458517e-08,4.07115902101296e-08,1.7884631346720697e-08,6.353228851666908e-08,True
near_identity_65536,near_identity,65536,0,1,64,fp32_checkpoint,True,0.09995370293097088,5.052809945178441e-09,5.0551503316169955e-08,4.559065330811407e-08,1.8098463218929605e-08,6.170444215994347e-08,True
near_identity_65536,near_identity,65536,0,2,64,fp32_checkpoint,True,0.09998383808508843,5.0146325083939005e-09,5.0154431000401674e-08,4.919836094074981e-08,1.7806313687696032e-08,6.514061691707893e-08,True
near_identity_65536,near_identity,65536,0,0,256,official,True,0.09984595786991644,0.0006584988285160335,0.006595147590991653,0.006269937810960247,0.002319180023863056,0.009227528668836946,True
near_identity_65536,near_identity,65536,0,1,256,official,True,0.0997147538090112,0.0006570996186789641,0.006589793321232492,0.006215177859153043,0.002308628523976849,0.008589518235737923,True
near_identity_65536,near_identity,65536,0,2,256,official,True,0.09976469483710276,0.0006527097777613536,0.006542492600484646,0.007308104743372901,0.0022590241927119463,0.008362651146938778,True
near_identity_65536,near_identity,65536,0,0,256,bf16_checkpoint,True,0.09984595786991644,0.0006525314910892191,0.006535382152769418,0.006269937810960247,0.002346447647564199,0.008934627145087538,True
near_identity_65536,near_identity,65536,0,1,256,bf16_checkpoint,True,0.0997147538090112,0.0006494778101128908,0.006513357204460126,0.006144010890999196,0.0023101293335057497,0.008843414479552699,True
near_identity_65536,near_identity,65536,0,2,256,bf16_checkpoint,True,0.09976469483710276,0.0006471289944726003,0.006486553139156511,0.007308104743372901,0.0022495279429390574,0.008547124793157335,True
near_identity_65536,near_identity,65536,0,0,256,fp32_checkpoint,True,0.09984595786991644,9.843290941646394e-09,9.858477149841811e-08,9.929922151208359e-08,3.5408547878479364e-08,1.327965467275665e-07,True
near_identity_65536,near_identity,65536,0,1,256,fp32_checkpoint,True,0.0997147538090112,9.998510292740461e-09,1.0027112248495466e-07,8.451022631694727e-08,3.647101585402268e-08,1.368921389763691e-07,True
near_identity_65536,near_identity,65536,0,2,256,fp32_checkpoint,True,0.09976469483710276,1.0084431255817381e-08,1.0108216410909077e-07,9.1319026701564e-08,3.611232934894182e-08,1.3143890711425066e-07,True
near_identity_65536,near_identity,65536,0,0,1024,official,True,0.09928267022037995,0.0012472403033678369,0.01256251771431318,0.012720327489942562,0.004369343372321698,0.016588981144554964,True
near_identity_65536,near_identity,65536,0,1,1024,official,True,0.09869269969545315,0.0012396636038572149,0.01256084399031114,0.010208745063765123,0.004334281540881972,0.017164575808840444,True
near_identity_65536,near_identity,65536,0,2,1024,official,True,0.09887245152084981,0.0012551454523673843,0.012694592205015818,0.009670147270482599,0.004391318111943431,0.015850889627241557,True
near_identity_65536,near_identity,65536,0,0,1024,bf16_checkpoint,True,0.09928267022037995,0.0012374061547131892,0.012463465698157506,0.015216445340733353,0.004437783199774852,0.0182639552612476,True
near_identity_65536,near_identity,65536,0,1,1024,bf16_checkpoint,True,0.09869269969545315,0.0012237935696832734,0.012400041476823179,0.011229393750083083,0.004331467087472489,0.016734710650764702,True
near_identity_65536,near_identity,65536,0,2,1024,bf16_checkpoint,True,0.09887245152084981,0.0012362280912670393,0.012503261244678945,0.009670147270482599,0.004371734706668494,0.016319244669104043,True
near_identity_65536,near_identity,65536,0,0,1024,fp32_checkpoint,True,0.09928267022037995,1.8652918313106634e-08,1.878768799398962e-07,1.6205102310040687e-07,6.47663331307391e-08,2.441480077875388e-07,True
near_identity_65536,near_identity,65536,0,1,1024,fp32_checkpoint,True,0.09869269969545315,1.8569528159668052e-08,1.8815503291499852e-07,1.9784559890378972e-07,6.537157650199354e-08,2.5888434321001555e-07,True
near_identity_65536,near_identity,65536,0,2,1024,fp32_checkpoint,True,0.09887245152084981,1.8738026615865335e-08,1.895171640597375e-07,1.7842328420281106e-07,6.572616894962026e-08,2.640266286557938e-07,True
near_identity_65536,near_identity,65536,0,0,4096,official,True,0.09682422596672965,0.002034966537718959,0.021017121669717306,0.015624552096237088,0.006759420594913158,0.026261633891273267,False
near_identity_65536,near_identity,65536,0,1,4096,official,True,0.09641174679014877,0.002018604662568154,0.020937331080224886,0.01590497286956999,0.006759202709486857,0.026621565794629414,False
near_identity_65536,near_identity,65536,0,2,4096,official,True,0.09655234224370891,0.00202857663066362,0.0210101234576295,0.024626181995775542,0.006839628296425367,0.02860881213828758,False
near_identity_65536,near_identity,65536,0,0,4096,bf16_checkpoint,True,0.09682422596672965,0.002016937844926776,0.02083092144335683,0.016601114596237088,0.006890316691120554,0.027291169363300595,False
near_identity_65536,near_identity,65536,0,1,4096,bf16_checkpoint,True,0.09641174679014877,0.0019926002774677152,0.02066760891496799,0.016404653052970952,0.006648486713045583,0.025780754057998196,False
near_identity_65536,near_identity,65536,0,2,4096,bf16_checkpoint,True,0.09655234224370891,0.0019861429236849018,0.02057063430601875,0.024626181995775542,0.006647648303295702,0.027717249713855047,False
near_identity_65536,near_identity,65536,0,0,4096,fp32_checkpoint,True,0.09682422596672965,3.050460484318122e-08,3.150513679671768e-07,2.731277894962858e-07,1.0366469195388639e-07,3.981258543392242e-07,True
near_identity_65536,near_identity,65536,0,1,4096,fp32_checkpoint,True,0.09641174679014877,3.090643033750593e-08,3.205670612397193e-07,2.4819555111132985e-07,1.0348532301432401e-07,4.2762619463180874e-07,True
near_identity_65536,near_identity,65536,0,2,4096,fp32_checkpoint,True,0.09655234224370891,3.091026855132952e-08,3.20140017663254e-07,2.779026530563833e-07,1.0459504789034347e-07,4.1630643196985037e-07,True
near_identity_65536,near_identity,65536,0,0,8192,official,True,0.09534184050978792,0.002298074270437002,0.02410352326060958,0.016228066884504413,0.00749132444070424,0.030715673034026895,False
near_identity_65536,near_identity,65536,0,1,8192,official,True,0.09493986690148173,0.0023027808095890563,0.024255151020789102,0.016662953066212238,0.007472521354921052,0.03182448271587998,False
near_identity_65536,near_identity,65536,0,2,8192,official,True,0.09474343397110341,0.0022934367881298576,0.024206815100552004,0.017724508574489373,0.007442637924266042,0.03135428293474308,False
near_identity_65536,near_identity,65536,0,0,8192,bf16_checkpoint,True,0.09534184050978792,0.0022719236935100366,0.023829240985512524,0.019046547908522532,0.007456652426916057,0.031641767978692406,False
near_identity_65536,near_identity,65536,0,1,8192,bf16_checkpoint,True,0.09493986690148173,0.00228001980852491,0.024015409784499345,0.01805775838960394,0.007443801622418367,0.03227988236010995,False
near_identity_65536,near_identity,65536,0,2,8192,bf16_checkpoint,True,0.09474343397110341,0.0022592704301971508,0.023846195303478493,0.016915595772643566,0.0073570833256011645,0.03152929647636132,False
near_identity_65536,near_identity,65536,0,0,8192,fp32_checkpoint,True,0.09534184050978792,3.4600002715243143e-08,3.629047072118464e-07,2.4386739139181657e-07,1.1234978935403818e-07,4.487352989406878e-07,True
near_identity_65536,near_identity,65536,0,1,8192,fp32_checkpoint,True,0.09493986690148173,3.4744228877589664e-08,3.6596037061694475e-07,2.7438973376758824e-07,1.1363121997856608e-07,4.701294111224521e-07,True
near_identity_65536,near_identity,65536,0,2,8192,fp32_checkpoint,True,0.09474343397110341,3.4219142725891965e-08,3.611769311246281e-07,2.667407651979481e-07,1.1309481671217816e-07,4.848721031205101e-07,True
near_identity_65536,near_identity,65536,0,0,16384,official,True,0.09495709402217017,0.0023666089825340434,0.024922929738998727,0.01649517999991651,0.0075688645948105635,0.031743921382900664,False
near_identity_65536,near_identity,65536,0,1,16384,official,True,0.09425896268615183,0.002360241873143384,0.025039972920157562,0.01794281904853967,0.007478459781137809,0.03188895174887568,False
near_identity_65536,near_identity,65536,0,2,16384,official,True,0.0954845257396763,0.002340679466002506,0.024513704685343515,0.022675771854867355,0.007456256942730121,0.03313759665621296,False
near_identity_65536,near_identity,65536,0,0,16384,bf16_checkpoint,True,0.09495709402217017,0.0023561467321646904,0.02481275102642239,0.018682421404210836,0.007651833948204611,0.03209417129211994,False
near_identity_65536,near_identity,65536,0,1,16384,bf16_checkpoint,True,0.09425896268615183,0.0023276154289617306,0.024693836666883826,0.020309638362009608,0.007549310139012758,0.03139587112261253,False
near_identity_65536,near_identity,65536,0,2,16384,bf16_checkpoint,True,0.0954845257396763,0.0023307954259488423,0.02441019011083946,0.017781119897683884,0.007264098430735366,0.029723973165347375,False
near_identity_65536,near_identity,65536,0,0,16384,fp32_checkpoint,True,0.09495709402217017,3.532418737661331e-08,3.720015628149485e-07,2.397872256032496e-07,1.1249084867548387e-07,4.938052932310498e-07,True
near_identity_65536,near_identity,65536,0,1,16384,fp32_checkpoint,True,0.09425896268615183,3.52814858566637e-08,3.7430377813660286e-07,2.6679209005897597e-07,1.134957382907531e-07,4.7031274878223566e-07,True
near_identity_65536,near_identity,65536,0,2,16384,fp32_checkpoint,True,0.0954845257396763,3.586126421184565e-08,3.7557147542017236e-07,2.5175574502878106e-07,1.1792438263640713e-07,4.903041228080527e-07,True
near_identity_65536,near_identity,65536,0,0,32768,official,True,0.09462634385406739,0.002356727009261858,0.024905612044954405,0.018904691465615298,0.007389741793649561,0.03134480614971449,False
near_identity_65536,near_identity,65536,0,1,32768,official,True,0.09579680783868093,0.002455292090193962,0.02563020778655384,0.019951920549182878,0.007966226246113978,0.031918480931561015,False
near_identity_65536,near_identity,65536,0,2,32768,official,True,0.09514194290366151,0.002368513557532615,0.02489452585523628,0.01815565621247267,0.007636425735780483,0.034971881645060085,False
near_identity_65536,near_identity,65536,0,0,32768,bf16_checkpoint,True,0.09462634385406739,0.0023244483371180993,0.02456449485888264,0.018904691465615298,0.007318505098400116,0.03129485820846755,False
near_identity_65536,near_identity,65536,0,1,32768,bf16_checkpoint,True,0.09579680783868093,0.0023994693807551657,0.02504748785362246,0.017595806386081242,0.007844986324247143,0.03415574020996067,False
near_identity_65536,near_identity,65536,0,2,32768,bf16_checkpoint,True,0.09514194290366151,0.002344588570970726,0.02464305961614428,0.022209801646564192,0.007497117642533366,0.0375048498436379,False
near_identity_65536,near_identity,65536,0,0,32768,fp32_checkpoint,True,0.09462634385406739,3.559840189728307e-08,3.761996971179915e-07,3.170263500329451e-07,1.1457508895001968e-07,5.211326024792566e-07,True
near_identity_65536,near_identity,65536,0,1,32768,fp32_checkpoint,True,0.09579680783868093,3.62200068849894e-08,3.7809200225108595e-07,3.0438449860614725e-07,1.1626403877113001e-07,4.5911574694377864e-07,True
near_identity_65536,near_identity,65536,0,2,32768,fp32_checkpoint,True,0.09514194290366151,3.595065826223282e-08,3.7786340246000245e-07,2.668816297679566e-07,1.1598845404858782e-07,4.5703510984197305e-07,True
near_identity_65536,near_identity,65536,0,0,65536,official,True,0.09493076526549148,0.002432045920125894,0.025619154268105047,0.019481917608798,0.0077266633119823895,0.036427935395627976,False
near_identity_65536,near_identity,65536,0,1,65536,official,True,0.09483205975284226,0.0023897481674014297,0.025199791859733443,0.020359897197528037,0.007691181496073038,0.03445129394814592,False
near_identity_65536,near_identity,65536,0,2,65536,official,True,0.09636339473744368,0.002400283547243229,0.02490866530577463,0.017079373158776417,0.007683774303042922,0.03081315522213415,False
near_identity_65536,near_identity,65536,0,0,65536,bf16_checkpoint,True,0.09493076526549148,0.0023702193819495963,0.024967873958677556,0.021435042608798,0.007482608515152443,0.036664759679509475,False
near_identity_65536,near_identity,65536,0,1,65536,bf16_checkpoint,True,0.09483205975284226,0.0023263474249587495,0.02453123375176954,0.015604039463106761,0.00757240868468472,0.031405549512270176,False
near_identity_65536,near_identity,65536,0,2,65536,bf16_checkpoint,True,0.09636339473744368,0.0023277978991391854,0.024156453863851672,0.016102810658776417,0.007460172729502471,0.029555028944338847,False
near_identity_65536,near_identity,65536,0,0,65536,fp32_checkpoint,True,0.09493076526549148,3.606933263231731e-08,3.7995409108356745e-07,3.132080169943041e-07,1.1260259632439596e-07,4.7600048601683715e-07,True
near_identity_65536,near_identity,65536,0,1,65536,fp32_checkpoint,True,0.09483205975284226,3.575683023593253e-08,3.770542401918128e-07,3.62137560383502e-07,1.1415130206429702e-07,5.421829475584726e-07,True
near_identity_65536,near_identity,65536,0,2,65536,fp32_checkpoint,True,0.09636339473744368,3.601613506831347e-08,3.7375328221307227e-07,4.3586338438483807e-07,1.127666765265989e-07,5.744647707158548e-07,True
nonzero_8192,nonzero,8192,0,0,16,official,True,0.037929779768706866,0.0002360703001510921,0.00622387742799015,0.0038458091187070775,0.0010319446621317439,0.008402041521623903,True
nonzero_8192,nonzero,8192,0,1,16,official,True,0.03052168196114178,0.00015867305896639458,0.005198699703653514,0.0030067324835094666,0.0006278827756261582,0.0076152231828687435,True
nonzero_8192,nonzero,8192,0,2,16,official,True,0.02078323339194573,0.00010099475890901766,0.004859434381762602,0.0014078953432808683,0.00040516754303952335,0.008851466675751206,True
nonzero_8192,nonzero,8192,0,0,16,bf16_checkpoint,True,0.037929779768706866,6.337514922766287e-05,0.0016708546586381486,0.0009263922804312319,0.0002386271796956795,0.0023002988413815006,True
nonzero_8192,nonzero,8192,0,1,16,bf16_checkpoint,True,0.03052168196114178,5.0536755367092706e-05,0.0016557657415942155,0.0008995175164905334,0.0002091561847115918,0.002032147422413117,True
nonzero_8192,nonzero,8192,0,2,16,bf16_checkpoint,True,0.02078323339194573,3.520886211512561e-05,0.0016940993468692097,0.00048614726235787775,0.00012083029704396135,0.0020774381070519485,True
nonzero_8192,nonzero,8192,0,0,16,fp32_checkpoint,True,0.037929779768706866,9.714704306695454e-10,2.5612340398323004e-08,1.291099027689313e-08,3.679622492813728e-09,3.255466656778953e-08,True
nonzero_8192,nonzero,8192,0,1,16,fp32_checkpoint,True,0.03052168196114178,7.665922184070617e-10,2.5116316308617496e-08,1.4012135174379381e-08,3.1979024274486625e-09,3.1795772993045654e-08,True
nonzero_8192,nonzero,8192,0,2,16,fp32_checkpoint,True,0.02078323339194573,5.16688070963034e-10,2.486081261846723e-08,7.124498518917832e-09,1.8364805729614856e-09,3.150269482299445e-08,True
nonzero_8192,nonzero,8192,0,0,64,official,True,0.02741523193854789,0.00013007693407093677,0.0047446957356592255,0.001128189648268857,0.0005052128838528272,0.009136594406021934,True
nonzero_8192,nonzero,8192,0,1,64,official,True,0.05772927298003746,0.0003313850646630683,0.005740329776501081,0.0036981210498465422,0.0013737678533172122,0.009335189913482592,True
nonzero_8192,nonzero,8192,0,2,64,official,True,0.04721083747499838,0.00023927334875080295,0.005068186915292825,0.002931629875746966,0.0010622808397779265,0.008082731646107247,True
nonzero_8192,nonzero,8192,0,0,64,bf16_checkpoint,True,0.02741523193854789,4.59948443506689e-05,0.0016777112976380357,0.00048067922872840896,0.00019890212026096296,0.002062039551635334,True
nonzero_8192,nonzero,8192,0,1,64,bf16_checkpoint,True,0.05772927298003746,9.636498404215511e-05,0.00166925684436521,0.0009581052315200678,0.0003981542196199965,0.0020021012138226085,True
nonzero_8192,nonzero,8192,0,2,64,bf16_checkpoint,True,0.04721083747499838,7.917668228149704e-05,0.0016770870104438824,0.0009746201242530339,0.0003527738662519492,0.0021387607764162472,True
nonzero_8192,nonzero,8192,0,0,64,fp32_checkpoint,True,0.02741523193854789,7.003228873789695e-10,2.554502872522711e-08,7.148872521733907e-09,2.9867219236701107e-09,3.16804252122602e-08,True
nonzero_8192,nonzero,8192,0,1,64,fp32_checkpoint,True,0.05772927298003746,1.453057744333436e-09,2.5170206886823213e-08,1.4208399512494196e-08,6.082324774392412e-09,3.004418550709884e-08,True
nonzero_8192,nonzero,8192,0,2,64,fp32_checkpoint,True,0.04721083747499838,1.201897334098678e-09,2.545808120296894e-08,1.4644683354880783e-08,5.252329945137913e-09,3.155619475827102e-08,True
nonzero_8192,nonzero,8192,0,0,256,official,True,0.052993340096009,0.0002733224254243629,0.0051576750008431186,0.004679456326308062,0.0010729694215934403,0.009142692865274908,True
nonzero_8192,nonzero,8192,0,1,256,official,True,0.03472953091111577,0.00017501731135322206,0.005039437814497081,0.003162507476294374,0.0007184806033867413,0.008813926295347857,True
nonzero_8192,nonzero,8192,0,2,256,official,True,0.04066534101430452,0.00018789147118253278,0.004620432695165146,0.0023711496668825383,0.0007586327990991474,0.008265731618354663,True
nonzero_8192,nonzero,8192,0,0,256,bf16_checkpoint,True,0.052993340096009,8.920269906039723e-05,0.0016832813123080575,0.0009692369712738791,0.0003772346877558953,0.0019564829014371127,True
nonzero_8192,nonzero,8192,0,1,256,bf16_checkpoint,True,0.03472953091111577,5.7607545547261594e-05,0.0016587481614623056,0.0007437425237056261,0.00022455417063082242,0.002052052633386476,True
nonzero_8192,nonzero,8192,0,2,256,bf16_checkpoint,True,0.04066534101430452,6.774816302101471e-05,0.001665992742989257,0.0004850598765495928,0.00024112838321057152,0.002100385456594939,True
nonzero_8192,nonzero,8192,0,0,256,fp32_checkpoint,True,0.052993340096009,1.34817652717194e-09,2.5440489780969157e-08,1.4874281695220759e-08,5.845672406412651e-09,3.0372534161674833e-08,True
nonzero_8192,nonzero,8192,0,1,256,fp32_checkpoint,True,0.03472953091111577,8.663488852417526e-10,2.494559709024066e-08,7.4381525105859936e-09,3.4571046196585356e-09,3.013128271516071e-08,True
nonzero_8192,nonzero,8192,0,2,256,fp32_checkpoint,True,0.04066534101430452,1.0188896354666694e-09,2.5055479925970934e-08,7.389869716156738e-09,3.6841287789912695e-09,3.175768592838692e-08,True
nonzero_8192,nonzero,8192,0,0,1024,official,True,0.055946877204858095,0.00033420344010424096,0.005973585243739408,0.00837840209413987,0.001408339612326473,0.009773749072796678,True
nonzero_8192,nonzero,8192,0,1,1024,official,True,0.06864719065584829,0.0003280964035988387,0.004779458568722754,0.00418611032168581,0.001339087616763838,0.008265456239026713,True
nonzero_8192,nonzero,8192,0,2,1024,official,True,0.07242089133240881,0.00035103697604995716,0.004847178343037955,0.004082391232021976,0.0015044140418192227,0.009300010479685913,True
nonzero_8192,nonzero,8192,0,0,1024,bf16_checkpoint,True,0.055946877204858095,9.273930025334738e-05,0.001657631397616138,0.0009670830061036528,0.00040257864783483976,0.0020904013783178744,True
nonzero_8192,nonzero,8192,0,1,1024,bf16_checkpoint,True,0.06864719065584829,0.00011423243862832145,0.001664051180200622,0.0018432907335285131,0.00045049831115094835,0.0023800968665044393,True
nonzero_8192,nonzero,8192,0,2,1024,bf16_checkpoint,True,0.07242089133240881,0.00011779330179695725,0.0016265099701174763,0.0009763923117008799,0.00045829882448527876,0.0020861669484754305,True
nonzero_8192,nonzero,8192,0,0,1024,fp32_checkpoint,True,0.055946877204858095,1.4110506053985756e-09,2.5221257662546505e-08,1.5596642310988784e-08,6.219013502228866e-09,3.161964888896037e-08,True
nonzero_8192,nonzero,8192,0,1,1024,fp32_checkpoint,True,0.06864719065584829,1.733307761408962e-09,2.524950758871726e-08,1.7093849558058594e-08,6.899577438546079e-09,3.0328126067549824e-08,True
nonzero_8192,nonzero,8192,0,2,1024,fp32_checkpoint,True,0.07242089133240881,1.8608951679483994e-09,2.569555736903278e-08,1.481277916992596e-08,7.0821570116730294e-09,3.0349738705334976e-08,True
nonzero_8192,nonzero,8192,0,0,4096,official,True,0.06280174338185654,0.0003266038009567929,0.005200553095650986,0.0037252595299885893,0.0013915788382661528,0.010150466282602954,True
nonzero_8192,nonzero,8192,0,1,4096,official,True,0.02565888640274109,0.00011454729016876304,0.004464234665948955,0.0015511675727552243,0.0004504855607213075,0.007764884934218608,True
nonzero_8192,nonzero,8192,0,2,4096,official,True,0.04923368840154091,0.00022254386976173766,0.004520154329017781,0.002629771016272986,0.0009021331668478546,0.006436754389513287,True
nonzero_8192,nonzero,8192,0,0,4096,bf16_checkpoint,True,0.06280174338185654,0.00010418088965560095,0.0016588853118637925,0.0009617667598669222,0.0004279646702811779,0.002056545567928728,True
nonzero_8192,nonzero,8192,0,1,4096,bf16_checkpoint,True,0.02565888640274109,4.2774439868102785e-05,0.0016670419439377257,0.0004806032202240573,0.0001798238050608049,0.0020616828585497196,True
nonzero_8192,nonzero,8192,0,2,4096,bf16_checkpoint,True,0.04923368840154091,8.20213862924616e-05,0.001665960624837007,0.0009737563934905658,0.00035163181953670454,0.00200444377418398,True
nonzero_8192,nonzero,8192,0,0,4096,fp32_checkpoint,True,0.06280174338185654,1.5686984173048187e-09,2.4978580734082242e-08,1.4881730403537574e-08,6.378563137121597e-09,3.127816344768857e-08,True
nonzero_8192,nonzero,8192,0,1,4096,fp32_checkpoint,True,0.02565888640274109,6.537247610250302e-10,2.5477518812164588e-08,7.381207478562857e-09,2.714248409363407e-09,3.149368977106862e-08,True
nonzero_8192,nonzero,8192,0,2,4096,fp32_checkpoint,True,0.04923368840154091,1.2492112857910226e-09,2.5373099728029414e-08,1.4088782751553452e-08,5.251194064581637e-09,3.069358457015267e-08,True
nonzero_8192,nonzero,8192,0,0,8192,official,True,0.06484128110375863,0.00034434613973089573,0.005310600498159114,0.0052073280393784005,0.001491689683811209,0.009692397075794874,True
nonzero_8192,nonzero,8192,0,1,8192,official,True,0.04687019672028947,0.0002694983774521296,0.005749887909804045,0.0035565289516722443,0.0011701867118600095,0.009830596449446869,True
nonzero_8192,nonzero,8192,0,2,8192,official,True,0.08537791827030633,0.0004334632121222047,0.005076994390398007,0.00645962929953825,0.0017885874685258374,0.007845815214752631,True
nonzero_8192,nonzero,8192,0,0,8192,bf16_checkpoint,True,0.06484128110375863,0.000106985809278376,0.001649964458709228,0.001381289798770502,0.0004319285223740099,0.002157439434168925,True
nonzero_8192,nonzero,8192,0,1,8192,bf16_checkpoint,True,0.04687019672028947,7.828570550952428e-05,0.0016702662029928171,0.0009725353994803343,0.0003317305619904374,0.002156970539598697,True
nonzero_8192,nonzero,8192,0,2,8192,bf16_checkpoint,True,0.08537791827030633,0.00014216033339901912,0.0016650714409426073,0.000973369880480357,0.0005448578570015685,0.002047382039918853,True
nonzero_8192,nonzero,8192,0,0,8192,fp32_checkpoint,True,0.06484128110375863,1.6201192984233338e-09,2.4985923640694707e-08,1.9145163232536788e-08,6.651367604193492e-09,3.591537094521664e-08,True
nonzero_8192,nonzero,8192,0,1,8192,fp32_checkpoint,True,0.04687019672028947,1.1878147805412876e-09,2.534264551160074e-08,1.4440884432698198e-08,4.9175666874679e-09,3.3124596310627626e-08,True
nonzero_8192,nonzero,8192,0,2,8192,fp32_checkpoint,True,0.08537791827030633,2.171436051202708e-09,2.5433227878992615e-08,1.4899327938078244e-08,8.362845083098593e-09,2.9483809434883186e-08,True
correlated_8192,correlated,8192,0,0,16,official,True,0.128466407776324,0.10946945101716354,0.8521251034571113,0.8733186264153978,0.37492857004606156,3.546494037783674,False
correlated_8192,correlated,8192,0,1,16,official,True,0.13209716070250174,0.10275282084939923,0.7778579062786262,0.7237983006276449,0.39162852605447573,3.040289258069475,False
correlated_8192,correlated,8192,0,2,16,official,True,0.12854656680544055,0.03871898876310461,0.30120593435767967,0.31349969805850564,0.14179190992339055,1.2784576659255988,False
correlated_8192,correlated,8192,0,0,16,bf16_checkpoint,True,0.128466407776324,0.00021246634276615988,0.0016538669247768661,0.0018690834612096197,0.0008027472999390747,0.001970425874839131,True
correlated_8192,correlated,8192,0,1,16,bf16_checkpoint,True,0.13209716070250174,0.00021846848623550952,0.0016538469492733921,0.0018659832331145987,0.0008344086815668423,0.001964499276101464,True
correlated_8192,correlated,8192,0,2,16,bf16_checkpoint,True,0.12854656680544055,0.00021383814198545198,0.00166350721998747,0.0018607452917648315,0.0008179310490308334,0.0020174979838587337,True
correlated_8192,correlated,8192,0,0,16,fp32_checkpoint,True,0.128466407776324,3.227235311891407e-09,2.5121238833971484e-08,2.78227876293613e-08,1.1940931700094028e-08,3.047549764189281e-08,True
correlated_8192,correlated,8192,0,1,16,fp32_checkpoint,True,0.13209716070250174,3.3300880329073378e-09,2.520938387470027e-08,2.9210768248688623e-08,1.2589166502041672e-08,2.9085006323748824e-08,True
correlated_8192,correlated,8192,0,2,16,fp32_checkpoint,True,0.12854656680544055,3.2627164661983915e-09,2.5381591646369056e-08,2.964256440307622e-08,1.2270991016083423e-08,3.1219509010935185e-08,True
correlated_8192,correlated,8192,0,0,64,official,True,0.12645061485413192,0.034189863371018835,0.27038115560338566,0.24596437531176515,0.1193433730270166,0.9517675224863987,False
correlated_8192,correlated,8192,0,1,64,official,True,0.1299209139338995,0.22484704766303049,1.7306455200694402,1.5883760253771002,0.8514577263692297,5.830671583451123,False
correlated_8192,correlated,8192,0,2,64,official,True,0.12467307591985247,0.07443843361481577,0.5970690388891133,0.4957889721395897,0.2571438330424707,2.0021042103576767,False
correlated_8192,correlated,8192,0,0,64,bf16_checkpoint,True,0.12645061485413192,0.0004061325575005614,0.003211787921862292,0.003634716743145805,0.001306302221803819,0.006660938428162087,True
correlated_8192,correlated,8192,0,1,64,bf16_checkpoint,True,0.1299209139338995,0.000407800544283575,0.0031388367887486817,0.002888607191777276,0.0013405322150655135,0.005843637590063072,True
correlated_8192,correlated,8192,0,2,64,bf16_checkpoint,True,0.12467307591985247,0.0003998567540243165,0.00320724222992115,0.002581945846126532,0.0012990434002771026,0.005435552771597771,True
correlated_8192,correlated,8192,0,0,64,fp32_checkpoint,True,0.12645061485413192,6.184356671519203e-09,4.890728826153368e-08,4.590278257499136e-08,1.9963509690357205e-08,1.0332281975358896e-07,True
correlated_8192,correlated,8192,0,1,64,fp32_checkpoint,True,0.1299209139338995,6.232090347567284e-09,4.796833826721704e-08,4.163903333243013e-08,2.05534656416706e-08,8.092288534161286e-08,True
correlated_8192,correlated,8192,0,2,64,fp32_checkpoint,True,0.12467307591985247,6.222829015865257e-09,4.9913174676669364e-08,5.0712181398626655e-08,2.0446923080230663e-08,8.976917295438963e-08,True
correlated_8192,correlated,8192,0,0,256,official,True,0.11233710784257905,0.06794229072723806,0.6048071917824998,0.47817025838140403,0.22267093296173826,2.4987359326071816,False
correlated_8192,correlated,8192,0,1,256,official,True,0.1053426768009627,0.8005133910517918,7.5991366021987785,5.076399771912273,2.760507263022145,29.350286416294285,False
correlated_8192,correlated,8192,0,2,256,official,True,0.11042344820928396,0.24051519832267007,2.178117077695537,1.7989799750059141,0.8586051485385437,9.413650999730246,False
correlated_8192,correlated,8192,0,0,256,bf16_checkpoint,True,0.11233710784257905,0.0006508554537716664,0.005793770787509745,0.004710714388960202,0.002090018468481656,0.012521773844515015,True
correlated_8192,correlated,8192,0,1,256,bf16_checkpoint,True,0.1053426768009627,0.0006421991098589871,0.006096286228537514,0.00542596811870133,0.002124453412872215,0.012190522574034926,True
correlated_8192,correlated,8192,0,2,256,bf16_checkpoint,True,0.11042344820928396,0.0006523456321161751,0.005907673077549561,0.0042203868281477375,0.0021484030156287514,0.014168491491305944,True
correlated_8192,correlated,8192,0,0,256,fp32_checkpoint,True,0.11233710784257905,9.923399624800889e-09,8.833590089133156e-08,5.868852315238371e-08,3.086580252317783e-08,1.823527515423554e-07,True
correlated_8192,correlated,8192,0,1,256,fp32_checkpoint,True,0.1053426768009627,9.786153359792425e-09,9.289827880757813e-08,6.863633417175663e-08,3.196560623919265e-08,1.7929500422831832e-07,True
correlated_8192,correlated,8192,0,2,256,fp32_checkpoint,True,0.11042344820928396,9.804580775857345e-09,8.879074992545845e-08,1.0142108075594791e-07,3.220540204129652e-08,2.2952131730820434e-07,True
correlated_8192,correlated,8192,0,0,1024,official,True,0.09082383833518222,2.46290108195056,27.11734195664919,18.360182604126198,8.459850956775163,194.4757911175645,False
correlated_8192,correlated,8192,0,1,1024,official,True,0.08832457924511676,1.1403390430439067,12.910778095860028,5.900998205503863,4.057067690821665,97.4896775738685,False
correlated_8192,correlated,8192,0,2,1024,official,True,0.09818718737656733,0.2866270581168409,2.9191900264702495,1.9651256557227068,0.9389344932890757,16.09135837306002,False
correlated_8192,correlated,8192,0,0,1024,bf16_checkpoint,True,0.09082383833518222,0.0006761434543809274,0.007444559344493277,0.004185428174978828,0.0021972293316194365,0.02670891257681418,True
correlated_8192,correlated,8192,0,1,1024,bf16_checkpoint,True,0.08832457924511676,0.0006736577107668198,0.0076270695713963966,0.005237902373841086,0.0023046572323415396,0.02904180456475303,True
correlated_8192,correlated,8192,0,2,1024,bf16_checkpoint,True,0.09818718737656733,0.0006623329329690479,0.006745614684214039,0.004473114681853907,0.0022606502913426344,0.03213884113218281,True
correlated_8192,correlated,8192,0,0,1024,fp32_checkpoint,True,0.09082383833518222,1.0282438525926745e-08,1.1321299247428591e-07,7.96322196239263e-08,3.2426514298133926e-08,4.4049490487035796e-07,True
correlated_8192,correlated,8192,0,1,1024,fp32_checkpoint,True,0.08832457924511676,1.0187852007345585e-08,1.1534560475032034e-07,7.018494926902541e-08,3.455777550460948e-08,4.6996434962933707e-07,True
correlated_8192,correlated,8192,0,2,1024,fp32_checkpoint,True,0.09818718737656733,1.0032144826794195e-08,1.0217366537162258e-07,8.751035041054678e-08,3.296020838775005e-08,4.556899492306639e-07,True
correlated_8192,correlated,8192,0,0,4096,official,True,0.08887674964832858,0.05771354295421067,0.6493660398537767,0.4900937272488487,0.17789395750907935,5.3728300270626885,False
correlated_8192,correlated,8192,0,1,4096,official,True,0.08706407617885974,0.32857036012451046,3.773891305634637,2.673492594255309,1.2114556697706054,36.04406560696598,False
correlated_8192,correlated,8192,0,2,4096,official,True,0.09409128407812499,0.0815992508274535,0.8672349583379134,0.5485675899923325,0.2788274614463944,7.604862927129128,False
correlated_8192,correlated,8192,0,0,4096,bf16_checkpoint,True,0.08887674964832858,0.0006422738374179143,0.007226567577676857,0.003921908263461393,0.0021072530468293645,0.03532184151858091,True
correlated_8192,correlated,8192,0,1,4096,bf16_checkpoint,True,0.08706407617885974,0.0006501779717673103,0.007467809920036593,0.004834718886233158,0.0022466025178070744,0.043749656576611576,True
correlated_8192,correlated,8192,0,2,4096,bf16_checkpoint,True,0.09409128407812499,0.0006319519656316471,0.006716370935132851,0.004244880962772875,0.002260361056367569,0.030942566023119743,True
correlated_8192,correlated,8192,0,0,4096,fp32_checkpoint,True,0.08887674964832858,9.823027906863914e-09,1.1052415784479182e-07,6.455388804060824e-08,3.2953976599470195e-08,4.977330545120866e-07,True
correlated_8192,correlated,8192,0,1,4096,fp32_checkpoint,True,0.08706407617885974,9.842625373291692e-09,1.1305036250624809e-07,7.112587574464868e-08,3.454687747844744e-08,6.853501410793776e-07,True
correlated_8192,correlated,8192,0,2,4096,fp32_checkpoint,True,0.09409128407812499,9.54873724755307e-09,1.0148375953318537e-07,6.622510395626335e-08,3.3063164281976754e-08,5.161438006946661e-07,True
correlated_8192,correlated,8192,0,0,8192,official,True,0.09516437390075656,0.46484415141287544,4.884644666476179,2.3639895676466556,1.4649039630005138,31.132903934771953,False
correlated_8192,correlated,8192,0,1,8192,official,True,0.08582929569384802,0.5441549937678644,6.33996806531954,3.722425184835758,1.9320369929774408,51.60181737365205,False
correlated_8192,correlated,8192,0,2,8192,official,True,0.09552403369525417,0.13749931064279772,1.4394211103087973,0.8730601091297541,0.426670814942721,9.856363886834085,False
correlated_8192,correlated,8192,0,0,8192,bf16_checkpoint,True,0.09516437390075656,0.000656953539280274,0.006903355871025714,0.004933524327363603,0.0021805752219967644,0.031180686532873442,True
correlated_8192,correlated,8192,0,1,8192,bf16_checkpoint,True,0.08582929569384802,0.0006387493134470209,0.007442089653460882,0.005165677160145599,0.0022616600471255235,0.03706167950081682,True
correlated_8192,correlated,8192,0,2,8192,bf16_checkpoint,True,0.09552403369525417,0.0006392120506033744,0.0066916358729429545,0.004743582586272055,0.002219485153880211,0.03472144397245483,True
correlated_8192,correlated,8192,0,0,8192,fp32_checkpoint,True,0.09516437390075656,1.0080798919008705e-08,1.0593038661213281e-07,6.697016841777925e-08,3.347654764285224e-08,5.097594094833193e-07,True
correlated_8192,correlated,8192,0,1,8192,fp32_checkpoint,True,0.08582929569384802,9.653075578371088e-09,1.1246830700794146e-07,6.45288874001615e-08,3.431306874301931e-08,5.573683304401031e-07,True
correlated_8192,correlated,8192,0,2,8192,fp32_checkpoint,True,0.09552403369525417,9.783839902252762e-09,1.0242280946244048e-07,8.240964882721968e-08,3.3617267048841056e-08,5.72641855476674e-07,True
dynamic_8192,dynamic,8192,0,0,16,official,True,8.585837638645554,0.040684565588020034,0.004738566846977806,0.7682887167138688,0.2089398071682585,0.007148164168504601,True
dynamic_8192,dynamic,8192,0,1,16,official,True,8.395538220991568,0.036948188579310676,0.004400931495604204,0.861091166957479,0.1715880760975904,0.007299981320432082,True
dynamic_8192,dynamic,8192,0,2,16,official,True,7.639556789386274,0.03149730904541421,0.004122923608496999,1.0177886239282543,0.12768074541116178,0.005736632870721123,True
dynamic_8192,dynamic,8192,0,0,16,bf16_checkpoint,True,8.585837638645554,0.014469696572819754,0.0016852981831021905,0.36061503902931236,0.0617272717288854,0.0021087332778690305,True
dynamic_8192,dynamic,8192,0,1,16,bf16_checkpoint,True,8.395538220991568,0.014807217773347661,0.0017637008353228402,0.34188251297305783,0.06207278033412557,0.002071360755229035,True
dynamic_8192,dynamic,8192,0,2,16,bf16_checkpoint,True,7.639556789386274,0.012589369653467746,0.0016479188519101403,0.4088328185840737,0.05458640828913168,0.002155286286564799,True
dynamic_8192,dynamic,8192,0,0,16,fp32_checkpoint,True,8.585837638645554,2.1911228195805652e-07,2.5520198631734463e-08,6.571372068719938e-06,9.756869048516154e-07,3.10330343894233e-08,True
dynamic_8192,dynamic,8192,0,1,16,fp32_checkpoint,True,8.395538220991568,2.1663327099545782e-07,2.5803380949872205e-08,5.914761317171724e-06,9.303478443456472e-07,3.311556053145488e-08,True
dynamic_8192,dynamic,8192,0,2,16,fp32_checkpoint,True,7.639556789386274,1.9814337744716047e-07,2.5936501672772875e-08,4.083232511220558e-06,8.593385655331076e-07,3.311187464459391e-08,True
dynamic_8192,dynamic,8192,0,0,64,official,True,14.934493013414764,0.07749154296428787,0.005188762878972982,1.4030983307161478,0.3724772488099573,0.0068294417352750564,True
dynamic_8192,dynamic,8192,0,1,64,official,True,14.33913535699693,0.07139286262349778,0.004978881979007256,1.2389611676868242,0.3547938481944625,0.007064379082381732,True
dynamic_8192,dynamic,8192,0,2,64,official,True,13.538406996587238,0.06873558674840899,0.005077080838664095,1.3496780648689786,0.3239549795059642,0.007155035622960819,True
dynamic_8192,dynamic,8192,0,0,64,bf16_checkpoint,True,14.934493013414764,0.03863880287519266,0.002587218919349035,1.2555076339612583,0.17406312675438815,0.003356690628374642,True
dynamic_8192,dynamic,8192,0,1,64,bf16_checkpoint,True,14.33913535699693,0.03535740386402071,0.0024657974824658937,0.7577922218038395,0.17019389994751197,0.0034351099596479796,True
dynamic_8192,dynamic,8192,0,2,64,bf16_checkpoint,True,13.538406996587238,0.03584471694042721,0.0026476318040566326,0.8855724170447274,0.1656077864942648,0.0040230496228540235,True
dynamic_8192,dynamic,8192,0,0,64,fp32_checkpoint,True,14.934493013414764,5.991202918026348e-07,4.011654706085307e-08,1.4469898758306954e-05,2.8176507053157006e-06,5.497362866666304e-08,True
dynamic_8192,dynamic,8192,0,1,64,fp32_checkpoint,True,14.33913535699693,5.784750555190039e-07,4.0342394511028237e-08,1.5371347615200648e-05,2.51838510372693e-06,5.5563431417228274e-08,True
dynamic_8192,dynamic,8192,0,2,64,fp32_checkpoint,True,13.538406996587238,5.433800910451889e-07,4.013619114731624e-08,2.0381325498419756e-05,2.495731429661419e-06,5.9355825593705476e-08,True
dynamic_8192,dynamic,8192,0,0,256,official,True,18.484414317143028,0.11226312569037207,0.006073393712358834,2.4634345932173005,0.5780021673350318,0.008450134608731457,True
dynamic_8192,dynamic,8192,0,1,256,official,True,20.472831550854664,0.12499976761680621,0.00610564138655202,2.787966775142934,0.626165430495917,0.00855838700867255,True
dynamic_8192,dynamic,8192,0,2,256,official,True,20.81576165895757,0.1259289732409035,0.006049693271094548,2.656413660898238,0.6300459867672388,0.008448864347790908,True
dynamic_8192,dynamic,8192,0,0,256,bf16_checkpoint,True,18.484414317143028,0.07894523584913378,0.004270908155089203,2.5017600718660447,0.36893638823453445,0.005464681410825924,True
dynamic_8192,dynamic,8192,0,1,256,bf16_checkpoint,True,20.472831550854664,0.082913110527879,0.004049909282061068,2.1969421226439465,0.37848724309589643,0.005850485983951714,True
dynamic_8192,dynamic,8192,0,2,256,bf16_checkpoint,True,20.81576165895757,0.08333056661784925,0.004003243695000222,2.656413660898238,0.38498884317444465,0.0055563853469105,True
dynamic_8192,dynamic,8192,0,0,256,fp32_checkpoint,True,18.484414317143028,1.1706003793294878e-06,6.332904896228366e-08,2.8089149139987057e-05,5.508254732760067e-06,8.655509070954906e-08,True
dynamic_8192,dynamic,8192,0,1,256,fp32_checkpoint,True,20.472831550854664,1.3778905083793455e-06,6.730336763415726e-08,3.677449342376349e-05,5.878314932274978e-06,8.419878475907733e-08,True
dynamic_8192,dynamic,8192,0,2,256,fp32_checkpoint,True,20.81576165895757,1.2739222284283542e-06,6.119988541856464e-08,4.159058573804941e-05,5.447494162638123e-06,8.891048894260615e-08,True
dynamic_8192,dynamic,8192,0,0,1024,official,True,21.738499059291588,0.14305380368057138,0.006580666093385438,2.7105419812138223,0.7149211801758852,0.009047447256576567,True
dynamic_8192,dynamic,8192,0,1,1024,official,True,20.997649064690695,0.147065087107862,0.007003883465943064,3.017088600652329,0.7090809451093055,0.009221590266153712,True
dynamic_8192,dynamic,8192,0,2,1024,official,True,21.20792530688174,0.1439772344209159,0.006788841074152447,2.9111184474154754,0.7025141444208899,0.009821694212072199,True
dynamic_8192,dynamic,8192,0,0,1024,bf16_checkpoint,True,21.738499059291588,0.09974252824480886,0.004588289558205554,2.148974865730594,0.47653708933976335,0.0073077530376861165,True
dynamic_8192,dynamic,8192,0,1,1024,bf16_checkpoint,True,20.997649064690695,0.10064845824443501,0.004793320334783756,2.4990240264010595,0.48966493405624634,0.007190275742356567,True
dynamic_8192,dynamic,8192,0,2,1024,bf16_checkpoint,True,21.20792530688174,0.1013251352654898,0.004777701439405338,2.1589580307736753,0.47450860243911475,0.00670264259939532,True
dynamic_8192,dynamic,8192,0,0,1024,fp32_checkpoint,True,21.738499059291588,1.6259465218755981e-06,7.479571231853872e-08,4.2728030280159146e-05,7.426142806385985e-06,9.559442629779737e-08,True
dynamic_8192,dynamic,8192,0,1,1024,fp32_checkpoint,True,20.997649064690695,1.5696143738505292e-06,7.475191003596528e-08,3.1144037377472955e-05,7.689001570625466e-06,1.2340383806913288e-07,True
dynamic_8192,dynamic,8192,0,2,1024,fp32_checkpoint,True,21.20792530688174,1.550464790990159e-06,7.31078013787162e-08,3.807371976449758e-05,7.385698446102933e-06,1.077570399968077e-07,True
dynamic_8192,dynamic,8192,0,0,4096,official,True,21.488239798376675,0.14947687654118297,0.00695621781698821,3.322690170854429,0.6825143420828943,0.008993980556046279,True
dynamic_8192,dynamic,8192,0,1,4096,official,True,21.643379688006842,0.1444049551962013,0.006672015058545586,3.744612186123973,0.6960058458565317,0.00909219402039629,True
dynamic_8192,dynamic,8192,0,2,4096,official,True,21.839908988053356,0.14794699427931382,0.006774158004057722,3.315712306303169,0.7050139759430009,0.008849940158572898,True
dynamic_8192,dynamic,8192,0,0,4096,bf16_checkpoint,True,21.488239798376675,0.10228576901043512,0.004760081326817764,2.9562946652881976,0.4858944618824774,0.006867615073879949,True
dynamic_8192,dynamic,8192,0,1,4096,bf16_checkpoint,True,21.643379688006842,0.10595016522572445,0.004895268980769865,2.5795855253832087,0.4887658658711556,0.006615345181830781,True
dynamic_8192,dynamic,8192,0,2,4096,bf16_checkpoint,True,21.839908988053356,0.09919661864419936,0.004541988645578188,3.1900553960779803,0.47775355747588677,0.007113294593881034,True
dynamic_8192,dynamic,8192,0,0,4096,fp32_checkpoint,True,21.488239798376675,1.6367602764156169e-06,7.617004890923014e-08,5.49528895135154e-05,7.563386079851855e-06,9.453205931620394e-08,True
dynamic_8192,dynamic,8192,0,1,4096,fp32_checkpoint,True,21.643379688006842,1.5841199102190537e-06,7.319189207297674e-08,3.6990777033452105e-05,7.65010877881167e-06,1.0016345143021587e-07,True
dynamic_8192,dynamic,8192,0,2,4096,fp32_checkpoint,True,21.839908988053356,1.6571635377834663e-06,7.587776756258238e-08,5.3444514321654424e-05,7.683172267007878e-06,9.540011440852555e-08,True
dynamic_8192,dynamic,8192,0,0,8192,official,True,21.108715334377777,0.14453559147272074,0.006847199802696152,2.677461910729022,0.7537885743628782,0.009795040936677634,True
dynamic_8192,dynamic,8192,0,1,8192,official,True,21.72583376182594,0.1385840405776465,0.006378767420247409,2.879378300602461,0.6740885443192716,0.008968327503453923,True
dynamic_8192,dynamic,8192,0,2,8192,official,True,21.692337476087825,0.1507481291042261,0.006949372296572498,2.994968080513729,0.7484541600846548,0.008435625316696308,True
dynamic_8192,dynamic,8192,0,0,8192,bf16_checkpoint,True,21.108715334377777,0.10637238098136678,0.0050392636072991185,2.0671707397278,0.5093795006682772,0.006771361917897831,True
dynamic_8192,dynamic,8192,0,1,8192,bf16_checkpoint,True,21.72583376182594,0.10130354174536509,0.0046628149168371005,1.9836470924956586,0.4807769238497855,0.007412560815794062,True
dynamic_8192,dynamic,8192,0,2,8192,bf16_checkpoint,True,21.692337476087825,0.10522641582095132,0.004850856480402163,2.0762308174785744,0.509160268856784,0.007597995799329347,True
dynamic_8192,dynamic,8192,0,0,8192,fp32_checkpoint,True,21.108715334377777,1.553162344750308e-06,7.357919798277911e-08,3.904769863538604e-05,6.952576548968638e-06,1.1215828872145823e-07,True
dynamic_8192,dynamic,8192,0,1,8192,fp32_checkpoint,True,21.72583376182594,1.6790559327922822e-06,7.728384333596993e-08,5.004976901545888e-05,7.492959815351699e-06,1.1248378237136301e-07,True
dynamic_8192,dynamic,8192,0,2,8192,fp32_checkpoint,True,21.692337476087825,1.6038607104145904e-06,7.393673974427969e-08,3.399848247909176e-05,7.789985999764327e-06,1.1258543138050348e-07,True
retention_256,retention,256,0,0,16,official,True,0.08837886322039466,9.484427923775893e-06,0.00010731556820462959,0.00010730405280923172,0.0,0.0001073155682046296,True
retention_256,retention,256,0,0,16,bf16_checkpoint,True,0.08837886322039466,9.484427923775895e-06,0.00010731556820462961,0.00010730405280923172,0.0,0.0001073155682046296,True
retention_256,retention,256,0,0,16,fp32_checkpoint,True,0.08837886322039466,1.3870088247371263e-09,1.56938975474065e-08,1.569221352859529e-08,0.0,1.56938975474065e-08,True
retention_256,retention,256,0,0,64,official,True,0.08835041604249198,3.7931605826453585e-05,0.00042933137754790475,0.0004291471312188877,0.0,0.00042933137754790464,True
retention_256,retention,256,0,0,64,bf16_checkpoint,True,0.08835041604249198,3.793160582645358e-05,0.00042933137754790464,0.0004291471312188877,0.0,0.00042933137754790464,True
retention_256,retention,256,0,0,64,fp32_checkpoint,True,0.08835041604249198,5.578333510506816e-10,6.3138735055010105e-09,6.311163924799246e-09,0.0,6.3138735055010105e-09,True
retention_256,retention,256,0,0,256,official,True,0.08823671886651151,0.00015162878180693427,0.0017184317793630239,0.0017154838374198178,0.0,0.0017184317793630236,True
retention_256,retention,256,0,0,256,bf16_checkpoint,True,0.08823671886651151,0.00015162878180693425,0.0017184317793630236,0.0017154838374198178,0.0,0.0017184317793630236,True
retention_256,retention,256,0,0,256,fp32_checkpoint,True,0.08823671886651151,2.2593292910580906e-10,2.5605318512308983e-09,2.5561393002249133e-09,0.0,2.5605318512308987e-09,True
retention_8192,retention,8192,0,0,16,official,True,0.08837886322039466,9.484427923775893e-06,0.00010731556820462959,0.00010730405280923172,0.0,0.0001073155682046296,True
retention_8192,retention,8192,0,0,16,bf16_checkpoint,True,0.08837886322039466,9.484427923775895e-06,0.00010731556820462961,0.00010730405280923172,0.0,0.0001073155682046296,True
retention_8192,retention,8192,0,0,16,fp32_checkpoint,True,0.08837886322039466,1.3870088247371263e-09,1.56938975474065e-08,1.569221352859529e-08,0.0,1.56938975474065e-08,True
retention_8192,retention,8192,0,0,64,official,True,0.08835041604249198,3.7931605826453585e-05,0.00042933137754790475,0.0004291471312188877,0.0,0.00042933137754790464,True
retention_8192,retention,8192,0,0,64,bf16_checkpoint,True,0.08835041604249198,3.793160582645358e-05,0.00042933137754790464,0.0004291471312188877,0.0,0.00042933137754790464,True
retention_8192,retention,8192,0,0,64,fp32_checkpoint,True,0.08835041604249198,5.578333510506816e-10,6.3138735055010105e-09,6.311163924799246e-09,0.0,6.3138735055010105e-09,True
retention_8192,retention,8192,0,0,256,official,True,0.08823671886651151,0.00015162878180693427,0.0017184317793630239,0.0017154838374198178,0.0,0.0017184317793630236,True
retention_8192,retention,8192,0,0,256,bf16_checkpoint,True,0.08823671886651151,0.00015162878180693425,0.0017184317793630236,0.0017154838374198178,0.0,0.0017184317793630236,True
retention_8192,retention,8192,0,0,256,fp32_checkpoint,True,0.08823671886651151,2.2593292910580906e-10,2.5605318512308983e-09,2.5561393002249133e-09,0.0,2.5605318512308987e-09,True
retention_8192,retention,8192,0,0,1024,official,True,0.08778339143729885,0.0006049562110195823,0.006891465471024608,0.006844298226125867,0.0,0.0068914654710246085,True
retention_8192,retention,8192,0,0,1024,bf16_checkpoint,True,0.08778339143729885,0.0006049562110195824,0.006891465471024609,0.006844298226125867,0.0,0.0068914654710246085,True
retention_8192,retention,8192,0,0,1024,fp32_checkpoint,True,0.08778339143729885,1.420918464838123e-09,1.6186643527586244e-08,1.607585731200345e-08,0.0,1.618664352758624e-08,True
retention_8192,retention,8192,0,0,4096,official,True,0.0859932526472443,0.0023950950010741216,0.02785212708372735,0.0270974066695282,0.0,0.027852127083727342,False
retention_8192,retention,8192,0,0,4096,bf16_checkpoint,True,0.0859932526472443,0.0023950950010741216,0.02785212708372735,0.0270974066695282,0.0,0.027852127083727342,False
retention_8192,retention,8192,0,0,4096,fp32_checkpoint,True,0.0859932526472443,2.3567735467982673e-10,2.740649381488178e-09,2.6663848906594012e-09,0.0,2.740649381488177e-09,True
retention_8192,retention,8192,0,0,8192,official,True,0.08366305850942636,0.004725289138892075,0.05647999515054394,0.05346054389084365,0.0,0.05647999515054394,False
retention_8192,retention,8192,0,0,8192,bf16_checkpoint,True,0.08366305850942636,0.004725289138892075,0.05647999515054394,0.05346054389084365,0.0,0.05647999515054394,False
retention_8192,retention,8192,0,0,8192,fp32_checkpoint,True,0.08366305850942636,5.754805318287623e-09,6.878550008590979e-08,6.510818983951339e-08,0.0,6.878550008590979e-08,True
retention_65536,retention,65536,0,0,16,official,True,0.08837886322039466,9.484427923775893e-06,0.00010731556820462959,0.00010730405280923172,0.0,0.0001073155682046296,True
retention_65536,retention,65536,0,0,16,bf16_checkpoint,True,0.08837886322039466,9.484427923775895e-06,0.00010731556820462961,0.00010730405280923172,0.0,0.0001073155682046296,True
retention_65536,retention,65536,0,0,16,fp32_checkpoint,True,0.08837886322039466,1.3870088247371263e-09,1.56938975474065e-08,1.569221352859529e-08,0.0,1.56938975474065e-08,True
retention_65536,retention,65536,0,0,64,official,True,0.08835041604249198,3.7931605826453585e-05,0.00042933137754790475,0.0004291471312188877,0.0,0.00042933137754790464,True
retention_65536,retention,65536,0,0,64,bf16_checkpoint,True,0.08835041604249198,3.793160582645358e-05,0.00042933137754790464,0.0004291471312188877,0.0,0.00042933137754790464,True
retention_65536,retention,65536,0,0,64,fp32_checkpoint,True,0.08835041604249198,5.578333510506816e-10,6.3138735055010105e-09,6.311163924799246e-09,0.0,6.3138735055010105e-09,True
retention_65536,retention,65536,0,0,256,official,True,0.08823671886651151,0.00015162878180693427,0.0017184317793630239,0.0017154838374198178,0.0,0.0017184317793630236,True
retention_65536,retention,65536,0,0,256,bf16_checkpoint,True,0.08823671886651151,0.00015162878180693425,0.0017184317793630236,0.0017154838374198178,0.0,0.0017184317793630236,True
retention_65536,retention,65536,0,0,256,fp32_checkpoint,True,0.08823671886651151,2.2593292910580906e-10,2.5605318512308983e-09,2.5561393002249133e-09,0.0,2.5605318512308987e-09,True
retention_65536,retention,65536,0,0,1024,official,True,0.08778339143729885,0.0006049562110195823,0.006891465471024608,0.006844298226125867,0.0,0.0068914654710246085,True
retention_65536,retention,65536,0,0,1024,bf16_checkpoint,True,0.08778339143729885,0.0006049562110195824,0.006891465471024609,0.006844298226125867,0.0,0.0068914654710246085,True
retention_65536,retention,65536,0,0,1024,fp32_checkpoint,True,0.08778339143729885,1.420918464838123e-09,1.6186643527586244e-08,1.607585731200345e-08,0.0,1.618664352758624e-08,True
retention_65536,retention,65536,0,0,4096,official,True,0.0859932526472443,0.0023950950010741216,0.02785212708372735,0.0270974066695282,0.0,0.027852127083727342,False
retention_65536,retention,65536,0,0,4096,bf16_checkpoint,True,0.0859932526472443,0.0023950950010741216,0.02785212708372735,0.0270974066695282,0.0,0.027852127083727342,False
retention_65536,retention,65536,0,0,4096,fp32_checkpoint,True,0.0859932526472443,2.3567735467982673e-10,2.740649381488178e-09,2.6663848906594012e-09,0.0,2.740649381488177e-09,True
retention_65536,retention,65536,0,0,8192,official,True,0.08366305850942636,0.004725289138892075,0.05647999515054394,0.05346054389084365,0.0,0.05647999515054394,False
retention_65536,retention,65536,0,0,8192,bf16_checkpoint,True,0.08366305850942636,0.004725289138892075,0.05647999515054394,0.05346054389084365,0.0,0.05647999515054394,False
retention_65536,retention,65536,0,0,8192,fp32_checkpoint,True,0.08366305850942636,5.754805318287623e-09,6.878550008590979e-08,6.510818983951339e-08,0.0,6.878550008590979e-08,True
retention_65536,retention,65536,0,0,16384,official,True,0.07919038589794093,0.009197961750377508,0.11614998015329368,0.10406305802858273,0.0,0.11614998015329367,False
retention_65536,retention,65536,0,0,16384,bf16_checkpoint,True,0.07919038589794093,0.009197961750377506,0.11614998015329367,0.10406305802858273,0.0,0.11614998015329367,False
retention_65536,retention,65536,0,0,16384,fp32_checkpoint,True,0.07919038589794093,1.265546616385594e-08,1.5981063888444823e-07,1.4318025509663102e-07,0.0,1.5981063888444823e-07,True
retention_65536,retention,65536,0,0,32768,official,True,0.07094959217493835,0.01743875547338009,0.2457907781961855,0.19729699601089734,0.0,0.2457907781961855,False
retention_65536,retention,65536,0,0,32768,bf16_checkpoint,True,0.07094959217493835,0.01743875547338009,0.2457907781961855,0.19729699601089734,0.0,0.2457907781961855,False
retention_65536,retention,65536,0,0,32768,fp32_checkpoint,True,0.07094959217493835,2.2749951937513297e-08,3.2064950960421875e-07,2.57386324586939e-07,0.0,3.2064950960421875e-07,True
retention_65536,retention,65536,0,0,65536,official,True,0.05695145077062365,0.031436896877694805,0.5519946630386876,0.35566788738688315,0.0,0.5519946630386876,False
retention_65536,retention,65536,0,0,65536,bf16_checkpoint,True,0.05695145077062365,0.031436896877694805,0.5519946630386876,0.35566788738688315,0.0,0.5519946630386876,False
retention_65536,retention,65536,0,0,65536,fp32_checkpoint,True,0.05695145077062365,4.7262176818409527e-08,8.298678291578836e-07,5.347104915509604e-07,0.0,8.298678291578838e-07,True
varlen,weak,15,0,0,15,official,True,0.21992317853236965,0.0009700784379358248,0.004410987711297756,0.006194312250729195,0.002945361358278451,0.006021608749647016,True
varlen,weak,15,0,1,15,official,True,0.19691544196374777,0.0009092408115864646,0.004617417519515083,0.007575427337922269,0.002840978113171304,0.008572828497035475,True
varlen,weak,15,0,2,15,official,True,0.20908497765495712,0.0010063718949784358,0.004813219516129958,0.0066017475829862615,0.0031313844674267597,0.007993265745280849,True
varlen,weak,15,0,0,15,bf16_checkpoint,True,0.21992317853236965,0.00036187089116232696,0.0016454422565971808,0.003340979588117854,0.001176134096892363,0.001993921167382886,True
varlen,weak,15,0,1,15,bf16_checkpoint,True,0.19691544196374777,0.00031963023433363903,0.0016231852166905382,0.0019516752715647012,0.000956530331564821,0.0019384985009312024,True
varlen,weak,15,0,2,15,bf16_checkpoint,True,0.20908497765495712,0.00034573922915971054,0.0016535823521968535,0.0019520518879465598,0.0009964993435751218,0.001997312455306491,True
varlen,weak,15,0,0,15,fp32_checkpoint,True,0.21992317853236965,5.5733991094720124e-09,2.5342481618651604e-08,2.980155400233997e-08,1.9004113728238183e-08,3.185304798387924e-08,True
varlen,weak,15,0,1,15,fp32_checkpoint,True,0.19691544196374777,4.948059682123036e-09,2.5127839811739986e-08,2.97482515287939e-08,1.4582094471360385e-08,3.09157916738808e-08,True
varlen,weak,15,0,2,15,fp32_checkpoint,True,0.20908497765495712,5.243340257363341e-09,2.50775561026492e-08,2.978568780509505e-08,1.486032986164343e-08,3.0320675950488006e-08,True
varlen,weak,16,1,0,16,official,True,0.21558088367987913,0.0010712974047046562,0.004969352506669606,0.006621986863281415,0.0032478796933736944,0.009047844134872687,True
varlen,weak,16,1,1,16,official,True,0.18079013143756895,0.0008251405760680071,0.0045640797398996714,0.005791540932463257,0.0025696578398839882,0.00798960677301977,True
varlen,weak,16,1,2,16,official,True,0.19673140852296003,0.0009128841811375353,0.004640256418593144,0.006342041732299686,0.002907106153950356,0.008041400886915198,True
varlen,weak,16,1,0,16,bf16_checkpoint,True,0.21558088367987913,0.00035704134553313894,0.0016561827720463268,0.0019473541603504119,0.001142689754309558,0.0020127864860117486,True
varlen,weak,16,1,1,16,bf16_checkpoint,True,0.18079013143756895,0.00030010241934155617,0.0016599491186563384,0.0019468298535099127,0.000942047150604809,0.001972075177351648,True
varlen,weak,16,1,2,16,bf16_checkpoint,True,0.19673140852296003,0.0003285679028836528,0.0016701344505715083,0.001945928674552344,0.0009609017346264415,0.002147489285018251,True
varlen,weak,16,1,0,16,fp32_checkpoint,True,0.21558088367987913,5.45636528921689e-09,2.5310060874039133e-08,2.9786726640779193e-08,1.7563465872783016e-08,3.096492166950092e-08,True
varlen,weak,16,1,1,16,fp32_checkpoint,True,0.18079013143756895,4.614875662011547e-09,2.5526148055294553e-08,2.9795603539994886e-08,1.433413352680546e-08,3.385975427625941e-08,True
varlen,weak,16,1,2,16,fp32_checkpoint,True,0.19673140852296003,4.952607056439081e-09,2.5174460415968985e-08,2.9578421711917713e-08,1.4682992391379379e-08,3.040368018946909e-08,True
varlen,weak,17,2,0,16,official,True,0.21146575152054395,0.0010722696815394313,0.0050706541074820805,0.006424230319611923,0.003182119932608997,0.008456019523309733,True
varlen,weak,17,2,1,16,official,True,0.22246886226041288,0.001097019099015764,0.0049311130010259085,0.007178954908190094,0.0032840660286017564,0.008956704111315937,True
varlen,weak,17,2,2,16,official,True,0.185489905943257,0.0008375602739403549,0.0045153954317954745,0.00505988859772355,0.0026111622901994155,0.0069392057958924,True
varlen,weak,17,2,0,16,bf16_checkpoint,True,0.21146575152054395,0.0003556203122467653,0.0016816922347457134,0.0019477077625317252,0.0011265698871240181,0.0019481502101940927,True
varlen,weak,17,2,1,16,bf16_checkpoint,True,0.22246886226041288,0.00037297153691258215,0.0016765111895794076,0.003400021607818937,0.00126205622631401,0.002023542864435105,True
varlen,weak,17,2,2,16,bf16_checkpoint,True,0.185489905943257,0.000307143251112864,0.0016558488697860565,0.001941085776104079,0.000947515699318689,0.002009115393011045,True
varlen,weak,17,2,0,16,fp32_checkpoint,True,0.21146575152054395,5.298030806759155e-09,2.5053848051817742e-08,3.1368506014928244e-08,1.5273471314358747e-08,3.002249419398194e-08,True
varlen,weak,17,2,1,16,fp32_checkpoint,True,0.22246886226041288,5.67190161820314e-09,2.5495260597700393e-08,5.346054110511034e-08,1.8738617914015876e-08,3.105222676011813e-08,True
varlen,weak,17,2,2,16,fp32_checkpoint,True,0.185489905943257,4.676619993975678e-09,2.5212261390688813e-08,2.9105024945685898e-08,1.4387187641240473e-08,2.985510739444521e-08,True
varlen,weak,17,2,0,17,official,True,0.21588647485870174,0.0011368375482974256,0.005265904448351796,0.007890906582052826,0.0034088697853336806,0.008052319174143088,True
varlen,weak,17,2,1,17,official,True,0.22352109542244994,0.00115720815688499,0.005177176474989496,0.008484559252584178,0.003546606671141472,0.009139667130283502,True
varlen,weak,17,2,2,17,official,True,0.18578376662111726,0.0008909015833828241,0.004795368290705971,0.0066325352263161275,0.0027518062905939594,0.006905012853996638,True
varlen,weak,17,2,0,17,bf16_checkpoint,True,0.21588647485870174,0.000504255333953446,0.0023357430533037437,0.0037869647368756754,0.001716431877987606,0.0028758378166955315,True
varlen,weak,17,2,1,17,bf16_checkpoint,True,0.22352109542244994,0.0005280592074658998,0.00236245803317973,0.0037138357922319454,0.0017944697465992132,0.0029289778943371613,True
varlen,weak,17,2,2,17,bf16_checkpoint,True,0.18578376662111726,0.00043863189515088835,0.0023609807419042333,0.0036809944917716164,0.001574404147524694,0.003021833334060772,True
varlen,weak,17,2,0,17,fp32_checkpoint,True,0.21588647485870174,7.530527716075089e-09,3.488188744109069e-08,6.807900931882216e-08,2.544018686601035e-08,4.3277410875040505e-08,True
varlen,weak,17,2,1,17,fp32_checkpoint,True,0.22352109542244994,7.993434749085004e-09,3.576143331786017e-08,7.506157362335841e-08,2.7669006545938403e-08,4.4799537079723924e-08,True
varlen,weak,17,2,2,17,fp32_checkpoint,True,0.18578376662111726,6.5815660188481346e-09,3.542594780237401e-08,4.768121131260017e-08,2.3678705511342992e-08,4.379142380265196e-08,True
varlen,weak,127,3,0,16,official,True,0.2036105982357714,0.0010217978576825594,0.005018392296551115,0.009302838822114579,0.0031241709190665155,0.00852185607840695,True
varlen,weak,127,3,1,16,official,True,0.21064411376701708,0.0009454076972074004,0.004488175246392447,0.0060612070521531836,0.0027619719291790655,0.007461422617122265,True
varlen,weak,127,3,2,16,official,True,0.21668204782074424,0.001055997977493204,0.0048734908503671025,0.006313557739649922,0.003182428035373504,0.008052262543671014,True
varlen,weak,127,3,0,16,bf16_checkpoint,True,0.2036105982357714,0.00033344395521315976,0.0016376552011651549,0.0019452423169161737,0.0009649296350513276,0.0019233065316807756,True
varlen,weak,127,3,1,16,bf16_checkpoint,True,0.21064411376701708,0.00035389109521193654,0.0016800426505312073,0.0027026157065217493,0.001017603810020836,0.0019561270144755386,True
varlen,weak,127,3,2,16,bf16_checkpoint,True,0.21668204782074424,0.0003619620174012898,0.0016704753395201993,0.0019524114257017944,0.0011253069512707583,0.0019600992818624183,True
varlen,weak,127,3,0,16,fp32_checkpoint,True,0.2036105982357714,5.0390828836035105e-09,2.4748627661161783e-08,2.9761073494505297e-08,1.4693518476383005e-08,2.931511483359863e-08,True
varlen,weak,127,3,1,16,fp32_checkpoint,True,0.21064411376701708,5.324571883508833e-09,2.5277572623738614e-08,2.9773116638764918e-08,1.490007096371926e-08,3.007774492461002e-08,True
varlen,weak,127,3,2,16,fp32_checkpoint,True,0.21668204782074424,5.453204728815869e-09,2.51668506166564e-08,2.9632970410808923e-08,1.622910426934965e-08,3.06414980259039e-08,True
varlen,weak,127,3,0,64,official,True,0.3291367816976868,0.0018746924151355727,0.0056957852156963844,0.011834878577297037,0.005208573753278919,0.007902790980919477,True
varlen,weak,127,3,1,64,official,True,0.3317137422581203,0.0019946470604361157,0.006013157751191381,0.010545667027845429,0.00551723490667283,0.010159171142569787,True
varlen,weak,127,3,2,64,official,True,0.35964063998449947,0.002128504907407311,0.0059184215318353614,0.010811978671506295,0.005812856910667712,0.00865754667622754,True
varlen,weak,127,3,0,64,bf16_checkpoint,True,0.3291367816976868,0.0008539102481384247,0.0025943932602547717,0.005633101711156496,0.002842385900774829,0.0033491020763648195,True
varlen,weak,127,3,1,64,bf16_checkpoint,True,0.3317137422581203,0.000862588719053303,0.0026004009155040876,0.006668992374994964,0.0028111693053326716,0.0034825326576523397,True
varlen,weak,127,3,2,64,bf16_checkpoint,True,0.35964063998449947,0.0009159317549251203,0.002546797144406697,0.009080194172406353,0.002914853069262112,0.003395290562182937,True
varlen,weak,127,3,0,64,fp32_checkpoint,True,0.3291367816976868,1.3010712865129387e-08,3.952980520141249e-08,8.615770191733318e-08,4.2304825361993984e-08,5.274986757699875e-08,True
varlen,weak,127,3,1,64,fp32_checkpoint,True,0.3317137422581203,1.3097299940342877e-08,3.948374237131039e-08,1.2215644940027914e-07,4.2965700144947943e-08,5.148681616890599e-08,True
varlen,weak,127,3,2,64,fp32_checkpoint,True,0.35964063998449947,1.4021006222192557e-08,3.8986156355402054e-08,1.1316892845059101e-07,4.575938936546287e-08,4.791868361394786e-08,True
varlen,weak,127,3,0,127,official,True,0.40543320995617205,0.002525757977423645,0.00622977574455897,0.012858644781337802,0.0068183903930601935,0.008182925528971683,True
varlen,weak,127,3,1,127,official,True,0.4110057404632446,0.0025934285669344504,0.006309957043450042,0.012841452318972713,0.007064587134527477,0.009272236903676612,True
varlen,weak,127,3,2,127,official,True,0.43213926613295994,0.002745356406995593,0.0063529436506954825,0.016040734122481748,0.0075360150872726414,0.008554642020537934,True
varlen,weak,127,3,0,127,bf16_checkpoint,True,0.40543320995617205,0.0013266110431350566,0.0032720828253769967,0.009229207149520469,0.0042387801757592745,0.004190942918726229,True
varlen,weak,127,3,1,127,bf16_checkpoint,True,0.4110057404632446,0.0013358457827122646,0.003250187652383231,0.0107180833430508,0.004282364997324606,0.0042651624963863126,True
varlen,weak,127,3,2,127,bf16_checkpoint,True,0.43213926613295994,0.0014248671694816763,0.003297240684079089,0.01088414796092918,0.0046929408914883975,0.004195012463632361,True
varlen,weak,127,3,0,127,fp32_checkpoint,True,0.40543320995617205,1.9829290341105182e-08,4.8908895113078575e-08,1.425847999669827e-07,6.294985361421369e-08,6.11049329821404e-08,True
varlen,weak,127,3,1,127,fp32_checkpoint,True,0.4110057404632446,2.012828144926327e-08,4.897323678880174e-08,1.288135456078976e-07,6.402979650488305e-08,6.0031396274859e-08,True
varlen,weak,127,3,2,127,fp32_checkpoint,True,0.43213926613295994,2.197298439431419e-08,5.084699798502823e-08,1.6152034199024e-07,7.023354071655776e-08,6.60730935270103e-08,True
varlen,weak,128,4,0,16,official,True,0.22037019622054205,0.0010904186528608532,0.004948122166981165,0.007748541113637986,0.0032610564765958652,0.007203632583208351,True
varlen,weak,128,4,1,16,official,True,0.2165727306131434,0.0011373941334809252,0.005251788303452729,0.006584829919481727,0.0034446490153212635,0.0086621664353327,True
varlen,weak,128,4,2,16,official,True,0.21077430637962885,0.0011114922540439416,0.00527337640500648,0.008755958510169415,0.003443212395210218,0.01057860615998925,True
varlen,weak,128,4,0,16,bf16_checkpoint,True,0.22037019622054205,0.0003631207025851144,0.001647775918943733,0.0029917588255647942,0.001198053578342847,0.0019061801118937754,True
varlen,weak,128,4,1,16,bf16_checkpoint,True,0.2165727306131434,0.0003588324745884315,0.0016568682196162633,0.0019524533855030946,0.001158161116254335,0.001978050862918458,True
varlen,weak,128,4,2,16,bf16_checkpoint,True,0.21077430637962885,0.0003553246104082663,0.001685806095209184,0.0019529383692802327,0.0011051939218979885,0.002029109519953679,True
varlen,weak,128,4,0,16,fp32_checkpoint,True,0.22037019622054205,5.530806972421062e-09,2.509779937249746e-08,4.358438787654961e-08,1.828040355422722e-08,2.9411803176961418e-08,True
varlen,weak,128,4,1,16,fp32_checkpoint,True,0.2165727306131434,5.498057453825679e-09,2.5386656197481643e-08,2.9770752196789374e-08,1.8109352274420235e-08,3.034018195513438e-08,True
varlen,weak,128,4,2,16,fp32_checkpoint,True,0.21077430637962885,5.358142699064715e-09,2.5421232744631036e-08,2.9754213759503045e-08,1.5513596760552425e-08,3.0891666001091576e-08,True
varlen,weak,128,4,0,64,official,True,0.33908542173918654,0.0019381375063769564,0.005715779511947607,0.009953813431161751,0.00537681627203659,0.007570166619833738,True
varlen,weak,128,4,1,64,official,True,0.34256878833803156,0.002019841799507726,0.005896164123144332,0.009005676024006926,0.005524170607670336,0.007729619971898711,True
varlen,weak,128,4,2,64,official,True,0.36532853697161066,0.002064857098895862,0.0056520553144095605,0.013185438050014486,0.005733832509454474,0.007406444626335489,True
varlen,weak,128,4,0,64,bf16_checkpoint,True,0.33908542173918654,0.0008912421688593797,0.0026283706456271486,0.005623737926095385,0.0029278625612204766,0.0032123984343614964,True
varlen,weak,128,4,1,64,bf16_checkpoint,True,0.34256878833803156,0.0008948526941778583,0.002612183960247008,0.006602983464527701,0.002937014666341608,0.0034115876370442305,True
varlen,weak,128,4,2,64,bf16_checkpoint,True,0.36532853697161066,0.0009287086926858071,0.0025421192124336464,0.00610429384430633,0.0030590475338505905,0.003248000906295286,True
varlen,weak,128,4,0,64,fp32_checkpoint,True,0.33908542173918654,1.3736003269952379e-08,4.0508976173318546e-08,1.2267160776069375e-07,4.535668072014332e-08,5.138689375483398e-08,True
varlen,weak,128,4,1,64,fp32_checkpoint,True,0.34256878833803156,1.3494033967973229e-08,3.939072801535533e-08,1.1464124249904728e-07,4.363464527701311e-08,5.2484478939179315e-08,True
varlen,weak,128,4,2,64,fp32_checkpoint,True,0.36532853697161066,1.4023169455649316e-08,3.838509187345264e-08,1.0617143342273039e-07,4.431505561952598e-08,4.906495372206195e-08,True
varlen,weak,128,4,0,128,official,True,0.40118424266558195,0.0024699982232759907,0.006156767790441174,0.011870617778198866,0.006703184464644592,0.007650022939979004,True
varlen,weak,128,4,1,128,official,True,0.4326196070078286,0.0027349790752536733,0.006321902731524098,0.01293630255009215,0.00735740243692687,0.008435324601016448,True
varlen,weak,128,4,2,128,official,True,0.43892882873788797,0.0026783598305650134,0.00610203672031857,0.0158511451945218,0.007255221913422571,0.0076218338995365,True
varlen,weak,128,4,0,128,bf16_checkpoint,True,0.40118424266558195,0.001333197862828413,0.003323156098979033,0.011062330770264195,0.0042116207017994425,0.0040587391622701205,True
varlen,weak,128,4,1,128,bf16_checkpoint,True,0.4326196070078286,0.0013888013976926534,0.003210213719387716,0.009414331581052648,0.004491478687493957,0.003985189852672235,True
varlen,weak,128,4,2,128,bf16_checkpoint,True,0.43892882873788797,0.0014362353982457887,0.0032721373129570744,0.01028110053173914,0.0045950382666745185,0.004031610709005958,True
varlen,weak,128,4,0,128,fp32_checkpoint,True,0.40118424266558195,2.06541325313522e-08,5.1482910679941666e-08,1.645243445924649e-07,6.770045560156035e-08,6.439246113840258e-08,True
varlen,weak,128,4,1,128,fp32_checkpoint,True,0.4326196070078286,2.09999261144898e-08,4.8541318456955164e-08,1.627160337580591e-07,6.626623552330458e-08,6.585271725577054e-08,True
varlen,weak,128,4,2,128,fp32_checkpoint,True,0.43892882873788797,2.1880196549980777e-08,4.98490760173942e-08,1.4441870610504282e-07,7.107375484260991e-08,6.09054985417132e-08,True
varlen,weak,129,5,0,16,official,True,0.21793728301725082,0.001010465930591474,0.004636498705508275,0.006107400735967161,0.0030181155419608226,0.007092084236364411,True
varlen,weak,129,5,1,16,official,True,0.2097726586688623,0.0009979837691045487,0.004757453976306422,0.00795483958444676,0.002977948989235131,0.007001014880597517,True
varlen,weak,129,5,2,16,official,True,0.24043019788969347,0.0012134701793697785,0.005047078902819455,0.009357898940008824,0.0035973067852867976,0.007221064856226684,True
varlen,weak,129,5,0,16,bf16_checkpoint,True,0.21793728301725082,0.00036225388742801274,0.0016621932806207304,0.0032361094056136963,0.00116004880078811,0.0020896520166858125,True
varlen,weak,129,5,1,16,bf16_checkpoint,True,0.2097726586688623,0.00034884374747087837,0.0016629609868345496,0.0019508096904523597,0.0010020092406542271,0.002131431766203676,True
varlen,weak,129,5,2,16,bf16_checkpoint,True,0.24043019788969347,0.0003984400365729733,0.0016571963092413744,0.0037850051947292407,0.0014630735655383976,0.0019965472266204307,True
varlen,weak,129,5,0,16,fp32_checkpoint,True,0.21793728301725082,5.5774546540338234e-09,2.5592017009739175e-08,5.403146818849791e-08,1.761255416510288e-08,3.132340195121556e-08,True
varlen,weak,129,5,1,16,fp32_checkpoint,True,0.2097726586688623,5.324087262646192e-09,2.538027260764501e-08,2.963427825353193e-08,1.4881224503215939e-08,2.9782731535735117e-08,True
varlen,weak,129,5,2,16,fp32_checkpoint,True,0.24043019788969347,6.0809731747090815e-09,2.5292052446336047e-08,5.834687888395251e-08,2.2356685538404984e-08,3.1265497771455174e-08,True
varlen,weak,129,5,0,64,official,True,0.3488047328337247,0.0019449037371001355,0.005575909825820143,0.010595681632627807,0.005217643531431496,0.007317048256397924,True
varlen,weak,129,5,1,64,official,True,0.34527249327637816,0.0019945195838659406,0.00577665357856758,0.011463203848491976,0.005490569805192008,0.00797612544911417,True
varlen,weak,129,5,2,64,official,True,0.3876310841511261,0.0023356495319206303,0.006025444365576287,0.01067545788357016,0.006370896432397665,0.007624166489040931,True
varlen,weak,129,5,0,64,bf16_checkpoint,True,0.3488047328337247,0.0009229369223559369,0.0026459988511563608,0.007179722335921346,0.00304376529304817,0.0035209084615863417,True
varlen,weak,129,5,1,64,bf16_checkpoint,True,0.34527249327637816,0.0008829850702534263,0.0025573571235708854,0.005631446384299688,0.0028682034657099053,0.003221447781428409,True
varlen,weak,129,5,2,64,bf16_checkpoint,True,0.3876310841511261,0.0009838856424199207,0.0025382010954424186,0.007934423620219677,0.003200752381864636,0.0031978863495891003,True
varlen,weak,129,5,0,64,fp32_checkpoint,True,0.3488047328337247,1.4008779977552437e-08,4.016224167528835e-08,1.1073534889050052e-07,4.552877202634864e-08,5.443899010529803e-08,True
varlen,weak,129,5,1,64,fp32_checkpoint,True,0.34527249327637816,1.3478782207357427e-08,3.903810025366877e-08,1.092848944672653e-07,4.321346508517898e-08,4.767520565543743e-08,True
varlen,weak,129,5,2,64,fp32_checkpoint,True,0.3876310841511261,1.5104623519254057e-08,3.896649194770253e-08,1.1558905987918422e-07,4.873588699494391e-08,5.039153109654874e-08,True
varlen,weak,129,5,0,129,official,True,0.4164041623781117,0.0026988136460744036,0.006481235995964355,0.014640320982914679,0.007338971744209318,0.00818090131092685,True
varlen,weak,129,5,1,129,official,True,0.4299562510323796,0.002783313314353184,0.006473480284726865,0.014215325701598447,0.007625941847801885,0.008514071851546663,True
varlen,weak,129,5,2,129,official,True,0.4330393121525864,0.0028263025354035177,0.006526665030374049,0.01544264296743858,0.007669574576194382,0.00840475245029076,True
varlen,weak,129,5,0,129,bf16_checkpoint,True,0.4164041623781117,0.001511132211373191,0.0036290036169259574,0.013111663450280808,0.0048544221441333526,0.004746850106188526,True
varlen,weak,129,5,1,129,bf16_checkpoint,True,0.4299562510323796,0.0015668767024994972,0.0036442700826821964,0.012187626741993585,0.00495785605326882,0.004521167098031841,True
varlen,weak,129,5,2,129,bf16_checkpoint,True,0.4330393121525864,0.0016430566182128754,0.0037942435527283614,0.014156629134099097,0.005352958911362569,0.0051079244463570934,True
varlen,weak,129,5,0,129,fp32_checkpoint,True,0.4164041623781117,2.3332891724340122e-08,5.6034242287791833e-08,1.9896266167940269e-07,7.519918030773898e-08,7.384720155036718e-08,True
varlen,weak,129,5,1,129,fp32_checkpoint,True,0.4299562510323796,2.3637601423845352e-08,5.49767595356236e-08,2.251304409561783e-07,7.805446175623842e-08,7.066687041618845e-08,True
varlen,weak,129,5,2,129,fp32_checkpoint,True,0.4330393121525864,2.4419280670109567e-08,5.639044766795942e-08,1.620970091487095e-07,7.870732639525535e-08,6.950670133505036e-08,True
varlen,weak,1024,6,0,16,official,True,0.21523818218757068,0.0009807266244444288,0.0045564714144898716,0.007009733667679763,0.0029374803541343925,0.006762000242893413,True
varlen,weak,1024,6,1,16,official,True,0.17836291600113943,0.0007976970296664619,0.004472325568288904,0.005195476879838068,0.002504337069521981,0.00725971335235976,True
varlen,weak,1024,6,2,16,official,True,0.19271810998514388,0.0008864939443075848,0.004599951423225987,0.005156877857068531,0.002595308104971964,0.007655202224456101,True
varlen,weak,1024,6,0,16,bf16_checkpoint,True,0.21523818218757068,0.00035610286503697024,0.0016544595453172994,0.0019445054333190326,0.0011278626866594503,0.001972992538498053,True
varlen,weak,1024,6,1,16,bf16_checkpoint,True,0.17836291600113943,0.0002988632467793564,0.001675590719639542,0.0019320354512069038,0.0009365761195685962,0.0020803308806150024,True
varlen,weak,1024,6,2,16,bf16_checkpoint,True,0.19271810998514388,0.0003172807484773053,0.0016463463060205582,0.0026556221429314686,0.0009498005532483617,0.0019133587044457662,True
varlen,weak,1024,6,0,16,fp32_checkpoint,True,0.21523818218757068,5.425785128802936e-09,2.5208283556653536e-08,2.9792764477676315e-08,1.6909486456606615e-08,3.2161059970469505e-08,True
varlen,weak,1024,6,1,16,fp32_checkpoint,True,0.17836291600113943,4.5857001497551356e-09,2.5709941576229e-08,2.9390694100683845e-08,1.4355205372740266e-08,3.3596700842234595e-08,True
varlen,weak,1024,6,2,16,fp32_checkpoint,True,0.19271810998514388,4.813271359056224e-09,2.497570861102398e-08,2.9426417302858e-08,1.452802992407687e-08,2.9309595189903843e-08,True
varlen,weak,1024,6,0,64,official,True,0.3561759287990829,0.0020076651549236907,0.00563672329484176,0.011186267179180365,0.00571993821017248,0.008859393091052324,True
varlen,weak,1024,6,1,64,official,True,0.3417362422333919,0.0019219854840730266,0.005624178083986741,0.009488668897036145,0.005240585492142223,0.008226230953031221,True
varlen,weak,1024,6,2,64,official,True,0.3276092060536989,0.0018821568793185508,0.005745128172649836,0.010406781009316912,0.0051390245519213,0.007760306565651045,True
varlen,weak,1024,6,0,64,bf16_checkpoint,True,0.3561759287990829,0.0009523955246819796,0.0026739469112726628,0.008806522613505008,0.0032463439445492084,0.0033258442411451166,True
varlen,weak,1024,6,1,64,bf16_checkpoint,True,0.3417362422333919,0.0008554940233359886,0.0025033751695312466,0.007583331835596008,0.002841295854558088,0.0031637038271482548,True
varlen,weak,1024,6,2,64,bf16_checkpoint,True,0.3276092060536989,0.000830444151123008,0.0025348620727919614,0.005220636411485957,0.0027324726753627454,0.0032400439101263035,True
varlen,weak,1024,6,0,64,fp32_checkpoint,True,0.3561759287990829,1.4459847547654169e-08,4.059748674316197e-08,1.399180635797137e-07,4.8411538834391975e-08,5.039112951546031e-08,True
varlen,weak,1024,6,1,64,fp32_checkpoint,True,0.3417362422333919,1.3299430308688079e-08,3.8917236936213254e-08,1.0650264159473011e-07,4.361927688045776e-08,5.170930283183687e-08,True
varlen,weak,1024,6,2,64,fp32_checkpoint,True,0.3276092060536989,1.2925571701210693e-08,3.945423834973686e-08,8.951012753222187e-08,4.3477063168539945e-08,5.285407033092771e-08,True
varlen,weak,1024,6,0,256,official,True,0.49327144078206,0.00344605621475527,0.0069861255484236036,0.01705915469667252,0.009323619637353012,0.009822581439632109,True
varlen,weak,1024,6,1,256,official,True,0.48667676876606103,0.003340130948632965,0.006863140307891953,0.01945085954135406,0.0088478234621906,0.009187841003080871,True
varlen,weak,1024,6,2,256,official,True,0.4705608584902399,0.0032398321961150723,0.006885043959053112,0.018464182409685392,0.008750342997571737,0.008514621687395491,True
varlen,weak,1024,6,0,256,bf16_checkpoint,True,0.49327144078206,0.0019516066702010481,0.003956455835162203,0.01225194557143433,0.006033379807093806,0.005558498579633007,True
varlen,weak,1024,6,1,256,bf16_checkpoint,True,0.48667676876606103,0.0018854705780573943,0.0038741741933519627,0.01221910285804828,0.005881869517286079,0.005050280375252845,True
varlen,weak,1024,6,2,256,bf16_checkpoint,True,0.4705608584902399,0.0018720767549901083,0.003978394550274602,0.012001337177695248,0.005915107326477815,0.005095655038212787,True
varlen,weak,1024,6,0,256,fp32_checkpoint,True,0.49327144078206,3.0093622220213985e-08,6.100823954555707e-08,2.279501640778392e-07,9.219899476997641e-08,7.998026090409014e-08,True
varlen,weak,1024,6,1,256,fp32_checkpoint,True,0.48667676876606103,2.887141825574778e-08,5.9323600608571236e-08,2.3026670570303054e-07,9.11968304162514e-08,7.565949188542829e-08,True
varlen,weak,1024,6,2,256,fp32_checkpoint,True,0.4705608584902399,2.7990281355640317e-08,5.9482808335238696e-08,1.9836323650324061e-07,8.786177806530128e-08,7.606510613430333e-08,True
varlen,weak,1024,6,0,1024,official,True,0.5060872578743928,0.003740157200258786,0.0073903405827045465,0.018488448470810548,0.010017507172021493,0.00946026671827073,True
varlen,weak,1024,6,1,1024,official,True,0.49654799603975225,0.0037992342288118244,0.0076512930454112,0.018456639733462787,0.010413847318703755,0.00965775824639522,True
varlen,weak,1024,6,2,1024,official,True,0.5119526777785909,0.003796440384604274,0.007415608022751973,0.020652309115373857,0.010112808284335476,0.009541381248452446,True
varlen,weak,1024,6,0,1024,bf16_checkpoint,True,0.5060872578743928,0.002293917275136845,0.004532651710638758,0.015024683057694332,0.006908530107805043,0.005635643434380467,True
varlen,weak,1024,6,1,1024,bf16_checkpoint,True,0.49654799603975225,0.0023314490271099005,0.004695314543013987,0.017838106351413252,0.007065584968001,0.005683714652790573,True
varlen,weak,1024,6,2,1024,bf16_checkpoint,True,0.5119526777785909,0.0023155554145432985,0.004522987211612416,0.014990943754981112,0.007170443501666344,0.005892440883676812,True
varlen,weak,1024,6,0,1024,fp32_checkpoint,True,0.5060872578743928,3.577837846952825e-08,7.069606656330436e-08,2.544262263093344e-07,1.0862759204033347e-07,8.830856621014198e-08,True
varlen,weak,1024,6,1,1024,fp32_checkpoint,True,0.49654799603975225,3.5411769635367847e-08,7.13159048426265e-08,2.1833018748473876e-07,1.0997973169502018e-07,9.032595056548424e-08,True
varlen,weak,1024,6,2,1024,fp32_checkpoint,True,0.5119526777785909,3.577366343542575e-08,6.987689485413168e-08,2.1002261729741178e-07,1.1032223146106857e-07,9.787804121519517e-08,True
