gate_case,seed,numeric_path,token,gate,prefix,decay,inverse
constant_0,0,fp64,1,0.0,0.0,1.0,1.0
constant_0,0,fp64,2,0.0,0.0,1.0,1.0
constant_0,0,fp64,3,0.0,0.0,1.0,1.0
constant_0,0,fp64,4,0.0,0.0,1.0,1.0
constant_0,0,fp64,5,0.0,0.0,1.0,1.0
constant_0,0,fp64,6,0.0,0.0,1.0,1.0
constant_0,0,fp64,7,0.0,0.0,1.0,1.0
constant_0,0,fp64,8,0.0,0.0,1.0,1.0
constant_0,0,fp64,9,0.0,0.0,1.0,1.0
constant_0,0,fp64,10,0.0,0.0,1.0,1.0
constant_0,0,fp64,11,0.0,0.0,1.0,1.0
constant_0,0,fp64,12,0.0,0.0,1.0,1.0
constant_0,0,fp64,13,0.0,0.0,1.0,1.0
constant_0,0,fp64,14,0.0,0.0,1.0,1.0
constant_0,0,fp64,15,0.0,0.0,1.0,1.0
constant_0,0,fp64,16,0.0,0.0,1.0,1.0
constant_0,0,fp64,17,0.0,0.0,1.0,1.0
constant_0,0,fp64,18,0.0,0.0,1.0,1.0
constant_0,0,fp64,19,0.0,0.0,1.0,1.0
constant_0,0,fp64,20,0.0,0.0,1.0,1.0
constant_0,0,fp64,21,0.0,0.0,1.0,1.0
constant_0,0,fp64,22,0.0,0.0,1.0,1.0
constant_0,0,fp64,23,0.0,0.0,1.0,1.0
constant_0,0,fp64,24,0.0,0.0,1.0,1.0
constant_0,0,fp64,25,0.0,0.0,1.0,1.0
constant_0,0,fp64,26,0.0,0.0,1.0,1.0
constant_0,0,fp64,27,0.0,0.0,1.0,1.0
constant_0,0,fp64,28,0.0,0.0,1.0,1.0
constant_0,0,fp64,29,0.0,0.0,1.0,1.0
constant_0,0,fp64,30,0.0,0.0,1.0,1.0
constant_0,0,fp64,31,0.0,0.0,1.0,1.0
constant_0,0,fp64,32,0.0,0.0,1.0,1.0
constant_0,0,fp64,33,0.0,0.0,1.0,1.0
constant_0,0,fp64,34,0.0,0.0,1.0,1.0
constant_0,0,fp64,35,0.0,0.0,1.0,1.0
constant_0,0,fp64,36,0.0,0.0,1.0,1.0
constant_0,0,fp64,37,0.0,0.0,1.0,1.0
constant_0,0,fp64,38,0.0,0.0,1.0,1.0
constant_0,0,fp64,39,0.0,0.0,1.0,1.0
constant_0,0,fp64,40,0.0,0.0,1.0,1.0
constant_0,0,fp64,41,0.0,0.0,1.0,1.0
constant_0,0,fp64,42,0.0,0.0,1.0,1.0
constant_0,0,fp64,43,0.0,0.0,1.0,1.0
constant_0,0,fp64,44,0.0,0.0,1.0,1.0
constant_0,0,fp64,45,0.0,0.0,1.0,1.0
constant_0,0,fp64,46,0.0,0.0,1.0,1.0
constant_0,0,fp64,47,0.0,0.0,1.0,1.0
constant_0,0,fp64,48,0.0,0.0,1.0,1.0
constant_0,0,fp64,49,0.0,0.0,1.0,1.0
constant_0,0,fp64,50,0.0,0.0,1.0,1.0
constant_0,0,fp64,51,0.0,0.0,1.0,1.0
constant_0,0,fp64,52,0.0,0.0,1.0,1.0
constant_0,0,fp64,53,0.0,0.0,1.0,1.0
constant_0,0,fp64,54,0.0,0.0,1.0,1.0
constant_0,0,fp64,55,0.0,0.0,1.0,1.0
constant_0,0,fp64,56,0.0,0.0,1.0,1.0
constant_0,0,fp64,57,0.0,0.0,1.0,1.0
constant_0,0,fp64,58,0.0,0.0,1.0,1.0
constant_0,0,fp64,59,0.0,0.0,1.0,1.0
constant_0,0,fp64,60,0.0,0.0,1.0,1.0
constant_0,0,fp64,61,0.0,0.0,1.0,1.0
constant_0,0,fp64,62,0.0,0.0,1.0,1.0
constant_0,0,fp64,63,0.0,0.0,1.0,1.0
constant_0,0,fp64,64,0.0,0.0,1.0,1.0
constant_0,0,fp32,1,0.0,0.0,1.0,1.0
constant_0,0,fp32,2,0.0,0.0,1.0,1.0
constant_0,0,fp32,3,0.0,0.0,1.0,1.0
constant_0,0,fp32,4,0.0,0.0,1.0,1.0
constant_0,0,fp32,5,0.0,0.0,1.0,1.0
constant_0,0,fp32,6,0.0,0.0,1.0,1.0
constant_0,0,fp32,7,0.0,0.0,1.0,1.0
constant_0,0,fp32,8,0.0,0.0,1.0,1.0
constant_0,0,fp32,9,0.0,0.0,1.0,1.0
constant_0,0,fp32,10,0.0,0.0,1.0,1.0
constant_0,0,fp32,11,0.0,0.0,1.0,1.0
constant_0,0,fp32,12,0.0,0.0,1.0,1.0
constant_0,0,fp32,13,0.0,0.0,1.0,1.0
constant_0,0,fp32,14,0.0,0.0,1.0,1.0
constant_0,0,fp32,15,0.0,0.0,1.0,1.0
constant_0,0,fp32,16,0.0,0.0,1.0,1.0
constant_0,0,fp32,17,0.0,0.0,1.0,1.0
constant_0,0,fp32,18,0.0,0.0,1.0,1.0
constant_0,0,fp32,19,0.0,0.0,1.0,1.0
constant_0,0,fp32,20,0.0,0.0,1.0,1.0
constant_0,0,fp32,21,0.0,0.0,1.0,1.0
constant_0,0,fp32,22,0.0,0.0,1.0,1.0
constant_0,0,fp32,23,0.0,0.0,1.0,1.0
constant_0,0,fp32,24,0.0,0.0,1.0,1.0
constant_0,0,fp32,25,0.0,0.0,1.0,1.0
constant_0,0,fp32,26,0.0,0.0,1.0,1.0
constant_0,0,fp32,27,0.0,0.0,1.0,1.0
constant_0,0,fp32,28,0.0,0.0,1.0,1.0
constant_0,0,fp32,29,0.0,0.0,1.0,1.0
constant_0,0,fp32,30,0.0,0.0,1.0,1.0
constant_0,0,fp32,31,0.0,0.0,1.0,1.0
constant_0,0,fp32,32,0.0,0.0,1.0,1.0
constant_0,0,fp32,33,0.0,0.0,1.0,1.0
constant_0,0,fp32,34,0.0,0.0,1.0,1.0
constant_0,0,fp32,35,0.0,0.0,1.0,1.0
constant_0,0,fp32,36,0.0,0.0,1.0,1.0
constant_0,0,fp32,37,0.0,0.0,1.0,1.0
constant_0,0,fp32,38,0.0,0.0,1.0,1.0
constant_0,0,fp32,39,0.0,0.0,1.0,1.0
constant_0,0,fp32,40,0.0,0.0,1.0,1.0
constant_0,0,fp32,41,0.0,0.0,1.0,1.0
constant_0,0,fp32,42,0.0,0.0,1.0,1.0
constant_0,0,fp32,43,0.0,0.0,1.0,1.0
constant_0,0,fp32,44,0.0,0.0,1.0,1.0
constant_0,0,fp32,45,0.0,0.0,1.0,1.0
constant_0,0,fp32,46,0.0,0.0,1.0,1.0
constant_0,0,fp32,47,0.0,0.0,1.0,1.0
constant_0,0,fp32,48,0.0,0.0,1.0,1.0
constant_0,0,fp32,49,0.0,0.0,1.0,1.0
constant_0,0,fp32,50,0.0,0.0,1.0,1.0
constant_0,0,fp32,51,0.0,0.0,1.0,1.0
constant_0,0,fp32,52,0.0,0.0,1.0,1.0
constant_0,0,fp32,53,0.0,0.0,1.0,1.0
constant_0,0,fp32,54,0.0,0.0,1.0,1.0
constant_0,0,fp32,55,0.0,0.0,1.0,1.0
constant_0,0,fp32,56,0.0,0.0,1.0,1.0
constant_0,0,fp32,57,0.0,0.0,1.0,1.0
constant_0,0,fp32,58,0.0,0.0,1.0,1.0
constant_0,0,fp32,59,0.0,0.0,1.0,1.0
constant_0,0,fp32,60,0.0,0.0,1.0,1.0
constant_0,0,fp32,61,0.0,0.0,1.0,1.0
constant_0,0,fp32,62,0.0,0.0,1.0,1.0
constant_0,0,fp32,63,0.0,0.0,1.0,1.0
constant_0,0,fp32,64,0.0,0.0,1.0,1.0
constant_0,0,fp32_bf16,1,0.0,0.0,1.0,1.0
constant_0,0,fp32_bf16,2,0.0,0.0,1.0,1.0
constant_0,0,fp32_bf16,3,0.0,0.0,1.0,1.0
constant_0,0,fp32_bf16,4,0.0,0.0,1.0,1.0
constant_0,0,fp32_bf16,5,0.0,0.0,1.0,1.0
constant_0,0,fp32_bf16,6,0.0,0.0,1.0,1.0
constant_0,0,fp32_bf16,7,0.0,0.0,1.0,1.0
constant_0,0,fp32_bf16,8,0.0,0.0,1.0,1.0
constant_0,0,fp32_bf16,9,0.0,0.0,1.0,1.0
constant_0,0,fp32_bf16,10,0.0,0.0,1.0,1.0
constant_0,0,fp32_bf16,11,0.0,0.0,1.0,1.0
constant_0,0,fp32_bf16,12,0.0,0.0,1.0,1.0
constant_0,0,fp32_bf16,13,0.0,0.0,1.0,1.0
constant_0,0,fp32_bf16,14,0.0,0.0,1.0,1.0
constant_0,0,fp32_bf16,15,0.0,0.0,1.0,1.0
constant_0,0,fp32_bf16,16,0.0,0.0,1.0,1.0
constant_0,0,fp32_bf16,17,0.0,0.0,1.0,1.0
constant_0,0,fp32_bf16,18,0.0,0.0,1.0,1.0
constant_0,0,fp32_bf16,19,0.0,0.0,1.0,1.0
constant_0,0,fp32_bf16,20,0.0,0.0,1.0,1.0
constant_0,0,fp32_bf16,21,0.0,0.0,1.0,1.0
constant_0,0,fp32_bf16,22,0.0,0.0,1.0,1.0
constant_0,0,fp32_bf16,23,0.0,0.0,1.0,1.0
constant_0,0,fp32_bf16,24,0.0,0.0,1.0,1.0
constant_0,0,fp32_bf16,25,0.0,0.0,1.0,1.0
constant_0,0,fp32_bf16,26,0.0,0.0,1.0,1.0
constant_0,0,fp32_bf16,27,0.0,0.0,1.0,1.0
constant_0,0,fp32_bf16,28,0.0,0.0,1.0,1.0
constant_0,0,fp32_bf16,29,0.0,0.0,1.0,1.0
constant_0,0,fp32_bf16,30,0.0,0.0,1.0,1.0
constant_0,0,fp32_bf16,31,0.0,0.0,1.0,1.0
constant_0,0,fp32_bf16,32,0.0,0.0,1.0,1.0
constant_0,0,fp32_bf16,33,0.0,0.0,1.0,1.0
constant_0,0,fp32_bf16,34,0.0,0.0,1.0,1.0
constant_0,0,fp32_bf16,35,0.0,0.0,1.0,1.0
constant_0,0,fp32_bf16,36,0.0,0.0,1.0,1.0
constant_0,0,fp32_bf16,37,0.0,0.0,1.0,1.0
constant_0,0,fp32_bf16,38,0.0,0.0,1.0,1.0
constant_0,0,fp32_bf16,39,0.0,0.0,1.0,1.0
constant_0,0,fp32_bf16,40,0.0,0.0,1.0,1.0
constant_0,0,fp32_bf16,41,0.0,0.0,1.0,1.0
constant_0,0,fp32_bf16,42,0.0,0.0,1.0,1.0
constant_0,0,fp32_bf16,43,0.0,0.0,1.0,1.0
constant_0,0,fp32_bf16,44,0.0,0.0,1.0,1.0
constant_0,0,fp32_bf16,45,0.0,0.0,1.0,1.0
constant_0,0,fp32_bf16,46,0.0,0.0,1.0,1.0
constant_0,0,fp32_bf16,47,0.0,0.0,1.0,1.0
constant_0,0,fp32_bf16,48,0.0,0.0,1.0,1.0
constant_0,0,fp32_bf16,49,0.0,0.0,1.0,1.0
constant_0,0,fp32_bf16,50,0.0,0.0,1.0,1.0
constant_0,0,fp32_bf16,51,0.0,0.0,1.0,1.0
constant_0,0,fp32_bf16,52,0.0,0.0,1.0,1.0
constant_0,0,fp32_bf16,53,0.0,0.0,1.0,1.0
constant_0,0,fp32_bf16,54,0.0,0.0,1.0,1.0
constant_0,0,fp32_bf16,55,0.0,0.0,1.0,1.0
constant_0,0,fp32_bf16,56,0.0,0.0,1.0,1.0
constant_0,0,fp32_bf16,57,0.0,0.0,1.0,1.0
constant_0,0,fp32_bf16,58,0.0,0.0,1.0,1.0
constant_0,0,fp32_bf16,59,0.0,0.0,1.0,1.0
constant_0,0,fp32_bf16,60,0.0,0.0,1.0,1.0
constant_0,0,fp32_bf16,61,0.0,0.0,1.0,1.0
constant_0,0,fp32_bf16,62,0.0,0.0,1.0,1.0
constant_0,0,fp32_bf16,63,0.0,0.0,1.0,1.0
constant_0,0,fp32_bf16,64,0.0,0.0,1.0,1.0
constant_0,0,ftz_model_bf16,1,0.0,0.0,1.0,1.0
constant_0,0,ftz_model_bf16,2,0.0,0.0,1.0,1.0
constant_0,0,ftz_model_bf16,3,0.0,0.0,1.0,1.0
constant_0,0,ftz_model_bf16,4,0.0,0.0,1.0,1.0
constant_0,0,ftz_model_bf16,5,0.0,0.0,1.0,1.0
constant_0,0,ftz_model_bf16,6,0.0,0.0,1.0,1.0
constant_0,0,ftz_model_bf16,7,0.0,0.0,1.0,1.0
constant_0,0,ftz_model_bf16,8,0.0,0.0,1.0,1.0
constant_0,0,ftz_model_bf16,9,0.0,0.0,1.0,1.0
constant_0,0,ftz_model_bf16,10,0.0,0.0,1.0,1.0
constant_0,0,ftz_model_bf16,11,0.0,0.0,1.0,1.0
constant_0,0,ftz_model_bf16,12,0.0,0.0,1.0,1.0
constant_0,0,ftz_model_bf16,13,0.0,0.0,1.0,1.0
constant_0,0,ftz_model_bf16,14,0.0,0.0,1.0,1.0
constant_0,0,ftz_model_bf16,15,0.0,0.0,1.0,1.0
constant_0,0,ftz_model_bf16,16,0.0,0.0,1.0,1.0
constant_0,0,ftz_model_bf16,17,0.0,0.0,1.0,1.0
constant_0,0,ftz_model_bf16,18,0.0,0.0,1.0,1.0
constant_0,0,ftz_model_bf16,19,0.0,0.0,1.0,1.0
constant_0,0,ftz_model_bf16,20,0.0,0.0,1.0,1.0
constant_0,0,ftz_model_bf16,21,0.0,0.0,1.0,1.0
constant_0,0,ftz_model_bf16,22,0.0,0.0,1.0,1.0
constant_0,0,ftz_model_bf16,23,0.0,0.0,1.0,1.0
constant_0,0,ftz_model_bf16,24,0.0,0.0,1.0,1.0
constant_0,0,ftz_model_bf16,25,0.0,0.0,1.0,1.0
constant_0,0,ftz_model_bf16,26,0.0,0.0,1.0,1.0
constant_0,0,ftz_model_bf16,27,0.0,0.0,1.0,1.0
constant_0,0,ftz_model_bf16,28,0.0,0.0,1.0,1.0
constant_0,0,ftz_model_bf16,29,0.0,0.0,1.0,1.0
constant_0,0,ftz_model_bf16,30,0.0,0.0,1.0,1.0
constant_0,0,ftz_model_bf16,31,0.0,0.0,1.0,1.0
constant_0,0,ftz_model_bf16,32,0.0,0.0,1.0,1.0
constant_0,0,ftz_model_bf16,33,0.0,0.0,1.0,1.0
constant_0,0,ftz_model_bf16,34,0.0,0.0,1.0,1.0
constant_0,0,ftz_model_bf16,35,0.0,0.0,1.0,1.0
constant_0,0,ftz_model_bf16,36,0.0,0.0,1.0,1.0
constant_0,0,ftz_model_bf16,37,0.0,0.0,1.0,1.0
constant_0,0,ftz_model_bf16,38,0.0,0.0,1.0,1.0
constant_0,0,ftz_model_bf16,39,0.0,0.0,1.0,1.0
constant_0,0,ftz_model_bf16,40,0.0,0.0,1.0,1.0
constant_0,0,ftz_model_bf16,41,0.0,0.0,1.0,1.0
constant_0,0,ftz_model_bf16,42,0.0,0.0,1.0,1.0
constant_0,0,ftz_model_bf16,43,0.0,0.0,1.0,1.0
constant_0,0,ftz_model_bf16,44,0.0,0.0,1.0,1.0
constant_0,0,ftz_model_bf16,45,0.0,0.0,1.0,1.0
constant_0,0,ftz_model_bf16,46,0.0,0.0,1.0,1.0
constant_0,0,ftz_model_bf16,47,0.0,0.0,1.0,1.0
constant_0,0,ftz_model_bf16,48,0.0,0.0,1.0,1.0
constant_0,0,ftz_model_bf16,49,0.0,0.0,1.0,1.0
constant_0,0,ftz_model_bf16,50,0.0,0.0,1.0,1.0
constant_0,0,ftz_model_bf16,51,0.0,0.0,1.0,1.0
constant_0,0,ftz_model_bf16,52,0.0,0.0,1.0,1.0
constant_0,0,ftz_model_bf16,53,0.0,0.0,1.0,1.0
constant_0,0,ftz_model_bf16,54,0.0,0.0,1.0,1.0
constant_0,0,ftz_model_bf16,55,0.0,0.0,1.0,1.0
constant_0,0,ftz_model_bf16,56,0.0,0.0,1.0,1.0
constant_0,0,ftz_model_bf16,57,0.0,0.0,1.0,1.0
constant_0,0,ftz_model_bf16,58,0.0,0.0,1.0,1.0
constant_0,0,ftz_model_bf16,59,0.0,0.0,1.0,1.0
constant_0,0,ftz_model_bf16,60,0.0,0.0,1.0,1.0
constant_0,0,ftz_model_bf16,61,0.0,0.0,1.0,1.0
constant_0,0,ftz_model_bf16,62,0.0,0.0,1.0,1.0
constant_0,0,ftz_model_bf16,63,0.0,0.0,1.0,1.0
constant_0,0,ftz_model_bf16,64,0.0,0.0,1.0,1.0
constant_-0.1,0,fp64,1,-0.1,-0.1,0.9048374180359595,1.1051709180756477
constant_-0.1,0,fp64,2,-0.1,-0.2,0.8187307530779818,1.2214027581601699
constant_-0.1,0,fp64,3,-0.1,-0.30000000000000004,0.7408182206817179,1.3498588075760032
constant_-0.1,0,fp64,4,-0.1,-0.4,0.6703200460356393,1.4918246976412703
constant_-0.1,0,fp64,5,-0.1,-0.5,0.6065306597126334,1.6487212707001282
constant_-0.1,0,fp64,6,-0.1,-0.6,0.5488116360940265,1.8221188003905089
constant_-0.1,0,fp64,7,-0.1,-0.7,0.4965853037914095,2.0137527074704766
constant_-0.1,0,fp64,8,-0.1,-0.7999999999999999,0.4493289641172216,2.2255409284924674
constant_-0.1,0,fp64,9,-0.1,-0.8999999999999999,0.40656965974059917,2.4596031111569494
constant_-0.1,0,fp64,10,-0.1,-0.9999999999999999,0.3678794411714424,2.718281828459045
constant_-0.1,0,fp64,11,-0.1,-1.0999999999999999,0.3328710836980796,3.0041660239464325
constant_-0.1,0,fp64,12,-0.1,-1.2,0.30119421191220214,3.3201169227365472
constant_-0.1,0,fp64,13,-0.1,-1.3,0.2725317930340126,3.6692966676192444
constant_-0.1,0,fp64,14,-0.1,-1.4000000000000001,0.24659696394160643,4.055199966844675
constant_-0.1,0,fp64,15,-0.1,-1.5000000000000002,0.2231301601484298,4.481689070338065
constant_-0.1,0,fp64,16,-0.1,-1.6000000000000003,0.20189651799465536,4.953032424395117
constant_-0.1,0,fp64,17,-0.1,-1.7000000000000004,0.18268352405273458,5.473947391727202
constant_-0.1,0,fp64,18,-0.1,-1.8000000000000005,0.16529888822158645,6.049647464412949
constant_-0.1,0,fp64,19,-0.1,-1.9000000000000006,0.14956861922263498,6.685894442279273
constant_-0.1,0,fp64,20,-0.1,-2.0000000000000004,0.13533528323661262,7.389056098930653
constant_-0.1,0,fp64,21,-0.1,-2.1000000000000005,0.12245642825298185,8.166169912567655
constant_-0.1,0,fp64,22,-0.1,-2.2000000000000006,0.11080315836233381,9.025013499434127
constant_-0.1,0,fp64,23,-0.1,-2.3000000000000007,0.10025884372280366,9.974182454814727
constant_-0.1,0,fp64,24,-0.1,-2.400000000000001,0.09071795328941243,11.02317638064161
constant_-0.1,0,fp64,25,-0.1,-2.500000000000001,0.08208499862389872,12.182493960703484
constant_-0.1,0,fp64,26,-0.1,-2.600000000000001,0.07427357821433381,13.463738035001704
constant_-0.1,0,fp64,27,-0.1,-2.700000000000001,0.06720551273974969,14.87973172487285
constant_-0.1,0,fp64,28,-0.1,-2.800000000000001,0.060810062625217896,16.44464677109707
constant_-0.1,0,fp64,29,-0.1,-2.9000000000000012,0.05502322005640716,18.174145369443085
constant_-0.1,0,fp64,30,-0.1,-3.0000000000000013,0.049787068367863875,20.085536923187693
constant_-0.1,0,fp64,31,-0.1,-3.1000000000000014,0.045049202393557745,22.197951281441664
constant_-0.1,0,fp64,32,-0.1,-3.2000000000000015,0.040762203978366156,24.532530197109384
constant_-0.1,0,fp64,33,-0.1,-3.3000000000000016,0.036883167401239945,27.11263892065793
constant_-0.1,0,fp64,34,-0.1,-3.4000000000000017,0.033373269960326024,29.964100047397064
constant_-0.1,0,fp64,35,-0.1,-3.5000000000000018,0.030197383422318445,33.115451958692375
constant_-0.1,0,fp64,36,-0.1,-3.600000000000002,0.02732372244729251,36.59823444367806
constant_-0.1,0,fp64,37,-0.1,-3.700000000000002,0.024723526470339343,40.44730436006747
constant_-0.1,0,fp64,38,-0.1,-3.800000000000002,0.02237077185616555,44.701184493300914
constant_-0.1,0,fp64,39,-0.1,-3.900000000000002,0.020241911445804346,49.40244910553028
constant_-0.1,0,fp64,40,-0.1,-4.000000000000002,0.018315638888734147,54.598150033144336
constant_-0.1,0,fp64,41,-0.1,-4.100000000000001,0.016572675401761224,60.34028759736206
constant_-0.1,0,fp64,42,-0.1,-4.200000000000001,0.014995576820477691,66.68633104092521
constant_-0.1,0,fp64,43,-0.1,-4.300000000000001,0.013568559012200922,73.69979369959584
constant_-0.1,0,fp64,44,-0.1,-4.4,0.012277339903068436,81.45086866496814
constant_-0.1,0,fp64,45,-0.1,-4.5,0.011108996538242306,90.01713130052181
constant_-0.1,0,fp64,46,-0.1,-4.6,0.010051835744633586,99.48431564193378
constant_-0.1,0,fp64,47,-0.1,-4.699999999999999,0.009095277101695824,109.94717245212343
constant_-0.1,0,fp64,48,-0.1,-4.799999999999999,0.008229747049020037,121.51041751873476
constant_-0.1,0,fp64,49,-0.1,-4.899999999999999,0.007446583070924351,134.2897796849353
constant_-0.1,0,fp64,50,-0.1,-4.999999999999998,0.006737946999085479,148.41315910257634
constant_-0.1,0,fp64,51,-0.1,-5.099999999999998,0.006096746565515649,164.0219072999014
constant_-0.1,0,fp64,52,-0.1,-5.1999999999999975,0.005516564420760786,181.27224187515074
constant_-0.1,0,fp64,53,-0.1,-5.299999999999997,0.00499159390691023,200.33680997479112
constant_-0.1,0,fp64,54,-0.1,-5.399999999999997,0.004516580942612682,221.40641620418637
constant_-0.1,0,fp64,55,-0.1,-5.4999999999999964,0.004086771438464081,244.69193226421953
constant_-0.1,0,fp64,56,-0.1,-5.599999999999996,0.0036978637164829455,270.42640742615157
constant_-0.1,0,fp64,57,-0.1,-5.699999999999996,0.003345965457471287,298.867400967059
constant_-0.1,0,fp64,58,-0.1,-5.799999999999995,0.0030275547453758288,330.29955990964714
constant_-0.1,0,fp64,59,-0.1,-5.899999999999995,0.0027394448187683827,365.03746786532696
constant_-0.1,0,fp64,60,-0.1,-5.999999999999995,0.0024787521766663715,403.42879349273295
constant_-0.1,0,fp64,61,-0.1,-6.099999999999994,0.002242867719485815,445.8577700825144
constant_-0.1,0,fp64,62,-0.1,-6.199999999999994,0.0020294306362957466,492.74904109325325
constant_-0.1,0,fp64,63,-0.1,-6.299999999999994,0.0018363047770289186,544.5719101259256
constant_-0.1,0,fp64,64,-0.1,-6.399999999999993,0.0016615572731739456,601.845037872078
constant_-0.1,0,fp32,1,-0.1,-0.10000000149011612,0.904837429523468,1.1051709651947021
constant_-0.1,0,fp32,2,-0.1,-0.20000000298023224,0.8187307715415955,1.2214027643203735
constant_-0.1,0,fp32,3,-0.1,-0.30000001192092896,0.740818202495575,1.3498588800430298
constant_-0.1,0,fp32,4,-0.1,-0.4000000059604645,0.6703200340270996,1.491824746131897
constant_-0.1,0,fp32,5,-0.1,-0.5,0.6065306663513184,1.6487212181091309
constant_-0.1,0,fp32,6,-0.1,-0.6000000238418579,0.5488116145133972,1.822118878364563
constant_-0.1,0,fp32,7,-0.1,-0.7000000476837158,0.49658527970314026,2.0137526988983154
constant_-0.1,0,fp32,8,-0.1,-0.8000000715255737,0.4493289291858673,2.225541114807129
constant_-0.1,0,fp32,9,-0.1,-0.9000000953674316,0.40656962990760803,2.4596033096313477
constant_-0.1,0,fp32,10,-0.1,-1.0000001192092896,0.36787939071655273,2.7182822227478027
constant_-0.1,0,fp32,11,-0.1,-1.1000001430511475,0.33287104964256287,3.0041663646698
constant_-0.1,0,fp32,12,-0.1,-1.2000001668930054,0.3011941611766815,3.320117473602295
constant_-0.1,0,fp32,13,-0.1,-1.3000001907348633,0.27253174781799316,3.669297456741333
constant_-0.1,0,fp32,14,-0.1,-1.4000002145767212,0.24659691751003265,4.055201053619385
constant_-0.1,0,fp32,15,-0.1,-1.500000238418579,0.22313010692596436,4.481689929962158
constant_-0.1,0,fp32,16,-0.1,-1.600000262260437,0.20189645886421204,4.953033924102783
constant_-0.1,0,fp32,17,-0.1,-1.700000286102295,0.18268346786499023,5.473948955535889
constant_-0.1,0,fp32,18,-0.1,-1.8000003099441528,0.16529883444309235,6.049649238586426
constant_-0.1,0,fp32,19,-0.1,-1.9000003337860107,0.149568572640419,6.685896873474121
constant_-0.1,0,fp32,20,-0.1,-2.000000238418579,0.13533525168895721,7.389057636260986
constant_-0.1,0,fp32,21,-0.1,-2.1000001430511475,0.12245640903711319,8.166171073913574
constant_-0.1,0,fp32,22,-0.1,-2.200000047683716,0.11080314964056015,9.02501392364502
constant_-0.1,0,fp32,23,-0.1,-2.299999952316284,0.10025884956121445,9.97418212890625
constant_-0.1,0,fp32,24,-0.1,-2.3999998569488525,0.09071796387434006,11.023175239562988
constant_-0.1,0,fp32,25,-0.1,-2.499999761581421,0.082085020840168,12.182491302490234
constant_-0.1,0,fp32,26,-0.1,-2.5999996662139893,0.07427360117435455,13.463733673095703
constant_-0.1,0,fp32,27,-0.1,-2.6999995708465576,0.06720554083585739,14.879725456237793
constant_-0.1,0,fp32,28,-0.1,-2.799999475479126,0.06081009283661842,16.444637298583984
constant_-0.1,0,fp32,29,-0.1,-2.8999993801116943,0.055023252964019775,18.17413330078125
constant_-0.1,0,fp32,30,-0.1,-2.9999992847442627,0.04978710412979126,20.085521697998047
constant_-0.1,0,fp32,31,-0.1,-3.099999189376831,0.045049238950014114,22.197933197021484
constant_-0.1,0,fp32,32,-0.1,-3.1999990940093994,0.040762241929769516,24.532508850097656
constant_-0.1,0,fp32,33,-0.1,-3.2999989986419678,0.03688320517539978,27.112611770629883
constant_-0.1,0,fp32,34,-0.1,-3.399998903274536,0.033373307436704636,29.964067459106445
constant_-0.1,0,fp32,35,-0.1,-3.4999988079071045,0.030197419226169586,33.115413665771484
constant_-0.1,0,fp32,36,-0.1,-3.599998712539673,0.027323758229613304,36.59818649291992
constant_-0.1,0,fp32,37,-0.1,-3.699998617172241,0.024723561480641365,40.44724655151367
constant_-0.1,0,fp32,38,-0.1,-3.7999985218048096,0.022370804101228714,44.70111846923828
constant_-0.1,0,fp32,39,-0.1,-3.899998426437378,0.02024194411933422,49.40237045288086
constant_-0.1,0,fp32,40,-0.1,-3.9999983310699463,0.018315669149160385,54.598060607910156
constant_-0.1,0,fp32,41,-0.1,-4.099998474121094,0.016572700813412666,60.34019470214844
constant_-0.1,0,fp32,42,-0.1,-4.199998378753662,0.014995601028203964,66.68622589111328
constant_-0.1,0,fp32,43,-0.1,-4.2999982833862305,0.013568582013249397,73.69966888427734
constant_-0.1,0,fp32,44,-0.1,-4.399998188018799,0.012277361936867237,81.45072174072266
constant_-0.1,0,fp32,45,-0.1,-4.499998092651367,0.01110901776701212,90.01696014404297
constant_-0.1,0,fp32,46,-0.1,-4.5999979972839355,0.010051855817437172,99.48411560058594
constant_-0.1,0,fp32,47,-0.1,-4.699997901916504,0.009095296263694763,109.94694519042969
constant_-0.1,0,fp32,48,-0.1,-4.799997806549072,0.008229765109717846,121.51014709472656
constant_-0.1,0,fp32,49,-0.1,-4.899997711181641,0.007446600124239922,134.2894744873047
constant_-0.1,0,fp32,50,-0.1,-4.999997615814209,0.006737963296473026,148.41281127929688
constant_-0.1,0,fp32,51,-0.1,-5.099997520446777,0.0060967616736888885,164.02149963378906
constant_-0.1,0,fp32,52,-0.1,-5.199997425079346,0.005516578443348408,181.2717742919922
constant_-0.1,0,fp32,53,-0.1,-5.299997329711914,0.004991607274860144,200.33627319335938
constant_-0.1,0,fp32,54,-0.1,-5.399997234344482,0.004516593646258116,221.4058074951172
constant_-0.1,0,fp32,55,-0.1,-5.499997138977051,0.004086783155798912,244.6912384033203
constant_-0.1,0,fp32,56,-0.1,-5.599997043609619,0.0036978747230023146,270.42559814453125
constant_-0.1,0,fp32,57,-0.1,-5.6999969482421875,0.0033459756523370743,298.8664855957031
constant_-0.1,0,fp32,58,-0.1,-5.799996852874756,0.0030275643803179264,330.29852294921875
constant_-0.1,0,fp32,59,-0.1,-5.899996757507324,0.002739453688263893,365.0362854003906
constant_-0.1,0,fp32,60,-0.1,-5.999996662139893,0.0024787604343146086,403.4274597167969
constant_-0.1,0,fp32,61,-0.1,-6.099996566772461,0.0022428755182772875,445.8562316894531
constant_-0.1,0,fp32,62,-0.1,-6.199996471405029,0.002029437804594636,492.747314453125
constant_-0.1,0,fp32,63,-0.1,-6.299996376037598,0.0018363114213570952,544.5699462890625
constant_-0.1,0,fp32,64,-0.1,-6.399996280670166,0.001661563408561051,601.8427734375
constant_-0.1,0,fp32_bf16,1,-0.1,-0.10000000149011612,0.90625,1.1015625
constant_-0.1,0,fp32_bf16,2,-0.1,-0.20000000298023224,0.8203125,1.21875
constant_-0.1,0,fp32_bf16,3,-0.1,-0.30000001192092896,0.7421875,1.3515625
constant_-0.1,0,fp32_bf16,4,-0.1,-0.4000000059604645,0.671875,1.4921875
constant_-0.1,0,fp32_bf16,5,-0.1,-0.5,0.60546875,1.6484375
constant_-0.1,0,fp32_bf16,6,-0.1,-0.6000000238418579,0.546875,1.8203125
constant_-0.1,0,fp32_bf16,7,-0.1,-0.7000000476837158,0.49609375,2.015625
constant_-0.1,0,fp32_bf16,8,-0.1,-0.8000000715255737,0.44921875,2.21875
constant_-0.1,0,fp32_bf16,9,-0.1,-0.9000000953674316,0.40625,2.453125
constant_-0.1,0,fp32_bf16,10,-0.1,-1.0000001192092896,0.3671875,2.71875
constant_-0.1,0,fp32_bf16,11,-0.1,-1.1000001430511475,0.33203125,3.0
constant_-0.1,0,fp32_bf16,12,-0.1,-1.2000001668930054,0.30078125,3.3125
constant_-0.1,0,fp32_bf16,13,-0.1,-1.3000001907348633,0.2734375,3.671875
constant_-0.1,0,fp32_bf16,14,-0.1,-1.4000002145767212,0.2470703125,4.0625
constant_-0.1,0,fp32_bf16,15,-0.1,-1.500000238418579,0.22265625,4.46875
constant_-0.1,0,fp32_bf16,16,-0.1,-1.600000262260437,0.2021484375,4.9375
constant_-0.1,0,fp32_bf16,17,-0.1,-1.700000286102295,0.1826171875,5.46875
constant_-0.1,0,fp32_bf16,18,-0.1,-1.8000003099441528,0.1650390625,6.0625
constant_-0.1,0,fp32_bf16,19,-0.1,-1.9000003337860107,0.1494140625,6.6875
constant_-0.1,0,fp32_bf16,20,-0.1,-2.000000238418579,0.1357421875,7.375
constant_-0.1,0,fp32_bf16,21,-0.1,-2.1000001430511475,0.12255859375,8.1875
constant_-0.1,0,fp32_bf16,22,-0.1,-2.200000047683716,0.11083984375,9.0
constant_-0.1,0,fp32_bf16,23,-0.1,-2.299999952316284,0.10009765625,10.0
constant_-0.1,0,fp32_bf16,24,-0.1,-2.3999998569488525,0.0908203125,11.0
constant_-0.1,0,fp32_bf16,25,-0.1,-2.499999761581421,0.08203125,12.1875
constant_-0.1,0,fp32_bf16,26,-0.1,-2.5999996662139893,0.07421875,13.4375
constant_-0.1,0,fp32_bf16,27,-0.1,-2.6999995708465576,0.0673828125,14.875
constant_-0.1,0,fp32_bf16,28,-0.1,-2.799999475479126,0.060791015625,16.5
constant_-0.1,0,fp32_bf16,29,-0.1,-2.8999993801116943,0.054931640625,18.125
constant_-0.1,0,fp32_bf16,30,-0.1,-2.9999992847442627,0.0498046875,20.125
constant_-0.1,0,fp32_bf16,31,-0.1,-3.099999189376831,0.045166015625,22.25
constant_-0.1,0,fp32_bf16,32,-0.1,-3.1999990940093994,0.040771484375,24.5
constant_-0.1,0,fp32_bf16,33,-0.1,-3.2999989986419678,0.036865234375,27.125
constant_-0.1,0,fp32_bf16,34,-0.1,-3.399998903274536,0.033447265625,30.0
constant_-0.1,0,fp32_bf16,35,-0.1,-3.4999988079071045,0.0301513671875,33.0
constant_-0.1,0,fp32_bf16,36,-0.1,-3.599998712539673,0.02734375,36.5
constant_-0.1,0,fp32_bf16,37,-0.1,-3.699998617172241,0.0247802734375,40.5
constant_-0.1,0,fp32_bf16,38,-0.1,-3.7999985218048096,0.0223388671875,44.75
constant_-0.1,0,fp32_bf16,39,-0.1,-3.899998426437378,0.020263671875,49.5
constant_-0.1,0,fp32_bf16,40,-0.1,-3.9999983310699463,0.018310546875,54.5
constant_-0.1,0,fp32_bf16,41,-0.1,-4.099998474121094,0.0166015625,60.25
constant_-0.1,0,fp32_bf16,42,-0.1,-4.199998378753662,0.0150146484375,66.5
constant_-0.1,0,fp32_bf16,43,-0.1,-4.2999982833862305,0.0135498046875,73.5
constant_-0.1,0,fp32_bf16,44,-0.1,-4.399998188018799,0.01226806640625,81.5
constant_-0.1,0,fp32_bf16,45,-0.1,-4.499998092651367,0.0111083984375,90.0
constant_-0.1,0,fp32_bf16,46,-0.1,-4.5999979972839355,0.01007080078125,99.5
constant_-0.1,0,fp32_bf16,47,-0.1,-4.699997901916504,0.00909423828125,110.0
constant_-0.1,0,fp32_bf16,48,-0.1,-4.799997806549072,0.00823974609375,121.5
constant_-0.1,0,fp32_bf16,49,-0.1,-4.899997711181641,0.0074462890625,134.0
constant_-0.1,0,fp32_bf16,50,-0.1,-4.999997615814209,0.006744384765625,148.0
constant_-0.1,0,fp32_bf16,51,-0.1,-5.099997520446777,0.006103515625,164.0
constant_-0.1,0,fp32_bf16,52,-0.1,-5.199997425079346,0.005523681640625,181.0
constant_-0.1,0,fp32_bf16,53,-0.1,-5.299997329711914,0.0050048828125,200.0
constant_-0.1,0,fp32_bf16,54,-0.1,-5.399997234344482,0.0045166015625,221.0
constant_-0.1,0,fp32_bf16,55,-0.1,-5.499997138977051,0.00408935546875,245.0
constant_-0.1,0,fp32_bf16,56,-0.1,-5.599997043609619,0.003692626953125,270.0
constant_-0.1,0,fp32_bf16,57,-0.1,-5.6999969482421875,0.0033416748046875,298.0
constant_-0.1,0,fp32_bf16,58,-0.1,-5.799996852874756,0.003021240234375,330.0
constant_-0.1,0,fp32_bf16,59,-0.1,-5.899996757507324,0.00274658203125,366.0
constant_-0.1,0,fp32_bf16,60,-0.1,-5.999996662139893,0.002471923828125,404.0
constant_-0.1,0,fp32_bf16,61,-0.1,-6.099996566772461,0.0022430419921875,446.0
constant_-0.1,0,fp32_bf16,62,-0.1,-6.199996471405029,0.0020294189453125,492.0
constant_-0.1,0,fp32_bf16,63,-0.1,-6.299996376037598,0.00183868408203125,544.0
constant_-0.1,0,fp32_bf16,64,-0.1,-6.399996280670166,0.0016632080078125,600.0
constant_-0.1,0,ftz_model_bf16,1,-0.1,-0.10000000894069672,0.90625,1.1015625
constant_-0.1,0,ftz_model_bf16,2,-0.1,-0.20000001788139343,0.8203125,1.21875
constant_-0.1,0,ftz_model_bf16,3,-0.1,-0.30000001192092896,0.7421875,1.3515625
constant_-0.1,0,ftz_model_bf16,4,-0.1,-0.40000003576278687,0.671875,1.4921875
constant_-0.1,0,ftz_model_bf16,5,-0.1,-0.5000000596046448,0.60546875,1.6484375
constant_-0.1,0,ftz_model_bf16,6,-0.1,-0.6000000834465027,0.546875,1.8203125
constant_-0.1,0,ftz_model_bf16,7,-0.1,-0.7000000476837158,0.49609375,2.015625
constant_-0.1,0,ftz_model_bf16,8,-0.1,-0.8000000715255737,0.44921875,2.21875
constant_-0.1,0,ftz_model_bf16,9,-0.1,-0.9000000357627869,0.40625,2.453125
constant_-0.1,0,ftz_model_bf16,10,-0.1,-1.0,0.3671875,2.71875
constant_-0.1,0,ftz_model_bf16,11,-0.1,-1.100000023841858,0.33203125,3.0
constant_-0.1,0,ftz_model_bf16,12,-0.1,-1.1999999284744263,0.30078125,3.3125
constant_-0.1,0,ftz_model_bf16,13,-0.1,-1.2999999523162842,0.2734375,3.671875
constant_-0.1,0,ftz_model_bf16,14,-0.1,-1.399999976158142,0.2470703125,4.0625
constant_-0.1,0,ftz_model_bf16,15,-0.1,-1.5,0.22265625,4.46875
constant_-0.1,0,ftz_model_bf16,16,-0.1,-1.5999999046325684,0.2021484375,4.9375
constant_-0.1,0,ftz_model_bf16,17,-0.1,-1.6999999284744263,0.1826171875,5.46875
constant_-0.1,0,ftz_model_bf16,18,-0.1,-1.7999998331069946,0.1650390625,6.0625
constant_-0.1,0,ftz_model_bf16,19,-0.1,-1.8999998569488525,0.1494140625,6.6875
constant_-0.1,0,ftz_model_bf16,20,-0.1,-1.9999998807907104,0.1357421875,7.375
constant_-0.1,0,ftz_model_bf16,21,-0.1,-2.0999999046325684,0.12255859375,8.1875
constant_-0.1,0,ftz_model_bf16,22,-0.1,-2.1999998092651367,0.11083984375,9.0
constant_-0.1,0,ftz_model_bf16,23,-0.1,-2.299999713897705,0.10009765625,10.0
constant_-0.1,0,ftz_model_bf16,24,-0.1,-2.3999996185302734,0.0908203125,11.0
constant_-0.1,0,ftz_model_bf16,25,-0.1,-2.499999761581421,0.08203125,12.1875
constant_-0.1,0,ftz_model_bf16,26,-0.1,-2.5999996662139893,0.07421875,13.4375
constant_-0.1,0,ftz_model_bf16,27,-0.1,-2.6999995708465576,0.0673828125,14.875
constant_-0.1,0,ftz_model_bf16,28,-0.1,-2.799999713897705,0.060791015625,16.5
constant_-0.1,0,ftz_model_bf16,29,-0.1,-2.8999996185302734,0.054931640625,18.125
constant_-0.1,0,ftz_model_bf16,30,-0.1,-2.999999523162842,0.0498046875,20.125
constant_-0.1,0,ftz_model_bf16,31,-0.1,-3.0999996662139893,0.045166015625,22.25
constant_-0.1,0,ftz_model_bf16,32,-0.1,-3.1999995708465576,0.040771484375,24.5
constant_-0.1,0,ftz_model_bf16,33,-0.1,-3.299999475479126,0.036865234375,27.125
constant_-0.1,0,ftz_model_bf16,34,-0.1,-3.3999993801116943,0.033447265625,30.0
constant_-0.1,0,ftz_model_bf16,35,-0.1,-3.499999523162842,0.0301513671875,33.0
constant_-0.1,0,ftz_model_bf16,36,-0.1,-3.59999942779541,0.02734375,36.5
constant_-0.1,0,ftz_model_bf16,37,-0.1,-3.6999993324279785,0.0247802734375,40.5
constant_-0.1,0,ftz_model_bf16,38,-0.1,-3.799999475479126,0.0223388671875,44.75
constant_-0.1,0,ftz_model_bf16,39,-0.1,-3.8999993801116943,0.020263671875,49.5
constant_-0.1,0,ftz_model_bf16,40,-0.1,-3.9999992847442627,0.018310546875,54.5
constant_-0.1,0,ftz_model_bf16,41,-0.1,-4.09999942779541,0.0166015625,60.25
constant_-0.1,0,ftz_model_bf16,42,-0.1,-4.1999993324279785,0.0150146484375,66.5
constant_-0.1,0,ftz_model_bf16,43,-0.1,-4.299999237060547,0.0135498046875,73.5
constant_-0.1,0,ftz_model_bf16,44,-0.1,-4.399999141693115,0.01226806640625,81.5
constant_-0.1,0,ftz_model_bf16,45,-0.1,-4.499999046325684,0.0111083984375,90.0
constant_-0.1,0,ftz_model_bf16,46,-0.1,-4.59999942779541,0.01007080078125,99.5
constant_-0.1,0,ftz_model_bf16,47,-0.1,-4.6999993324279785,0.00909423828125,110.0
constant_-0.1,0,ftz_model_bf16,48,-0.1,-4.799999237060547,0.00823974609375,121.5
constant_-0.1,0,ftz_model_bf16,49,-0.1,-4.899999141693115,0.0074462890625,134.0
constant_-0.1,0,ftz_model_bf16,50,-0.1,-4.999999046325684,0.006744384765625,148.0
constant_-0.1,0,ftz_model_bf16,51,-0.1,-5.099998950958252,0.006103515625,164.0
constant_-0.1,0,ftz_model_bf16,52,-0.1,-5.19999885559082,0.005523681640625,181.0
constant_-0.1,0,ftz_model_bf16,53,-0.1,-5.299999237060547,0.0050048828125,200.0
constant_-0.1,0,ftz_model_bf16,54,-0.1,-5.399999141693115,0.0045166015625,221.0
constant_-0.1,0,ftz_model_bf16,55,-0.1,-5.499999046325684,0.00408935546875,245.0
constant_-0.1,0,ftz_model_bf16,56,-0.1,-5.59999942779541,0.003692626953125,270.0
constant_-0.1,0,ftz_model_bf16,57,-0.1,-5.699999809265137,0.0033416748046875,298.0
constant_-0.1,0,ftz_model_bf16,58,-0.1,-5.799999713897705,0.003021240234375,330.0
constant_-0.1,0,ftz_model_bf16,59,-0.1,-5.900000095367432,0.00274658203125,366.0
constant_-0.1,0,ftz_model_bf16,60,-0.1,-6.000000476837158,0.002471923828125,404.0
constant_-0.1,0,ftz_model_bf16,61,-0.1,-6.100000858306885,0.0022430419921875,446.0
constant_-0.1,0,ftz_model_bf16,62,-0.1,-6.200001239776611,0.0020294189453125,492.0
constant_-0.1,0,ftz_model_bf16,63,-0.1,-6.300001621246338,0.00183868408203125,544.0
constant_-0.1,0,ftz_model_bf16,64,-0.1,-6.400001525878906,0.0016632080078125,600.0
constant_-1,0,fp64,1,-1.0,-1.0,0.36787944117144233,2.718281828459045
constant_-1,0,fp64,2,-1.0,-2.0,0.1353352832366127,7.38905609893065
constant_-1,0,fp64,3,-1.0,-3.0,0.049787068367863944,20.085536923187668
constant_-1,0,fp64,4,-1.0,-4.0,0.01831563888873418,54.598150033144236
constant_-1,0,fp64,5,-1.0,-5.0,0.006737946999085467,148.4131591025766
constant_-1,0,fp64,6,-1.0,-6.0,0.0024787521766663585,403.4287934927351
constant_-1,0,fp64,7,-1.0,-7.0,0.0009118819655545162,1096.6331584284585
constant_-1,0,fp64,8,-1.0,-8.0,0.00033546262790251185,2980.9579870417283
constant_-1,0,fp64,9,-1.0,-9.0,0.00012340980408667956,8103.083927575384
constant_-1,0,fp64,10,-1.0,-10.0,4.5399929762484854e-05,22026.465794806718
constant_-1,0,fp64,11,-1.0,-11.0,1.670170079024566e-05,59874.14171519782
constant_-1,0,fp64,12,-1.0,-12.0,6.14421235332821e-06,162754.79141900392
constant_-1,0,fp64,13,-1.0,-13.0,2.2603294069810542e-06,442413.3920089205
constant_-1,0,fp64,14,-1.0,-14.0,8.315287191035679e-07,1202604.2841647768
constant_-1,0,fp64,15,-1.0,-15.0,3.059023205018258e-07,3269017.3724721107
constant_-1,0,fp64,16,-1.0,-16.0,1.1253517471925912e-07,8886110.520507872
constant_-1,0,fp64,17,-1.0,-17.0,4.139937718785167e-08,24154952.7535753
constant_-1,0,fp64,18,-1.0,-18.0,1.522997974471263e-08,65659969.13733051
constant_-1,0,fp64,19,-1.0,-19.0,5.602796437537268e-09,178482300.96318725
constant_-1,0,fp64,20,-1.0,-20.0,2.061153622438558e-09,485165195.4097903
constant_-1,0,fp64,21,-1.0,-21.0,7.582560427911907e-10,1318815734.4832146
constant_-1,0,fp64,22,-1.0,-22.0,2.7894680928689246e-10,3584912846.131592
constant_-1,0,fp64,23,-1.0,-23.0,1.026187963170189e-10,9744803446.248903
constant_-1,0,fp64,24,-1.0,-24.0,3.775134544279098e-11,26489122129.84347
constant_-1,0,fp64,25,-1.0,-25.0,1.3887943864964021e-11,72004899337.38588
constant_-1,0,fp64,26,-1.0,-26.0,5.109089028063325e-12,195729609428.83878
constant_-1,0,fp64,27,-1.0,-27.0,1.8795288165390832e-12,532048240601.79865
constant_-1,0,fp64,28,-1.0,-28.0,6.914400106940203e-13,1446257064291.475
constant_-1,0,fp64,29,-1.0,-29.0,2.543665647376923e-13,3931334297144.042
constant_-1,0,fp64,30,-1.0,-30.0,9.357622968840175e-14,10686474581524.463
constant_-1,0,fp64,31,-1.0,-31.0,3.442477108469977e-14,29048849665247.426
constant_-1,0,fp64,32,-1.0,-32.0,1.2664165549094176e-14,78962960182680.69
constant_-1,0,fp64,33,-1.0,-33.0,4.658886145103398e-15,214643579785916.06
constant_-1,0,fp64,34,-1.0,-34.0,1.713908431542013e-15,583461742527454.9
constant_-1,0,fp64,35,-1.0,-35.0,6.305116760146989e-16,1586013452313430.8
constant_-1,0,fp64,36,-1.0,-36.0,2.3195228302435696e-16,4311231547115195.0
constant_-1,0,fp64,37,-1.0,-37.0,8.533047625744066e-17,1.1719142372802612e+16
constant_-1,0,fp64,38,-1.0,-38.0,3.1391327920480296e-17,3.1855931757113756e+16
constant_-1,0,fp64,39,-1.0,-39.0,1.1548224173015786e-17,8.659340042399374e+16
constant_-1,0,fp64,40,-1.0,-40.0,4.248354255291589e-18,2.3538526683702e+17
constant_-1,0,fp64,41,-1.0,-41.0,1.5628821893349888e-18,6.398434935300549e+17
constant_-1,0,fp64,42,-1.0,-42.0,5.74952226429356e-19,1.739274941520501e+18
constant_-1,0,fp64,43,-1.0,-43.0,2.1151310375910805e-19,4.727839468229346e+18
constant_-1,0,fp64,44,-1.0,-44.0,7.781132241133797e-20,1.2851600114359308e+19
constant_-1,0,fp64,45,-1.0,-45.0,2.8625185805493937e-20,3.4934271057485095e+19
constant_-1,0,fp64,46,-1.0,-46.0,1.0530617357553812e-20,9.496119420602448e+19
constant_-1,0,fp64,47,-1.0,-47.0,3.873997628687187e-21,2.5813128861900675e+20
constant_-1,0,fp64,48,-1.0,-48.0,1.4251640827409352e-21,7.016735912097631e+20
constant_-1,0,fp64,49,-1.0,-49.0,5.242885663363464e-22,1.9073465724950998e+21
constant_-1,0,fp64,50,-1.0,-50.0,1.9287498479639178e-22,5.184705528587072e+21
constant_-1,0,fp64,51,-1.0,-51.0,7.095474162284704e-23,1.4093490824269389e+22
constant_-1,0,fp64,52,-1.0,-52.0,2.6102790696677047e-23,3.831008000716577e+22
constant_-1,0,fp64,53,-1.0,-53.0,9.602680054508676e-24,1.0413759433029089e+23
constant_-1,0,fp64,54,-1.0,-54.0,3.532628572200807e-24,2.830753303274694e+23
constant_-1,0,fp64,55,-1.0,-55.0,1.2995814250075031e-24,7.694785265142018e+23
constant_-1,0,fp64,56,-1.0,-56.0,4.780892883885469e-25,2.091659496012996e+24
constant_-1,0,fp64,57,-1.0,-57.0,1.7587922024243116e-25,5.685719999335932e+24
constant_-1,0,fp64,58,-1.0,-58.0,6.47023492564546e-26,1.545538935590104e+25
constant_-1,0,fp64,59,-1.0,-59.0,2.3802664086944007e-26,4.2012104037905144e+25
constant_-1,0,fp64,60,-1.0,-60.0,8.75651076269652e-27,1.1420073898156842e+26
constant_-1,0,fp64,61,-1.0,-61.0,3.221340285992516e-27,3.10429793570192e+26
constant_-1,0,fp64,62,-1.0,-62.0,1.185064864233981e-27,8.438356668741454e+26
constant_-1,0,fp64,63,-1.0,-63.0,4.359610000063081e-28,2.29378315946961e+27
constant_-1,0,fp64,64,-1.0,-64.0,1.603810890548638e-28,6.235149080811617e+27
constant_-1,0,fp32,1,-1.0,-1.0,0.3678794503211975,2.7182817459106445
constant_-1,0,fp32,2,-1.0,-2.0,0.1353352814912796,7.389056205749512
constant_-1,0,fp32,3,-1.0,-3.0,0.049787066876888275,20.08553695678711
constant_-1,0,fp32,4,-1.0,-4.0,0.018315639346837997,54.598148345947266
constant_-1,0,fp32,5,-1.0,-5.0,0.0067379469983279705,148.4131622314453
constant_-1,0,fp32,6,-1.0,-6.0,0.0024787522852420807,403.4288024902344
constant_-1,0,fp32,7,-1.0,-7.0,0.0009118819725699723,1096.6331787109375
constant_-1,0,fp32,8,-1.0,-8.0,0.000335462624207139,2980.9580078125
constant_-1,0,fp32,9,-1.0,-9.0,0.00012340980174485594,8103.083984375
constant_-1,0,fp32,10,-1.0,-10.0,4.539993096841499e-05,22026.46484375
constant_-1,0,fp32,11,-1.0,-11.0,1.6701700587873347e-05,59874.140625
constant_-1,0,fp32,12,-1.0,-12.0,6.1442124206223525e-06,162754.796875
constant_-1,0,fp32,13,-1.0,-13.0,2.260329438286135e-06,442413.40625
constant_-1,0,fp32,14,-1.0,-14.0,8.315287232107949e-07,1202604.25
constant_-1,0,fp32,15,-1.0,-15.0,3.0590231858695915e-07,3269017.25
constant_-1,0,fp32,16,-1.0,-16.0,1.1253517584464134e-07,8886111.0
constant_-1,0,fp32,17,-1.0,-17.0,4.139937814784389e-08,24154952.0
constant_-1,0,fp32,18,-1.0,-18.0,1.5229979055675358e-08,65659968.0
constant_-1,0,fp32,19,-1.0,-19.0,5.602796449011294e-09,178482304.0
constant_-1,0,fp32,20,-1.0,-20.0,2.06115369216775e-09,485165184.0
constant_-1,0,fp32,21,-1.0,-21.0,7.582560690444495e-10,1318815744.0
constant_-1,0,fp32,22,-1.0,-22.0,2.789468100949932e-10,3584912896.0
constant_-1,0,fp32,23,-1.0,-23.0,1.0261879540562902e-10,9744803840.0
constant_-1,0,fp32,24,-1.0,-24.0,3.775134371775124e-11,26489122816.0
constant_-1,0,fp32,25,-1.0,-25.0,1.3887943746404563e-11,72004902912.0
constant_-1,0,fp32,26,-1.0,-26.0,5.1090889331695255e-12,195729604608.0
constant_-1,0,fp32,27,-1.0,-27.0,1.8795288676126676e-12,532048248832.0
constant_-1,0,fp32,28,-1.0,-28.0,6.914400150527522e-13,1446257098752.0
constant_-1,0,fp32,29,-1.0,-29.0,2.5436656904062604e-13,3931334246400.0
constant_-1,0,fp32,30,-1.0,-30.0,9.357622912219837e-14,10686474223616.0
constant_-1,0,fp32,31,-1.0,-31.0,3.4424770840998584e-14,29048849825792.0
constant_-1,0,fp32,32,-1.0,-32.0,1.2664165777252073e-14,78962956959744.0
constant_-1,0,fp32,33,-1.0,-33.0,4.6588861918718874e-15,214643574308864.0
constant_-1,0,fp32,34,-1.0,-34.0,1.7139083824518615e-15,583461710594048.0
constant_-1,0,fp32,35,-1.0,-35.0,6.305116853596367e-16,1586013445029888.0
constant_-1,0,fp32,36,-1.0,-36.0,2.3195226989972605e-16,4311231531843584.0
constant_-1,0,fp32,37,-1.0,-37.0,8.533047630075754e-17,1.1719142537166848e+16
constant_-1,0,fp32,38,-1.0,-38.0,3.139132888409754e-17,3.185593134822195e+16
constant_-1,0,fp32,39,-1.0,-39.0,1.1548223864099742e-17,8.6593404045099e+16
constant_-1,0,fp32,40,-1.0,-40.0,4.24835413113866e-18,2.353852703404196e+17
constant_-1,0,fp32,41,-1.0,-41.0,1.5628821837904738e-18,6.398434744761057e+17
constant_-1,0,fp32,42,-1.0,-42.0,5.749522023787777e-19,1.7392749753422316e+18
constant_-1,0,fp32,43,-1.0,-43.0,2.1151310700892382e-19,4.727839526297272e+18
constant_-1,0,fp32,44,-1.0,-44.0,7.781132279686624e-20,1.285159987981792e+19
constant_-1,0,fp32,45,-1.0,-45.0,2.862518609581133e-20,3.4934270576908304e+19
constant_-1,0,fp32,46,-1.0,-46.0,1.0530617466355953e-20,9.496119530068797e+19
constant_-1,0,fp32,47,-1.0,-47.0,3.873997809109103e-21,2.5813128932180886e+20
constant_-1,0,fp32,48,-1.0,-48.0,1.4251640378466556e-21,7.016735586870194e+20
constant_-1,0,fp32,49,-1.0,-49.0,5.242885696424093e-22,1.9073466405229313e+21
constant_-1,0,fp32,50,-1.0,-50.0,1.9287498933537385e-22,5.184705457665547e+21
constant_-1,0,fp32,51,-1.0,-51.0,7.095474414148981e-23,1.4093490364499379e+22
constant_-1,0,fp32,52,-1.0,-52.0,2.6102790464535398e-23,3.831008189940961e+22
constant_-1,0,fp32,53,-1.0,-53.0,9.602679948093257e-24,1.0413758986761718e+23
constant_-1,0,fp32,54,-1.0,-54.0,3.532628390815064e-24,2.8307532183104285e+23
constant_-1,0,fp32,55,-1.0,-55.0,1.2995813867822863e-24,7.694785471490595e+23
constant_-1,0,fp32,56,-1.0,-56.0,4.780892995206139e-25,2.0916594490409212e+24
constant_-1,0,fp32,57,-1.0,-57.0,1.75879225876483e-25,5.685720022003016e+24
constant_-1,0,fp32,58,-1.0,-58.0,6.47023467943241e-26,1.5455388925836186e+25
constant_-1,0,fp32,59,-1.0,-59.0,2.380266370880709e-26,4.2012104528050085e+25
constant_-1,0,fp32,60,-1.0,-60.0,8.75651089272076e-27,1.1420073962419164e+26
constant_-1,0,fp32,61,-1.0,-61.0,3.2213402768962287e-27,3.104297782658242e+26
constant_-1,0,fp32,62,-1.0,-62.0,1.1850648504208067e-27,8.43835682327257e+26
constant_-1,0,fp32,63,-1.0,-63.0,4.359610133382778e-28,2.293783118234113e+27
constant_-1,0,fp32,64,-1.0,-64.0,1.6038109389511792e-28,6.235148841753849e+27
constant_-1,0,fp32_bf16,1,-1.0,-1.0,0.3671875,2.71875
constant_-1,0,fp32_bf16,2,-1.0,-2.0,0.1357421875,7.375
constant_-1,0,fp32_bf16,3,-1.0,-3.0,0.0498046875,20.125
constant_-1,0,fp32_bf16,4,-1.0,-4.0,0.018310546875,54.5
constant_-1,0,fp32_bf16,5,-1.0,-5.0,0.006744384765625,148.0
constant_-1,0,fp32_bf16,6,-1.0,-6.0,0.002471923828125,404.0
constant_-1,0,fp32_bf16,7,-1.0,-7.0,0.000911712646484375,1096.0
constant_-1,0,fp32_bf16,8,-1.0,-8.0,0.000335693359375,2976.0
constant_-1,0,fp32_bf16,9,-1.0,-9.0,0.00012302398681640625,8096.0
constant_-1,0,fp32_bf16,10,-1.0,-10.0,4.5299530029296875e-05,22016.0
constant_-1,0,fp32_bf16,11,-1.0,-11.0,1.6689300537109375e-05,59904.0
constant_-1,0,fp32_bf16,12,-1.0,-12.0,6.139278411865234e-06,162816.0
constant_-1,0,fp32_bf16,13,-1.0,-13.0,2.2649765014648438e-06,442368.0
constant_-1,0,fp32_bf16,14,-1.0,-14.0,8.307397365570068e-07,1204224.0
constant_-1,0,fp32_bf16,15,-1.0,-15.0,3.0547380447387695e-07,3276800.0
constant_-1,0,fp32_bf16,16,-1.0,-16.0,1.126900315284729e-07,8912896.0
constant_-1,0,fp32_bf16,17,-1.0,-17.0,4.1443854570388794e-08,24117248.0
constant_-1,0,fp32_bf16,18,-1.0,-18.0,1.525040715932846e-08,65536000.0
constant_-1,0,fp32_bf16,19,-1.0,-19.0,5.617039278149605e-09,178257920.0
constant_-1,0,fp32_bf16,20,-1.0,-20.0,2.066371962428093e-09,484442112.0
constant_-1,0,fp32_bf16,21,-1.0,-21.0,7.566995918750763e-10,1317011456.0
constant_-1,0,fp32_bf16,22,-1.0,-22.0,2.7830537874251604e-10,3590324224.0
constant_-1,0,fp32_bf16,23,-1.0,-23.0,1.0277290130034089e-10,9730785280.0
constant_-1,0,fp32_bf16,24,-1.0,-24.0,3.774403012357652e-11,26440892416.0
constant_-1,0,fp32_bf16,25,-1.0,-25.0,1.3869794202037156e-11,71940702208.0
constant_-1,0,fp32_bf16,26,-1.0,-26.0,5.115907697472721e-12,195421011968.0
constant_-1,0,fp32_bf16,27,-1.0,-27.0,1.8758328224066645e-12,532575944704.0
constant_-1,0,fp32_bf16,28,-1.0,-28.0,6.927791673660977e-13,1443109011456.0
constant_-1,0,fp32_bf16,29,-1.0,-29.0,2.540190280342358e-13,3934190043136.0
constant_-1,0,fp32_bf16,30,-1.0,-30.0,9.370282327836321e-14,10720238370816.0
constant_-1,0,fp32_bf16,31,-1.0,-31.0,3.441691376337985e-14,28999619182592.0
constant_-1,0,fp32_bf16,32,-1.0,-32.0,1.2656542480726785e-14,79164837199872.0
constant_-1,0,fp32_bf16,33,-1.0,-33.0,4.6629367034256575e-15,214404767416320.0
constant_-1,0,fp32_bf16,34,-1.0,-34.0,1.7139067942650854e-15,584940185976832.0
constant_-1,0,fp32_bf16,35,-1.0,-35.0,6.314393452555578e-16,1583296743997440.0
constant_-1,0,fp32_bf16,36,-1.0,-36.0,2.3245294578089215e-16,4310085580881920.0
constant_-1,0,fp32_bf16,37,-1.0,-37.0,8.543513119185775e-17,1.1751580277669888e+16
constant_-1,0,fp32_bf16,38,-1.0,-38.0,3.144186300207963e-17,3.180667236830413e+16
constant_-1,0,fp32_bf16,39,-1.0,-39.0,1.1546753136970622e-17,8.669429282688205e+16
constant_-1,0,fp32_bf16,40,-1.0,-40.0,4.255493527005605e-18,2.353130805301084e+17
constant_-1,0,fp32_bf16,41,-1.0,-41.0,1.565316886525947e-18,6.395111470866104e+17
constant_-1,0,fp32_bf16,42,-1.0,-42.0,5.759824041329242e-19,1.7383894561650115e+18
constant_-1,0,fp32_bf16,43,-1.0,-43.0,2.1175823681357508e-19,4.71977240948428e+18
constant_-1,0,fp32_bf16,44,-1.0,-44.0,7.792703114739563e-20,1.2826251738751173e+19
constant_-1,0,fp32_bf16,45,-1.0,-45.0,2.8587361969832636e-20,3.487587551435712e+19
constant_-1,0,fp32_bf16,46,-1.0,-46.0,1.053497228147536e-20,9.511602413006488e+19
constant_-1,0,fp32_bf16,47,-1.0,-47.0,3.864587821847745e-21,2.5825441703193372e+20
constant_-1,0,fp32_bf16,48,-1.0,-48.0,1.4227506535912076e-21,7.00976274800963e+20
constant_-1,0,fp32_bf16,49,-1.0,-49.0,5.227781471335135e-22,1.9092380116289386e+21
constant_-1,0,fp32_bf16,50,-1.0,-50.0,1.9273308272485545e-22,5.201981828786094e+21
constant_-1,0,fp32_bf16,51,-1.0,-51.0,7.113753267956038e-23,1.4093312472314097e+22
constant_-1,0,fp32_bf16,52,-1.0,-52.0,2.6056189295420372e-23,3.836922767331587e+22
constant_-1,0,fp32_bf16,53,-1.0,-53.0,9.615974620928947e-24,1.038920626231322e+23
constant_-1,0,fp32_bf16,54,-1.0,-54.0,3.54136699749265e-24,2.833419889721787e+23
constant_-1,0,fp32_bf16,55,-1.0,-55.0,1.2989320556496763e-24,7.697457367077522e+23
constant_-1,0,fp32_bf16,56,-1.0,-56.0,4.782137916322191e-25,2.0872859854283832e+24
constant_-1,0,fp32_bf16,57,-1.0,-57.0,1.760989975942969e-25,5.666839779443574e+24
constant_-1,0,fp32_bf16,58,-1.0,-58.0,6.462348535570529e-26,1.5489362063812436e+25
constant_-1,0,fp32_bf16,59,-1.0,-59.0,2.3829910224916325e-26,4.201017223160836e+25
constant_-1,0,fp32_bf16,60,-1.0,-60.0,8.734267942607043e-27,1.1424348995358246e+26
constant_-1,0,fp32_bf16,61,-1.0,-61.0,3.218552493301728e-27,3.094850098213451e+26
constant_-1,0,fp32_bf16,62,-1.0,-62.0,1.1864468014524018e-27,8.462480737302404e+26
constant_-1,0,fp32_bf16,63,-1.0,-63.0,4.354512196819985e-28,2.292123353989337e+27
constant_-1,0,fp32_bf16,64,-1.0,-64.0,1.601387637598654e-28,6.22838582265457e+27
constant_-1,0,ftz_model_bf16,1,-1.0,-1.0,0.3671875,2.71875
constant_-1,0,ftz_model_bf16,2,-1.0,-2.0,0.1357421875,7.375
constant_-1,0,ftz_model_bf16,3,-1.0,-3.0,0.0498046875,20.125
constant_-1,0,ftz_model_bf16,4,-1.0,-4.0,0.018310546875,54.5
constant_-1,0,ftz_model_bf16,5,-1.0,-5.0,0.006744384765625,148.0
constant_-1,0,ftz_model_bf16,6,-1.0,-6.0,0.002471923828125,404.0
constant_-1,0,ftz_model_bf16,7,-1.0,-6.999999523162842,0.000911712646484375,1096.0
constant_-1,0,ftz_model_bf16,8,-1.0,-7.999999523162842,0.000335693359375,2976.0
constant_-1,0,ftz_model_bf16,9,-1.0,-8.999999046325684,0.00012302398681640625,8096.0
constant_-1,0,ftz_model_bf16,10,-1.0,-9.999999046325684,4.5299530029296875e-05,22016.0
constant_-1,0,ftz_model_bf16,11,-1.0,-10.999999046325684,1.6689300537109375e-05,59904.0
constant_-1,0,ftz_model_bf16,12,-1.0,-11.999998092651367,6.139278411865234e-06,162816.0
constant_-1,0,ftz_model_bf16,13,-1.0,-12.999999046325684,2.2649765014648438e-06,442368.0
constant_-1,0,ftz_model_bf16,14,-1.0,-13.999999046325684,8.307397365570068e-07,1204224.0
constant_-1,0,ftz_model_bf16,15,-1.0,-15.0,3.0547380447387695e-07,3276800.0
constant_-1,0,ftz_model_bf16,16,-1.0,-16.0,1.126900315284729e-07,8912896.0
constant_-1,0,ftz_model_bf16,17,-1.0,-17.0,4.1443854570388794e-08,24117248.0
constant_-1,0,ftz_model_bf16,18,-1.0,-18.0,1.525040715932846e-08,65536000.0
constant_-1,0,ftz_model_bf16,19,-1.0,-19.000001907348633,5.617039278149605e-09,178257920.0
constant_-1,0,ftz_model_bf16,20,-1.0,-20.000001907348633,2.066371962428093e-09,484442112.0
constant_-1,0,ftz_model_bf16,21,-1.0,-21.000001907348633,7.566995918750763e-10,1317011456.0
constant_-1,0,ftz_model_bf16,22,-1.0,-22.000001907348633,2.7830537874251604e-10,3590324224.0
constant_-1,0,ftz_model_bf16,23,-1.0,-23.000001907348633,1.0277290130034089e-10,9730785280.0
constant_-1,0,ftz_model_bf16,24,-1.0,-24.000001907348633,3.774403012357652e-11,26440892416.0
constant_-1,0,ftz_model_bf16,25,-1.0,-25.000001907348633,1.3869794202037156e-11,71940702208.0
constant_-1,0,ftz_model_bf16,26,-1.0,-26.000001907348633,5.115907697472721e-12,195421011968.0
constant_-1,0,ftz_model_bf16,27,-1.0,-27.000003814697266,1.8758328224066645e-12,532575944704.0
constant_-1,0,ftz_model_bf16,28,-1.0,-28.000003814697266,6.927791673660977e-13,1443109011456.0
constant_-1,0,ftz_model_bf16,29,-1.0,-29.000003814697266,2.540190280342358e-13,3934190043136.0
constant_-1,0,ftz_model_bf16,30,-1.0,-30.000003814697266,9.370282327836321e-14,10720238370816.0
constant_-1,0,ftz_model_bf16,31,-1.0,-31.0000057220459,3.441691376337985e-14,28999619182592.0
constant_-1,0,ftz_model_bf16,32,-1.0,-32.000003814697266,1.2656542480726785e-14,79164837199872.0
constant_-1,0,ftz_model_bf16,33,-1.0,-33.000003814697266,4.6629367034256575e-15,214404767416320.0
constant_-1,0,ftz_model_bf16,34,-1.0,-34.00000762939453,1.7139067942650854e-15,584940185976832.0
constant_-1,0,ftz_model_bf16,35,-1.0,-35.00000762939453,6.314393452555578e-16,1583296743997440.0
constant_-1,0,ftz_model_bf16,36,-1.0,-36.00000762939453,2.3245294578089215e-16,4310085580881920.0
constant_-1,0,ftz_model_bf16,37,-1.0,-37.00000762939453,8.543513119185775e-17,1.1751580277669888e+16
constant_-1,0,ftz_model_bf16,38,-1.0,-38.00000762939453,3.144186300207963e-17,3.180667236830413e+16
constant_-1,0,ftz_model_bf16,39,-1.0,-39.00000762939453,1.1546753136970622e-17,8.669429282688205e+16
constant_-1,0,ftz_model_bf16,40,-1.0,-40.00000762939453,4.255493527005605e-18,2.353130805301084e+17
constant_-1,0,ftz_model_bf16,41,-1.0,-41.00000762939453,1.565316886525947e-18,6.395111470866104e+17
constant_-1,0,ftz_model_bf16,42,-1.0,-42.00000762939453,5.759824041329242e-19,1.7383894561650115e+18
constant_-1,0,ftz_model_bf16,43,-1.0,-43.0000114440918,2.1175823681357508e-19,4.71977240948428e+18
constant_-1,0,ftz_model_bf16,44,-1.0,-44.0000114440918,7.792703114739563e-20,1.2826251738751173e+19
constant_-1,0,ftz_model_bf16,45,-1.0,-45.00000762939453,2.8587361969832636e-20,3.487587551435712e+19
constant_-1,0,ftz_model_bf16,46,-1.0,-46.00000762939453,1.053497228147536e-20,9.511602413006488e+19
constant_-1,0,ftz_model_bf16,47,-1.0,-47.00000762939453,3.864587821847745e-21,2.5825441703193372e+20
constant_-1,0,ftz_model_bf16,48,-1.0,-48.00000762939453,1.4227506535912076e-21,7.00976274800963e+20
constant_-1,0,ftz_model_bf16,49,-1.0,-49.0000114440918,5.227781471335135e-22,1.9092380116289386e+21
constant_-1,0,ftz_model_bf16,50,-1.0,-50.0000114440918,1.9273308272485545e-22,5.201981828786094e+21
constant_-1,0,ftz_model_bf16,51,-1.0,-51.0000114440918,7.113753267956038e-23,1.4093312472314097e+22
constant_-1,0,ftz_model_bf16,52,-1.0,-52.0000114440918,2.6056189295420372e-23,3.836922767331587e+22
constant_-1,0,ftz_model_bf16,53,-1.0,-53.0000114440918,9.615974620928947e-24,1.038920626231322e+23
constant_-1,0,ftz_model_bf16,54,-1.0,-54.0000114440918,3.54136699749265e-24,2.833419889721787e+23
constant_-1,0,ftz_model_bf16,55,-1.0,-55.0000114440918,1.2989320556496763e-24,7.697457367077522e+23
constant_-1,0,ftz_model_bf16,56,-1.0,-56.0000114440918,4.782137916322191e-25,2.0872859854283832e+24
constant_-1,0,ftz_model_bf16,57,-1.0,-57.0000114440918,1.760989975942969e-25,5.704618711306531e+24
constant_-1,0,ftz_model_bf16,58,-1.0,-58.00001525878906,6.462348535570529e-26,1.5489362063812436e+25
constant_-1,0,ftz_model_bf16,59,-1.0,-59.00001525878906,2.3829910224916325e-26,4.201017223160836e+25
constant_-1,0,ftz_model_bf16,60,-1.0,-60.00001525878906,8.734267942607043e-27,1.1424348995358246e+26
constant_-1,0,ftz_model_bf16,61,-1.0,-61.00001525878906,3.218552493301728e-27,3.094850098213451e+26
constant_-1,0,ftz_model_bf16,62,-1.0,-62.00001525878906,1.1864468014524018e-27,8.462480737302404e+26
constant_-1,0,ftz_model_bf16,63,-1.0,-63.00001525878906,4.354512196819985e-28,2.292123353989337e+27
constant_-1,0,ftz_model_bf16,64,-1.0,-64.00001525878906,1.601387637598654e-28,6.22838582265457e+27
constant_-3,0,fp64,1,-3.0,-3.0,0.049787068367863944,20.085536923187668
constant_-3,0,fp64,2,-3.0,-6.0,0.0024787521766663585,403.4287934927351
constant_-3,0,fp64,3,-3.0,-9.0,0.00012340980408667956,8103.083927575384
constant_-3,0,fp64,4,-3.0,-12.0,6.14421235332821e-06,162754.79141900392
constant_-3,0,fp64,5,-3.0,-15.0,3.059023205018258e-07,3269017.3724721107
constant_-3,0,fp64,6,-3.0,-18.0,1.522997974471263e-08,65659969.13733051
constant_-3,0,fp64,7,-3.0,-21.0,7.582560427911907e-10,1318815734.4832146
constant_-3,0,fp64,8,-3.0,-24.0,3.775134544279098e-11,26489122129.84347
constant_-3,0,fp64,9,-3.0,-27.0,1.8795288165390832e-12,532048240601.79865
constant_-3,0,fp64,10,-3.0,-30.0,9.357622968840175e-14,10686474581524.463
constant_-3,0,fp64,11,-3.0,-33.0,4.658886145103398e-15,214643579785916.06
constant_-3,0,fp64,12,-3.0,-36.0,2.3195228302435696e-16,4311231547115195.0
constant_-3,0,fp64,13,-3.0,-39.0,1.1548224173015786e-17,8.659340042399374e+16
constant_-3,0,fp64,14,-3.0,-42.0,5.74952226429356e-19,1.739274941520501e+18
constant_-3,0,fp64,15,-3.0,-45.0,2.8625185805493937e-20,3.4934271057485095e+19
constant_-3,0,fp64,16,-3.0,-48.0,1.4251640827409352e-21,7.016735912097631e+20
constant_-3,0,fp64,17,-3.0,-51.0,7.095474162284704e-23,1.4093490824269389e+22
constant_-3,0,fp64,18,-3.0,-54.0,3.532628572200807e-24,2.830753303274694e+23
constant_-3,0,fp64,19,-3.0,-57.0,1.7587922024243116e-25,5.685719999335932e+24
constant_-3,0,fp64,20,-3.0,-60.0,8.75651076269652e-27,1.1420073898156842e+26
constant_-3,0,fp64,21,-3.0,-63.0,4.359610000063081e-28,2.29378315946961e+27
constant_-3,0,fp64,22,-3.0,-66.0,2.1705220113036395e-29,4.607186634331292e+28
constant_-3,0,fp64,23,-3.0,-69.0,1.0806392777072785e-30,9.253781725587787e+29
constant_-3,0,fp64,24,-3.0,-72.0,5.380186160021138e-32,1.8586717452841279e+31
constant_-3,0,fp64,25,-3.0,-75.0,2.6786369618080778e-33,3.7332419967990015e+32
constant_-3,0,fp64,26,-3.0,-78.0,1.3336148155022614e-34,7.498416996990121e+33
constant_-3,0,fp64,27,-3.0,-81.0,6.639677199580735e-36,1.5060973145850306e+35
constant_-3,0,fp64,28,-3.0,-84.0,3.3057006267607343e-37,3.0250773222011426e+36
constant_-3,0,fp64,29,-3.0,-87.0,1.6458114310822737e-38,6.076030225056872e+37
constant_-3,0,fp64,30,-3.0,-90.0,8.194012623990515e-40,1.2204032943178408e+39
constant_-3,0,fp64,31,-3.0,-93.0,4.0795586671775603e-41,2.451245542920086e+40
constant_-3,0,fp64,32,-3.0,-96.0,2.031092662734811e-42,4.923458286012058e+41
constant_-3,0,fp64,33,-3.0,-99.0,1.0112214926104486e-43,9.889030319346946e+42
constant_-3,0,fp64,34,-3.0,-102.0,5.0345753587649823e-45,1.9862648361376543e+44
constant_-3,0,fp64,35,-3.0,-105.0,2.506567475899953e-46,3.989519570547216e+45
constant_-3,0,fp64,36,-3.0,-108.0,1.2479464629129513e-47,8.013164264000591e+46
constant_-3,0,fp64,37,-3.0,-111.0,6.213159586848109e-49,1.609487066961518e+48
constant_-3,0,fp64,38,-3.0,-114.0,3.093350011308561e-50,3.2327411910848595e+49
constant_-3,0,fp64,39,-3.0,-117.0,1.5400882849875202e-51,6.493134255664462e+50
constant_-3,0,fp64,40,-3.0,-120.0,7.667648073722e-53,1.3041808783936323e+52
constant_-3,0,fp64,41,-3.0,-123.0,3.817497188671175e-54,2.6195173187490626e+53
constant_-3,0,fp64,42,-3.0,-126.0,1.9006199352650016e-55,5.261441182666386e+54
constant_-3,0,fp64,43,-3.0,-129.0,9.462629465836378e-57,1.0567887114362587e+56
constant_-3,0,fp64,44,-3.0,-132.0,4.7111658015535965e-58,2.1226168683560893e+57
constant_-3,0,fp64,45,-3.0,-135.0,2.3455513385429143e-59,4.263389948314721e+58
constant_-3,0,fp64,46,-3.0,-138.0,1.1677812485237086e-60,8.56324762248225e+59
constant_-3,0,fp64,47,-3.0,-141.0,5.814040485895939e-62,1.7199742630376623e+61
constant_-3,0,fp64,48,-3.0,-144.0,2.8946403116483003e-63,3.454660656717546e+62
constant_-3,0,fp64,49,-3.0,-147.0,1.4411565509640892e-64,6.938871417758404e+63
constant_-3,0,fp64,50,-3.0,-150.0,7.175095973164411e-66,1.3937095806663797e+65
constant_-3,0,fp64,51,-3.0,-153.0,3.5722699376192174e-67,2.799340524267497e+66
constant_-3,0,fp64,52,-3.0,-156.0,1.7785284761271306e-68,5.622625746075033e+67
constant_-3,0,fp64,53,-3.0,-159.0,8.854771883513433e-70,1.129334570280557e+69
constant_-3,0,fp64,54,-3.0,-162.0,4.408531331463226e-71,2.2683291210002403e+70
constant_-3,0,fp64,55,-3.0,-165.0,2.194878508014299e-72,4.556060831379215e+71
constant_-3,0,fp64,56,-3.0,-168.0,1.0927656633766312e-73,9.151092805295634e+72
constant_-3,0,fp64,57,-3.0,-171.0,5.440559879258653e-75,1.8380461242828246e+74
constant_-3,0,fp64,58,-3.0,-174.0,2.7086952666810816e-76,3.691814329580466e+75
constant_-3,0,fp64,59,-3.0,-177.0,1.3485799642996046e-77,7.415207303034179e+76
constant_-3,0,fp64,60,-3.0,-180.0,6.714184288211594e-79,1.4893842007818383e+78
constant_-3,0,fp64,61,-3.0,-183.0,3.3427955219162848e-80,2.991508135761597e+79
constant_-3,0,fp64,62,-3.0,-186.0,1.664279891894355e-81,6.008604711685586e+80
constant_-3,0,fp64,63,-3.0,-189.0,8.285961676100547e-83,1.2068605179340022e+82
constant_-3,0,fp64,64,-3.0,-192.0,4.125337404615185e-84,2.4240441494100796e+83
constant_-3,0,fp32,1,-3.0,-3.0,0.049787066876888275,20.08553695678711
constant_-3,0,fp32,2,-3.0,-6.0,0.0024787522852420807,403.4288024902344
constant_-3,0,fp32,3,-3.0,-9.0,0.00012340980174485594,8103.083984375
constant_-3,0,fp32,4,-3.0,-12.0,6.1442124206223525e-06,162754.796875
constant_-3,0,fp32,5,-3.0,-15.0,3.0590231858695915e-07,3269017.25
constant_-3,0,fp32,6,-3.0,-18.0,1.5229979055675358e-08,65659968.0
constant_-3,0,fp32,7,-3.0,-21.0,7.582560690444495e-10,1318815744.0
constant_-3,0,fp32,8,-3.0,-24.0,3.775134371775124e-11,26489122816.0
constant_-3,0,fp32,9,-3.0,-27.0,1.8795288676126676e-12,532048248832.0
constant_-3,0,fp32,10,-3.0,-30.0,9.357622912219837e-14,10686474223616.0
constant_-3,0,fp32,11,-3.0,-33.0,4.6588861918718874e-15,214643574308864.0
constant_-3,0,fp32,12,-3.0,-36.0,2.3195226989972605e-16,4311231531843584.0
constant_-3,0,fp32,13,-3.0,-39.0,1.1548223864099742e-17,8.6593404045099e+16
constant_-3,0,fp32,14,-3.0,-42.0,5.749522023787777e-19,1.7392749753422316e+18
constant_-3,0,fp32,15,-3.0,-45.0,2.862518609581133e-20,3.4934270576908304e+19
constant_-3,0,fp32,16,-3.0,-48.0,1.4251640378466556e-21,7.016735586870194e+20
constant_-3,0,fp32,17,-3.0,-51.0,7.095474414148981e-23,1.4093490364499379e+22
constant_-3,0,fp32,18,-3.0,-54.0,3.532628390815064e-24,2.8307532183104285e+23
constant_-3,0,fp32,19,-3.0,-57.0,1.75879225876483e-25,5.685720022003016e+24
constant_-3,0,fp32,20,-3.0,-60.0,8.75651089272076e-27,1.1420073962419164e+26
constant_-3,0,fp32,21,-3.0,-63.0,4.359610133382778e-28,2.293783118234113e+27
constant_-3,0,fp32,22,-3.0,-66.0,2.1705219940814765e-29,4.60718654764251e+28
constant_-3,0,fp32,23,-3.0,-69.0,1.080639291795678e-30,9.253781621373885e+29
constant_-3,0,fp32,24,-3.0,-72.0,5.380185921962174e-32,1.8586717056324128e+31
constant_-3,0,fp32,25,-3.0,-75.0,2.678636997114156e-33,3.733241849647479e+32
constant_-3,0,fp32,26,-3.0,-78.0,1.3336148713971936e-34,7.498416981578345e+33
constant_-3,0,fp32,27,-3.0,-81.0,6.639676956165401e-36,1.5060973617296128e+35
constant_-3,0,fp32,28,-3.0,-84.0,3.3057005200372102e-37,3.025077341526289e+36
constant_-3,0,fp32,29,-3.0,-87.0,1.6458114537543937e-38,6.076030347399616e+37
constant_-3,0,fp32,30,-3.0,-90.0,8.194008692231508e-40,inf
constant_-3,0,fp32,31,-3.0,-93.0,4.07960021918884e-41,inf
constant_-3,0,fp32,32,-3.0,-96.0,2.03048147480666e-42,inf
constant_-3,0,fp32,33,-3.0,-99.0,1.0089348943138683e-43,inf
constant_-3,0,fp32,34,-3.0,-102.0,5.605193857299268e-45,inf
constant_-3,0,fp32,35,-3.0,-105.0,0.0,inf
constant_-3,0,fp32,36,-3.0,-108.0,0.0,inf
constant_-3,0,fp32,37,-3.0,-111.0,0.0,inf
constant_-3,0,fp32,38,-3.0,-114.0,0.0,inf
constant_-3,0,fp32,39,-3.0,-117.0,0.0,inf
constant_-3,0,fp32,40,-3.0,-120.0,0.0,inf
constant_-3,0,fp32,41,-3.0,-123.0,0.0,inf
constant_-3,0,fp32,42,-3.0,-126.0,0.0,inf
constant_-3,0,fp32,43,-3.0,-129.0,0.0,inf
constant_-3,0,fp32,44,-3.0,-132.0,0.0,inf
constant_-3,0,fp32,45,-3.0,-135.0,0.0,inf
constant_-3,0,fp32,46,-3.0,-138.0,0.0,inf
constant_-3,0,fp32,47,-3.0,-141.0,0.0,inf
constant_-3,0,fp32,48,-3.0,-144.0,0.0,inf
constant_-3,0,fp32,49,-3.0,-147.0,0.0,inf
constant_-3,0,fp32,50,-3.0,-150.0,0.0,inf
constant_-3,0,fp32,51,-3.0,-153.0,0.0,inf
constant_-3,0,fp32,52,-3.0,-156.0,0.0,inf
constant_-3,0,fp32,53,-3.0,-159.0,0.0,inf
constant_-3,0,fp32,54,-3.0,-162.0,0.0,inf
constant_-3,0,fp32,55,-3.0,-165.0,0.0,inf
constant_-3,0,fp32,56,-3.0,-168.0,0.0,inf
constant_-3,0,fp32,57,-3.0,-171.0,0.0,inf
constant_-3,0,fp32,58,-3.0,-174.0,0.0,inf
constant_-3,0,fp32,59,-3.0,-177.0,0.0,inf
constant_-3,0,fp32,60,-3.0,-180.0,0.0,inf
constant_-3,0,fp32,61,-3.0,-183.0,0.0,inf
constant_-3,0,fp32,62,-3.0,-186.0,0.0,inf
constant_-3,0,fp32,63,-3.0,-189.0,0.0,inf
constant_-3,0,fp32,64,-3.0,-192.0,0.0,inf
constant_-3,0,fp32_bf16,1,-3.0,-3.0,0.0498046875,20.125
constant_-3,0,fp32_bf16,2,-3.0,-6.0,0.002471923828125,404.0
constant_-3,0,fp32_bf16,3,-3.0,-9.0,0.00012302398681640625,8096.0
constant_-3,0,fp32_bf16,4,-3.0,-12.0,6.139278411865234e-06,162816.0
constant_-3,0,fp32_bf16,5,-3.0,-15.0,3.0547380447387695e-07,3276800.0
constant_-3,0,fp32_bf16,6,-3.0,-18.0,1.525040715932846e-08,65536000.0
constant_-3,0,fp32_bf16,7,-3.0,-21.0,7.566995918750763e-10,1317011456.0
constant_-3,0,fp32_bf16,8,-3.0,-24.0,3.774403012357652e-11,26440892416.0
constant_-3,0,fp32_bf16,9,-3.0,-27.0,1.8758328224066645e-12,532575944704.0
constant_-3,0,fp32_bf16,10,-3.0,-30.0,9.370282327836321e-14,10720238370816.0
constant_-3,0,fp32_bf16,11,-3.0,-33.0,4.6629367034256575e-15,214404767416320.0
constant_-3,0,fp32_bf16,12,-3.0,-36.0,2.3245294578089215e-16,4310085580881920.0
constant_-3,0,fp32_bf16,13,-3.0,-39.0,1.1546753136970622e-17,8.669429282688205e+16
constant_-3,0,fp32_bf16,14,-3.0,-42.0,5.759824041329242e-19,1.7383894561650115e+18
constant_-3,0,fp32_bf16,15,-3.0,-45.0,2.8587361969832636e-20,3.487587551435712e+19
constant_-3,0,fp32_bf16,16,-3.0,-48.0,1.4227506535912076e-21,7.00976274800963e+20
constant_-3,0,fp32_bf16,17,-3.0,-51.0,7.113753267956038e-23,1.4093312472314097e+22
constant_-3,0,fp32_bf16,18,-3.0,-54.0,3.54136699749265e-24,2.833419889721787e+23
constant_-3,0,fp32_bf16,19,-3.0,-57.0,1.760989975942969e-25,5.666839779443574e+24
constant_-3,0,fp32_bf16,20,-3.0,-60.0,8.734267942607043e-27,1.1424348995358246e+26
constant_-3,0,fp32_bf16,21,-3.0,-63.0,4.354512196819985e-28,2.292123353989337e+27
constant_-3,0,fp32_bf16,22,-3.0,-66.0,2.1693674893577825e-29,4.6113266463380415e+28
constant_-3,0,fp32_bf16,23,-3.0,-69.0,1.078520768856852e-30,9.259791493854644e+29
constant_-3,0,fp32_bf16,24,-3.0,-72.0,5.39260384428426e-32,1.861861819085212e+31
constant_-3,0,fp32_bf16,25,-3.0,-75.0,2.68426485998971e-33,3.7268927646709944e+32
constant_-3,0,fp32_bf16,26,-3.0,-78.0,1.3316000006114873e-34,7.504491553351118e+33
constant_-3,0,fp32_bf16,27,-3.0,-81.0,6.629788138637702e-36,1.5057660889751e+35
constant_-3,0,fp32_bf16,28,-3.0,-84.0,3.3060778616876836e-37,3.0323013653843393e+36
constant_-3,0,fp32_bf16,29,-3.0,-87.0,1.6438553812280427e-38,6.08121808071599e+37
constant_-3,0,fp32_bf16,30,-3.0,-90.0,8.265194654219209e-40,inf
constant_-3,0,fp32_bf16,31,-3.0,-93.0,0.0,inf
constant_-3,0,fp32_bf16,32,-3.0,-96.0,0.0,inf
constant_-3,0,fp32_bf16,33,-3.0,-99.0,0.0,inf
constant_-3,0,fp32_bf16,34,-3.0,-102.0,0.0,inf
constant_-3,0,fp32_bf16,35,-3.0,-105.0,0.0,inf
constant_-3,0,fp32_bf16,36,-3.0,-108.0,0.0,inf
constant_-3,0,fp32_bf16,37,-3.0,-111.0,0.0,inf
constant_-3,0,fp32_bf16,38,-3.0,-114.0,0.0,inf
constant_-3,0,fp32_bf16,39,-3.0,-117.0,0.0,inf
constant_-3,0,fp32_bf16,40,-3.0,-120.0,0.0,inf
constant_-3,0,fp32_bf16,41,-3.0,-123.0,0.0,inf
constant_-3,0,fp32_bf16,42,-3.0,-126.0,0.0,inf
constant_-3,0,fp32_bf16,43,-3.0,-129.0,0.0,inf
constant_-3,0,fp32_bf16,44,-3.0,-132.0,0.0,inf
constant_-3,0,fp32_bf16,45,-3.0,-135.0,0.0,inf
constant_-3,0,fp32_bf16,46,-3.0,-138.0,0.0,inf
constant_-3,0,fp32_bf16,47,-3.0,-141.0,0.0,inf
constant_-3,0,fp32_bf16,48,-3.0,-144.0,0.0,inf
constant_-3,0,fp32_bf16,49,-3.0,-147.0,0.0,inf
constant_-3,0,fp32_bf16,50,-3.0,-150.0,0.0,inf
constant_-3,0,fp32_bf16,51,-3.0,-153.0,0.0,inf
constant_-3,0,fp32_bf16,52,-3.0,-156.0,0.0,inf
constant_-3,0,fp32_bf16,53,-3.0,-159.0,0.0,inf
constant_-3,0,fp32_bf16,54,-3.0,-162.0,0.0,inf
constant_-3,0,fp32_bf16,55,-3.0,-165.0,0.0,inf
constant_-3,0,fp32_bf16,56,-3.0,-168.0,0.0,inf
constant_-3,0,fp32_bf16,57,-3.0,-171.0,0.0,inf
constant_-3,0,fp32_bf16,58,-3.0,-174.0,0.0,inf
constant_-3,0,fp32_bf16,59,-3.0,-177.0,0.0,inf
constant_-3,0,fp32_bf16,60,-3.0,-180.0,0.0,inf
constant_-3,0,fp32_bf16,61,-3.0,-183.0,0.0,inf
constant_-3,0,fp32_bf16,62,-3.0,-186.0,0.0,inf
constant_-3,0,fp32_bf16,63,-3.0,-189.0,0.0,inf
constant_-3,0,fp32_bf16,64,-3.0,-192.0,0.0,inf
constant_-3,0,ftz_model_bf16,1,-3.0,-3.0,0.0498046875,20.125
constant_-3,0,ftz_model_bf16,2,-3.0,-6.0,0.002471923828125,404.0
constant_-3,0,ftz_model_bf16,3,-3.0,-9.0,0.00012302398681640625,8096.0
constant_-3,0,ftz_model_bf16,4,-3.0,-12.0,6.139278411865234e-06,162816.0
constant_-3,0,ftz_model_bf16,5,-3.0,-15.0,3.0547380447387695e-07,3276800.0
constant_-3,0,ftz_model_bf16,6,-3.0,-18.0,1.525040715932846e-08,65536000.0
constant_-3,0,ftz_model_bf16,7,-3.0,-21.0,7.566995918750763e-10,1317011456.0
constant_-3,0,ftz_model_bf16,8,-3.0,-24.0,3.774403012357652e-11,26440892416.0
constant_-3,0,ftz_model_bf16,9,-3.0,-27.0,1.8758328224066645e-12,532575944704.0
constant_-3,0,ftz_model_bf16,10,-3.0,-30.000001907348633,9.370282327836321e-14,10720238370816.0
constant_-3,0,ftz_model_bf16,11,-3.0,-33.000003814697266,4.6629367034256575e-15,214404767416320.0
constant_-3,0,ftz_model_bf16,12,-3.0,-36.000003814697266,2.3245294578089215e-16,4310085580881920.0
constant_-3,0,ftz_model_bf16,13,-3.0,-39.000003814697266,1.1546753136970622e-17,8.669429282688205e+16
constant_-3,0,ftz_model_bf16,14,-3.0,-42.00000762939453,5.759824041329242e-19,1.7383894561650115e+18
constant_-3,0,ftz_model_bf16,15,-3.0,-45.00000762939453,2.8587361969832636e-20,3.487587551435712e+19
constant_-3,0,ftz_model_bf16,16,-3.0,-48.00000762939453,1.4227506535912076e-21,7.00976274800963e+20
constant_-3,0,ftz_model_bf16,17,-3.0,-51.0000114440918,7.113753267956038e-23,1.4093312472314097e+22
constant_-3,0,ftz_model_bf16,18,-3.0,-54.0000114440918,3.54136699749265e-24,2.833419889721787e+23
constant_-3,0,ftz_model_bf16,19,-3.0,-57.0000114440918,1.760989975942969e-25,5.704618711306531e+24
constant_-3,0,ftz_model_bf16,20,-3.0,-60.00001525878906,8.734267942607043e-27,1.1424348995358246e+26
constant_-3,0,ftz_model_bf16,21,-3.0,-63.00001525878906,4.354512196819985e-28,2.292123353989337e+27
constant_-3,0,ftz_model_bf16,22,-3.0,-66.00001525878906,2.1693674893577825e-29,4.6113266463380415e+28
constant_-3,0,ftz_model_bf16,23,-3.0,-69.00001525878906,1.078520768856852e-30,9.259791493854644e+29
constant_-3,0,ftz_model_bf16,24,-3.0,-72.0000228881836,5.39260384428426e-32,1.861861819085212e+31
constant_-3,0,ftz_model_bf16,25,-3.0,-75.0000228881836,2.68426485998971e-33,3.7268927646709944e+32
constant_-3,0,ftz_model_bf16,26,-3.0,-78.0000228881836,1.3316000006114873e-34,7.504491553351118e+33
constant_-3,0,ftz_model_bf16,27,-3.0,-81.0000228881836,6.629788138637702e-36,1.5057660889751e+35
constant_-3,0,ftz_model_bf16,28,-3.0,-84.0000228881836,3.3060778616876836e-37,3.0323013653843393e+36
constant_-3,0,ftz_model_bf16,29,-3.0,-87.0000228881836,1.6438553812280427e-38,6.08121808071599e+37
constant_-3,0,ftz_model_bf16,30,-3.0,-90.0000228881836,0.0,inf
constant_-3,0,ftz_model_bf16,31,-3.0,-93.0000228881836,0.0,inf
constant_-3,0,ftz_model_bf16,32,-3.0,-96.00001525878906,0.0,inf
constant_-3,0,ftz_model_bf16,33,-3.0,-99.00001525878906,0.0,inf
constant_-3,0,ftz_model_bf16,34,-3.0,-102.00000762939453,0.0,inf
constant_-3,0,ftz_model_bf16,35,-3.0,-105.00000762939453,0.0,inf
constant_-3,0,ftz_model_bf16,36,-3.0,-108.0,0.0,inf
constant_-3,0,ftz_model_bf16,37,-3.0,-111.0,0.0,inf
constant_-3,0,ftz_model_bf16,38,-3.0,-113.99999237060547,0.0,inf
constant_-3,0,ftz_model_bf16,39,-3.0,-116.99999237060547,0.0,inf
constant_-3,0,ftz_model_bf16,40,-3.0,-119.99998474121094,0.0,inf
constant_-3,0,ftz_model_bf16,41,-3.0,-122.99998474121094,0.0,inf
constant_-3,0,ftz_model_bf16,42,-3.0,-125.9999771118164,0.0,inf
constant_-3,0,ftz_model_bf16,43,-3.0,-128.99996948242188,0.0,inf
constant_-3,0,ftz_model_bf16,44,-3.0,-131.99996948242188,0.0,inf
constant_-3,0,ftz_model_bf16,45,-3.0,-134.99996948242188,0.0,inf
constant_-3,0,ftz_model_bf16,46,-3.0,-137.9999542236328,0.0,inf
constant_-3,0,ftz_model_bf16,47,-3.0,-140.9999542236328,0.0,inf
constant_-3,0,ftz_model_bf16,48,-3.0,-143.9999542236328,0.0,inf
constant_-3,0,ftz_model_bf16,49,-3.0,-146.9999542236328,0.0,inf
constant_-3,0,ftz_model_bf16,50,-3.0,-149.99993896484375,0.0,inf
constant_-3,0,ftz_model_bf16,51,-3.0,-152.99993896484375,0.0,inf
constant_-3,0,ftz_model_bf16,52,-3.0,-155.99993896484375,0.0,inf
constant_-3,0,ftz_model_bf16,53,-3.0,-158.99993896484375,0.0,inf
constant_-3,0,ftz_model_bf16,54,-3.0,-161.9999237060547,0.0,inf
constant_-3,0,ftz_model_bf16,55,-3.0,-164.9999237060547,0.0,inf
constant_-3,0,ftz_model_bf16,56,-3.0,-167.9999237060547,0.0,inf
constant_-3,0,ftz_model_bf16,57,-3.0,-170.9999237060547,0.0,inf
constant_-3,0,ftz_model_bf16,58,-3.0,-173.99990844726562,0.0,inf
constant_-3,0,ftz_model_bf16,59,-3.0,-176.99990844726562,0.0,inf
constant_-3,0,ftz_model_bf16,60,-3.0,-179.99990844726562,0.0,inf
constant_-3,0,ftz_model_bf16,61,-3.0,-182.99990844726562,0.0,inf
constant_-3,0,ftz_model_bf16,62,-3.0,-185.9999237060547,0.0,inf
constant_-3,0,ftz_model_bf16,63,-3.0,-188.9999237060547,0.0,inf
constant_-3,0,ftz_model_bf16,64,-3.0,-191.9999237060547,0.0,inf
constant_-5,0,fp64,1,-5.0,-5.0,0.006737946999085467,148.4131591025766
constant_-5,0,fp64,2,-5.0,-10.0,4.5399929762484854e-05,22026.465794806718
constant_-5,0,fp64,3,-5.0,-15.0,3.059023205018258e-07,3269017.3724721107
constant_-5,0,fp64,4,-5.0,-20.0,2.061153622438558e-09,485165195.4097903
constant_-5,0,fp64,5,-5.0,-25.0,1.3887943864964021e-11,72004899337.38588
constant_-5,0,fp64,6,-5.0,-30.0,9.357622968840175e-14,10686474581524.463
constant_-5,0,fp64,7,-5.0,-35.0,6.305116760146989e-16,1586013452313430.8
constant_-5,0,fp64,8,-5.0,-40.0,4.248354255291589e-18,2.3538526683702e+17
constant_-5,0,fp64,9,-5.0,-45.0,2.8625185805493937e-20,3.4934271057485095e+19
constant_-5,0,fp64,10,-5.0,-50.0,1.9287498479639178e-22,5.184705528587072e+21
constant_-5,0,fp64,11,-5.0,-55.0,1.2995814250075031e-24,7.694785265142018e+23
constant_-5,0,fp64,12,-5.0,-60.0,8.75651076269652e-27,1.1420073898156842e+26
constant_-5,0,fp64,13,-5.0,-65.0,5.900090541597061e-29,1.6948892444103338e+28
constant_-5,0,fp64,14,-5.0,-70.0,3.975449735908647e-31,2.515438670919167e+30
constant_-5,0,fp64,15,-5.0,-75.0,2.6786369618080778e-33,3.7332419967990015e+32
constant_-5,0,fp64,16,-5.0,-80.0,1.8048513878454153e-35,5.54062238439351e+34
constant_-5,0,fp64,17,-5.0,-85.0,1.2160992992528256e-37,8.223012714622913e+36
constant_-5,0,fp64,18,-5.0,-90.0,8.194012623990515e-40,1.2204032943178408e+39
constant_-5,0,fp64,19,-5.0,-95.0,5.5210822770285325e-42,1.8112390828890233e+41
constant_-5,0,fp64,20,-5.0,-100.0,3.720075976020836e-44,2.6881171418161356e+43
constant_-5,0,fp64,21,-5.0,-105.0,2.506567475899953e-46,3.989519570547216e+45
constant_-5,0,fp64,22,-5.0,-110.0,1.6889118802245324e-48,5.92097202766467e+47
constant_-5,0,fp64,23,-5.0,-115.0,1.1379798735078682e-50,8.787501635837023e+49
constant_-5,0,fp64,24,-5.0,-120.0,7.667648073722e-53,1.3041808783936323e+52
constant_-5,0,fp64,25,-5.0,-125.0,5.166420632837861e-55,1.9355760420357226e+54
constant_-5,0,fp64,26,-5.0,-130.0,3.4811068399043105e-57,2.872649550817832e+56
constant_-5,0,fp64,27,-5.0,-135.0,2.3455513385429143e-59,4.263389948314721e+58
constant_-5,0,fp64,28,-5.0,-140.0,1.580420060273613e-61,6.327431707155585e+60
constant_-5,0,fp64,29,-5.0,-145.0,1.0648786602415064e-63,9.390741286647697e+62
constant_-5,0,fp64,30,-5.0,-150.0,7.175095973164411e-66,1.3937095806663797e+65
constant_-5,0,fp64,31,-5.0,-155.0,4.834541638053336e-68,2.0684484173822473e+67
constant_-5,0,fp64,32,-5.0,-160.0,3.257488532207521e-70,3.0698496406442424e+69
constant_-5,0,fp64,33,-5.0,-165.0,2.194878508014299e-72,4.556060831379215e+71
constant_-5,0,fp64,34,-5.0,-170.0,1.4788975056432133e-74,6.761793810485009e+73
constant_-5,0,fp64,35,-5.0,-175.0,9.964733010103672e-77,1.0035391806143295e+76
constant_-5,0,fp64,36,-5.0,-180.0,6.714184288211594e-79,1.4893842007818383e+78
constant_-5,0,fp64,37,-5.0,-185.0,4.52398178760621e-81,2.2104421435549888e+80
constant_-5,0,fp64,38,-5.0,-190.0,3.0482349509718567e-83,3.2805870153846705e+82
constant_-5,0,fp64,39,-5.0,-195.0,2.0538845540408258e-85,4.8688228266413195e+84
constant_-5,0,fp64,40,-5.0,-200.0,1.3838965267367376e-87,7.225973768125749e+86
constant_-5,0,fp64,41,-5.0,-205.0,9.324621449370601e-90,1.0724295945198918e+89
constant_-5,0,fp64,42,-5.0,-210.0,6.282880511239462e-92,1.5916266403779241e+91
constant_-5,0,fp64,43,-5.0,-215.0,4.23337158863185e-94,2.3621833781030834e+93
constant_-5,0,fp64,44,-5.0,-220.0,2.852423339163565e-96,3.505790975238748e+95
constant_-5,0,fp64,45,-5.0,-225.0,1.921947727823849e-98,5.2030551378848545e+97
constant_-5,0,fp64,46,-5.0,-230.0,1.2949981925089835e-100,7.722018499983836e+99
constant_-5,0,fp64,47,-5.0,-235.0,8.72562918503701e-103,1.146049160231141e+102
constant_-5,0,fp64,48,-5.0,-240.0,5.8792826982452694e-105,1.700887763567586e+104
constant_-5,0,fp64,49,-5.0,-245.0,3.961429521341682e-107,2.5243412626998188e+106
constant_-5,0,fp64,50,-5.0,-250.0,2.6691902155412764e-109,3.7464546145026734e+108
constant_-5,0,fp64,51,-5.0,-255.0,1.7984862202794635e-111,5.5602316477276757e+110
constant_-5,0,fp64,52,-5.0,-260.0,1.2118104830828576e-113,8.25211544181389e+112
constant_-5,0,fp64,53,-5.0,-265.0,8.16511480794845e-116,1.2247225219987542e+115
constant_-5,0,fp64,54,-5.0,-270.0,5.501611081740457e-118,1.8176493851391e+117
constant_-5,0,fp64,55,-5.0,-275.0,3.706956387834846e-120,2.6976308738934977e+119
constant_-5,0,fp64,56,-5.0,-280.0,2.4977275669152505e-122,4.0036392008717847e+121
constant_-5,0,fp64,57,-5.0,-285.0,1.6829555964029658e-124,5.941927417082968e+123
constant_-5,0,fp64,58,-5.0,-290.0,1.1339665610377455e-126,8.818602191274965e+125
constant_-5,0,fp64,59,-5.0,-295.0,7.640606587007545e-129,1.3087966100760222e+128
constant_-5,0,fp64,60,-5.0,-300.0,5.148200222412013e-131,1.9424263952412558e+130
constant_-5,0,fp64,61,-5.0,-305.0,3.4688300239292162e-133,2.882816376419849e+132
constant_-5,0,fp64,62,-5.0,-310.0,2.337279285007143e-135,4.278478855371123e+134
constant_-5,0,fp64,63,-5.0,-315.0,1.5748463944438505e-137,6.349825630792043e+136
constant_-5,0,fp64,64,-5.0,-320.0,1.0611231537463512e-139,9.423976816163585e+138
constant_-5,0,fp32,1,-5.0,-5.0,0.0067379469983279705,148.4131622314453
constant_-5,0,fp32,2,-5.0,-10.0,4.539993096841499e-05,22026.46484375
constant_-5,0,fp32,3,-5.0,-15.0,3.0590231858695915e-07,3269017.25
constant_-5,0,fp32,4,-5.0,-20.0,2.06115369216775e-09,485165184.0
constant_-5,0,fp32,5,-5.0,-25.0,1.3887943746404563e-11,72004902912.0
constant_-5,0,fp32,6,-5.0,-30.0,9.357622912219837e-14,10686474223616.0
constant_-5,0,fp32,7,-5.0,-35.0,6.305116853596367e-16,1586013445029888.0
constant_-5,0,fp32,8,-5.0,-40.0,4.24835413113866e-18,2.353852703404196e+17
constant_-5,0,fp32,9,-5.0,-45.0,2.862518609581133e-20,3.4934270576908304e+19
constant_-5,0,fp32,10,-5.0,-50.0,1.9287498933537385e-22,5.184705457665547e+21
constant_-5,0,fp32,11,-5.0,-55.0,1.2995813867822863e-24,7.694785471490595e+23
constant_-5,0,fp32,12,-5.0,-60.0,8.75651089272076e-27,1.1420073962419164e+26
constant_-5,0,fp32,13,-5.0,-65.0,5.90009059760205e-29,1.694889206675675e+28
constant_-5,0,fp32,14,-5.0,-70.0,3.975449954226706e-31,2.515438700355918e+30
constant_-5,0,fp32,15,-5.0,-75.0,2.678636997114156e-33,3.733241849647479e+32
constant_-5,0,fp32,16,-5.0,-80.0,1.8048513285848406e-35,5.540622484676759e+34
constant_-5,0,fp32,17,-5.0,-85.0,1.2160992719555806e-37,8.223013026843582e+36
constant_-5,0,fp32,18,-5.0,-90.0,8.194008692231508e-40,inf
constant_-5,0,fp32,19,-5.0,-95.0,5.521115949439779e-42,inf
constant_-5,0,fp32,20,-5.0,-100.0,3.783505853677006e-44,inf
constant_-5,0,fp32,21,-5.0,-105.0,0.0,inf
constant_-5,0,fp32,22,-5.0,-110.0,0.0,inf
constant_-5,0,fp32,23,-5.0,-115.0,0.0,inf
constant_-5,0,fp32,24,-5.0,-120.0,0.0,inf
constant_-5,0,fp32,25,-5.0,-125.0,0.0,inf
constant_-5,0,fp32,26,-5.0,-130.0,0.0,inf
constant_-5,0,fp32,27,-5.0,-135.0,0.0,inf
constant_-5,0,fp32,28,-5.0,-140.0,0.0,inf
constant_-5,0,fp32,29,-5.0,-145.0,0.0,inf
constant_-5,0,fp32,30,-5.0,-150.0,0.0,inf
constant_-5,0,fp32,31,-5.0,-155.0,0.0,inf
constant_-5,0,fp32,32,-5.0,-160.0,0.0,inf
constant_-5,0,fp32,33,-5.0,-165.0,0.0,inf
constant_-5,0,fp32,34,-5.0,-170.0,0.0,inf
constant_-5,0,fp32,35,-5.0,-175.0,0.0,inf
constant_-5,0,fp32,36,-5.0,-180.0,0.0,inf
constant_-5,0,fp32,37,-5.0,-185.0,0.0,inf
constant_-5,0,fp32,38,-5.0,-190.0,0.0,inf
constant_-5,0,fp32,39,-5.0,-195.0,0.0,inf
constant_-5,0,fp32,40,-5.0,-200.0,0.0,inf
constant_-5,0,fp32,41,-5.0,-205.0,0.0,inf
constant_-5,0,fp32,42,-5.0,-210.0,0.0,inf
constant_-5,0,fp32,43,-5.0,-215.0,0.0,inf
constant_-5,0,fp32,44,-5.0,-220.0,0.0,inf
constant_-5,0,fp32,45,-5.0,-225.0,0.0,inf
constant_-5,0,fp32,46,-5.0,-230.0,0.0,inf
constant_-5,0,fp32,47,-5.0,-235.0,0.0,inf
constant_-5,0,fp32,48,-5.0,-240.0,0.0,inf
constant_-5,0,fp32,49,-5.0,-245.0,0.0,inf
constant_-5,0,fp32,50,-5.0,-250.0,0.0,inf
constant_-5,0,fp32,51,-5.0,-255.0,0.0,inf
constant_-5,0,fp32,52,-5.0,-260.0,0.0,inf
constant_-5,0,fp32,53,-5.0,-265.0,0.0,inf
constant_-5,0,fp32,54,-5.0,-270.0,0.0,inf
constant_-5,0,fp32,55,-5.0,-275.0,0.0,inf
constant_-5,0,fp32,56,-5.0,-280.0,0.0,inf
constant_-5,0,fp32,57,-5.0,-285.0,0.0,inf
constant_-5,0,fp32,58,-5.0,-290.0,0.0,inf
constant_-5,0,fp32,59,-5.0,-295.0,0.0,inf
constant_-5,0,fp32,60,-5.0,-300.0,0.0,inf
constant_-5,0,fp32,61,-5.0,-305.0,0.0,inf
constant_-5,0,fp32,62,-5.0,-310.0,0.0,inf
constant_-5,0,fp32,63,-5.0,-315.0,0.0,inf
constant_-5,0,fp32,64,-5.0,-320.0,0.0,inf
constant_-5,0,fp32_bf16,1,-5.0,-5.0,0.006744384765625,148.0
constant_-5,0,fp32_bf16,2,-5.0,-10.0,4.5299530029296875e-05,22016.0
constant_-5,0,fp32_bf16,3,-5.0,-15.0,3.0547380447387695e-07,3276800.0
constant_-5,0,fp32_bf16,4,-5.0,-20.0,2.066371962428093e-09,484442112.0
constant_-5,0,fp32_bf16,5,-5.0,-25.0,1.3869794202037156e-11,71940702208.0
constant_-5,0,fp32_bf16,6,-5.0,-30.0,9.370282327836321e-14,10720238370816.0
constant_-5,0,fp32_bf16,7,-5.0,-35.0,6.314393452555578e-16,1583296743997440.0
constant_-5,0,fp32_bf16,8,-5.0,-40.0,4.255493527005605e-18,2.353130805301084e+17
constant_-5,0,fp32_bf16,9,-5.0,-45.0,2.8587361969832636e-20,3.487587551435712e+19
constant_-5,0,fp32_bf16,10,-5.0,-50.0,1.9273308272485545e-22,5.201981828786094e+21
constant_-5,0,fp32_bf16,11,-5.0,-55.0,1.2989320556496763e-24,7.697457367077522e+23
constant_-5,0,fp32_bf16,12,-5.0,-60.0,8.734267942607043e-27,1.1424348995358246e+26
constant_-5,0,fp32_bf16,13,-5.0,-65.0,5.916456789157589e-29,1.6944304287718643e+28
constant_-5,0,fp32_bf16,14,-5.0,-70.0,3.975119405215255e-31,2.5154941598278927e+30
constant_-5,0,fp32_bf16,15,-5.0,-75.0,2.68426485998971e-33,3.7268927646709944e+32
constant_-5,0,fp32_bf16,16,-5.0,-80.0,1.8055593228630336e-35,5.549267267559097e+34
constant_-5,0,fp32_bf16,17,-5.0,-85.0,1.2195753889781233e-37,8.224598223919167e+36
constant_-5,0,fp32_bf16,18,-5.0,-90.0,8.265194654219209e-40,inf
constant_-5,0,fp32_bf16,19,-5.0,-95.0,0.0,inf
constant_-5,0,fp32_bf16,20,-5.0,-100.0,0.0,inf
constant_-5,0,fp32_bf16,21,-5.0,-105.0,0.0,inf
constant_-5,0,fp32_bf16,22,-5.0,-110.0,0.0,inf
constant_-5,0,fp32_bf16,23,-5.0,-115.0,0.0,inf
constant_-5,0,fp32_bf16,24,-5.0,-120.0,0.0,inf
constant_-5,0,fp32_bf16,25,-5.0,-125.0,0.0,inf
constant_-5,0,fp32_bf16,26,-5.0,-130.0,0.0,inf
constant_-5,0,fp32_bf16,27,-5.0,-135.0,0.0,inf
constant_-5,0,fp32_bf16,28,-5.0,-140.0,0.0,inf
constant_-5,0,fp32_bf16,29,-5.0,-145.0,0.0,inf
constant_-5,0,fp32_bf16,30,-5.0,-150.0,0.0,inf
constant_-5,0,fp32_bf16,31,-5.0,-155.0,0.0,inf
constant_-5,0,fp32_bf16,32,-5.0,-160.0,0.0,inf
constant_-5,0,fp32_bf16,33,-5.0,-165.0,0.0,inf
constant_-5,0,fp32_bf16,34,-5.0,-170.0,0.0,inf
constant_-5,0,fp32_bf16,35,-5.0,-175.0,0.0,inf
constant_-5,0,fp32_bf16,36,-5.0,-180.0,0.0,inf
constant_-5,0,fp32_bf16,37,-5.0,-185.0,0.0,inf
constant_-5,0,fp32_bf16,38,-5.0,-190.0,0.0,inf
constant_-5,0,fp32_bf16,39,-5.0,-195.0,0.0,inf
constant_-5,0,fp32_bf16,40,-5.0,-200.0,0.0,inf
constant_-5,0,fp32_bf16,41,-5.0,-205.0,0.0,inf
constant_-5,0,fp32_bf16,42,-5.0,-210.0,0.0,inf
constant_-5,0,fp32_bf16,43,-5.0,-215.0,0.0,inf
constant_-5,0,fp32_bf16,44,-5.0,-220.0,0.0,inf
constant_-5,0,fp32_bf16,45,-5.0,-225.0,0.0,inf
constant_-5,0,fp32_bf16,46,-5.0,-230.0,0.0,inf
constant_-5,0,fp32_bf16,47,-5.0,-235.0,0.0,inf
constant_-5,0,fp32_bf16,48,-5.0,-240.0,0.0,inf
constant_-5,0,fp32_bf16,49,-5.0,-245.0,0.0,inf
constant_-5,0,fp32_bf16,50,-5.0,-250.0,0.0,inf
constant_-5,0,fp32_bf16,51,-5.0,-255.0,0.0,inf
constant_-5,0,fp32_bf16,52,-5.0,-260.0,0.0,inf
constant_-5,0,fp32_bf16,53,-5.0,-265.0,0.0,inf
constant_-5,0,fp32_bf16,54,-5.0,-270.0,0.0,inf
constant_-5,0,fp32_bf16,55,-5.0,-275.0,0.0,inf
constant_-5,0,fp32_bf16,56,-5.0,-280.0,0.0,inf
constant_-5,0,fp32_bf16,57,-5.0,-285.0,0.0,inf
constant_-5,0,fp32_bf16,58,-5.0,-290.0,0.0,inf
constant_-5,0,fp32_bf16,59,-5.0,-295.0,0.0,inf
constant_-5,0,fp32_bf16,60,-5.0,-300.0,0.0,inf
constant_-5,0,fp32_bf16,61,-5.0,-305.0,0.0,inf
constant_-5,0,fp32_bf16,62,-5.0,-310.0,0.0,inf
constant_-5,0,fp32_bf16,63,-5.0,-315.0,0.0,inf
constant_-5,0,fp32_bf16,64,-5.0,-320.0,0.0,inf
constant_-5,0,ftz_model_bf16,1,-5.0,-5.0,0.006744384765625,148.0
constant_-5,0,ftz_model_bf16,2,-5.0,-10.0,4.5299530029296875e-05,22016.0
constant_-5,0,ftz_model_bf16,3,-5.0,-15.000000953674316,3.0547380447387695e-07,3276800.0
constant_-5,0,ftz_model_bf16,4,-5.0,-20.0,2.066371962428093e-09,484442112.0
constant_-5,0,ftz_model_bf16,5,-5.0,-25.0,1.3869794202037156e-11,71940702208.0
constant_-5,0,ftz_model_bf16,6,-5.0,-30.0,9.370282327836321e-14,10720238370816.0
constant_-5,0,ftz_model_bf16,7,-5.0,-35.0,6.314393452555578e-16,1583296743997440.0
constant_-5,0,ftz_model_bf16,8,-5.0,-39.999996185302734,4.255493527005605e-18,2.353130805301084e+17
constant_-5,0,ftz_model_bf16,9,-5.0,-44.999996185302734,2.8587361969832636e-20,3.487587551435712e+19
constant_-5,0,ftz_model_bf16,10,-5.0,-50.0,1.9273308272485545e-22,5.201981828786094e+21
constant_-5,0,ftz_model_bf16,11,-5.0,-55.0,1.2989320556496763e-24,7.697457367077522e+23
constant_-5,0,ftz_model_bf16,12,-5.0,-60.000003814697266,8.734267942607043e-27,1.1424348995358246e+26
constant_-5,0,ftz_model_bf16,13,-5.0,-65.00000762939453,5.916456789157589e-29,1.6944304287718643e+28
constant_-5,0,ftz_model_bf16,14,-5.0,-70.00000762939453,3.975119405215255e-31,2.5154941598278927e+30
constant_-5,0,ftz_model_bf16,15,-5.0,-75.00000762939453,2.68426485998971e-33,3.7268927646709944e+32
constant_-5,0,ftz_model_bf16,16,-5.0,-80.00001525878906,1.8055593228630336e-35,5.549267267559097e+34
constant_-5,0,ftz_model_bf16,17,-5.0,-85.00001525878906,1.2195753889781233e-37,8.224598223919167e+36
constant_-5,0,ftz_model_bf16,18,-5.0,-90.00001525878906,0.0,inf
constant_-5,0,ftz_model_bf16,19,-5.0,-95.00001525878906,0.0,inf
constant_-5,0,ftz_model_bf16,20,-5.0,-100.00000762939453,0.0,inf
constant_-5,0,ftz_model_bf16,21,-5.0,-105.00000762939453,0.0,inf
constant_-5,0,ftz_model_bf16,22,-5.0,-110.0,0.0,inf
constant_-5,0,ftz_model_bf16,23,-5.0,-115.0,0.0,inf
constant_-5,0,ftz_model_bf16,24,-5.0,-120.0,0.0,inf
constant_-5,0,ftz_model_bf16,25,-5.0,-124.99999237060547,0.0,inf
constant_-5,0,ftz_model_bf16,26,-5.0,-129.99998474121094,0.0,inf
constant_-5,0,ftz_model_bf16,27,-5.0,-134.99998474121094,0.0,inf
constant_-5,0,ftz_model_bf16,28,-5.0,-139.99998474121094,0.0,inf
constant_-5,0,ftz_model_bf16,29,-5.0,-144.99998474121094,0.0,inf
constant_-5,0,ftz_model_bf16,30,-5.0,-149.99998474121094,0.0,inf
constant_-5,0,ftz_model_bf16,31,-5.0,-154.99996948242188,0.0,inf
constant_-5,0,ftz_model_bf16,32,-5.0,-159.99996948242188,0.0,inf
constant_-5,0,ftz_model_bf16,33,-5.0,-164.99996948242188,0.0,inf
constant_-5,0,ftz_model_bf16,34,-5.0,-169.99996948242188,0.0,inf
constant_-5,0,ftz_model_bf16,35,-5.0,-174.9999542236328,0.0,inf
constant_-5,0,ftz_model_bf16,36,-5.0,-179.99996948242188,0.0,inf
constant_-5,0,ftz_model_bf16,37,-5.0,-184.99996948242188,0.0,inf
constant_-5,0,ftz_model_bf16,38,-5.0,-189.99996948242188,0.0,inf
constant_-5,0,ftz_model_bf16,39,-5.0,-194.9999542236328,0.0,inf
constant_-5,0,ftz_model_bf16,40,-5.0,-199.9999542236328,0.0,inf
constant_-5,0,ftz_model_bf16,41,-5.0,-204.9999542236328,0.0,inf
constant_-5,0,ftz_model_bf16,42,-5.0,-209.9999542236328,0.0,inf
constant_-5,0,ftz_model_bf16,43,-5.0,-214.99993896484375,0.0,inf
constant_-5,0,ftz_model_bf16,44,-5.0,-219.99993896484375,0.0,inf
constant_-5,0,ftz_model_bf16,45,-5.0,-224.99993896484375,0.0,inf
constant_-5,0,ftz_model_bf16,46,-5.0,-229.99993896484375,0.0,inf
constant_-5,0,ftz_model_bf16,47,-5.0,-234.99993896484375,0.0,inf
constant_-5,0,ftz_model_bf16,48,-5.0,-239.9999237060547,0.0,inf
constant_-5,0,ftz_model_bf16,49,-5.0,-244.9999237060547,0.0,inf
constant_-5,0,ftz_model_bf16,50,-5.0,-249.9999237060547,0.0,inf
constant_-5,0,ftz_model_bf16,51,-5.0,-254.9999237060547,0.0,inf
constant_-5,0,ftz_model_bf16,52,-5.0,-259.9999084472656,0.0,inf
constant_-5,0,ftz_model_bf16,53,-5.0,-264.9999084472656,0.0,inf
constant_-5,0,ftz_model_bf16,54,-5.0,-269.9999084472656,0.0,inf
constant_-5,0,ftz_model_bf16,55,-5.0,-274.9999084472656,0.0,inf
constant_-5,0,ftz_model_bf16,56,-5.0,-279.9999084472656,0.0,inf
constant_-5,0,ftz_model_bf16,57,-5.0,-284.9999084472656,0.0,inf
constant_-5,0,ftz_model_bf16,58,-5.0,-289.9999084472656,0.0,inf
constant_-5,0,ftz_model_bf16,59,-5.0,-294.9999084472656,0.0,inf
constant_-5,0,ftz_model_bf16,60,-5.0,-299.9998779296875,0.0,inf
constant_-5,0,ftz_model_bf16,61,-5.0,-304.9998779296875,0.0,inf
constant_-5,0,ftz_model_bf16,62,-5.0,-309.9998779296875,0.0,inf
constant_-5,0,ftz_model_bf16,63,-5.0,-314.9998779296875,0.0,inf
constant_-5,0,ftz_model_bf16,64,-5.0,-319.9998779296875,0.0,inf
uniform,0,fp64,1,-4.850265009032765,-4.850265009032765,0.007826303233331696,127.77424668917347
uniform,0,fp64,2,-3.5390993219989397,-8.389364331031704,0.00022727170201927813,4400.019848996317
uniform,0,fp64,3,-2.2969147156372545,-10.686279046668957,2.285640790020036e-05,43751.40679875747
uniform,0,fp64,4,-4.603738420609801,-15.290017467278759,2.2889156352159406e-07,4368880.987200117
uniform,0,fp64,5,-3.225120600613824,-18.515138067892583,9.09866563317347e-09,109906225.84854962
uniform,0,fp64,6,-3.955739460901518,-22.4708775287941,1.7418946517569687e-10,5740875310.635727
uniform,0,fp64,7,-0.8930308760037547,-23.363908404797858,7.131542982787588e-11,14022210935.467411
uniform,0,fp64,8,-1.755538121969642,-25.1194465267675,1.2324320532017987e-11,81140375844.82231
uniform,0,fp64,9,-2.9067045990378726,-28.026151125805374,6.735924598831597e-13,1484577188072.2334
uniform,0,fp64,10,-1.4411794606807509,-29.467330586486124,1.5940462937293332e-13,6273343527937.706
uniform,0,fp64,11,-2.2643442444055712,-31.731674830891695,1.656184513621075e-14,60379745842062.25
uniform,0,fp64,12,-0.8839976310185704,-32.615672461910265,6.842163159322119e-15,146152609447430.06
uniform,0,fp64,13,-1.776333791696532,-34.392006253606795,1.1580877358967633e-15,863492435852152.1
uniform,0,fp64,14,-3.1095262433976383,-37.50153249700443,5.167629557673063e-17,1.935123229789503e+16
uniform,0,fp64,15,-2.4092420039085427,-39.91077450091298,4.644841147033069e-18,2.152926156880001e+17
uniform,0,fp64,16,-2.2040024952217974,-42.11477699613478,5.126072496557785e-19,1.9508112705614505e+18
uniform,0,fp64,17,-2.036407871822208,-44.151184867956985,6.689351889369269e-20,1.4949131343937847e+19
uniform,0,fp64,18,-1.0271929673079354,-45.17837783526492,2.3948582052363252e-20,4.175612559497316e+19
uniform,0,fp64,19,-3.3251908787507474,-48.503568714015664,8.613263923988386e-22,1.161000067831369e+21
uniform,0,fp64,20,-3.9243695022755887,-52.42793821629125,1.7015148160679827e-23,5.8771160295323914e+22
uniform,0,fp64,21,-1.051832374591923,-53.47977059088318,5.943342235068416e-24,1.68255496730366e+23
uniform,0,fp64,22,-3.3836956045883952,-56.863466195471574,2.0160922929201498e-25,4.960090386296647e+24
uniform,0,fp64,23,-0.5486763011872303,-57.4121424966588,1.1647247909800575e-25,8.585719199456123e+24
uniform,0,fp64,24,-2.6187602970112174,-60.03090279367002,8.490048536160889e-27,1.1778495679274286e+26
uniform,0,fp64,25,-1.1301010146919528,-61.161003808361976,2.742291000146814e-27,3.6465860112820376e+26
uniform,0,fp64,26,-2.7912153769011288,-63.952219185263104,1.6823025467134222e-28,5.944234002103955e+27
uniform,0,fp64,27,-2.9376448091822343,-66.88986399444534,8.91458585492303e-30,1.1217571026563792e+29
uniform,0,fp64,28,-3.409728428401042,-70.29959242284637,2.946286194022162e-31,3.3941034039019693e+30
uniform,0,fp64,29,-3.7268808028879317,-74.0264732257343,7.091060052141678e-33,1.4102263873762781e+32
uniform,0,fp64,30,-1.1382781829844064,-75.16475140871871,2.271764086010175e-33,4.401865520095739e+32
uniform,0,fp64,31,-4.049461332159864,-79.21421274087858,3.9600850959549503e-35,2.525198261576387e+34
uniform,0,fp64,32,-3.152951566977925,-82.3671643078565,1.6919793217630913e-36,5.9102377147137416e+35
uniform,0,fp64,33,-0.9794407285460394,-83.34660503640254,6.353738656013305e-37,1.573876506635318e+36
uniform,0,fp64,34,-0.7636311893896419,-84.11023622579218,2.9606599956577446e-37,3.377625264186537e+36
uniform,0,fp64,35,-2.4075325110936263,-86.5177687368858,2.665694960752737e-38,3.751366959547467e+37
uniform,0,fp64,36,-4.587529062449607,-91.1052977993354,2.713138059264408e-40,3.685768944139622e+39
uniform,0,fp64,37,-2.860198550990547,-93.96549635032595,1.553472056792726e-41,6.437193354250506e+40
uniform,0,fp64,38,-2.4041471159195376,-96.36964346624549,1.4034457174376322e-42,7.125320114452086e+41
uniform,0,fp64,39,-3.9802930417024407,-100.34993650794793,2.6216596824195074e-44,3.814377612418056e+43
uniform,0,fp64,40,-1.8398510216474284,-102.18978752959536,4.16427276918854e-45,2.4013796776210276e+44
uniform,0,fp64,41,-1.3609185530268237,-103.55070608262218,1.0678241806324645e-45,9.364837565372488e+44
uniform,0,fp64,42,-0.20719743334908058,-103.75790351597126,8.679906543659897e-46,1.1520861370684164e+45
uniform,0,fp64,43,-3.7434413415917196,-107.50134485756298,2.0547506721308023e-47,4.866770521422862e+46
uniform,0,fp64,44,-1.7087792630411829,-109.21012412060416,3.7208805345449734e-48,2.6875358956459752e+47
uniform,0,fp64,45,-2.69112504277237,-111.90124916337653,2.5229286598350583e-49,3.963647549453012e+48
uniform,0,fp64,46,-2.3318270943393378,-114.23307625771587,2.4502214102069545e-50,4.0812638230744074e+49
uniform,0,fp64,47,-4.317432303791452,-118.55050856150731,3.2671442136728923e-52,3.060777041353218e+51
uniform,0,fp64,48,-0.20529687568220822,-118.75580543718952,2.6607802277866086e-52,3.758296117646131e+51
uniform,0,fp64,49,-4.986301917626063,-123.74210735481559,1.817546776576798e-54,5.50192167204312e+53
uniform,0,fp64,50,-4.398320496194906,-128.1404278510105,2.2352148577266772e-56,4.473842845770312e+55
uniform,0,fp64,51,-3.8149858437190662,-131.95541369472954,4.9259724106682814e-58,2.0300560308341944e+57
uniform,0,fp64,52,-1.2794986588336306,-133.23491235356317,1.3702908822205665e-58,7.297720600603374e+57
uniform,0,fp64,53,-0.9480403875095111,-134.18295274107268,5.309872085351415e-59,1.8832845385461266e+58
uniform,0,fp64,54,-4.938823348975942,-139.12177609004863,3.803472946306356e-61,2.629176055980953e+60
uniform,0,fp64,55,-3.89800938381881,-143.01978547386744,7.714297187353898e-63,1.2962943683830423e+62
uniform,0,fp64,56,-1.8093967325677052,-144.82918220643515,1.263238488055012e-63,7.916161591463888e+62
uniform,0,fp64,57,-2.829219298005896,-147.65840150444106,7.460553000129135e-65,1.340383212856595e+64
uniform,0,fp64,58,-3.7059984549727156,-151.3643999594138,1.8334806927305697e-66,5.45410706512932e+65
uniform,0,fp64,59,-0.02231472658516198,-151.38671468599895,1.7930201838878282e-66,5.577182058440009e+65
uniform,0,fp64,60,-2.9180231654884956,-154.30473785148746,9.689554717957458e-68,1.0320391690927964e+67
uniform,0,fp64,61,-2.8485663843336524,-157.1533042358211,5.612898095832236e-69,1.7816108237249726e+68
uniform,0,fp64,62,-0.2414266461189324,-157.39473088194003,4.4089674981768514e-69,2.26810472160094e+68
uniform,0,fp64,63,-0.8150227479976291,-158.20975362993767,1.9515380136640128e-69,5.12416357251735e+68
uniform,0,fp64,64,-4.993404813636498,-163.20315844357415,1.3236368785745842e-71,7.554942115823287e+70
uniform,0,fp32,1,-4.850265009032765,-4.850265026092529,0.007826303131878376,127.77424621582031
uniform,0,fp32,2,-3.5390993219989397,-8.389364242553711,0.00022727172472514212,4400.01953125
uniform,0,fp32,3,-2.2969147156372545,-10.686279296875,2.2856402210891247e-05,43751.41796875
uniform,0,fp32,4,-4.603738420609801,-15.290018081665039,2.2889142314852506e-07,4368883.5
uniform,0,fp32,5,-3.225120600613824,-18.515138626098633,9.098660491702049e-09,109906288.0
uniform,0,fp32,6,-3.955739460901518,-22.47087860107422,1.741892741158324e-10,5740881408.0
uniform,0,fp32,7,-0.8930308760037547,-23.363908767700195,7.131540497029576e-11,14022215680.0
uniform,0,fp32,8,-1.755538121969642,-25.119447708129883,1.2324305638522493e-11,81140473856.0
uniform,0,fp32,9,-2.9067045990378726,-28.026151657104492,6.735920957297303e-13,1484577964032.0
uniform,0,fp32,10,-1.4411794606807509,-29.467330932617188,1.5940458046419248e-13,6273345519616.0
uniform,0,fp32,11,-2.2643442444055712,-31.731674194335938,1.6561855646678517e-14,60379707211776.0
uniform,0,fp32,12,-0.8839976310185704,-32.61567306518555,6.842158929682525e-15,146152703918080.0
uniform,0,fp32,13,-1.776333791696532,-34.392005920410156,1.1580881153206682e-15,863492169007104.0
uniform,0,fp32,14,-3.1095262433976383,-37.50153350830078,5.1676242649788484e-17,1.935125217751859e+16
uniform,0,fp32,15,-2.4092420039085427,-39.91077423095703,4.64484247825064e-18,2.152925543362724e+17
uniform,0,fp32,16,-2.2040024952217974,-42.114776611328125,5.126074445142912e-19,1.95081056716587e+18
uniform,0,fp32,17,-2.036407871822208,-44.15118408203125,6.689357268693197e-20,1.4949119520428524e+19
uniform,0,fp32,18,-1.0271929673079354,-45.178375244140625,2.3948644570147496e-20,4.175601674860731e+19
uniform,0,fp32,19,-3.3251908787507474,-48.50356674194336,8.613280661117658e-22,1.1609977957448617e+21
uniform,0,fp32,20,-3.9243695022755887,-52.42793655395508,1.701517594526176e-23,5.877106090646062e+22
uniform,0,fp32,21,-1.051832374591923,-53.47977066040039,5.943341957668426e-24,1.6825550889927677e+23
uniform,0,fp32,22,-3.3836956045883952,-56.86346435546875,2.0160960062968989e-25,4.960081026836256e+24
uniform,0,fp32,23,-0.5486763011872303,-57.412139892578125,1.1647278583579536e-25,8.585696917264252e+24
uniform,0,fp32,24,-2.6187602970112174,-60.03089904785156,8.490080055330163e-27,1.177845177225997e+26
uniform,0,fp32,25,-1.1301010146919528,-61.1609992980957,2.7423033366428026e-27,3.6465697084303335e+26
uniform,0,fp32,26,-2.7912153769011288,-63.952213287353516,1.6823124453375106e-28,5.944199120377767e+27
uniform,0,fp32,27,-2.9376448091822343,-66.88985443115234,8.914670799573954e-30,1.121746400869032e+29
uniform,0,fp32,28,-3.409728428401042,-70.2995834350586,2.946312643443379e-31,3.394072838983542e+30
uniform,0,fp32,29,-3.7268808028879317,-74.0264663696289,7.091108692566e-33,1.4102167075696778e+32
uniform,0,fp32,30,-1.1382781829844064,-75.16474151611328,2.271786647351054e-33,4.401821929508269e+32
uniform,0,fp32,31,-4.049461332159864,-79.21420288085938,3.9601242386204617e-35,2.5251733654070572e+34
uniform,0,fp32,32,-3.152951566977925,-82.36715698242188,1.6919917098773082e-36,5.910194331019329e+35
uniform,0,fp32,33,-0.9794407285460394,-83.34659576416016,6.353797540780661e-37,1.573861902374485e+36
uniform,0,fp32,34,-0.7636311893896419,-84.1102294921875,2.960679986799291e-37,3.377602416808208e+36
uniform,0,fp32,35,-2.4075325110936263,-86.51776123046875,2.6657150117977645e-38,3.7513388994361558e+37
uniform,0,fp32,36,-4.587529062449607,-91.10529327392578,2.713152047671781e-40,inf
uniform,0,fp32,37,-2.860198550990547,-93.96549224853516,1.5534794775504922e-41,inf
uniform,0,fp32,38,-2.4041471159195376,-96.36963653564453,1.4041010612534667e-42,inf
uniform,0,fp32,39,-3.9802930417024407,-100.34992980957031,2.6624670822171524e-44,inf
uniform,0,fp32,40,-1.8398510216474284,-102.18978118896484,4.203895392974451e-45,inf
uniform,0,fp32,41,-1.3609185530268237,-103.55069732666016,1.401298464324817e-45,inf
uniform,0,fp32,42,-0.20719743334908058,-103.75789642333984,1.401298464324817e-45,inf
uniform,0,fp32,43,-3.7434413415917196,-107.50133514404297,0.0,inf
uniform,0,fp32,44,-1.7087792630411829,-109.21011352539062,0.0,inf
uniform,0,fp32,45,-2.69112504277237,-111.90123748779297,0.0,inf
uniform,0,fp32,46,-2.3318270943393378,-114.23306274414062,0.0,inf
uniform,0,fp32,47,-4.317432303791452,-118.55049133300781,0.0,inf
uniform,0,fp32,48,-0.20529687568220822,-118.75579071044922,0.0,inf
uniform,0,fp32,49,-4.986301917626063,-123.74209594726562,0.0,inf
uniform,0,fp32,50,-4.398320496194906,-128.14041137695312,0.0,inf
uniform,0,fp32,51,-3.8149858437190662,-131.9553985595703,0.0,inf
uniform,0,fp32,52,-1.2794986588336306,-133.23489379882812,0.0,inf
uniform,0,fp32,53,-0.9480403875095111,-134.1829376220703,0.0,inf
uniform,0,fp32,54,-4.938823348975942,-139.12176513671875,0.0,inf
uniform,0,fp32,55,-3.89800938381881,-143.019775390625,0.0,inf
uniform,0,fp32,56,-1.8093967325677052,-144.8291778564453,0.0,inf
uniform,0,fp32,57,-2.829219298005896,-147.6584014892578,0.0,inf
uniform,0,fp32,58,-3.7059984549727156,-151.36439514160156,0.0,inf
uniform,0,fp32,59,-0.02231472658516198,-151.38670349121094,0.0,inf
uniform,0,fp32,60,-2.9180231654884956,-154.3047332763672,0.0,inf
uniform,0,fp32,61,-2.8485663843336524,-157.15330505371094,0.0,inf
uniform,0,fp32,62,-0.2414266461189324,-157.3947296142578,0.0,inf
uniform,0,fp32,63,-0.8150227479976291,-158.20974731445312,0.0,inf
uniform,0,fp32,64,-4.993404813636498,-163.20315551757812,0.0,inf
uniform,0,fp32_bf16,1,-4.850265009032765,-4.850265026092529,0.0078125,128.0
uniform,0,fp32_bf16,2,-3.5390993219989397,-8.389364242553711,0.0002269744873046875,4416.0
uniform,0,fp32_bf16,3,-2.2969147156372545,-10.686279296875,2.288818359375e-05,43776.0
uniform,0,fp32_bf16,4,-4.603738420609801,-15.290018081665039,2.2910535335540771e-07,4358144.0
uniform,0,fp32_bf16,5,-3.225120600613824,-18.515138626098633,9.080395102500916e-09,110100480.0
uniform,0,fp32_bf16,6,-3.955739460901518,-22.47087860107422,1.7462298274040222e-10,5737807872.0
uniform,0,fp32_bf16,7,-0.8930308760037547,-23.363908767700195,7.139533408917487e-11,14025752576.0
uniform,0,fp32_bf16,8,-1.755538121969642,-25.119447708129883,1.233502189279534e-11,81067507712.0
uniform,0,fp32_bf16,9,-2.9067045990378726,-28.026151657104492,6.750155989720952e-13,1486058684416.0
uniform,0,fp32_bf16,10,-1.4411794606807509,-29.467330932617188,1.5898393712632242e-13,6287832121344.0
uniform,0,fp32_bf16,11,-2.2643442444055712,-31.731674194335938,1.6542323066914832e-14,60473139527680.0
uniform,0,fp32_bf16,12,-0.8839976310185704,-32.61567306518555,6.855627177060342e-15,146235046494208.0
uniform,0,fp32_bf16,13,-1.776333791696532,-34.392005920410156,1.1587952819525071e-15,862017116176384.0
uniform,0,fp32_bf16,14,-3.1095262433976383,-37.50153350830078,5.160802341031001e-17,1.9281035904679936e+16
uniform,0,fp32_bf16,15,-2.4092420039085427,-39.91077423095703,4.6349642873755315e-18,2.150468822069412e+17
uniform,0,fp32_bf16,16,-2.2040024952217974,-42.114776611328125,5.116079001415974e-19,1.9545622382787953e+18
uniform,0,fp32_bf16,17,-2.036407871822208,-44.15118408203125,6.691560283308973e-20,1.4915921965851083e+19
uniform,0,fp32_bf16,18,-1.0271929673079354,-45.178375244140625,2.3928680759933985e-20,4.17934045419982e+19
uniform,0,fp32_bf16,19,-3.3251908787507474,-48.50356674194336,8.602678370551488e-22,1.1621448766437018e+21
uniform,0,fp32_bf16,20,-3.9243695022755887,-52.42793655395508,1.7060600133906196e-23,5.873443313069121e+22
uniform,0,fp32_bf16,21,-1.051832374591923,-53.47977066040039,5.9453606527248864e-24,1.688246017625898e+23
uniform,0,fp32_bf16,22,-3.3836956045883952,-56.86346435546875,2.0194839173657902e-25,4.949040074047388e+24
uniform,0,fp32_bf16,23,-0.5486763011872303,-57.412139892578125,1.1632227364026952e-25,8.575817532891276e+24
uniform,0,fp32_bf16,24,-2.6187602970112174,-60.03089904785156,8.481832452936319e-27,1.1787026741242634e+26
uniform,0,fp32_bf16,25,-1.1301010146919528,-61.1609992980957,2.738925062927353e-27,3.65095597523618e+26
uniform,0,fp32_bf16,26,-2.7912153769011288,-63.952213287353516,1.6802737281207551e-28,5.957586439060893e+27
uniform,0,fp32_bf16,27,-2.9376448091822343,-66.88985443115234,8.923988990312696e-30,1.1203357355532691e+29
uniform,0,fp32_bf16,28,-3.409728428401042,-70.2995834350586,2.9428209550236964e-31,3.3870039474848004e+30
uniform,0,fp32_bf16,29,-3.7268808028879317,-74.0264663696289,7.077792545623092e-33,1.4070921662533346e+32
uniform,0,fp32_bf16,30,-1.1382781829844064,-75.16474151611328,2.2750047468074224e-33,4.411424088794238e+32
uniform,0,fp32_bf16,31,-4.049461332159864,-79.21420288085938,3.9684689283760426e-35,2.5312447185357285e+34
uniform,0,fp32_bf16,32,-3.152951566977925,-82.36715698242188,1.692711865184094e-36,5.9192184187297035e+35
uniform,0,fp32_bf16,33,-0.9794407285460394,-83.34659576416016,6.3476694944403525e-37,1.5784582449945876e+36
uniform,0,fp32_bf16,34,-0.7636311893896419,-84.1102294921875,2.9534295564409974e-37,3.3853775517647076e+36
uniform,0,fp32_bf16,35,-2.4075325110936263,-86.51776123046875,2.663229388581745e-38,3.7550690880923873e+37
uniform,0,fp32_bf16,36,-4.587529062449607,-91.10529327392578,2.7550648847397363e-40,inf
uniform,0,fp32_bf16,37,-2.860198550990547,-93.96549224853516,0.0,inf
uniform,0,fp32_bf16,38,-2.4041471159195376,-96.36963653564453,0.0,inf
uniform,0,fp32_bf16,39,-3.9802930417024407,-100.34992980957031,0.0,inf
uniform,0,fp32_bf16,40,-1.8398510216474284,-102.18978118896484,0.0,inf
uniform,0,fp32_bf16,41,-1.3609185530268237,-103.55069732666016,0.0,inf
uniform,0,fp32_bf16,42,-0.20719743334908058,-103.75789642333984,0.0,inf
uniform,0,fp32_bf16,43,-3.7434413415917196,-107.50133514404297,0.0,inf
uniform,0,fp32_bf16,44,-1.7087792630411829,-109.21011352539062,0.0,inf
uniform,0,fp32_bf16,45,-2.69112504277237,-111.90123748779297,0.0,inf
uniform,0,fp32_bf16,46,-2.3318270943393378,-114.23306274414062,0.0,inf
uniform,0,fp32_bf16,47,-4.317432303791452,-118.55049133300781,0.0,inf
uniform,0,fp32_bf16,48,-0.20529687568220822,-118.75579071044922,0.0,inf
uniform,0,fp32_bf16,49,-4.986301917626063,-123.74209594726562,0.0,inf
uniform,0,fp32_bf16,50,-4.398320496194906,-128.14041137695312,0.0,inf
uniform,0,fp32_bf16,51,-3.8149858437190662,-131.9553985595703,0.0,inf
uniform,0,fp32_bf16,52,-1.2794986588336306,-133.23489379882812,0.0,inf
uniform,0,fp32_bf16,53,-0.9480403875095111,-134.1829376220703,0.0,inf
uniform,0,fp32_bf16,54,-4.938823348975942,-139.12176513671875,0.0,inf
uniform,0,fp32_bf16,55,-3.89800938381881,-143.019775390625,0.0,inf
uniform,0,fp32_bf16,56,-1.8093967325677052,-144.8291778564453,0.0,inf
uniform,0,fp32_bf16,57,-2.829219298005896,-147.6584014892578,0.0,inf
uniform,0,fp32_bf16,58,-3.7059984549727156,-151.36439514160156,0.0,inf
uniform,0,fp32_bf16,59,-0.02231472658516198,-151.38670349121094,0.0,inf
uniform,0,fp32_bf16,60,-2.9180231654884956,-154.3047332763672,0.0,inf
uniform,0,fp32_bf16,61,-2.8485663843336524,-157.15330505371094,0.0,inf
uniform,0,fp32_bf16,62,-0.2414266461189324,-157.3947296142578,0.0,inf
uniform,0,fp32_bf16,63,-0.8150227479976291,-158.20974731445312,0.0,inf
uniform,0,fp32_bf16,64,-4.993404813636498,-163.20315551757812,0.0,inf
uniform,0,ftz_model_bf16,1,-4.850265009032765,-4.850265026092529,0.0078125,128.0
uniform,0,ftz_model_bf16,2,-3.5390993219989397,-8.389364242553711,0.0002269744873046875,4416.0
uniform,0,ftz_model_bf16,3,-2.2969147156372545,-10.686279296875,2.288818359375e-05,43776.0
uniform,0,ftz_model_bf16,4,-4.603738420609801,-15.290017127990723,2.2910535335540771e-07,4358144.0
uniform,0,ftz_model_bf16,5,-3.225120600613824,-18.51513671875,9.080395102500916e-09,110100480.0
uniform,0,ftz_model_bf16,6,-3.955739460901518,-22.470876693725586,1.7462298274040222e-10,5737807872.0
uniform,0,ftz_model_bf16,7,-0.8930308760037547,-23.363906860351562,7.139533408917487e-11,14025752576.0
uniform,0,ftz_model_bf16,8,-1.755538121969642,-25.11944580078125,1.233502189279534e-11,81067507712.0
uniform,0,ftz_model_bf16,9,-2.9067045990378726,-28.026151657104492,6.750155989720952e-13,1486058684416.0
uniform,0,ftz_model_bf16,10,-1.4411794606807509,-29.467330932617188,1.5898393712632242e-13,6287832121344.0
uniform,0,ftz_model_bf16,11,-2.2643442444055712,-31.731674194335938,1.6542323066914832e-14,60473139527680.0
uniform,0,ftz_model_bf16,12,-0.8839976310185704,-32.61566925048828,6.855627177060342e-15,146235046494208.0
uniform,0,ftz_model_bf16,13,-1.776333791696532,-34.39200210571289,1.1587952819525071e-15,862017116176384.0
uniform,0,ftz_model_bf16,14,-3.1095262433976383,-37.501529693603516,5.160802341031001e-17,1.9281035904679936e+16
uniform,0,ftz_model_bf16,15,-2.4092420039085427,-39.910770416259766,4.6349642873755315e-18,2.150468822069412e+17
uniform,0,ftz_model_bf16,16,-2.2040024952217974,-42.11477279663086,5.116079001415974e-19,1.9545622382787953e+18
uniform,0,ftz_model_bf16,17,-2.036407871822208,-44.151180267333984,6.691560283308973e-20,1.4915921965851083e+19
uniform,0,ftz_model_bf16,18,-1.0271929673079354,-45.178375244140625,2.3928680759933985e-20,4.17934045419982e+19
uniform,0,ftz_model_bf16,19,-3.3251908787507474,-48.50356674194336,8.602678370551488e-22,1.1621448766437018e+21
uniform,0,ftz_model_bf16,20,-3.9243695022755887,-52.42793273925781,1.7060600133906196e-23,5.873443313069121e+22
uniform,0,ftz_model_bf16,21,-1.051832374591923,-53.479766845703125,5.9453606527248864e-24,1.688246017625898e+23
uniform,0,ftz_model_bf16,22,-3.3836956045883952,-56.863460540771484,2.0194839173657902e-25,4.949040074047388e+24
uniform,0,ftz_model_bf16,23,-0.5486763011872303,-57.41213607788086,1.1632227364026952e-25,8.575817532891276e+24
uniform,0,ftz_model_bf16,24,-2.6187602970112174,-60.03089904785156,8.481832452936319e-27,1.1787026741242634e+26
uniform,0,ftz_model_bf16,25,-1.1301010146919528,-61.1609992980957,2.738925062927353e-27,3.65095597523618e+26
uniform,0,ftz_model_bf16,26,-2.7912153769011288,-63.952213287353516,1.6802737281207551e-28,5.957586439060893e+27
uniform,0,ftz_model_bf16,27,-2.9376448091822343,-66.88986206054688,8.923988990312696e-30,1.1203357355532691e+29
uniform,0,ftz_model_bf16,28,-3.409728428401042,-70.29959106445312,2.9428209550236964e-31,3.3870039474848004e+30
uniform,0,ftz_model_bf16,29,-3.7268808028879317,-74.02647399902344,7.077792545623092e-33,1.4070921662533346e+32
uniform,0,ftz_model_bf16,30,-1.1382781829844064,-75.16474914550781,2.2750047468074224e-33,4.411424088794238e+32
uniform,0,ftz_model_bf16,31,-4.049461332159864,-79.2142105102539,3.9684689283760426e-35,2.5312447185357285e+34
uniform,0,ftz_model_bf16,32,-3.152951566977925,-82.3671646118164,1.692711865184094e-36,5.9192184187297035e+35
uniform,0,ftz_model_bf16,33,-0.9794407285460394,-83.34660339355469,6.3476694944403525e-37,1.5784582449945876e+36
uniform,0,ftz_model_bf16,34,-0.7636311893896419,-84.1102294921875,2.9534295564409974e-37,3.3853775517647076e+36
uniform,0,ftz_model_bf16,35,-2.4075325110936263,-86.51776123046875,2.663229388581745e-38,3.7550690880923873e+37
uniform,0,ftz_model_bf16,36,-4.587529062449607,-91.10529327392578,0.0,inf
uniform,0,ftz_model_bf16,37,-2.860198550990547,-93.96548461914062,0.0,inf
uniform,0,ftz_model_bf16,38,-2.4041471159195376,-96.36962890625,0.0,inf
uniform,0,ftz_model_bf16,39,-3.9802930417024407,-100.34992218017578,0.0,inf
uniform,0,ftz_model_bf16,40,-1.8398510216474284,-102.18977355957031,0.0,inf
uniform,0,ftz_model_bf16,41,-1.3609185530268237,-103.55069732666016,0.0,inf
uniform,0,ftz_model_bf16,42,-0.20719743334908058,-103.75788879394531,0.0,inf
uniform,0,ftz_model_bf16,43,-3.7434413415917196,-107.50133514404297,0.0,inf
uniform,0,ftz_model_bf16,44,-1.7087792630411829,-109.21011352539062,0.0,inf
uniform,0,ftz_model_bf16,45,-2.69112504277237,-111.90123748779297,0.0,inf
uniform,0,ftz_model_bf16,46,-2.3318270943393378,-114.23307037353516,0.0,inf
uniform,0,ftz_model_bf16,47,-4.317432303791452,-118.55050659179688,0.0,inf
uniform,0,ftz_model_bf16,48,-0.20529687568220822,-118.75580596923828,0.0,inf
uniform,0,ftz_model_bf16,49,-4.986301917626063,-123.74211120605469,0.0,inf
uniform,0,ftz_model_bf16,50,-4.398320496194906,-128.1404266357422,0.0,inf
uniform,0,ftz_model_bf16,51,-3.8149858437190662,-131.95541381835938,0.0,inf
uniform,0,ftz_model_bf16,52,-1.2794986588336306,-133.2349090576172,0.0,inf
uniform,0,ftz_model_bf16,53,-0.9480403875095111,-134.18295288085938,0.0,inf
uniform,0,ftz_model_bf16,54,-4.938823348975942,-139.1217803955078,0.0,inf
uniform,0,ftz_model_bf16,55,-3.89800938381881,-143.01979064941406,0.0,inf
uniform,0,ftz_model_bf16,56,-1.8093967325677052,-144.82919311523438,0.0,inf
uniform,0,ftz_model_bf16,57,-2.829219298005896,-147.6584014892578,0.0,inf
uniform,0,ftz_model_bf16,58,-3.7059984549727156,-151.36439514160156,0.0,inf
uniform,0,ftz_model_bf16,59,-0.02231472658516198,-151.38671875,0.0,inf
uniform,0,ftz_model_bf16,60,-2.9180231654884956,-154.30474853515625,0.0,inf
uniform,0,ftz_model_bf16,61,-2.8485663843336524,-157.1533203125,0.0,inf
uniform,0,ftz_model_bf16,62,-0.2414266461189324,-157.39474487304688,0.0,inf
uniform,0,ftz_model_bf16,63,-0.8150227479976291,-158.2097625732422,0.0,inf
uniform,0,ftz_model_bf16,64,-4.993404813636498,-163.2031707763672,0.0,inf
mixed,0,fp64,1,-0.009999999776482582,-0.009999999776482582,0.9900498339704614,1.0100501668584043
mixed,0,fp64,2,-5.0,-5.009999999776483,0.006670903307746336,149.9047361155404
mixed,0,fp64,3,-0.009999999776482582,-5.019999999552965,0.006604526712267261,151.41130372636664
mixed,0,fp64,4,-0.009999999776482582,-5.029999999329448,0.00653881057493368,152.93301259306514
mixed,0,fp64,5,-0.009999999776482582,-5.03999999910593,0.006473748324077387,154.4700148877839
mixed,0,fp64,6,-0.009999999776482582,-5.049999998882413,0.00640933345341937,156.0224643120263
mixed,0,fp64,7,-0.009999999776482582,-5.0599999986588955,0.0063455595214191715,157.5905161120216
mixed,0,fp64,8,-0.009999999776482582,-5.069999998435378,0.006282420150630731,159.17432709424946
mixed,0,fp64,9,-0.009999999776482582,-5.079999998211861,0.006219909027064637,160.77405564112087
mixed,0,fp64,10,-0.009999999776482582,-5.089999997988343,0.006158019899556718,162.38986172681652
mixed,0,fp64,11,-0.009999999776482582,-5.099999997764826,0.0060967465791429264,164.0219069332842
mixed,0,fp64,12,-0.009999999776482582,-5.109999997541308,0.006036082938440433,165.67035446639738
mixed,0,fp64,13,-0.009999999776482582,-5.119999997317791,0.005976022911034886,167.33536917227565
mixed,0,fp64,14,-0.009999999776482582,-5.129999997094274,0.005916560490873762,169.01711755376968
mixed,0,fp64,15,-0.009999999776482582,-5.139999996870756,0.00585768973166576,170.7157677871116
mixed,0,fp64,16,-0.009999999776482582,-5.149999996647239,0.005799404746286162,172.43148973873267
mixed,0,fp64,17,-5.0,-10.149999996647239,3.9076081806720865e-05,25591.102120888838
mixed,0,fp64,18,-0.009999999776482582,-10.159999996423721,3.868726830496016e-05,25848.29696729423
mixed,0,fp64,19,-0.009999999776482582,-10.169999996200204,3.83023235620965e-05,26108.076664821125
mixed,0,fp64,20,-0.009999999776482582,-10.179999995976686,3.792120908333653e-05,26370.467191654585
mixed,0,fp64,21,-0.009999999776482582,-10.189999995753169,3.754388675691649e-05,26635.49478706479
mixed,0,fp64,22,-0.009999999776482582,-10.199999995529652,3.7170318850290976e-05,26903.18595403095
mixed,0,fp64,23,-5.0,-15.199999995529652,2.5045163835236807e-07,3992786.817361799
mixed,0,fp64,24,-5.0,-20.19999999552965,1.687529865052377e-09,592582105.1877872
mixed,0,fp64,25,-0.009999999776482582,-20.209999995306134,1.6707386627153012e-09,598537654.2222289
mixed,0,fp64,26,-0.009999999776482582,-20.219999995082617,1.6541145356293147e-09,604553057.5182002
mixed,0,fp64,27,-0.009999999776482582,-20.2299999948591,1.63765582136793e-09,610628916.6210165
mixed,0,fp64,28,-5.0,-25.2299999948591,1.103443812712089e-11,90625366555.10892
mixed,0,fp64,29,-0.009999999776482582,-25.239999994635582,1.0924643635713366e-11,91536166610.5918
mixed,0,fp64,30,-0.009999999776482582,-25.249999994412065,1.0815941617724475e-11,92456120358.60695
mixed,0,fp64,31,-0.009999999776482582,-25.259999994188547,1.0708321202862321e-11,93385319795.29164
mixed,0,fp64,32,-0.009999999776482582,-25.26999999396503,1.0601771628996213e-11,94323857841.35977
mixed,0,fp64,33,-0.009999999776482582,-25.279999993741512,1.0496282241080449e-11,95271828351.39384
mixed,0,fp64,34,-0.009999999776482582,-25.289999993517995,1.0391842490088802e-11,96229326123.23059
mixed,0,fp64,35,-5.0,-30.289999993517995,7.001968392106269e-14,14281698288260.754
mixed,0,fp64,36,-5.0,-35.289999993517995,4.717889191528373e-16,2119591960310639.2
mixed,0,fp64,37,-0.009999999776482582,-35.29999999329448,4.6709454107637e-16,2140894213183493.2
mixed,0,fp64,38,-0.009999999776482582,-35.30999999307096,4.62446872841169e-16,2162410557252179.5
mixed,0,fp64,39,-0.009999999776482582,-35.31999999284744,4.578454496765584e-16,2184143144168938.8
mixed,0,fp64,40,-0.009999999776482582,-35.329999992623925,4.53289811436408e-16,2206094147210476.2
mixed,0,fp64,41,-5.0,-40.329999992623925,3.0542427246839623e-18,3.2741340166521146e+17
mixed,0,fp64,42,-0.009999999776482582,-40.33999999240041,3.0238525024788465e-18,3.307039609836246e+17
mixed,0,fp64,43,-0.009999999776482582,-40.34999999217689,2.9937646680303463e-18,3.340275909722452e+17
mixed,0,fp64,44,-0.009999999776482582,-40.35999999195337,2.963976212530078e-18,3.373846239968271e+17
mixed,0,fp64,45,-0.009999999776482582,-40.369999991729856,2.934484157107801e-18,3.4077539576345517e+17
mixed,0,fp64,46,-0.009999999776482582,-40.37999999150634,2.9052855525335275e-18,3.442002453521167e+17
mixed,0,fp64,47,-5.0,-45.37999999150634,1.9575660070179646e-20,5.108384577658959e+19
mixed,0,fp64,48,-0.009999999776482582,-45.38999999128282,1.938087900234355e-20,5.15972469504133e+19
mixed,0,fp64,49,-0.009999999776482582,-45.3999999910593,1.9188036038471833e-20,5.2115807891699245e+19
mixed,0,fp64,50,-0.009999999776482582,-45.409999990835786,1.899711189410827e-20,5.263958045697137e+19
mixed,0,fp64,51,-0.009999999776482582,-45.41999999061227,1.880808747668017e-20,5.3168617023920325e+19
mixed,0,fp64,52,-5.0,-50.41999999061227,1.267278965720341e-22,7.89092241763505e+21
mixed,0,fp64,53,-0.009999999776482582,-50.42999999038875,1.2546693296056818e-22,7.970227504599005e+21
mixed,0,fp64,54,-0.009999999776482582,-50.439999990165234,1.2421851614639355e-22,8.050329620919668e+21
mixed,0,fp64,55,-0.009999999776482582,-50.449999989941716,1.2298252128679402e-22,8.131236776875065e+21
mixed,0,fp64,56,-0.009999999776482582,-50.4599999897182,1.2175882478125915e-22,8.212957063247852e+21
mixed,0,fp64,57,-0.009999999776482582,-50.46999998949468,1.2054730425912414e-22,8.295498652134403e+21
mixed,0,fp64,58,-0.009999999776482582,-50.479999989271164,1.1934783856733255e-22,8.378869797762021e+21
mixed,0,fp64,59,-0.009999999776482582,-50.48999998904765,1.18160307758321e-22,8.463078837314373e+21
mixed,0,fp64,60,-0.009999999776482582,-50.49999998882413,1.1698459307802435e-22,8.548134191765213e+21
mixed,0,fp64,61,-5.0,-55.49999998882413,7.882359878693087e-25,1.2686555998326258e+24
mixed,0,fp64,62,-0.009999999776482582,-55.50999998860061,7.803929089195517e-25,1.2814058002967925e+24
mixed,0,fp64,63,-0.009999999776482582,-55.519999988377094,7.726278699075276e-25,1.2942841424031022e+24
mixed,0,fp64,64,-0.009999999776482582,-55.52999998815358,7.64940094322899e-25,1.30729191399644e+24
mixed,0,fp32,1,-0.009999999776482582,-0.009999999776482582,0.9900498390197754,1.0100501775741577
mixed,0,fp32,2,-5.0,-5.010000228881836,0.0066709015518426895,149.90476989746094
mixed,0,fp32,3,-0.009999999776482582,-5.020000457763672,0.006604523863643408,151.411376953125
mixed,0,fp32,4,-0.009999999776482582,-5.030000686645508,0.006538806017488241,152.93312072753906
mixed,0,fp32,5,-0.009999999776482582,-5.040000915527344,0.006473742425441742,154.47015380859375
mixed,0,fp32,6,-0.009999999776482582,-5.05000114440918,0.0064093261025846004,156.02264404296875
mixed,0,fp32,7,-0.009999999776482582,-5.060001373291016,0.006345550995320082,157.59072875976562
mixed,0,fp32,8,-0.009999999776482582,-5.070001602172852,0.006282410118728876,159.17457580566406
mixed,0,fp32,9,-0.009999999776482582,-5.0800018310546875,0.006219897419214249,160.77435302734375
mixed,0,fp32,10,-0.009999999776482582,-5.090002059936523,0.006158007308840752,162.39019775390625
mixed,0,fp32,11,-0.009999999776482582,-5.100002288818359,0.0060967328026890755,164.02227783203125
mixed,0,fp32,12,-0.009999999776482582,-5.110002517700195,0.006036067847162485,165.6707763671875
mixed,0,fp32,13,-0.009999999776482582,-5.120002746582031,0.005976006388664246,167.33583068847656
mixed,0,fp32,14,-0.009999999776482582,-5.130002975463867,0.005916542839258909,169.0176239013672
mixed,0,fp32,15,-0.009999999776482582,-5.140003204345703,0.005857671145349741,170.71630859375
mixed,0,fp32,16,-0.009999999776482582,-5.150003433227539,0.005799384787678719,172.4320831298828
mixed,0,fp32,17,-5.0,-10.150003433227539,3.9075948734534904e-05,25591.189453125
mixed,0,fp32,18,-0.009999999776482582,-10.160003662109375,3.868712519761175e-05,25848.392578125
mixed,0,fp32,19,-0.009999999776482582,-10.170003890991211,3.830217610811815e-05,26108.177734375
mixed,0,fp32,20,-0.009999999776482582,-10.180004119873047,3.7921054172329605e-05,26370.576171875
mixed,0,fp32,21,-0.009999999776482582,-10.190004348754883,3.754372301045805e-05,26635.611328125
mixed,0,fp32,22,-0.009999999776482582,-10.200004577636719,3.7170149880694225e-05,26903.30859375
mixed,0,fp32,23,-5.0,-15.200004577636719,2.504504834632826e-07,3992805.0
mixed,0,fp32,24,-5.0,-20.20000457763672,1.6875221220402636e-09,592584832.0
mixed,0,fp32,25,-0.009999999776482582,-20.210004806518555,1.670730664926623e-09,598540544.0
mixed,0,fp32,26,-0.009999999776482582,-20.22000503540039,1.6541061853558858e-09,604556096.0
mixed,0,fp32,27,-0.009999999776482582,-20.230005264282227,1.6376472400381203e-09,610632128.0
mixed,0,fp32,28,-5.0,-25.230005264282227,1.1034380006935685e-11,90625843200.0
mixed,0,fp32,29,-0.009999999776482582,-25.240005493164062,1.0924583286608947e-11,91536670720.0
mixed,0,fp32,30,-0.009999999776482582,-25.2500057220459,1.0815879442072074e-11,92456648704.0
mixed,0,fp32,31,-0.009999999776482582,-25.260005950927734,1.0708257197622473e-11,93385875456.0
mixed,0,fp32,32,-0.009999999776482582,-25.27000617980957,1.0601706144919287e-11,94324441088.0
mixed,0,fp32,33,-0.009999999776482582,-25.280006408691406,1.0496215008259924e-11,95272435712.0
mixed,0,fp32,34,-0.009999999776482582,-25.290006637573242,1.0391773379303526e-11,96229965824.0
mixed,0,fp32,35,-5.0,-30.290006637573242,7.0019219643256e-14,14281792815104.0
mixed,0,fp32,36,-5.0,-35.290008544921875,4.717849108242325e-16,2119610115555328.0
mixed,0,fp32,37,-0.009999999776482582,-35.30000686645508,4.670913424448188e-16,2140908992593920.0
mixed,0,fp32,38,-0.009999999776482582,-35.31000518798828,4.624444667566225e-16,2162421812690944.0
mixed,0,fp32,39,-0.009999999776482582,-35.320003509521484,4.5784386024317e-16,2184150857547776.0
mixed,0,fp32,40,-0.009999999776482582,-35.33000183105469,4.532889935088692e-16,2206098140430336.0
mixed,0,fp32,41,-5.0,-40.33000183105469,3.0542370260377215e-18,3.2741401562814874e+17
mixed,0,fp32,42,-0.009999999776482582,-40.34000015258789,3.023851993801658e-18,3.307040292963615e+17
mixed,0,fp32,43,-0.009999999776482582,-40.349998474121094,2.9937692960794826e-18,3.340270970328842e+17
mixed,0,fp32,44,-0.009999999776482582,-40.3599967956543,2.9639856241487452e-18,3.373835624351007e+17
mixed,0,fp32,45,-0.009999999776482582,-40.3699951171875,2.934498496467608e-18,3.407737347406561e+17
mixed,0,fp32,46,-0.009999999776482582,-40.3799934387207,2.905304604313621e-18,3.4419799190667264e+17
mixed,0,fp32,47,-5.0,-45.3799934387207,1.9575788189215727e-20,5.108351253661247e+19
mixed,0,fp32,48,-0.009999999776482582,-45.389991760253906,1.9381038853747773e-20,5.159682173906295e+19
mixed,0,fp32,49,-0.009999999776482582,-45.39999008178711,1.9188226607253357e-20,5.211528985007096e+19
mixed,0,fp32,50,-0.009999999776482582,-45.40998840332031,1.899733206268687e-20,5.263896964619462e+19
mixed,0,fp32,51,-0.009999999776482582,-45.419986724853516,1.8808337448589844e-20,5.316790950594557e+19
mixed,0,fp32,52,-5.0,-50.419986724853516,1.2672958303421825e-22,7.890817705710816e+21
mixed,0,fp32,53,-0.009999999776482582,-50.42998504638672,1.254688066028323e-22,7.970108643700254e+21
mixed,0,fp32,54,-0.009999999776482582,-50.43998336791992,1.24220576215283e-22,8.05019559292383e+21
mixed,0,fp32,55,-0.009999999776482582,-50.449981689453125,1.2298477827559996e-22,8.131088123530752e+21
mixed,0,fp32,56,-0.009999999776482582,-50.45998001098633,1.2176126132248941e-22,8.212792990920461e+21
mixed,0,fp32,57,-0.009999999776482582,-50.46997833251953,1.20549911759981e-22,8.295319202292212e+21
mixed,0,fp32,58,-0.009999999776482582,-50.479976654052734,1.1935062861387884e-22,8.378674075995398e+21
mixed,0,fp32,59,-0.009999999776482582,-50.48997497558594,1.1816326042288914e-22,8.46286718217923e+21
mixed,0,fp32,60,-0.009999999776482582,-50.49997329711914,1.169877188345905e-22,8.5479058391931e+21
mixed,0,fp32,61,-5.0,-55.49997329711914,7.882570321980651e-25,1.2686217892801625e+24
mixed,0,fp32,62,-0.009999999776482582,-55.509971618652344,7.804150645468762e-25,1.2813694982414123e+24
mixed,0,fp32,63,-0.009999999776482582,-55.51996994018555,7.72651095517691e-25,1.2942453256048616e+24
mixed,0,fp32,64,-0.009999999776482582,-55.52996826171875,7.649643855534109e-25,1.307250424292015e+24
mixed,0,fp32_bf16,1,-0.009999999776482582,-0.009999999776482582,0.98828125,1.0078125
mixed,0,fp32_bf16,2,-5.0,-5.010000228881836,0.006683349609375,150.0
mixed,0,fp32_bf16,3,-0.009999999776482582,-5.020000457763672,0.006591796875,151.0
mixed,0,fp32_bf16,4,-0.009999999776482582,-5.030000686645508,0.00653076171875,153.0
mixed,0,fp32_bf16,5,-0.009999999776482582,-5.040000915527344,0.0064697265625,154.0
mixed,0,fp32_bf16,6,-0.009999999776482582,-5.05000114440918,0.00640869140625,156.0
mixed,0,fp32_bf16,7,-0.009999999776482582,-5.060001373291016,0.00634765625,158.0
mixed,0,fp32_bf16,8,-0.009999999776482582,-5.070001602172852,0.00628662109375,159.0
mixed,0,fp32_bf16,9,-0.009999999776482582,-5.0800018310546875,0.0062255859375,161.0
mixed,0,fp32_bf16,10,-0.009999999776482582,-5.090002059936523,0.00616455078125,162.0
mixed,0,fp32_bf16,11,-0.009999999776482582,-5.100002288818359,0.006103515625,164.0
mixed,0,fp32_bf16,12,-0.009999999776482582,-5.110002517700195,0.00604248046875,166.0
mixed,0,fp32_bf16,13,-0.009999999776482582,-5.120002746582031,0.0059814453125,167.0
mixed,0,fp32_bf16,14,-0.009999999776482582,-5.130002975463867,0.00592041015625,169.0
mixed,0,fp32_bf16,15,-0.009999999776482582,-5.140003204345703,0.005859375,171.0
mixed,0,fp32_bf16,16,-0.009999999776482582,-5.150003433227539,0.00579833984375,172.0
mixed,0,fp32_bf16,17,-5.0,-10.150003433227539,3.910064697265625e-05,25600.0
mixed,0,fp32_bf16,18,-0.009999999776482582,-10.160003662109375,3.8623809814453125e-05,25856.0
mixed,0,fp32_bf16,19,-0.009999999776482582,-10.170003890991211,3.838539123535156e-05,26112.0
mixed,0,fp32_bf16,20,-0.009999999776482582,-10.180004119873047,3.790855407714844e-05,26368.0
mixed,0,fp32_bf16,21,-0.009999999776482582,-10.190004348754883,3.743171691894531e-05,26624.0
mixed,0,fp32_bf16,22,-0.009999999776482582,-10.200004577636719,3.719329833984375e-05,26880.0
mixed,0,fp32_bf16,23,-5.0,-15.200004577636719,2.4959444999694824e-07,3997696.0
mixed,0,fp32_bf16,24,-5.0,-20.20000457763672,1.6880221664905548e-09,591396864.0
mixed,0,fp32_bf16,25,-0.009999999776482582,-20.210004806518555,1.673470251262188e-09,599785472.0
mixed,0,fp32_bf16,26,-0.009999999776482582,-20.22000503540039,1.6516423784196377e-09,603979776.0
mixed,0,fp32_bf16,27,-0.009999999776482582,-20.230005264282227,1.6370904631912708e-09,612368384.0
mixed,0,fp32_bf16,28,-5.0,-25.230005264282227,1.1027623258996755e-11,90731184128.0
mixed,0,fp32_bf16,29,-0.009999999776482582,-25.240005493164062,1.0913936421275139e-11,91804925952.0
mixed,0,fp32_bf16,30,-0.009999999776482582,-25.2500057220459,1.0800249583553523e-11,92341796864.0
mixed,0,fp32_bf16,31,-0.009999999776482582,-25.260005950927734,1.0686562745831907e-11,93415538688.0
mixed,0,fp32_bf16,32,-0.009999999776482582,-25.27000617980957,1.0629719326971099e-11,94489280512.0
mixed,0,fp32_bf16,33,-0.009999999776482582,-25.280006408691406,1.0516032489249483e-11,95026151424.0
mixed,0,fp32_bf16,34,-0.009999999776482582,-25.290006637573242,1.0402345651527867e-11,96099893248.0
mixed,0,fp32_bf16,35,-5.0,-30.290006637573242,7.016609515630989e-14,14293651161088.0
mixed,0,fp32_bf16,36,-5.0,-35.290008544921875,4.718447854656915e-16,2119858418352128.0
mixed,0,fp32_bf16,37,-0.009999999776482582,-35.30000686645508,4.683753385137379e-16,2137450604396544.0
mixed,0,fp32_bf16,38,-0.009999999776482582,-35.31000518798828,4.614364446098307e-16,2163838883463168.0
mixed,0,fp32_bf16,39,-0.009999999776482582,-35.320003509521484,4.579669976578771e-16,2181431069507584.0
mixed,0,fp32_bf16,40,-0.009999999776482582,-35.33000183105469,4.544975507059235e-16,2207819348574208.0
mixed,0,fp32_bf16,41,-5.0,-40.33000183105469,3.0493186101154812e-18,3.2651097298436096e+17
mixed,0,fp32_bf16,42,-0.009999999776482582,-40.34000015258789,3.0222135558033436e-18,3.3101457261173146e+17
mixed,0,fp32_bf16,43,-0.009999999776482582,-40.349998474121094,2.995108501491206e-18,3.332663724254167e+17
mixed,0,fp32_bf16,44,-0.009999999776482582,-40.3599967956543,2.9680034471790684e-18,3.377699720527872e+17
mixed,0,fp32_bf16,45,-0.009999999776482582,-40.3699951171875,2.9408983928669308e-18,3.4002177186647245e+17
mixed,0,fp32_bf16,46,-0.009999999776482582,-40.3799934387207,2.9002408113987244e-18,3.4452537149384294e+17
mixed,0,fp32_bf16,47,-5.0,-45.3799934387207,1.9587636905255695e-20,5.101677657885298e+19
mixed,0,fp32_bf16,48,-0.009999999776482582,-45.389991760253906,1.937587866844212e-20,5.15932373311564e+19
mixed,0,fp32_bf16,49,-0.009999999776482582,-45.39999008178711,1.9164120431628545e-20,5.2169698083459826e+19
mixed,0,fp32_bf16,50,-0.009999999776482582,-45.40998840332031,1.895236219481497e-20,5.274615883576325e+19
mixed,0,fp32_bf16,51,-0.009999999776482582,-45.419986724853516,1.8846483076408183e-20,5.303438921191496e+19
mixed,0,fp32_bf16,52,-5.0,-50.419986724853516,1.2655863372061323e-22,7.895206463547688e+21
mixed,0,fp32_bf16,53,-0.009999999776482582,-50.42998504638672,1.257314531080602e-22,7.968993439842526e+21
mixed,0,fp32_bf16,54,-0.009999999776482582,-50.43998336791992,1.2407709188295415e-22,8.042780416137365e+21
mixed,0,fp32_bf16,55,-0.009999999776482582,-50.449981689453125,1.2324991127040112e-22,8.116567392432203e+21
mixed,0,fp32_bf16,56,-0.009999999776482582,-50.45998001098633,1.2159555004529507e-22,8.22724785687446e+21
mixed,0,fp32_bf16,57,-0.009999999776482582,-50.46997833251953,1.2076836943274204e-22,8.301034833169298e+21
mixed,0,fp32_bf16,58,-0.009999999776482582,-50.479976654052734,1.1911400820763599e-22,8.374821809464136e+21
mixed,0,fp32_bf16,59,-0.009999999776482582,-50.48997497558594,1.1828682759508296e-22,8.448608785758975e+21
mixed,0,fp32_bf16,60,-0.009999999776482582,-50.49997329711914,1.166324663699769e-22,8.559289250201232e+21
mixed,0,fp32_bf16,61,-5.0,-55.49997329711914,7.884065213396045e-25,1.265594217409065e+24
mixed,0,fp32_bf16,62,-0.009999999776482582,-55.509971618652344,7.81944172804034e-25,1.2844836833405435e+24
mixed,0,fp32_bf16,63,-0.009999999776482582,-55.51996994018555,7.722506500006782e-25,1.2939284163062828e+24
mixed,0,fp32_bf16,64,-0.009999999776482582,-55.52996826171875,7.6578830146510765e-25,1.303373149272022e+24
mixed,0,ftz_model_bf16,1,-0.009999999776482582,-0.009999999776482582,0.98828125,1.0078125
mixed,0,ftz_model_bf16,2,-5.0,-5.010000228881836,0.006683349609375,150.0
mixed,0,ftz_model_bf16,3,-0.009999999776482582,-5.020000457763672,0.006591796875,151.0
mixed,0,ftz_model_bf16,4,-0.009999999776482582,-5.030000686645508,0.00653076171875,153.0
mixed,0,ftz_model_bf16,5,-0.009999999776482582,-5.040000915527344,0.0064697265625,154.0
mixed,0,ftz_model_bf16,6,-0.009999999776482582,-5.0500006675720215,0.00640869140625,156.0
mixed,0,ftz_model_bf16,7,-0.009999999776482582,-5.060000896453857,0.00634765625,158.0
mixed,0,ftz_model_bf16,8,-0.009999999776482582,-5.070001125335693,0.00628662109375,159.0
mixed,0,ftz_model_bf16,9,-0.009999999776482582,-5.080001354217529,0.0062255859375,161.0
mixed,0,ftz_model_bf16,10,-0.009999999776482582,-5.090001583099365,0.00616455078125,162.0
mixed,0,ftz_model_bf16,11,-0.009999999776482582,-5.100001811981201,0.006103515625,164.0
mixed,0,ftz_model_bf16,12,-0.009999999776482582,-5.110002040863037,0.00604248046875,166.0
mixed,0,ftz_model_bf16,13,-0.009999999776482582,-5.120002269744873,0.0059814453125,167.0
mixed,0,ftz_model_bf16,14,-0.009999999776482582,-5.130002021789551,0.00592041015625,169.0
mixed,0,ftz_model_bf16,15,-0.009999999776482582,-5.140002250671387,0.005859375,171.0
mixed,0,ftz_model_bf16,16,-0.009999999776482582,-5.150002479553223,0.00579833984375,172.0
mixed,0,ftz_model_bf16,17,-5.0,-10.150002479553223,3.910064697265625e-05,25600.0
mixed,0,ftz_model_bf16,18,-0.009999999776482582,-10.160002708435059,3.8623809814453125e-05,25856.0
mixed,0,ftz_model_bf16,19,-0.009999999776482582,-10.170002937316895,3.838539123535156e-05,26112.0
mixed,0,ftz_model_bf16,20,-0.009999999776482582,-10.18000316619873,3.790855407714844e-05,26368.0
mixed,0,ftz_model_bf16,21,-0.009999999776482582,-10.190003395080566,3.743171691894531e-05,26624.0
mixed,0,ftz_model_bf16,22,-0.009999999776482582,-10.200003623962402,3.719329833984375e-05,26880.0
mixed,0,ftz_model_bf16,23,-5.0,-15.200004577636719,2.4959444999694824e-07,3997696.0
mixed,0,ftz_model_bf16,24,-5.0,-20.200002670288086,1.6880221664905548e-09,591396864.0
mixed,0,ftz_model_bf16,25,-0.009999999776482582,-20.210002899169922,1.673470251262188e-09,599785472.0
mixed,0,ftz_model_bf16,26,-0.009999999776482582,-20.220003128051758,1.6516423784196377e-09,603979776.0
mixed,0,ftz_model_bf16,27,-0.009999999776482582,-20.230003356933594,1.6370904631912708e-09,612368384.0
mixed,0,ftz_model_bf16,28,-5.0,-25.230003356933594,1.1027623258996755e-11,90731184128.0
mixed,0,ftz_model_bf16,29,-0.009999999776482582,-25.24000358581543,1.0913936421275139e-11,91268055040.0
mixed,0,ftz_model_bf16,30,-0.009999999776482582,-25.250003814697266,1.0800249583553523e-11,92341796864.0
mixed,0,ftz_model_bf16,31,-0.009999999776482582,-25.2600040435791,1.0686562745831907e-11,93415538688.0
mixed,0,ftz_model_bf16,32,-0.009999999776482582,-25.270004272460938,1.0629719326971099e-11,94489280512.0
mixed,0,ftz_model_bf16,33,-0.009999999776482582,-25.280004501342773,1.0516032489249483e-11,95026151424.0
mixed,0,ftz_model_bf16,34,-0.009999999776482582,-25.29000473022461,1.0402345651527867e-11,96099893248.0
mixed,0,ftz_model_bf16,35,-5.0,-30.29000473022461,7.016609515630989e-14,14293651161088.0
mixed,0,ftz_model_bf16,36,-5.0,-35.29000473022461,4.718447854656915e-16,2119858418352128.0
mixed,0,ftz_model_bf16,37,-0.009999999776482582,-35.30000305175781,4.683753385137379e-16,2137450604396544.0
mixed,0,ftz_model_bf16,38,-0.009999999776482582,-35.31000518798828,4.614364446098307e-16,2163838883463168.0
mixed,0,ftz_model_bf16,39,-0.009999999776482582,-35.320003509521484,4.579669976578771e-16,2181431069507584.0
mixed,0,ftz_model_bf16,40,-0.009999999776482582,-35.33000564575195,4.544975507059235e-16,2207819348574208.0
mixed,0,ftz_model_bf16,41,-5.0,-40.33000183105469,3.0493186101154812e-18,3.2651097298436096e+17
mixed,0,ftz_model_bf16,42,-0.009999999776482582,-40.340003967285156,3.0222135558033436e-18,3.3101457261173146e+17
mixed,0,ftz_model_bf16,43,-0.009999999776482582,-40.35000228881836,2.995108501491206e-18,3.332663724254167e+17
mixed,0,ftz_model_bf16,44,-0.009999999776482582,-40.36000442504883,2.9680034471790684e-18,3.377699720527872e+17
mixed,0,ftz_model_bf16,45,-0.009999999776482582,-40.37000274658203,2.9408983928669308e-18,3.4002177186647245e+17
mixed,0,ftz_model_bf16,46,-0.009999999776482582,-40.3800048828125,2.9002408113987244e-18,3.4452537149384294e+17
mixed,0,ftz_model_bf16,47,-5.0,-45.3800048828125,1.9587636905255695e-20,5.101677657885298e+19
mixed,0,ftz_model_bf16,48,-0.009999999776482582,-45.3900032043457,1.937587866844212e-20,5.15932373311564e+19
mixed,0,ftz_model_bf16,49,-0.009999999776482582,-45.40000534057617,1.9164120431628545e-20,5.2169698083459826e+19
mixed,0,ftz_model_bf16,50,-0.009999999776482582,-45.410003662109375,1.895236219481497e-20,5.274615883576325e+19
mixed,0,ftz_model_bf16,51,-0.009999999776482582,-45.420005798339844,1.8846483076408183e-20,5.303438921191496e+19
mixed,0,ftz_model_bf16,52,-5.0,-50.420005798339844,1.2655863372061323e-22,7.895206463547688e+21
mixed,0,ftz_model_bf16,53,-0.009999999776482582,-50.43000793457031,1.257314531080602e-22,7.968993439842526e+21
mixed,0,ftz_model_bf16,54,-0.009999999776482582,-50.440006256103516,1.2407709188295415e-22,8.042780416137365e+21
mixed,0,ftz_model_bf16,55,-0.009999999776482582,-50.450008392333984,1.2324991127040112e-22,8.116567392432203e+21
mixed,0,ftz_model_bf16,56,-0.009999999776482582,-50.46000671386719,1.2159555004529507e-22,8.22724785687446e+21
mixed,0,ftz_model_bf16,57,-0.009999999776482582,-50.470008850097656,1.2076836943274204e-22,8.301034833169298e+21
mixed,0,ftz_model_bf16,58,-0.009999999776482582,-50.48000717163086,1.1911400820763599e-22,8.374821809464136e+21
mixed,0,ftz_model_bf16,59,-0.009999999776482582,-50.49000930786133,1.1828682759508296e-22,8.448608785758975e+21
mixed,0,ftz_model_bf16,60,-0.009999999776482582,-50.50000762939453,1.166324663699769e-22,8.559289250201232e+21
mixed,0,ftz_model_bf16,61,-5.0,-55.5000114440918,7.884065213396045e-25,1.265594217409065e+24
mixed,0,ftz_model_bf16,62,-0.009999999776482582,-55.510009765625,7.81944172804034e-25,1.2844836833405435e+24
mixed,0,ftz_model_bf16,63,-0.009999999776482582,-55.52001190185547,7.722506500006782e-25,1.2939284163062828e+24
mixed,0,ftz_model_bf16,64,-0.009999999776482582,-55.53001022338867,7.6578830146510765e-25,1.303373149272022e+24
uniform,1,fp64,1,-0.30526637359811815,-0.30526637359811815,0.7369270503350676,1.3569864202234372
uniform,1,fp64,2,-1.122772532838252,-1.4280389064363703,0.23977868990950263,4.170512401987935
uniform,1,fp64,3,-1.1712625697241967,-2.599301476160567,0.07432547820393626,13.454336576969917
uniform,1,fp64,4,-0.8854961372387776,-3.4847976133993446,0.03065996296700792,32.61582543579925
uniform,1,fp64,5,-2.780340280744973,-6.265137894144317,0.0019014512013889743,525.9141014344827
uniform,1,fp64,6,-0.5472192682760385,-6.812357162420356,0.001100096734686407,909.01097009897
uniform,1,fp64,7,-2.3045644471901423,-9.116921609610499,0.00010979214071805221,9108.120066335297
uniform,1,fp64,8,-3.5418264144564637,-12.658748024066963,3.179622674382336e-06,314502.7263948094
uniform,1,fp64,9,-2.89888128170746,-15.557629305774423,1.7514891083810188e-07,5709427.453558906
uniform,1,fp64,10,-2.483336559083267,-18.04096586485769,1.4618677209600263e-08,68405642.01959996
uniform,1,fp64,11,-2.5518758613431762,-20.592841726200867,1.1393114751142894e-09,877723100.1730106
uniform,1,fp64,12,-1.6476882089332645,-22.24052993513413,2.193110804936878e-10,4559733132.265435
uniform,1,fp64,13,-3.5910307012865395,-25.83156063642067,6.046384435950302e-12,165388094421.2293
uniform,1,fp64,14,-1.9225555171423436,-27.75411615356301,8.841796282273651e-13,1130991902635.0288
uniform,1,fp64,15,-0.44898398974873355,-28.203100143311744,5.64350917180845e-13,1771947151243.0488
uniform,1,fp64,16,-0.5872795914698181,-28.790379734781563,3.1368730950202116e-13,3187887969033.56
uniform,1,fp64,17,-3.201197283756278,-31.991577018537843,1.277128608457094e-14,78300649862358.45
uniform,1,fp64,18,-0.9838329093422177,-32.97540992788006,4.774868656349069e-15,209429844456625.06
uniform,1,fp64,19,-2.5622366407580257,-35.53764656863808,3.6829531591809727e-16,2715212376533139.0
uniform,1,fp64,20,-3.559190698597993,-39.096837267236076,1.0482365893979085e-17,9.539831085026187e+16
uniform,1,fp64,21,-4.624361314703252,-43.721198581939326,1.02831154961635e-19,9.724679260610146e+18
uniform,1,fp64,22,-4.998497492688902,-48.71969607462823,6.939126980166629e-22,1.4411034743393427e+21
uniform,1,fp64,23,-4.463651401521707,-53.18334747614994,7.994027942420521e-24,1.250933831108437e+23
uniform,1,fp64,24,-4.383598609334346,-57.56694608548429,9.976839256156323e-26,1.0023214510376505e+25
uniform,1,fp64,25,-4.224857962179769,-61.79180404766406,1.4593534033070622e-27,6.85234979912258e+26
uniform,1,fp64,26,-0.7722397545502441,-62.5640438022143,6.741879891039421e-28,1.4832658192696254e+27
uniform,1,fp64,27,-0.8526821842273824,-63.41672598644168,2.873861561992032e-28,3.479638731473359e+27
uniform,1,fp64,28,-4.92099111807341,-68.3377171045151,2.0955911497851038e-30,4.771923187891621e+29
uniform,1,fp64,29,-4.063527725322716,-72.40124482983781,3.6019600152047716e-32,2.776266243319611e+31
uniform,1,fp64,30,-2.179245163269141,-74.58048999310695,4.0747853713426026e-33,2.4541169874439537e+32
uniform,1,fp64,31,-2.071606142677109,-76.65209613578406,5.133547938164124e-34,1.9479705109321006e+33
uniform,1,fp64,32,-2.142037562499265,-78.79413369828333,6.027573689260372e-35,1.6590423469757819e+34
uniform,1,fp64,33,-3.788808373899171,-82.5829420721825,1.3635904743621087e-36,7.33358012395769e+35
uniform,1,fp64,34,-4.612563127400621,-87.19550519958312,1.3535467021299482e-38,7.387997757494401e+37
uniform,1,fp64,35,-4.82163498313342,-92.01714018271655,1.0900935704926361e-40,9.173524430091622e+39
uniform,1,fp64,36,-0.8800915291789363,-92.89723171189549,4.5211080194995657e-41,2.211847174823061e+40
uniform,1,fp64,37,-4.769470175062352,-97.66670188695784,3.83610339987184e-43,2.606811901976909e+42
uniform,1,fp64,38,-1.5668974221678855,-99.23359930912572,8.005627906114649e-44,1.249121257854373e+43
uniform,1,fp64,39,-2.2719884733469726,-101.5055877824727,8.254358816846661e-45,1.2114811364379493e+44
uniform,1,fp64,40,-1.477760372233351,-102.98334815470605,1.8832161438052084e-45,5.3100649295593315e+44
uniform,1,fp64,41,-0.937537337865173,-103.92088549257122,7.374505028212103e-46,1.356023212641897e+45
uniform,1,fp64,42,-1.2162883245832883,-105.1371738171545,2.1852723379431968e-46,4.576088676165697e+45
uniform,1,fp64,43,-1.7464815286028401,-106.88365534575735,3.8108186124206534e-47,2.624108103021976e+46
uniform,1,fp64,44,-2.2203617623437606,-109.1040171081011,4.1373991079198794e-48,2.4169773664952533e+47
uniform,1,fp64,45,-2.034363921556888,-111.13838102965799,5.4102133431844215e-49,1.8483559456296887e+48
uniform,1,fp64,46,-1.429692433449089,-112.56807346310708,1.295110595714586e-49,7.721348302677141e+48
uniform,1,fp64,47,-4.0179660229021525,-116.58603948600924,2.3298415400136504e-51,4.292137395722376e+50
uniform,1,fp64,48,-1.608829267907551,-118.1948687539168,4.662520033890051e-52,2.1447629023176046e+51
uniform,1,fp64,49,-1.819513128973183,-120.01438188288998,7.558162051811148e-53,1.32307298142724e+52
uniform,1,fp64,50,-1.4925492401108338,-121.50693112300081,1.6990661994161472e-53,5.885585860890126e+52
uniform,1,fp64,51,-3.3176543322157985,-124.8245854552166,6.1570308683620904e-55,1.6241594713102724e+54
uniform,1,fp64,52,-1.27583483901342,-126.10042029423002,1.719029384908974e-55,5.817236219338694e+54
uniform,1,fp64,53,-2.0718596230706687,-128.1722799173007,2.165140575656857e-56,4.6186377514846653e+55
uniform,1,fp64,54,-4.197774646115567,-132.37005456341626,3.253986402999188e-58,3.0731535911714427e+57
uniform,1,fp64,55,-3.709162674877939,-136.0792172382942,7.971624838519761e-60,1.254449400538634e+59
uniform,1,fp64,56,-1.4324559352684703,-137.51167317356268,1.9030015562094188e-60,5.254856448945297e+59
uniform,1,fp64,57,-3.9642944668252906,-141.47596764038798,3.6121679246568252e-62,2.7684205741763937e+61
uniform,1,fp64,58,-2.500581637705943,-143.97654927809393,2.9633239089800437e-63,3.3745889100061066e+62
uniform,1,fp64,59,-4.4887024425959146,-148.46525172068985,3.329357438372244e-65,3.003582578651903e+64
uniform,1,fp64,60,-0.525622918642572,-148.99087463933242,1.9682727967934523e-65,5.080596559730529e+64
uniform,1,fp64,61,-2.9045689903461764,-151.8954436296786,1.0780701104858685e-66,9.275834570251804e+65
uniform,1,fp64,62,-4.933299898953757,-156.82874352863234,7.765011114488517e-69,1.2878281630970598e+68
uniform,1,fp64,63,-0.6576192213525617,-157.48636274998492,4.0229226530835175e-69,2.4857549752628554e+68
uniform,1,fp64,64,-1.195687152386924,-158.68204990237183,1.2169180989139153e-69,8.217479885396461e+68
uniform,1,fp32,1,-0.30526637359811815,-0.3052663803100586,0.7369270324707031,1.356986403465271
uniform,1,fp32,2,-1.122772532838252,-1.4280389547348022,0.23977868258953094,4.170512676239014
uniform,1,fp32,3,-1.1712625697241967,-2.59930157661438,0.07432547211647034,13.454338073730469
uniform,1,fp32,4,-0.8854961372387776,-3.484797716140747,0.030659960582852364,32.61582946777344
uniform,1,fp32,5,-2.780340280744973,-6.265137672424316,0.0019014516146853566,525.9140014648438
uniform,1,fp32,6,-0.5472192682760385,-6.812356948852539,0.0011000969680026174,909.0108032226562
uniform,1,fp32,7,-2.3045644471901423,-9.116921424865723,0.00010979216312989593,9108.1181640625
uniform,1,fp32,8,-3.5418264144564637,-12.658747673034668,3.179623718096991e-06,314502.625
uniform,1,fp32,9,-2.89888128170746,-15.557628631591797,1.7514902594939485e-07,5709423.5
uniform,1,fp32,10,-2.483336559083267,-18.040966033935547,1.4618674271105192e-08,68405656.0
uniform,1,fp32,11,-2.5518758613431762,-20.59284210205078,1.1393110899149406e-09,877723456.0
uniform,1,fp32,12,-1.6476882089332645,-22.240530014038086,2.1931106930495048e-10,4559733248.0
uniform,1,fp32,13,-3.5910307012865395,-25.831560134887695,6.046387349134541e-12,165388009472.0
uniform,1,fp32,14,-1.9225555171423436,-27.75411605834961,8.841797194576728e-13,1130991845376.0
uniform,1,fp32,15,-0.44898398974873355,-28.203100204467773,5.643508663860652e-13,1771947294720.0
uniform,1,fp32,16,-0.5872795914698181,-28.790380477905273,3.136870646049117e-13,3187890454528.0
uniform,1,fp32,17,-3.201197283756278,-31.9915771484375,1.2771284104860694e-14,78300659580928.0
uniform,1,fp32,18,-0.9838329093422177,-32.97541046142578,4.7748661781746825e-15,209429953773568.0
uniform,1,fp32,19,-2.5622366407580257,-35.53764724731445,3.682950606034125e-16,2715214168457216.0
uniform,1,fp32,20,-3.559190698597993,-39.096839904785156,1.0482337951917999e-17,9.539855944830157e+16
uniform,1,fp32,21,-4.624361314703252,-43.7212028503418,1.0283071874263382e-19,9.72472075181831e+18
uniform,1,fp32,22,-4.998497492688902,-48.71969985961914,6.939100725717554e-22,1.4411089558246103e+21
uniform,1,fp32,23,-4.463651401521707,-53.183349609375,7.994011124339413e-24,1.2509364958170502e+23
uniform,1,fp32,24,-4.383598609334346,-57.56694793701172,9.976820627050542e-26,1.0023233236184363e+25
uniform,1,fp32,25,-4.224857962179769,-61.791805267333984,1.4593516523510564e-27,6.852358156568192e+26
uniform,1,fp32,26,-0.7722397545502441,-62.56404495239258,6.741872326205556e-28,1.4832675683662687e+27
uniform,1,fp32,27,-0.8526821842273824,-63.41672897338867,2.8738529222327034e-28,3.479649179591032e+27
uniform,1,fp32,28,-4.92099111807341,-68.33772277832031,2.0955791698888697e-30,4.7719501975718206e+29
uniform,1,fp32,29,-4.063527725322716,-72.40125274658203,3.6019315696272156e-32,2.776288231553275e+31
uniform,1,fp32,30,-2.179245163269141,-74.58049774169922,4.074753821499532e-33,2.454136048636975e+32
uniform,1,fp32,31,-2.071606142677109,-76.65210723876953,5.133490818393954e-34,1.947992116288512e+33
uniform,1,fp32,32,-2.142037562499265,-78.79414367675781,6.027513735678066e-35,1.659058891823367e+34
uniform,1,fp32,33,-3.788808373899171,-82.58295440673828,1.363573626320057e-36,7.333670881280613e+35
uniform,1,fp32,34,-4.612563127400621,-87.19551849365234,1.3535287601953698e-38,7.388095875238162e+37
uniform,1,fp32,35,-4.82163498313342,-92.01715087890625,1.0900840883829184e-40,inf
uniform,1,fp32,36,-0.8800915291789363,-92.8972396850586,4.5210092354511573e-41,inf
uniform,1,fp32,37,-4.769470175062352,-97.66670989990234,3.839557792249999e-43,inf
uniform,1,fp32,38,-1.5668974221678855,-99.23360443115234,7.987401246651457e-44,inf
uniform,1,fp32,39,-2.2719884733469726,-101.5055923461914,8.407790785948902e-45,inf
uniform,1,fp32,40,-1.477760372233351,-102.98335266113281,1.401298464324817e-45,inf
uniform,1,fp32,41,-0.937537337865173,-103.92089080810547,1.401298464324817e-45,inf
uniform,1,fp32,42,-1.2162883245832883,-105.13717651367188,0.0,inf
uniform,1,fp32,43,-1.7464815286028401,-106.88365936279297,0.0,inf
uniform,1,fp32,44,-2.2203617623437606,-109.10401916503906,0.0,inf
uniform,1,fp32,45,-2.034363921556888,-111.13838195800781,0.0,inf
uniform,1,fp32,46,-1.429692433449089,-112.56807708740234,0.0,inf
uniform,1,fp32,47,-4.0179660229021525,-116.58604431152344,0.0,inf
uniform,1,fp32,48,-1.608829267907551,-118.19486999511719,0.0,inf
uniform,1,fp32,49,-1.819513128973183,-120.0143814086914,0.0,inf
uniform,1,fp32,50,-1.4925492401108338,-121.50692749023438,0.0,inf
uniform,1,fp32,51,-3.3176543322157985,-124.8245849609375,0.0,inf
uniform,1,fp32,52,-1.27583483901342,-126.10041809082031,0.0,inf
uniform,1,fp32,53,-2.0718596230706687,-128.17227172851562,0.0,inf
uniform,1,fp32,54,-4.197774646115567,-132.3700408935547,0.0,inf
uniform,1,fp32,55,-3.709162674877939,-136.07920837402344,0.0,inf
uniform,1,fp32,56,-1.4324559352684703,-137.51165771484375,0.0,inf
uniform,1,fp32,57,-3.9642944668252906,-141.4759521484375,0.0,inf
uniform,1,fp32,58,-2.500581637705943,-143.97653198242188,0.0,inf
uniform,1,fp32,59,-4.4887024425959146,-148.46524047851562,0.0,inf
uniform,1,fp32,60,-0.525622918642572,-148.99085998535156,0.0,inf
uniform,1,fp32,61,-2.9045689903461764,-151.8954315185547,0.0,inf
uniform,1,fp32,62,-4.933299898953757,-156.8287353515625,0.0,inf
uniform,1,fp32,63,-0.6576192213525617,-157.48635864257812,0.0,inf
uniform,1,fp32,64,-1.195687152386924,-158.6820526123047,0.0,inf
uniform,1,fp32_bf16,1,-0.30526637359811815,-0.3052663803100586,0.73828125,1.359375
uniform,1,fp32_bf16,2,-1.122772532838252,-1.4280389547348022,0.240234375,4.15625
uniform,1,fp32_bf16,3,-1.1712625697241967,-2.59930157661438,0.07421875,13.4375
uniform,1,fp32_bf16,4,-0.8854961372387776,-3.484797716140747,0.0306396484375,32.5
uniform,1,fp32_bf16,5,-2.780340280744973,-6.265137672424316,0.00189971923828125,524.0
uniform,1,fp32_bf16,6,-0.5472192682760385,-6.812356948852539,0.0010986328125,908.0
uniform,1,fp32_bf16,7,-2.3045644471901423,-9.116921424865723,0.00010967254638671875,9088.0
uniform,1,fp32_bf16,8,-3.5418264144564637,-12.658747673034668,3.1739473342895508e-06,315392.0
uniform,1,fp32_bf16,9,-2.89888128170746,-15.557628631591797,1.7508864402770996e-07,5701632.0
uniform,1,fp32_bf16,10,-2.483336559083267,-18.040966033935547,1.461012288928032e-08,68157440.0
uniform,1,fp32_bf16,11,-2.5518758613431762,-20.59284210205078,1.1423253454267979e-09,876609536.0
uniform,1,fp32_bf16,12,-1.6476882089332645,-22.240530014038086,2.191882231272757e-10,4563402752.0
uniform,1,fp32_bf16,13,-3.5910307012865395,-25.831560134887695,6.0538241086760536e-12,165356240896.0
uniform,1,fp32_bf16,14,-1.9225555171423436,-27.75411605834961,8.846257060213247e-13,1133871366144.0
uniform,1,fp32_bf16,15,-0.44898398974873355,-28.203100204467773,5.648814749292796e-13,1769526525952.0
uniform,1,fp32_bf16,16,-0.5872795914698181,-28.790380477905273,3.1441516057384433e-13,3195455668224.0
uniform,1,fp32_bf16,17,-3.201197283756278,-31.9915771484375,1.27675647831893e-14,78065325572096.0
uniform,1,fp32_bf16,18,-0.9838329093422177,-32.97541046142578,4.773959005888173e-15,208907209277440.0
uniform,1,fp32_bf16,19,-2.5622366407580257,-35.53764724731445,3.677613769070831e-16,2709196650840064.0
uniform,1,fp32_bf16,20,-3.559190698597993,-39.096839904785156,1.0462550964485118e-17,9.513854212820173e+16
uniform,1,fp32_bf16,21,-4.624361314703252,-43.7212028503418,1.0291450309139749e-19,9.727775195120271e+18
uniform,1,fp32_bf16,22,-4.998497492688902,-48.71969985961914,6.948317145445432e-22,1.438846037749345e+21
uniform,1,fp32_bf16,23,-4.463651401521707,-53.183349609375,8.013312184107456e-24,1.251427117960456e+23
uniform,1,fp32_bf16,24,-4.383598609334346,-57.56694793701172,9.976250551787004e-26,1.0049195875546605e+25
uniform,1,fp32_bf16,25,-4.224857962179769,-61.791805267333984,1.4578149528484298e-27,6.866698655411094e+26
uniform,1,fp32_bf16,26,-0.7722397545502441,-62.56404495239258,6.752649348691861e-28,1.479725203208306e+27
uniform,1,fp32_bf16,27,-0.8526821842273824,-63.41672897338867,2.871453695004483e-28,3.481706360490132e+27
uniform,1,fp32_bf16,28,-4.92099111807341,-68.33772277832031,2.0954117794933126e-30,4.778448551641568e+29
uniform,1,fp32_bf16,29,-4.063527725322716,-72.40125274658203,3.601488996004131e-32,2.772985687999252e+31
uniform,1,fp32_bf16,30,-2.179245163269141,-74.58049774169922,4.068527007518036e-33,2.459242164442765e+32
uniform,1,fp32_bf16,31,-2.071606142677109,-76.65210723876953,5.145844070159646e-34,1.9471113219505604e+33
uniform,1,fp32_bf16,32,-2.142037562499265,-78.79414367675781,6.018531076210112e-35,1.6550446236579763e+34
uniform,1,fp32_bf16,33,-3.788808373899171,-82.58295440673828,1.3635734469538535e-36,7.321138570534107e+35
uniform,1,fp32_bf16,34,-4.612563127400621,-87.19551849365234,1.3499817935224708e-38,7.377215376606283e+37
uniform,1,fp32_bf16,35,-4.82163498313342,-92.01715087890625,9.183549615799121e-41,inf
uniform,1,fp32_bf16,36,-0.8800915291789363,-92.8972396850586,0.0,inf
uniform,1,fp32_bf16,37,-4.769470175062352,-97.66670989990234,0.0,inf
uniform,1,fp32_bf16,38,-1.5668974221678855,-99.23360443115234,0.0,inf
uniform,1,fp32_bf16,39,-2.2719884733469726,-101.5055923461914,0.0,inf
uniform,1,fp32_bf16,40,-1.477760372233351,-102.98335266113281,0.0,inf
uniform,1,fp32_bf16,41,-0.937537337865173,-103.92089080810547,0.0,inf
uniform,1,fp32_bf16,42,-1.2162883245832883,-105.13717651367188,0.0,inf
uniform,1,fp32_bf16,43,-1.7464815286028401,-106.88365936279297,0.0,inf
uniform,1,fp32_bf16,44,-2.2203617623437606,-109.10401916503906,0.0,inf
uniform,1,fp32_bf16,45,-2.034363921556888,-111.13838195800781,0.0,inf
uniform,1,fp32_bf16,46,-1.429692433449089,-112.56807708740234,0.0,inf
uniform,1,fp32_bf16,47,-4.0179660229021525,-116.58604431152344,0.0,inf
uniform,1,fp32_bf16,48,-1.608829267907551,-118.19486999511719,0.0,inf
uniform,1,fp32_bf16,49,-1.819513128973183,-120.0143814086914,0.0,inf
uniform,1,fp32_bf16,50,-1.4925492401108338,-121.50692749023438,0.0,inf
uniform,1,fp32_bf16,51,-3.3176543322157985,-124.8245849609375,0.0,inf
uniform,1,fp32_bf16,52,-1.27583483901342,-126.10041809082031,0.0,inf
uniform,1,fp32_bf16,53,-2.0718596230706687,-128.17227172851562,0.0,inf
uniform,1,fp32_bf16,54,-4.197774646115567,-132.3700408935547,0.0,inf
uniform,1,fp32_bf16,55,-3.709162674877939,-136.07920837402344,0.0,inf
uniform,1,fp32_bf16,56,-1.4324559352684703,-137.51165771484375,0.0,inf
uniform,1,fp32_bf16,57,-3.9642944668252906,-141.4759521484375,0.0,inf
uniform,1,fp32_bf16,58,-2.500581637705943,-143.97653198242188,0.0,inf
uniform,1,fp32_bf16,59,-4.4887024425959146,-148.46524047851562,0.0,inf
uniform,1,fp32_bf16,60,-0.525622918642572,-148.99085998535156,0.0,inf
uniform,1,fp32_bf16,61,-2.9045689903461764,-151.8954315185547,0.0,inf
uniform,1,fp32_bf16,62,-4.933299898953757,-156.8287353515625,0.0,inf
uniform,1,fp32_bf16,63,-0.6576192213525617,-157.48635864257812,0.0,inf
uniform,1,fp32_bf16,64,-1.195687152386924,-158.6820526123047,0.0,inf
uniform,1,ftz_model_bf16,1,-0.30526637359811815,-0.3052663803100586,0.73828125,1.359375
uniform,1,ftz_model_bf16,2,-1.122772532838252,-1.4280389547348022,0.240234375,4.15625
uniform,1,ftz_model_bf16,3,-1.1712625697241967,-2.59930157661438,0.07421875,13.4375
uniform,1,ftz_model_bf16,4,-0.8854961372387776,-3.484797716140747,0.0306396484375,32.5
uniform,1,ftz_model_bf16,5,-2.780340280744973,-6.265137672424316,0.00189971923828125,524.0
uniform,1,ftz_model_bf16,6,-0.5472192682760385,-6.812356948852539,0.0010986328125,908.0
uniform,1,ftz_model_bf16,7,-2.3045644471901423,-9.116921424865723,0.00010967254638671875,9088.0
uniform,1,ftz_model_bf16,8,-3.5418264144564637,-12.658747673034668,3.1739473342895508e-06,315392.0
uniform,1,ftz_model_bf16,9,-2.89888128170746,-15.557628631591797,1.7508864402770996e-07,5701632.0
uniform,1,ftz_model_bf16,10,-2.483336559083267,-18.040966033935547,1.461012288928032e-08,68157440.0
uniform,1,ftz_model_bf16,11,-2.5518758613431762,-20.59284210205078,1.1423253454267979e-09,876609536.0
uniform,1,ftz_model_bf16,12,-1.6476882089332645,-22.24053192138672,2.191882231272757e-10,4563402752.0
uniform,1,ftz_model_bf16,13,-3.5910307012865395,-25.831562042236328,6.0538241086760536e-12,165356240896.0
uniform,1,ftz_model_bf16,14,-1.9225555171423436,-27.754119873046875,8.846257060213247e-13,1133871366144.0
uniform,1,ftz_model_bf16,15,-0.44898398974873355,-28.20310401916504,5.648814749292796e-13,1769526525952.0
uniform,1,ftz_model_bf16,16,-0.5872795914698181,-28.79038429260254,3.1441516057384433e-13,3195455668224.0
uniform,1,ftz_model_bf16,17,-3.201197283756278,-31.991580963134766,1.27675647831893e-14,78065325572096.0
uniform,1,ftz_model_bf16,18,-0.9838329093422177,-32.97541427612305,4.773959005888173e-15,208907209277440.0
uniform,1,ftz_model_bf16,19,-2.5622366407580257,-35.53765106201172,3.677613769070831e-16,2709196650840064.0
uniform,1,ftz_model_bf16,20,-3.559190698597993,-39.09684371948242,1.0462550964485118e-17,9.513854212820173e+16
uniform,1,ftz_model_bf16,21,-4.624361314703252,-43.7212028503418,1.0291450309139749e-19,9.727775195120271e+18
uniform,1,ftz_model_bf16,22,-4.998497492688902,-48.719703674316406,6.948317145445432e-22,1.438846037749345e+21
uniform,1,ftz_model_bf16,23,-4.463651401521707,-53.18335723876953,8.013312184107456e-24,1.251427117960456e+23
uniform,1,ftz_model_bf16,24,-4.383598609334346,-57.56695556640625,9.976250551787004e-26,1.0049195875546605e+25
uniform,1,ftz_model_bf16,25,-4.224857962179769,-61.79181671142578,1.4578149528484298e-27,6.866698655411094e+26
uniform,1,ftz_model_bf16,26,-0.7722397545502441,-62.56405258178711,6.752649348691861e-28,1.479725203208306e+27
uniform,1,ftz_model_bf16,27,-0.8526821842273824,-63.4167366027832,2.871453695004483e-28,3.481706360490132e+27
uniform,1,ftz_model_bf16,28,-4.92099111807341,-68.33773040771484,2.0954117794933126e-30,4.778448551641568e+29
uniform,1,ftz_model_bf16,29,-4.063527725322716,-72.40126037597656,3.601488996004131e-32,2.772985687999252e+31
uniform,1,ftz_model_bf16,30,-2.179245163269141,-74.58050537109375,4.068527007518036e-33,2.459242164442765e+32
uniform,1,ftz_model_bf16,31,-2.071606142677109,-76.65210723876953,5.145844070159646e-34,1.9471113219505604e+33
uniform,1,ftz_model_bf16,32,-2.142037562499265,-78.79415130615234,6.018531076210112e-35,1.6550446236579763e+34
uniform,1,ftz_model_bf16,33,-3.788808373899171,-82.58295440673828,1.3635734469538535e-36,7.321138570534107e+35
uniform,1,ftz_model_bf16,34,-4.612563127400621,-87.19551849365234,1.3499817935224708e-38,7.377215376606283e+37
uniform,1,ftz_model_bf16,35,-4.82163498313342,-92.01715087890625,0.0,inf
uniform,1,ftz_model_bf16,36,-0.8800915291789363,-92.8972396850586,0.0,inf
uniform,1,ftz_model_bf16,37,-4.769470175062352,-97.66670989990234,0.0,inf
uniform,1,ftz_model_bf16,38,-1.5668974221678855,-99.23361206054688,0.0,inf
uniform,1,ftz_model_bf16,39,-2.2719884733469726,-101.50559997558594,0.0,inf
uniform,1,ftz_model_bf16,40,-1.477760372233351,-102.98336029052734,0.0,inf
uniform,1,ftz_model_bf16,41,-0.937537337865173,-103.9208984375,0.0,inf
uniform,1,ftz_model_bf16,42,-1.2162883245832883,-105.1371841430664,0.0,inf
uniform,1,ftz_model_bf16,43,-1.7464815286028401,-106.8836669921875,0.0,inf
uniform,1,ftz_model_bf16,44,-2.2203617623437606,-109.1040267944336,0.0,inf
uniform,1,ftz_model_bf16,45,-2.034363921556888,-111.13838958740234,0.0,inf
uniform,1,ftz_model_bf16,46,-1.429692433449089,-112.56808471679688,0.0,inf
uniform,1,ftz_model_bf16,47,-4.0179660229021525,-116.58604431152344,0.0,inf
uniform,1,ftz_model_bf16,48,-1.608829267907551,-118.19486999511719,0.0,inf
uniform,1,ftz_model_bf16,49,-1.819513128973183,-120.0143814086914,0.0,inf
uniform,1,ftz_model_bf16,50,-1.4925492401108338,-121.50692749023438,0.0,inf
uniform,1,ftz_model_bf16,51,-3.3176543322157985,-124.82457733154297,0.0,inf
uniform,1,ftz_model_bf16,52,-1.27583483901342,-126.10041046142578,0.0,inf
uniform,1,ftz_model_bf16,53,-2.0718596230706687,-128.17227172851562,0.0,inf
uniform,1,ftz_model_bf16,54,-4.197774646115567,-132.3700408935547,0.0,inf
uniform,1,ftz_model_bf16,55,-3.709162674877939,-136.07920837402344,0.0,inf
uniform,1,ftz_model_bf16,56,-1.4324559352684703,-137.51165771484375,0.0,inf
uniform,1,ftz_model_bf16,57,-3.9642944668252906,-141.4759521484375,0.0,inf
uniform,1,ftz_model_bf16,58,-2.500581637705943,-143.97653198242188,0.0,inf
uniform,1,ftz_model_bf16,59,-4.4887024425959146,-148.46524047851562,0.0,inf
uniform,1,ftz_model_bf16,60,-0.525622918642572,-148.99085998535156,0.0,inf
uniform,1,ftz_model_bf16,61,-2.9045689903461764,-151.89544677734375,0.0,inf
uniform,1,ftz_model_bf16,62,-4.933299898953757,-156.8287353515625,0.0,inf
uniform,1,ftz_model_bf16,63,-0.6576192213525617,-157.48635864257812,0.0,inf
uniform,1,ftz_model_bf16,64,-1.195687152386924,-158.68203735351562,0.0,inf
mixed,1,fp64,1,-0.009999999776482582,-0.009999999776482582,0.9900498339704614,1.0100501668584043
mixed,1,fp64,2,-0.009999999776482582,-0.019999999552965164,0.9801986737449383,1.0202013395706904
mixed,1,fp64,3,-0.009999999776482582,-0.029999999329447746,0.9704455341992426,1.0304545332625432
mixed,1,fp64,4,-0.009999999776482582,-0.03999999910593033,0.9607894400113359,1.0408107732618308
mixed,1,fp64,5,-0.009999999776482582,-0.04999999888241291,0.9512294255637957,1.051271095201137
mixed,1,fp64,6,-0.009999999776482582,-0.05999999865889549,0.9417645348472534,1.0618365451213259
mixed,1,fp64,7,-0.009999999776482582,-0.06999999843537807,0.9323938213647921,1.0725081795761466
mixed,1,fp64,8,-0.009999999776482582,-0.07999999821186066,0.9231163480372965,1.0832870657378904
mixed,1,fp64,9,-0.009999999776482582,-0.08999999798834324,0.9139311871097441,1.0941742815041073
mixed,1,fp64,10,-0.009999999776482582,-0.09999999776482582,0.9048374200584288,1.1051709156053982
mixed,1,fp64,11,-0.009999999776482582,-0.1099999975413084,0.8958341374991081,1.1162780677142878
mixed,1,fp64,12,-5.0,-5.109999997541308,0.006036082938440433,165.67035446639738
mixed,1,fp64,13,-0.009999999776482582,-5.119999997317791,0.005976022911034886,167.33536917227565
mixed,1,fp64,14,-0.009999999776482582,-5.129999997094274,0.005916560490873762,169.01711755376968
mixed,1,fp64,15,-0.009999999776482582,-5.139999996870756,0.00585768973166576,170.7157677871116
mixed,1,fp64,16,-0.009999999776482582,-5.149999996647239,0.005799404746286162,172.43148973873267
mixed,1,fp64,17,-0.009999999776482582,-5.159999996423721,0.005741699706188121,174.16445498225016
mixed,1,fp64,18,-0.009999999776482582,-5.169999996200204,0.005684568840819797,175.9148368156248
mixed,1,fp64,19,-0.009999999776482582,-5.1799999959766865,0.005628006437047298,177.6828102784908
mixed,1,fp64,20,-0.009999999776482582,-5.189999995753169,0.005572006838583366,179.4685521696598
mixed,1,fp64,21,-0.009999999776482582,-5.199999995529652,0.0055165644454217375,181.2722410648011
mixed,1,fp64,22,-0.009999999776482582,-5.209999995306134,0.0054616737132771416,183.09405733429924
mixed,1,fp64,23,-0.009999999776482582,-5.219999995082617,0.005407329153030867,184.93418316129117
mixed,1,fp64,24,-0.009999999776482582,-5.229999994859099,0.005353525330181847,186.79280255988485
mixed,1,fp64,25,-0.009999999776482582,-5.239999994635582,0.0053002568643031964,188.67010139356066
mixed,1,fp64,26,-0.009999999776482582,-5.2499999944120646,0.005247518428504179,190.56626739375798
mixed,1,fp64,27,-5.0,-10.249999994412065,3.535750104798542e-05,28282.54176229396
mixed,1,fp64,28,-0.009999999776482582,-10.259999994188547,3.500568804216838e-05,28566.786026184804
mixed,1,fp64,29,-0.009999999776482582,-10.26999999396503,3.465737563417057e-05,28853.88699235629
mixed,1,fp64,30,-0.009999999776482582,-10.279999993741512,3.4312528992462484e-05,29143.87337114301
mixed,1,fp64,31,-0.009999999776482582,-10.289999993517995,3.397111363209413e-05,29436.774161423204
mixed,1,fp64,32,-0.009999999776482582,-10.299999993294477,3.363309541124647e-05,29732.618653518668
mixed,1,fp64,33,-0.009999999776482582,-10.30999999307096,3.329844052781726e-05,30031.436432123835
mixed,1,fp64,34,-0.009999999776482582,-10.319999992847443,3.296711551604076e-05,30333.25737926424
mixed,1,fp64,35,-0.009999999776482582,-10.329999992623925,3.2639087243141175e-05,30638.111677284767
mixed,1,fp64,36,-0.009999999776482582,-10.339999992400408,3.231432290601933e-05,30946.029811867902
mixed,1,fp64,37,-0.009999999776482582,-10.34999999217689,3.199279002797232e-05,31257.042575082327
mixed,1,fp64,38,-0.009999999776482582,-10.359999991953373,3.1674456455445824e-05,31571.18106846215
mixed,1,fp64,39,-0.009999999776482582,-10.369999991729856,3.135929035481875e-05,31888.47670611709
mixed,1,fp64,40,-0.009999999776482582,-10.379999991506338,3.1047260209219795e-05,32208.9612178739
mixed,1,fp64,41,-0.009999999776482582,-10.38999999128282,3.073833481537577e-05,32532.666652449407
mixed,1,fp64,42,-0.009999999776482582,-10.399999991059303,3.0432483280491238e-05,32859.625380655365
mixed,1,fp64,43,-0.009999999776482582,-10.409999990835786,3.0129675019159193e-05,33189.870098635605
mixed,1,fp64,44,-0.009999999776482582,-10.419999990612268,2.982987975030252e-05,33523.433831135655
mixed,1,fp64,45,-0.009999999776482582,-10.429999990388751,2.9533067494145838e-05,33860.34993480524
mixed,1,fp64,46,-0.009999999776482582,-10.439999990165234,2.923920856921752e-05,34200.652101534
mixed,1,fp64,47,-0.009999999776482582,-10.449999989941716,2.8948273589381498e-05,34544.37436182065
mixed,1,fp64,48,-0.009999999776482582,-10.459999989718199,2.8660233460898647e-05,34891.55108817613
mixed,1,fp64,49,-0.009999999776482582,-10.469999989494681,2.8375059379517367e-05,35242.216998560834
mixed,1,fp64,50,-0.009999999776482582,-10.479999989271164,2.8092722827593155e-05,35596.40715985646
mixed,1,fp64,51,-0.009999999776482582,-10.489999989047647,2.7813195571236797e-05,35954.156991372714
mixed,1,fp64,52,-0.009999999776482582,-10.499999988824129,2.7536449657490962e-05,36315.50226838927
mixed,1,fp64,53,-0.009999999776482582,-10.509999988600612,2.7262457411534895e-05,36680.47912573334
mixed,1,fp64,54,-0.009999999776482582,-10.519999988377094,2.6991191433916902e-05,37049.12406139317
mixed,1,fp64,55,-5.0,-15.519999988377094,1.8186521732390173e-07,5498577.543934644
mixed,1,fp64,56,-0.009999999776482582,-15.529999988153577,1.800556282165308e-07,5553839.165735062
mixed,1,fp64,57,-0.009999999776482582,-15.53999998793006,1.7826404482122347e-07,5609656.176055441
mixed,1,fp64,58,-0.009999999776482582,-15.549999987706542,1.7649028797815518e-07,5666034.156643075
mixed,1,fp64,59,-5.0,-20.549999987706542,1.1891822062501406e-09,840914028.7705022
mixed,1,fp64,60,-0.009999999776482582,-20.559999987483025,1.1773496458585788e-09,849365355.0732187
mixed,1,fp64,61,-0.009999999776482582,-20.569999987259507,1.1656348214074675e-09,857901618.6154523
mixed,1,fp64,62,-0.009999999776482582,-20.57999998703599,1.1540365614046516e-09,866523673.0306327
mixed,1,fp64,63,-0.009999999776482582,-20.589999986812472,1.1425537060145176e-09,875232380.5313479
mixed,1,fp64,64,-0.009999999776482582,-20.599999986588955,1.1311851069420084e-09,884028611.9955662
mixed,1,fp32,1,-0.009999999776482582,-0.009999999776482582,0.9900498390197754,1.0100501775741577
mixed,1,fp32,2,-0.009999999776482582,-0.019999999552965164,0.9801986813545227,1.020201325416565
mixed,1,fp32,3,-0.009999999776482582,-0.029999999329447746,0.9704455137252808,1.0304545164108276
mixed,1,fp32,4,-0.009999999776482582,-0.03999999910593033,0.9607894420623779,1.0408108234405518
mixed,1,fp32,5,-0.009999999776482582,-0.04999999701976776,0.951229453086853,1.0512710809707642
mixed,1,fp32,6,-0.009999999776482582,-0.059999994933605194,0.9417645335197449,1.06183660030365
mixed,1,fp32,7,-0.009999999776482582,-0.06999999284744263,0.9323938488960266,1.0725082159042358
mixed,1,fp32,8,-0.009999999776482582,-0.07999999076128006,0.9231163263320923,1.083287000656128
mixed,1,fp32,9,-0.009999999776482582,-0.08999998867511749,0.9139311909675598,1.0941742658615112
mixed,1,fp32,10,-0.009999999776482582,-0.09999998658895493,0.904837429523468,1.1051708459854126
mixed,1,fp32,11,-0.009999999776482582,-0.10999998450279236,0.8958341479301453,1.116278052330017
mixed,1,fp32,12,-5.0,-5.110000133514404,0.006036082282662392,165.67037963867188
mixed,1,fp32,13,-0.009999999776482582,-5.12000036239624,0.005976020824164152,167.33543395996094
mixed,1,fp32,14,-0.009999999776482582,-5.130000591278076,0.0059165568090975285,169.0172119140625
mixed,1,fp32,15,-0.009999999776482582,-5.140000820159912,0.00585768511518836,170.71591186523438
mixed,1,fp32,16,-0.009999999776482582,-5.150001049041748,0.005799398757517338,172.43167114257812
mixed,1,fp32,17,-0.009999999776482582,-5.160001277923584,0.0057416921481490135,174.1646728515625
mixed,1,fp32,18,-0.009999999776482582,-5.17000150680542,0.005684560164809227,175.91510009765625
mixed,1,fp32,19,-0.009999999776482582,-5.180001735687256,0.005627996753901243,177.68312072753906
mixed,1,fp32,20,-0.009999999776482582,-5.190001964569092,0.005571995861828327,179.46890258789062
mixed,1,fp32,21,-0.009999999776482582,-5.200002193450928,0.0055165523663163185,181.27264404296875
mixed,1,fp32,22,-0.009999999776482582,-5.210002422332764,0.0054616606794297695,183.09449768066406
mixed,1,fp32,23,-0.009999999776482582,-5.2200026512146,0.005407314747571945,184.93467712402344
mixed,1,fp32,24,-0.009999999776482582,-5.2300028800964355,0.0053535099141299725,186.7933349609375
mixed,1,fp32,25,-0.009999999776482582,-5.2400031089782715,0.005300240125507116,188.67068481445312
mixed,1,fp32,26,-0.009999999776482582,-5.250003337860107,0.005247500725090504,190.56690979003906
mixed,1,fp32,27,-5.0,-10.250003814697266,3.535736686899327e-05,28282.650390625
mixed,1,fp32,28,-0.009999999776482582,-10.260004043579102,3.500554521451704e-05,28566.90234375
mixed,1,fp32,29,-0.009999999776482582,-10.270004272460938,3.4657226933632046e-05,28854.009765625
mixed,1,fp32,30,-0.009999999776482582,-10.280004501342773,3.431237564655021e-05,29144.00390625
mixed,1,fp32,31,-0.009999999776482582,-10.29000473022461,3.397095133550465e-05,29436.9140625
mixed,1,fp32,32,-0.009999999776482582,-10.300004959106445,3.3632928534643725e-05,29732.765625
mixed,1,fp32,33,-0.009999999776482582,-10.310005187988281,3.329826722620055e-05,30031.591796875
mixed,1,fp32,34,-0.009999999776482582,-10.320005416870117,3.296693830634467e-05,30333.421875
mixed,1,fp32,35,-0.009999999776482582,-10.330005645751953,3.263890175730921e-05,30638.28515625
mixed,1,fp32,36,-0.009999999776482582,-10.340005874633789,3.231413211324252e-05,30946.2109375
mixed,1,fp32,37,-0.009999999776482582,-10.350006103515625,3.199259299435653e-05,31257.234375
mixed,1,fp32,38,-0.009999999776482582,-10.360006332397461,3.1674255296820775e-05,31571.380859375
mixed,1,fp32,39,-0.009999999776482582,-10.370006561279297,3.135908264084719e-05,31888.685546875
mixed,1,fp32,40,-0.009999999776482582,-10.380006790161133,3.104704956058413e-05,32209.1796875
mixed,1,fp32,41,-0.009999999776482582,-10.390007019042969,3.0738119676243514e-05,32532.89453125
mixed,1,fp32,42,-0.009999999776482582,-10.400007247924805,3.043226206500549e-05,32859.86328125
mixed,1,fp32,43,-0.009999999776482582,-10.41000747680664,3.0129449442029e-05,33190.1171875
mixed,1,fp32,44,-0.009999999776482582,-10.420007705688477,2.9829649065504782e-05,33523.69140625
mixed,1,fp32,45,-0.009999999776482582,-10.430007934570312,2.9532833650591783e-05,33860.6171875
mixed,1,fp32,46,-0.009999999776482582,-10.440008163452148,2.923897045548074e-05,34200.9296875
mixed,1,fp32,47,-0.009999999776482582,-10.450008392333984,2.8948030376341194e-05,34544.6640625
mixed,1,fp32,48,-0.009999999776482582,-10.46000862121582,2.8659986128332093e-05,34891.8515625
mixed,1,fp32,49,-0.009999999776482582,-10.470008850097656,2.837480860762298e-05,35242.52734375
mixed,1,fp32,50,-0.009999999776482582,-10.480009078979492,2.8092466891393997e-05,35596.73046875
mixed,1,fp32,51,-0.009999999776482582,-10.490009307861328,2.781293551379349e-05,35954.4921875
mixed,1,fp32,52,-0.009999999776482582,-10.500009536743164,2.753618718998041e-05,36315.84765625
mixed,1,fp32,53,-0.009999999776482582,-10.510009765625,2.7262190997134894e-05,36680.8359375
mixed,1,fp32,54,-0.009999999776482582,-10.520009994506836,2.6990921469405293e-05,37049.49609375
mixed,1,fp32,55,-5.0,-15.520009994506836,1.8186339900694293e-07,5498632.5
mixed,1,fp32,56,-0.009999999776482582,-15.530010223388672,1.800537887675091e-07,5553896.0
mixed,1,fp32,57,-0.009999999776482582,-15.540010452270508,1.7826218368099944e-07,5609715.0
mixed,1,fp32,58,-0.009999999776482582,-15.550010681152344,1.7648839900630264e-07,5666095.0
mixed,1,fp32,59,-5.0,-20.550010681152344,1.1891695406163194e-09,840923008.0
mixed,1,fp32,60,-0.009999999776482582,-20.56001091003418,1.1773367836198645e-09,849374656.0
mixed,1,fp32,61,-0.009999999776482582,-20.570011138916016,1.1656218212863223e-09,857911168.0
mixed,1,fp32,62,-0.009999999776482582,-20.58001136779785,1.1540234323703658e-09,866533504.0
mixed,1,fp32,63,-0.009999999776482582,-20.590011596679688,1.1425403956266678e-09,875242560.0
mixed,1,fp32,64,-0.009999999776482582,-20.600011825561523,1.1311717118545062e-09,884039104.0
mixed,1,fp32_bf16,1,-0.009999999776482582,-0.009999999776482582,0.98828125,1.0078125
mixed,1,fp32_bf16,2,-0.009999999776482582,-0.019999999552965164,0.98046875,1.0234375
mixed,1,fp32_bf16,3,-0.009999999776482582,-0.029999999329447746,0.96875,1.03125
mixed,1,fp32_bf16,4,-0.009999999776482582,-0.03999999910593033,0.9609375,1.0390625
mixed,1,fp32_bf16,5,-0.009999999776482582,-0.04999999701976776,0.953125,1.0546875
mixed,1,fp32_bf16,6,-0.009999999776482582,-0.059999994933605194,0.94140625,1.0625
mixed,1,fp32_bf16,7,-0.009999999776482582,-0.06999999284744263,0.93359375,1.0703125
mixed,1,fp32_bf16,8,-0.009999999776482582,-0.07999999076128006,0.921875,1.0859375
mixed,1,fp32_bf16,9,-0.009999999776482582,-0.08999998867511749,0.9140625,1.09375
mixed,1,fp32_bf16,10,-0.009999999776482582,-0.09999998658895493,0.90625,1.1015625
mixed,1,fp32_bf16,11,-0.009999999776482582,-0.10999998450279236,0.89453125,1.1171875
mixed,1,fp32_bf16,12,-5.0,-5.110000133514404,0.00604248046875,166.0
mixed,1,fp32_bf16,13,-0.009999999776482582,-5.12000036239624,0.0059814453125,167.0
mixed,1,fp32_bf16,14,-0.009999999776482582,-5.130000591278076,0.00592041015625,169.0
mixed,1,fp32_bf16,15,-0.009999999776482582,-5.140000820159912,0.005859375,171.0
mixed,1,fp32_bf16,16,-0.009999999776482582,-5.150001049041748,0.00579833984375,172.0
mixed,1,fp32_bf16,17,-0.009999999776482582,-5.160001277923584,0.0057373046875,174.0
mixed,1,fp32_bf16,18,-0.009999999776482582,-5.17000150680542,0.00567626953125,176.0
mixed,1,fp32_bf16,19,-0.009999999776482582,-5.180001735687256,0.005615234375,178.0
mixed,1,fp32_bf16,20,-0.009999999776482582,-5.190001964569092,0.005584716796875,179.0
mixed,1,fp32_bf16,21,-0.009999999776482582,-5.200002193450928,0.005523681640625,181.0
mixed,1,fp32_bf16,22,-0.009999999776482582,-5.210002422332764,0.005462646484375,183.0
mixed,1,fp32_bf16,23,-0.009999999776482582,-5.2200026512146,0.005401611328125,185.0
mixed,1,fp32_bf16,24,-0.009999999776482582,-5.2300028800964355,0.005340576171875,187.0
mixed,1,fp32_bf16,25,-0.009999999776482582,-5.2400031089782715,0.00531005859375,189.0
mixed,1,fp32_bf16,26,-0.009999999776482582,-5.250003337860107,0.0052490234375,191.0
mixed,1,fp32_bf16,27,-5.0,-10.250003814697266,3.528594970703125e-05,28288.0
mixed,1,fp32_bf16,28,-0.009999999776482582,-10.260004043579102,3.504753112792969e-05,28544.0
mixed,1,fp32_bf16,29,-0.009999999776482582,-10.270004272460938,3.457069396972656e-05,28800.0
mixed,1,fp32_bf16,30,-0.009999999776482582,-10.280004501342773,3.4332275390625e-05,29184.0
mixed,1,fp32_bf16,31,-0.009999999776482582,-10.29000473022461,3.3855438232421875e-05,29440.0
mixed,1,fp32_bf16,32,-0.009999999776482582,-10.300004959106445,3.361701965332031e-05,29696.0
mixed,1,fp32_bf16,33,-0.009999999776482582,-10.310005187988281,3.337860107421875e-05,30080.0
mixed,1,fp32_bf16,34,-0.009999999776482582,-10.320005416870117,3.2901763916015625e-05,30336.0
mixed,1,fp32_bf16,35,-0.009999999776482582,-10.330005645751953,3.266334533691406e-05,30592.0
mixed,1,fp32_bf16,36,-0.009999999776482582,-10.340005874633789,3.24249267578125e-05,30976.0
mixed,1,fp32_bf16,37,-0.009999999776482582,-10.350006103515625,3.1948089599609375e-05,31232.0
mixed,1,fp32_bf16,38,-0.009999999776482582,-10.360006332397461,3.170967102050781e-05,31616.0
mixed,1,fp32_bf16,39,-0.009999999776482582,-10.370006561279297,3.147125244140625e-05,31872.0
mixed,1,fp32_bf16,40,-0.009999999776482582,-10.380006790161133,3.0994415283203125e-05,32256.0
mixed,1,fp32_bf16,41,-0.009999999776482582,-10.390007019042969,3.075599670410156e-05,32512.0
mixed,1,fp32_bf16,42,-0.009999999776482582,-10.400007247924805,3.039836883544922e-05,32768.0
mixed,1,fp32_bf16,43,-0.009999999776482582,-10.41000747680664,3.0159950256347656e-05,33280.0
mixed,1,fp32_bf16,44,-0.009999999776482582,-10.420007705688477,2.9802322387695312e-05,33536.0
mixed,1,fp32_bf16,45,-0.009999999776482582,-10.430007934570312,2.956390380859375e-05,33792.0
mixed,1,fp32_bf16,46,-0.009999999776482582,-10.440008163452148,2.9206275939941406e-05,34304.0
mixed,1,fp32_bf16,47,-0.009999999776482582,-10.450008392333984,2.8967857360839844e-05,34560.0
mixed,1,fp32_bf16,48,-0.009999999776482582,-10.46000862121582,2.86102294921875e-05,34816.0
mixed,1,fp32_bf16,49,-0.009999999776482582,-10.470008850097656,2.8371810913085938e-05,35328.0
mixed,1,fp32_bf16,50,-0.009999999776482582,-10.480009078979492,2.8133392333984375e-05,35584.0
mixed,1,fp32_bf16,51,-0.009999999776482582,-10.490009307861328,2.777576446533203e-05,35840.0
mixed,1,fp32_bf16,52,-0.009999999776482582,-10.500009536743164,2.753734588623047e-05,36352.0
mixed,1,fp32_bf16,53,-0.009999999776482582,-10.510009765625,2.7298927307128906e-05,36608.0
mixed,1,fp32_bf16,54,-0.009999999776482582,-10.520009994506836,2.6941299438476562e-05,37120.0
mixed,1,fp32_bf16,55,-5.0,-15.520009994506836,1.816079020500183e-07,5505024.0
mixed,1,fp32_bf16,56,-0.009999999776482582,-15.530010223388672,1.7974525690078735e-07,5537792.0
mixed,1,fp32_bf16,57,-0.009999999776482582,-15.540010452270508,1.778826117515564e-07,5603328.0
mixed,1,fp32_bf16,58,-0.009999999776482582,-15.550010681152344,1.7695128917694092e-07,5668864.0
mixed,1,fp32_bf16,59,-5.0,-20.550010681152344,1.1859810911118984e-09,838860800.0
mixed,1,fp32_bf16,60,-0.009999999776482582,-20.56001091003418,1.178705133497715e-09,851443712.0
mixed,1,fp32_bf16,61,-0.009999999776482582,-20.570011138916016,1.1641532182693481e-09,859832320.0
mixed,1,fp32_bf16,62,-0.009999999776482582,-20.58001136779785,1.1568772606551647e-09,868220928.0
mixed,1,fp32_bf16,63,-0.009999999776482582,-20.590011596679688,1.1423253454267979e-09,876609536.0
mixed,1,fp32_bf16,64,-0.009999999776482582,-20.600011825561523,1.127773430198431e-09,884998144.0
mixed,1,ftz_model_bf16,1,-0.009999999776482582,-0.009999999776482582,0.98828125,1.0078125
mixed,1,ftz_model_bf16,2,-0.009999999776482582,-0.019999999552965164,0.98046875,1.0234375
mixed,1,ftz_model_bf16,3,-0.009999999776482582,-0.029999997466802597,0.96875,1.03125
mixed,1,ftz_model_bf16,4,-0.009999999776482582,-0.03999999910593033,0.9609375,1.0390625
mixed,1,ftz_model_bf16,5,-0.009999999776482582,-0.04999999701976776,0.953125,1.0546875
mixed,1,ftz_model_bf16,6,-0.009999999776482582,-0.059999994933605194,0.94140625,1.0625
mixed,1,ftz_model_bf16,7,-0.009999999776482582,-0.06999999284744263,0.93359375,1.0703125
mixed,1,ftz_model_bf16,8,-0.009999999776482582,-0.07999999076128006,0.921875,1.0859375
mixed,1,ftz_model_bf16,9,-0.009999999776482582,-0.08999998867511749,0.9140625,1.09375
mixed,1,ftz_model_bf16,10,-0.009999999776482582,-0.09999998658895493,0.90625,1.1015625
mixed,1,ftz_model_bf16,11,-0.009999999776482582,-0.10999998450279236,0.89453125,1.1171875
mixed,1,ftz_model_bf16,12,-5.0,-5.110000133514404,0.00604248046875,166.0
mixed,1,ftz_model_bf16,13,-0.009999999776482582,-5.12000036239624,0.0059814453125,167.0
mixed,1,ftz_model_bf16,14,-0.009999999776482582,-5.130000591278076,0.00592041015625,169.0
mixed,1,ftz_model_bf16,15,-0.009999999776482582,-5.140000820159912,0.005859375,171.0
mixed,1,ftz_model_bf16,16,-0.009999999776482582,-5.150001049041748,0.00579833984375,172.0
mixed,1,ftz_model_bf16,17,-0.009999999776482582,-5.160000801086426,0.0057373046875,174.0
mixed,1,ftz_model_bf16,18,-0.009999999776482582,-5.170001029968262,0.00567626953125,176.0
mixed,1,ftz_model_bf16,19,-0.009999999776482582,-5.180001258850098,0.005615234375,178.0
mixed,1,ftz_model_bf16,20,-0.009999999776482582,-5.190001487731934,0.005584716796875,179.0
mixed,1,ftz_model_bf16,21,-0.009999999776482582,-5.2000017166137695,0.005523681640625,181.0
mixed,1,ftz_model_bf16,22,-0.009999999776482582,-5.2100019454956055,0.005462646484375,183.0
mixed,1,ftz_model_bf16,23,-0.009999999776482582,-5.220002174377441,0.005401611328125,185.0
mixed,1,ftz_model_bf16,24,-0.009999999776482582,-5.230002403259277,0.005340576171875,187.0
mixed,1,ftz_model_bf16,25,-0.009999999776482582,-5.240002155303955,0.00531005859375,189.0
mixed,1,ftz_model_bf16,26,-0.009999999776482582,-5.250002384185791,0.0052490234375,191.0
mixed,1,ftz_model_bf16,27,-5.0,-10.25000286102295,3.528594970703125e-05,28288.0
mixed,1,ftz_model_bf16,28,-0.009999999776482582,-10.260003089904785,3.504753112792969e-05,28544.0
mixed,1,ftz_model_bf16,29,-0.009999999776482582,-10.270003318786621,3.457069396972656e-05,28800.0
mixed,1,ftz_model_bf16,30,-0.009999999776482582,-10.280003547668457,3.4332275390625e-05,29184.0
mixed,1,ftz_model_bf16,31,-0.009999999776482582,-10.290003776550293,3.3855438232421875e-05,29440.0
mixed,1,ftz_model_bf16,32,-0.009999999776482582,-10.300004005432129,3.361701965332031e-05,29696.0
mixed,1,ftz_model_bf16,33,-0.009999999776482582,-10.310004234313965,3.337860107421875e-05,30080.0
mixed,1,ftz_model_bf16,34,-0.009999999776482582,-10.3200044631958,3.2901763916015625e-05,30336.0
mixed,1,ftz_model_bf16,35,-0.009999999776482582,-10.33000373840332,3.266334533691406e-05,30592.0
mixed,1,ftz_model_bf16,36,-0.009999999776482582,-10.340003967285156,3.24249267578125e-05,30976.0
mixed,1,ftz_model_bf16,37,-0.009999999776482582,-10.350004196166992,3.1948089599609375e-05,31232.0
mixed,1,ftz_model_bf16,38,-0.009999999776482582,-10.360004425048828,3.170967102050781e-05,31616.0
mixed,1,ftz_model_bf16,39,-0.009999999776482582,-10.370004653930664,3.147125244140625e-05,31872.0
mixed,1,ftz_model_bf16,40,-0.009999999776482582,-10.3800048828125,3.0994415283203125e-05,32256.0
mixed,1,ftz_model_bf16,41,-0.009999999776482582,-10.390005111694336,3.075599670410156e-05,32512.0
mixed,1,ftz_model_bf16,42,-0.009999999776482582,-10.400005340576172,3.039836883544922e-05,32768.0
mixed,1,ftz_model_bf16,43,-0.009999999776482582,-10.410005569458008,3.0159950256347656e-05,33280.0
mixed,1,ftz_model_bf16,44,-0.009999999776482582,-10.420005798339844,2.9802322387695312e-05,33536.0
mixed,1,ftz_model_bf16,45,-0.009999999776482582,-10.43000602722168,2.956390380859375e-05,33792.0
mixed,1,ftz_model_bf16,46,-0.009999999776482582,-10.440006256103516,2.9206275939941406e-05,34304.0
mixed,1,ftz_model_bf16,47,-0.009999999776482582,-10.450006484985352,2.8967857360839844e-05,34560.0
mixed,1,ftz_model_bf16,48,-0.009999999776482582,-10.460006713867188,2.86102294921875e-05,34816.0
mixed,1,ftz_model_bf16,49,-0.009999999776482582,-10.470006942749023,2.8371810913085938e-05,35328.0
mixed,1,ftz_model_bf16,50,-0.009999999776482582,-10.480006217956543,2.8133392333984375e-05,35584.0
mixed,1,ftz_model_bf16,51,-0.009999999776482582,-10.490006446838379,2.777576446533203e-05,35840.0
mixed,1,ftz_model_bf16,52,-0.009999999776482582,-10.500006675720215,2.753734588623047e-05,36352.0
mixed,1,ftz_model_bf16,53,-0.009999999776482582,-10.51000690460205,2.7298927307128906e-05,36608.0
mixed,1,ftz_model_bf16,54,-0.009999999776482582,-10.520007133483887,2.6941299438476562e-05,37120.0
mixed,1,ftz_model_bf16,55,-5.0,-15.520007133483887,1.816079020500183e-07,5505024.0
mixed,1,ftz_model_bf16,56,-0.009999999776482582,-15.530007362365723,1.7974525690078735e-07,5537792.0
mixed,1,ftz_model_bf16,57,-0.009999999776482582,-15.540006637573242,1.778826117515564e-07,5603328.0
mixed,1,ftz_model_bf16,58,-0.009999999776482582,-15.550006866455078,1.7695128917694092e-07,5668864.0
mixed,1,ftz_model_bf16,59,-5.0,-20.550006866455078,1.1859810911118984e-09,838860800.0
mixed,1,ftz_model_bf16,60,-0.009999999776482582,-20.560007095336914,1.178705133497715e-09,851443712.0
mixed,1,ftz_model_bf16,61,-0.009999999776482582,-20.57000732421875,1.1641532182693481e-09,859832320.0
mixed,1,ftz_model_bf16,62,-0.009999999776482582,-20.580007553100586,1.1568772606551647e-09,868220928.0
mixed,1,ftz_model_bf16,63,-0.009999999776482582,-20.590007781982422,1.1423253454267979e-09,876609536.0
mixed,1,ftz_model_bf16,64,-0.009999999776482582,-20.600008010864258,1.127773430198431e-09,884998144.0
uniform,2,fp64,1,-4.587803328232959,-4.587803328232959,0.010175185384292575,98.27830768997084
uniform,2,fp64,2,-0.4845760620614614,-5.0723793902944205,0.006267489581151096,159.55351613306368
uniform,2,fp64,3,-3.5437558835282585,-8.616135273822678,0.00018115903359614872,5520.0117827370605
uniform,2,fp64,4,-2.701307498810521,-11.3174427726332,1.2158977493916017e-05,82243.7577913414
uniform,2,fp64,5,-4.566288758603182,-15.883731531236382,1.2641046938680743e-07,7910737.179054909
uniform,2,fp64,6,-2.62856043440503,-18.512291965641413,9.12459825185172e-09,109593866.20633547
uniform,2,fp64,7,-0.6020348044936402,-19.114326770135055,4.9975063939002355e-09,200099794.01338267
uniform,2,fp64,8,-1.3347366331828687,-20.449063403317922,1.3154810728935426e-09,760178174.0579453
uniform,2,fp64,9,-3.4638964776418564,-23.91295988095978,4.118446964668913e-11,24280997390.005028
uniform,2,fp64,10,-2.311312276691748,-26.224272157651527,4.082660904353147e-12,244938294761.0828
uniform,2,fp64,11,-0.4104538398426105,-26.634725997494137,2.7082295489734456e-12,369244918836.0159
uniform,2,fp64,12,-3.41500683552264,-30.049732833016776,8.903624748174186e-14,11231380794715.816
uniform,2,fp64,13,-3.0986106361417,-33.148343469158476,4.016588561268749e-15,248967496856118.8
uniform,2,fp64,14,-4.039927927963683,-37.18827139712216,7.068690077713247e-17,1.4146892691658432e+16
uniform,2,fp64,15,-3.664197253594949,-40.85246865071711,1.8113329725876234e-18,5.520796094002672e+17
uniform,2,fp64,16,-1.8319112265064275,-42.684379877223535,2.9000758437373785e-19,3.4481856816243896e+18
uniform,2,fp64,17,-4.706980100172321,-47.39135997739586,2.6193520433268196e-21,3.8177380644485936e+20
uniform,2,fp64,18,-0.9852466757484257,-48.376606653144286,9.779275413713882e-22,1.0225706483300988e+21
uniform,2,fp64,19,-3.7896708893409343,-52.16627754248522,2.2104134873510336e-23,4.524040437331945e+22
uniform,2,fp64,20,-0.5696248284158889,-52.73590237090111,1.2505141265111112e-23,7.996710943121959e+22
uniform,2,fp64,21,-3.7199504304369926,-56.455852801338104,3.0306421371283425e-25,3.299630753987803e+24
uniform,2,fp64,22,-3.5337979504318713,-59.98965075176997,8.847604629665342e-27,1.1302494198792252e+26
uniform,2,fp64,23,-3.972671308978373,-63.96232206074834,1.6653920198642424e-28,6.00459224057959e+27
uniform,2,fp64,24,-3.4766368430305414,-67.43895890377888,5.147925850330729e-30,1.9425299219019538e+29
uniform,2,fp64,25,-2.1181118352169226,-69.5570707389958,6.190817487568373e-31,1.615295559929e+30
uniform,2,fp64,26,-0.6719555038574465,-70.22902624285325,3.161705635217705e-31,3.1628497886114665e+30
uniform,2,fp64,27,-4.362912706935804,-74.59193894978905,4.028399372466377e-33,2.4823755232286034e+32
uniform,2,fp64,28,-0.12381259796899913,-74.71575154775805,3.55927374929496e-33,2.809561923125709e+32
uniform,2,fp64,29,-0.9355534966184381,-75.65130504437649,1.3965473673237135e-33,7.16051616578075e+32
uniform,2,fp64,30,-2.2211627193053114,-77.8724677636818,1.5150150881940843e-34,6.600594329341048e+33
uniform,2,fp64,31,-0.14384834163515325,-78.01631610531695,1.3120319685272978e-34,7.621765505626049e+33
uniform,2,fp64,32,-0.8506452290381966,-78.86696133435514,5.60420338384394e-35,1.7843749262970127e+34
uniform,2,fp64,33,-2.764879832902389,-81.63184116725753,3.529732822939156e-36,2.833075618361718e+35
uniform,2,fp64,34,-1.6350788905376028,-83.26692005779513,6.8807549909726334e-37,1.4533288880536703e+36
uniform,2,fp64,35,-3.6239830566925897,-86.89090311448773,1.8355247708476664e-38,5.448033259383302e+37
uniform,2,fp64,36,-1.7807426763288825,-88.67164579081661,3.0930969430929964e-39,3.2330056845875396e+38
uniform,2,fp64,37,-1.847517468576424,-90.51916325939304,4.875586770414953e-40,2.0510351822020625e+39
uniform,2,fp64,38,-4.24283294554901,-94.76199620494205,7.004674422303696e-42,1.4276181014436359e+41
uniform,2,fp64,39,-1.9376972879523762,-96.69969349289443,1.0089199607021187e-42,9.911589015486311e+41
uniform,2,fp64,40,-0.7039996439958407,-97.40369313689027,4.990149463168796e-43,2.0039479927019854e+42
uniform,2,fp64,41,-2.0030844438693043,-99.40677758075957,6.732634417554607e-44,1.485302688339366e+43
uniform,2,fp64,42,-0.08564762418250993,-99.49242520494208,6.180003802717893e-44,1.6181219816729106e+43
uniform,2,fp64,43,-3.6854076224953936,-103.17783282743747,1.5503742560391365e-45,6.450055501790767e+44
uniform,2,fp64,44,-3.1238420374333407,-106.3016748648708,6.819761536007979e-47,1.466326930523968e+46
uniform,2,fp64,45,-2.555866858323028,-108.85754172319383,5.2938339653753025e-48,1.8889901091355928e+47
uniform,2,fp64,46,-3.070675871790135,-111.92821759498396,2.4557984970017457e-49,4.0719953254344275e+48
uniform,2,fp64,47,-2.29196632784694,-114.2201839228309,2.4820149915460997e-50,4.0289845283209947e+49
uniform,2,fp64,48,-1.9660865493833817,-116.18627047221428,3.474912401446035e-51,2.8777703851868735e+50
uniform,2,fp64,49,-4.586768804009565,-120.77303927622384,3.539447538728467e-53,2.8252996804107067e+52
uniform,2,fp64,50,-1.3203592257508967,-122.09339850197473,9.451717960111e-54,1.0580087178016642e+53
uniform,2,fp64,51,-2.6915140489063667,-124.7849125508811,6.406208279129895e-55,1.5609857757166493e+54
uniform,2,fp64,52,-0.6519912435780129,-125.43690379445911,3.337681219445214e-55,2.9960919999610354e+54
uniform,2,fp64,53,-1.3461347171893956,-126.78303851164851,8.686123011181468e-56,1.1512616143159847e+55
uniform,2,fp64,54,-2.709142005775265,-129.49218051742378,5.784429757796984e-57,1.728778880324502e+56
uniform,2,fp64,55,-0.2564936184839117,-129.7486741359077,4.4757599778170096e-57,2.2342574332766973e+56
uniform,2,fp64,56,-3.552231184557469,-133.30090532046515,1.2827806097941133e-58,7.795565292809503e+57
uniform,2,fp64,57,-1.094907358974862,-134.39581267944,4.2918067889824455e-59,2.3300210125188146e+58
uniform,2,fp64,58,-2.5583336074441587,-136.95414628688417,3.323303415003262e-60,3.009054170273582e+59
uniform,2,fp64,59,-2.044589379294641,-138.99873566617882,4.30146217870577e-61,2.32479086983599e+60
uniform,2,fp64,60,-3.7424242568308115,-142.74115992300963,1.019299720129787e-62,9.810657064368372e+61
uniform,2,fp64,61,-4.645511393647282,-147.3866713166569,9.78998307715425e-65,1.0214522253195556e+64
uniform,2,fp64,62,-2.607294813494687,-149.9939661301516,7.218520445475138e-66,1.385325438299258e+65
uniform,2,fp64,63,-3.1889974618476753,-153.18296359199925,2.974980958883471e-67,3.361366051819391e+66
uniform,2,fp64,64,-2.8685664184420823,-156.05153001044133,1.689202143724758e-68,5.919954599364645e+67
uniform,2,fp32,1,-4.587803328232959,-4.587803363800049,0.010175185278058052,98.27831268310547
uniform,2,fp32,2,-0.4845760620614614,-5.0723795890808105,0.006267488468438387,159.5535430908203
uniform,2,fp32,3,-3.5437558835282585,-8.616135597229004,0.0001811589754652232,5520.013671875
uniform,2,fp32,4,-2.701307498810521,-11.317442893981934,1.2158976460341364e-05,82243.765625
uniform,2,fp32,5,-4.566288758603182,-15.883731842041016,1.2641042701488914e-07,7910739.5
uniform,2,fp32,6,-2.62856043440503,-18.512292861938477,9.124589972486774e-09,109593968.0
uniform,2,fp32,7,-0.6020348044936402,-19.114328384399414,4.99749841509356e-09,200100112.0
uniform,2,fp32,8,-1.3347366331828687,-20.449064254760742,1.3154799471948309e-09,760178816.0
uniform,2,fp32,9,-3.4638964776418564,-23.912960052490234,4.118446209067095e-11,24281001984.0
uniform,2,fp32,10,-2.311312276691748,-26.224271774291992,4.082662593413167e-12,244938194944.0
uniform,2,fp32,11,-0.4104538398426105,-26.63472557067871,2.7082307750558865e-12,369244766208.0
uniform,2,fp32,12,-3.41500683552264,-30.049732208251953,8.903630193150477e-14,11231374082048.0
uniform,2,fp32,13,-3.0986106361417,-33.14834213256836,4.01659381346316e-15,248967157776384.0
uniform,2,fp32,14,-4.039927927963683,-37.188270568847656,7.06869574737354e-17,1.414688139116544e+16
uniform,2,fp32,15,-3.664197253594949,-40.85246658325195,1.8113367375163154e-18,5.5207846348220006e+17
uniform,2,fp32,16,-1.8319112265064275,-42.68437957763672,2.9000766160471326e-19,3.4481847380601733e+18
uniform,2,fp32,17,-4.706980100172321,-47.391361236572266,2.619348794851032e-21,3.817742921681034e+20
uniform,2,fp32,18,-0.9852466757484257,-48.376609802246094,9.779244846938177e-22,1.0225738909606069e+21
uniform,2,fp32,19,-3.7896708893409343,-52.166282653808594,2.210402140381207e-23,4.524063533717305e+22
uniform,2,fp32,20,-0.5696248284158889,-52.73590850830078,1.2505064879191456e-23,7.996759932985116e+22
uniform,2,fp32,21,-3.7199504304369926,-56.45586013793945,3.0306199411796306e-25,3.2996550051165207e+24
uniform,2,fp32,22,-3.5337979504318713,-59.98965835571289,8.8475372752403e-27,1.1302580193053282e+26
uniform,2,fp32,23,-3.972671308978373,-63.96232986450195,1.6653790674133504e-28,6.004638918104585e+27
uniform,2,fp32,24,-3.4766368430305414,-67.43896484375,5.147895260782057e-30,1.942541485940583e+29
uniform,2,fp32,25,-2.1181118352169226,-69.55707550048828,6.19078801837961e-31,1.6153032115635377e+30
uniform,2,fp32,26,-0.6719555038574465,-70.22903442382812,3.1616796654349335e-31,3.162875749620256e+30
uniform,2,fp32,27,-4.362912706935804,-74.59194946289062,4.0283570594725765e-33,2.482401701440221e+32
uniform,2,fp32,28,-0.12381259796899913,-74.71575927734375,3.5592462840761875e-33,2.809583644407544e+32
uniform,2,fp32,29,-0.9355534966184381,-75.65131378173828,1.3965351350703759e-33,7.160578657324722e+32
uniform,2,fp32,30,-2.2211627193053114,-77.87247467041016,1.5150046699886115e-34,6.60063996319786e+33
uniform,2,fp32,31,-0.14384834163515325,-78.01631927490234,1.3120277900815558e-34,7.621789466923506e+33
uniform,2,fp32,32,-0.8506452290381966,-78.8669662475586,5.604175631235617e-35,1.7843837324044853e+34
uniform,2,fp32,33,-2.764879832902389,-81.63184356689453,3.529724199762907e-36,2.8330824280407905e+35
uniform,2,fp32,34,-1.6350788905376028,-83.26692199707031,6.880741815305365e-37,1.4533317818288847e+36
uniform,2,fp32,35,-3.6239830566925897,-86.89090728759766,1.835517137906991e-38,5.448056015395915e+37
uniform,2,fp32,36,-1.7807426763288825,-88.67164611816406,3.093095909393419e-39,3.2330067609136586e+38
uniform,2,fp32,37,-1.847517468576424,-90.5191650390625,4.875579785879266e-40,inf
uniform,2,fp32,38,-4.24283294554901,-94.76200103759766,7.00509102315976e-42,inf
uniform,2,fp32,39,-1.9376972879523762,-96.69969940185547,1.0089348943138683e-42,inf
uniform,2,fp32,40,-0.7039996439958407,-97.40370178222656,4.988622532996349e-43,inf
uniform,2,fp32,41,-2.0030844438693043,-99.40678405761719,6.726232628759122e-44,inf
uniform,2,fp32,42,-0.08564762418250993,-99.492431640625,6.165713243029195e-44,inf
uniform,2,fp32,43,-3.6854076224953936,-103.17784118652344,1.401298464324817e-45,inf
uniform,2,fp32,44,-3.1238420374333407,-106.30168151855469,0.0,inf
uniform,2,fp32,45,-2.555866858323028,-108.85755157470703,0.0,inf
uniform,2,fp32,46,-3.070675871790135,-111.92823028564453,0.0,inf
uniform,2,fp32,47,-2.29196632784694,-114.22019958496094,0.0,inf
uniform,2,fp32,48,-1.9660865493833817,-116.18628692626953,0.0,inf
uniform,2,fp32,49,-4.586768804009565,-120.77305603027344,0.0,inf
uniform,2,fp32,50,-1.3203592257508967,-122.09341430664062,0.0,inf
uniform,2,fp32,51,-2.6915140489063667,-124.78492736816406,0.0,inf
uniform,2,fp32,52,-0.6519912435780129,-125.43692016601562,0.0,inf
uniform,2,fp32,53,-1.3461347171893956,-126.7830581665039,0.0,inf
uniform,2,fp32,54,-2.709142005775265,-129.49220275878906,0.0,inf
uniform,2,fp32,55,-0.2564936184839117,-129.7487030029297,0.0,inf
uniform,2,fp32,56,-3.552231184557469,-133.30093383789062,0.0,inf
uniform,2,fp32,57,-1.094907358974862,-134.39584350585938,0.0,inf
uniform,2,fp32,58,-2.5583336074441587,-136.9541778564453,0.0,inf
uniform,2,fp32,59,-2.044589379294641,-138.99876403808594,0.0,inf
uniform,2,fp32,60,-3.7424242568308115,-142.74119567871094,0.0,inf
uniform,2,fp32,61,-4.645511393647282,-147.38670349121094,0.0,inf
uniform,2,fp32,62,-2.607294813494687,-149.99400329589844,0.0,inf
uniform,2,fp32,63,-3.1889974618476753,-153.18299865722656,0.0,inf
uniform,2,fp32,64,-2.8685664184420823,-156.0515594482422,0.0,inf
uniform,2,fp32_bf16,1,-4.587803328232959,-4.587803363800049,0.01019287109375,98.5
uniform,2,fp32_bf16,2,-0.4845760620614614,-5.0723795890808105,0.006256103515625,160.0
uniform,2,fp32_bf16,3,-3.5437558835282585,-8.616135597229004,0.0001811981201171875,5536.0
uniform,2,fp32_bf16,4,-2.701307498810521,-11.317442893981934,1.2159347534179688e-05,82432.0
uniform,2,fp32_bf16,5,-4.566288758603182,-15.883731842041016,1.2665987014770508e-07,7897088.0
uniform,2,fp32_bf16,6,-2.62856043440503,-18.512292861938477,9.138602763414383e-09,109576192.0
uniform,2,fp32_bf16,7,-0.6020348044936402,-19.114328384399414,5.005858838558197e-09,200278016.0
uniform,2,fp32_bf16,8,-1.3347366331828687,-20.449064254760742,1.3169483281672e-09,759169024.0
uniform,2,fp32_bf16,9,-3.4638964776418564,-23.912960052490234,4.1154635255225e-11,24293408768.0
uniform,2,fp32_bf16,10,-2.311312276691748,-26.224271774291992,4.092726157978177e-12,244813135872.0
uniform,2,fp32_bf16,11,-0.4104538398426105,-26.63472557067871,2.7142732506035827e-12,369367187456.0
uniform,2,fp32_bf16,12,-3.41500683552264,-30.049732208251953,8.881784197001252e-14,11201274707968.0
uniform,2,fp32_bf16,13,-3.0986106361417,-33.14834213256836,4.0245584642661925e-15,248489627877376.0
uniform,2,fp32_bf16,14,-4.039927927963683,-37.188270568847656,7.068998164605489e-17,1.4144117579710464e+16
uniform,2,fp32_bf16,15,-3.664197253594949,-40.85246658325195,1.81603863891322e-18,5.5169095435288576e+17
uniform,2,fp32_bf16,16,-1.8319112265064275,-42.68437957763672,2.896852679609707e-19,3.440750115311059e+18
uniform,2,fp32_bf16,17,-4.706980100172321,-47.391361236572266,2.6205081805679917e-21,3.827699395294732e+20
uniform,2,fp32_bf16,18,-0.9852466757484257,-48.376609802246094,9.793818452627848e-22,1.0237942960908801e+21
uniform,2,fp32_bf16,19,-3.7896708893409343,-52.166282653808594,2.212708138579349e-23,4.515762949244098e+22
uniform,2,fp32_bf16,20,-0.5696248284158889,-52.73590850830078,1.2511106764864544e-23,7.968993439842526e+22
uniform,2,fp32_bf16,21,-3.7199504304369926,-56.45586013793945,3.0373038117181485e-25,3.3056565380087516e+24
uniform,2,fp32_bf16,22,-3.5337979504318713,-59.98965835571289,8.835242138475332e-27,1.1303456413396783e+26
uniform,2,fp32_bf16,23,-3.972671308978373,-63.96232986450195,1.664496510016335e-28,5.996272065288561e+27
uniform,2,fp32_bf16,24,-3.4766368430305414,-67.43896484375,5.1522477872247334e-30,1.943565861678047e+29
uniform,2,fp32_bf16,25,-2.1181118352169226,-69.55707550048828,6.1937907011493505e-31,1.614273811228136e+30
uniform,2,fp32_bf16,26,-0.6719555038574465,-70.22903442382812,3.158525108795067e-31,3.1691265005705735e+30
uniform,2,fp32_bf16,27,-4.362912706935804,-74.59194946289062,4.020378758908355e-33,2.4845951764473296e+32
uniform,2,fp32_bf16,28,-0.12381259796899913,-74.71575927734375,3.562970397116386e-33,2.8141843325066693e+32
uniform,2,fp32_bf16,29,-0.9355534966184381,-75.65131378173828,1.396299209680746e-33,7.149549385287214e+32
uniform,2,fp32_bf16,30,-2.2211627193053114,-77.87247467041016,1.5121559328977907e-34,6.612065530790445e+33
uniform,2,fp32_bf16,31,-0.14384834163515325,-78.01631927490234,1.3090305090756994e-34,7.626186010973028e+33
uniform,2,fp32_bf16,32,-0.8506452290381966,-78.8669662475586,5.604757064720667e-35,1.784852045121347e+34
uniform,2,fp32_bf16,33,-2.764879832902389,-81.63184356689453,3.5264830524668625e-36,2.829801787901481e+35
uniform,2,fp32_bf16,34,-1.6350788905376028,-83.26692199707031,6.876641952310382e-37,1.4538431203897517e+36
uniform,2,fp32_bf16,35,-3.6239830566925897,-86.89090728759766,1.8367099231598242e-38,5.449834782718155e+37
uniform,2,fp32_bf16,36,-1.7807426763288825,-88.67164611816406,3.122406869371701e-39,3.2300240297573456e+38
uniform,2,fp32_bf16,37,-1.847517468576424,-90.5191650390625,4.5917748078995606e-40,inf
uniform,2,fp32_bf16,38,-4.24283294554901,-94.76200103759766,0.0,inf
uniform,2,fp32_bf16,39,-1.9376972879523762,-96.69969940185547,0.0,inf
uniform,2,fp32_bf16,40,-0.7039996439958407,-97.40370178222656,0.0,inf
uniform,2,fp32_bf16,41,-2.0030844438693043,-99.40678405761719,0.0,inf
uniform,2,fp32_bf16,42,-0.08564762418250993,-99.492431640625,0.0,inf
uniform,2,fp32_bf16,43,-3.6854076224953936,-103.17784118652344,0.0,inf
uniform,2,fp32_bf16,44,-3.1238420374333407,-106.30168151855469,0.0,inf
uniform,2,fp32_bf16,45,-2.555866858323028,-108.85755157470703,0.0,inf
uniform,2,fp32_bf16,46,-3.070675871790135,-111.92823028564453,0.0,inf
uniform,2,fp32_bf16,47,-2.29196632784694,-114.22019958496094,0.0,inf
uniform,2,fp32_bf16,48,-1.9660865493833817,-116.18628692626953,0.0,inf
uniform,2,fp32_bf16,49,-4.586768804009565,-120.77305603027344,0.0,inf
uniform,2,fp32_bf16,50,-1.3203592257508967,-122.09341430664062,0.0,inf
uniform,2,fp32_bf16,51,-2.6915140489063667,-124.78492736816406,0.0,inf
uniform,2,fp32_bf16,52,-0.6519912435780129,-125.43692016601562,0.0,inf
uniform,2,fp32_bf16,53,-1.3461347171893956,-126.7830581665039,0.0,inf
uniform,2,fp32_bf16,54,-2.709142005775265,-129.49220275878906,0.0,inf
uniform,2,fp32_bf16,55,-0.2564936184839117,-129.7487030029297,0.0,inf
uniform,2,fp32_bf16,56,-3.552231184557469,-133.30093383789062,0.0,inf
uniform,2,fp32_bf16,57,-1.094907358974862,-134.39584350585938,0.0,inf
uniform,2,fp32_bf16,58,-2.5583336074441587,-136.9541778564453,0.0,inf
uniform,2,fp32_bf16,59,-2.044589379294641,-138.99876403808594,0.0,inf
uniform,2,fp32_bf16,60,-3.7424242568308115,-142.74119567871094,0.0,inf
uniform,2,fp32_bf16,61,-4.645511393647282,-147.38670349121094,0.0,inf
uniform,2,fp32_bf16,62,-2.607294813494687,-149.99400329589844,0.0,inf
uniform,2,fp32_bf16,63,-3.1889974618476753,-153.18299865722656,0.0,inf
uniform,2,fp32_bf16,64,-2.8685664184420823,-156.0515594482422,0.0,inf
uniform,2,ftz_model_bf16,1,-4.587803328232959,-4.587803363800049,0.01019287109375,98.5
uniform,2,ftz_model_bf16,2,-0.4845760620614614,-5.0723795890808105,0.006256103515625,160.0
uniform,2,ftz_model_bf16,3,-3.5437558835282585,-8.616135597229004,0.0001811981201171875,5536.0
uniform,2,ftz_model_bf16,4,-2.701307498810521,-11.31744384765625,1.2159347534179688e-05,82432.0
uniform,2,ftz_model_bf16,5,-4.566288758603182,-15.883732795715332,1.2665987014770508e-07,7897088.0
uniform,2,ftz_model_bf16,6,-2.62856043440503,-18.512292861938477,9.138602763414383e-09,109576192.0
uniform,2,ftz_model_bf16,7,-0.6020348044936402,-19.114328384399414,5.005858838558197e-09,200278016.0
uniform,2,ftz_model_bf16,8,-1.3347366331828687,-20.449064254760742,1.3169483281672e-09,759169024.0
uniform,2,ftz_model_bf16,9,-3.4638964776418564,-23.912961959838867,4.1154635255225e-11,24293408768.0
uniform,2,ftz_model_bf16,10,-2.311312276691748,-26.224273681640625,4.092726157978177e-12,244813135872.0
uniform,2,ftz_model_bf16,11,-0.4104538398426105,-26.634727478027344,2.7142732506035827e-12,369367187456.0
uniform,2,ftz_model_bf16,12,-3.41500683552264,-30.04973602294922,8.881784197001252e-14,11201274707968.0
uniform,2,ftz_model_bf16,13,-3.0986106361417,-33.148345947265625,4.0245584642661925e-15,248489627877376.0
uniform,2,ftz_model_bf16,14,-4.039927927963683,-37.18827438354492,7.068998164605489e-17,1.4144117579710464e+16
uniform,2,ftz_model_bf16,15,-3.664197253594949,-40.85247039794922,1.81603863891322e-18,5.5169095435288576e+17
uniform,2,ftz_model_bf16,16,-1.8319112265064275,-42.684383392333984,2.896852679609707e-19,3.440750115311059e+18
uniform,2,ftz_model_bf16,17,-4.706980100172321,-47.39136505126953,2.6205081805679917e-21,3.827699395294732e+20
uniform,2,ftz_model_bf16,18,-0.9852466757484257,-48.376609802246094,9.793818452627848e-22,1.0237942960908801e+21
uniform,2,ftz_model_bf16,19,-3.7896708893409343,-52.16627883911133,2.212708138579349e-23,4.515762949244098e+22
uniform,2,ftz_model_bf16,20,-0.5696248284158889,-52.735904693603516,1.2511106764864544e-23,7.968993439842526e+22
uniform,2,ftz_model_bf16,21,-3.7199504304369926,-56.45585250854492,3.0373038117181485e-25,3.3056565380087516e+24
uniform,2,ftz_model_bf16,22,-3.5337979504318713,-59.98965072631836,8.835242138475332e-27,1.1303456413396783e+26
uniform,2,ftz_model_bf16,23,-3.972671308978373,-63.96232223510742,1.664496510016335e-28,5.996272065288561e+27
uniform,2,ftz_model_bf16,24,-3.4766368430305414,-67.43895721435547,5.1522477872247334e-30,1.943565861678047e+29
uniform,2,ftz_model_bf16,25,-2.1181118352169226,-69.55706787109375,6.1937907011493505e-31,1.614273811228136e+30
uniform,2,ftz_model_bf16,26,-0.6719555038574465,-70.22901916503906,3.158525108795067e-31,3.1691265005705735e+30
uniform,2,ftz_model_bf16,27,-4.362912706935804,-74.59193420410156,4.020378758908355e-33,2.4845951764473296e+32
uniform,2,ftz_model_bf16,28,-0.12381259796899913,-74.71575164794922,3.562970397116386e-33,2.8141843325066693e+32
uniform,2,ftz_model_bf16,29,-0.9355534966184381,-75.65129852294922,1.396299209680746e-33,7.149549385287214e+32
uniform,2,ftz_model_bf16,30,-2.2211627193053114,-77.8724594116211,1.5121559328977907e-34,6.612065530790445e+33
uniform,2,ftz_model_bf16,31,-0.14384834163515325,-78.01631164550781,1.3090305090756994e-34,7.626186010973028e+33
uniform,2,ftz_model_bf16,32,-0.8506452290381966,-78.86695098876953,5.604757064720667e-35,1.784852045121347e+34
uniform,2,ftz_model_bf16,33,-2.764879832902389,-81.63182830810547,3.5264830524668625e-36,2.829801787901481e+35
uniform,2,ftz_model_bf16,34,-1.6350788905376028,-83.26690673828125,6.876641952310382e-37,1.4538431203897517e+36
uniform,2,ftz_model_bf16,35,-3.6239830566925897,-86.8908920288086,1.8367099231598242e-38,5.449834782718155e+37
uniform,2,ftz_model_bf16,36,-1.7807426763288825,-88.671630859375,0.0,3.2300240297573456e+38
uniform,2,ftz_model_bf16,37,-1.847517468576424,-90.51914978027344,0.0,inf
uniform,2,ftz_model_bf16,38,-4.24283294554901,-94.76197814941406,0.0,inf
uniform,2,ftz_model_bf16,39,-1.9376972879523762,-96.69966888427734,0.0,inf
uniform,2,ftz_model_bf16,40,-0.7039996439958407,-97.40367126464844,0.0,inf
uniform,2,ftz_model_bf16,41,-2.0030844438693043,-99.4067611694336,0.0,inf
uniform,2,ftz_model_bf16,42,-0.08564762418250993,-99.4924087524414,0.0,inf
uniform,2,ftz_model_bf16,43,-3.6854076224953936,-103.17781829833984,0.0,inf
uniform,2,ftz_model_bf16,44,-3.1238420374333407,-106.3016586303711,0.0,inf
uniform,2,ftz_model_bf16,45,-2.555866858323028,-108.8575210571289,0.0,inf
uniform,2,ftz_model_bf16,46,-3.070675871790135,-111.9281997680664,0.0,inf
uniform,2,ftz_model_bf16,47,-2.29196632784694,-114.22016906738281,0.0,inf
uniform,2,ftz_model_bf16,48,-1.9660865493833817,-116.18624877929688,0.0,inf
uniform,2,ftz_model_bf16,49,-4.586768804009565,-120.77301788330078,0.0,inf
uniform,2,ftz_model_bf16,50,-1.3203592257508967,-122.09337615966797,0.0,inf
uniform,2,ftz_model_bf16,51,-2.6915140489063667,-124.78489685058594,0.0,inf
uniform,2,ftz_model_bf16,52,-0.6519912435780129,-125.4368896484375,0.0,inf
uniform,2,ftz_model_bf16,53,-1.3461347171893956,-126.78302764892578,0.0,inf
uniform,2,ftz_model_bf16,54,-2.709142005775265,-129.49217224121094,0.0,inf
uniform,2,ftz_model_bf16,55,-0.2564936184839117,-129.7486572265625,0.0,inf
uniform,2,ftz_model_bf16,56,-3.552231184557469,-133.30088806152344,0.0,inf
uniform,2,ftz_model_bf16,57,-1.094907358974862,-134.3957977294922,0.0,inf
uniform,2,ftz_model_bf16,58,-2.5583336074441587,-136.95413208007812,0.0,inf
uniform,2,ftz_model_bf16,59,-2.044589379294641,-138.99871826171875,0.0,inf
uniform,2,ftz_model_bf16,60,-3.7424242568308115,-142.7411346435547,0.0,inf
uniform,2,ftz_model_bf16,61,-4.645511393647282,-147.38665771484375,0.0,inf
uniform,2,ftz_model_bf16,62,-2.607294813494687,-149.9939422607422,0.0,inf
uniform,2,ftz_model_bf16,63,-3.1889974618476753,-153.18295288085938,0.0,inf
uniform,2,ftz_model_bf16,64,-2.8685664184420823,-156.051513671875,0.0,inf
mixed,2,fp64,1,-5.0,-5.0,0.006737946999085467,148.4131591025766
mixed,2,fp64,2,-5.0,-10.0,4.5399929762484854e-05,22026.465794806718
mixed,2,fp64,3,-0.009999999776482582,-10.009999999776483,4.4948192923618735e-05,22247.835451345458
mixed,2,fp64,4,-0.009999999776482582,-10.019999999552965,4.4500950941301e-05,22471.429909869803
mixed,2,fp64,5,-0.009999999776482582,-10.029999999329448,4.4058159090962704e-05,22697.27153001093
mixed,2,fp64,6,-5.0,-15.029999999329448,2.9686154083218224e-07,3368573.770777894
mixed,2,fp64,7,-0.009999999776482582,-15.03999999910593,2.939077192131174e-07,3402428.499249056
mixed,2,fp64,8,-0.009999999776482582,-15.049999998882413,2.909832886095839e-07,3436623.473390299
mixed,2,fp64,9,-0.009999999776482582,-15.059999998658895,2.8808795657609737e-07,3471162.1127273804
mixed,2,fp64,10,-5.0,-20.059999998658895,1.9411213824845796e-09,515166134.90704465
mixed,2,fp64,11,-0.009999999776482582,-20.069999998435378,1.9218069024453707e-09,520343640.52265966
mixed,2,fp64,12,-0.009999999776482582,-20.07999999821186,1.902684604689326e-09,525573180.9336219
mixed,2,fp64,13,-5.0,-25.07999999821186,1.2820188022372563e-11,78001976121.9489
mixed,2,fp64,14,-0.009999999776482582,-25.089999997988343,1.2692625023020054e-11,78785908997.25975
mixed,2,fp64,15,-0.009999999776482582,-25.099999997764826,1.256633129669033e-11,79577720528.77327
mixed,2,fp64,16,-0.009999999776482582,-25.10999999754131,1.2441294213906073e-11,80377489898.2989
mixed,2,fp64,17,-0.009999999776482582,-25.11999999731779,1.231750127085537e-11,81185297083.43651
mixed,2,fp64,18,-0.009999999776482582,-25.129999997094274,1.2194940088141307e-11,82001222865.57417
mixed,2,fp64,19,-5.0,-30.129999997094274,8.216885997091878e-14,12170060535754.3
mixed,2,fp64,20,-0.009999999776482582,-30.139999996870756,8.135126617175024e-14,12292371674815.512
mixed,2,fp64,21,-0.009999999776482582,-30.14999999664724,8.054180756662814e-14,12415912061232.93
mixed,2,fp64,22,-0.009999999776482582,-30.15999999642372,7.974040320902105e-14,12540694049147.596
mixed,2,fp64,23,-0.009999999776482582,-30.169999996200204,7.894697295782894e-14,12666730116861.727
mixed,2,fp64,24,-0.009999999776482582,-30.179999995976686,7.816143746936904e-14,12794032868086.56
mixed,2,fp64,25,-5.0,-35.17999999597669,5.266476230409416e-16,1898802835614925.2
mixed,2,fp64,26,-0.009999999776482582,-35.18999999575317,5.214073917526223e-16,1917886120944066.2
mixed,2,fp64,27,-0.009999999776482582,-35.19999999552965,5.16219301635655e-16,1937161196474972.0
mixed,2,fp64,28,-5.0,-40.19999999552965,3.478258294325957e-18,2.8750021285977766e+17
mixed,2,fp64,29,-0.009999999776482582,-40.209999995306134,3.443649046803795e-18,2.903896379708452e+17
mixed,2,fp64,30,-0.009999999776482582,-40.21999999508262,3.4093841670406348e-18,2.933081022864038e+17
mixed,2,fp64,31,-0.009999999776482582,-40.2299999948591,3.3754602285201003e-18,2.96255897655304e+17
mixed,2,fp64,32,-0.009999999776482582,-40.23999999463558,3.3418738388202213e-18,2.9923331885952614e+17
mixed,2,fp64,33,-0.009999999776482582,-40.249999994412065,3.3086216392741888e-18,3.022406636436585e+17
mixed,2,fp64,34,-0.009999999776482582,-40.25999999418855,3.2757003046344865e-18,3.0527823274467206e+17
mixed,2,fp64,35,-0.009999999776482582,-40.26999999396503,3.2431065427403633e-18,3.083463299219948e+17
mixed,2,fp64,36,-5.0,-45.26999999396503,2.1851879997371873e-20,4.576265292140859e+19
mixed,2,fp64,37,-0.009999999776482582,-45.27999999374151,2.163445016334047e-20,4.622257521915199e+19
mixed,2,fp64,38,-0.009999999776482582,-45.289999993517995,2.1419183792257456e-20,4.668711981272961e+19
mixed,2,fp64,39,-0.009999999776482582,-45.29999999329448,2.1206059357307294e-20,4.715633315698586e+19
mixed,2,fp64,40,-0.009999999776482582,-45.30999999307096,2.0995055545869835e-20,4.763026217364406e+19
mixed,2,fp64,41,-0.009999999776482582,-45.31999999284744,2.0786151257389047e-20,4.810895425599872e+19
mixed,2,fp64,42,-0.009999999776482582,-45.329999992623925,2.0579325601262923e-20,4.8592457273654845e+19
mixed,2,fp64,43,-0.009999999776482582,-45.33999999240041,2.0374557894754426e-20,4.908081957731496e+19
mixed,2,fp64,44,-0.009999999776482582,-45.34999999217689,2.0171827660923172e-20,4.957409000361421e+19
mixed,2,fp64,45,-0.009999999776482582,-45.35999999195337,1.997111462657775e-20,5.007231788000408e+19
mixed,2,fp64,46,-0.009999999776482582,-45.369999991729856,1.9772398720248352e-20,5.057555302968518e+19
mixed,2,fp64,47,-5.0,-50.369999991729856,1.3322537462181872e-22,7.506077598495467e+21
mixed,2,fp64,48,-0.009999999776482582,-50.37999999150634,1.3189976002498416e-22,7.581514930812476e+21
mixed,2,fp64,49,-5.0,-55.37999999150634,8.887335922404353e-25,1.1251965816652321e+24
mixed,2,fp64,50,-0.009999999776482582,-55.38999999128282,8.798905454416146e-25,1.1365049950594738e+24
mixed,2,fp64,51,-0.009999999776482582,-55.3999999910593,8.711354884266494e-25,1.1479270598952314e+24
mixed,2,fp64,52,-0.009999999776482582,-55.409999990835786,8.62467545682581e-25,1.159463918388456e+24
mixed,2,fp64,53,-0.009999999776482582,-55.41999999061227,8.538858504079508e-25,1.1711167242345592e+24
mixed,2,fp64,54,-0.009999999776482582,-55.42999999038875,8.453895444261179e-25,1.1828866427237842e+24
mixed,2,fp64,55,-0.009999999776482582,-55.439999990165234,8.36977778099442e-25,1.194774850857736e+24
mixed,2,fp64,56,-0.009999999776482582,-55.449999989941716,8.286497102443182e-25,1.2067825374670812e+24
mixed,2,fp64,57,-5.0,-60.449999989941716,5.583397828433746e-27,1.7910240873531303e+26
mixed,2,fp64,58,-0.009999999776482582,-60.4599999897182,5.527842093031865e-27,1.8090241782784505e+26
mixed,2,fp64,59,-0.009999999776482582,-60.46999998949468,5.472839146421127e-27,1.8272051731210364e+26
mixed,2,fp64,60,-0.009999999776482582,-60.479999989271164,5.418383488261278e-27,1.8455688899954424e+26
mixed,2,fp64,61,-0.009999999776482582,-60.48999998904765,5.364469672941368e-27,1.8641171652885766e+26
mixed,2,fp64,62,-0.009999999776482582,-60.49999998882413,5.311092309035177e-27,1.8828518538433422e+26
mixed,2,fp64,63,-0.009999999776482582,-60.50999998860061,5.258246058762072e-27,1.9017748291441236e+26
mixed,2,fp64,64,-5.0,-65.50999998860061,3.5429783252088884e-29,2.8224841029504223e+28
mixed,2,fp32,1,-5.0,-5.0,0.0067379469983279705,148.4131622314453
mixed,2,fp32,2,-5.0,-10.0,4.539993096841499e-05,22026.46484375
mixed,2,fp32,3,-0.009999999776482582,-10.010000228881836,4.494818131206557e-05,22247.83984375
mixed,2,fp32,4,-0.009999999776482582,-10.020000457763672,4.4500931835500523e-05,22471.439453125
mixed,2,fp32,5,-0.009999999776482582,-10.030000686645508,4.405812796903774e-05,22697.287109375
mixed,2,fp32,6,-5.0,-15.030000686645508,2.968613443954382e-07,3368576.0
mixed,2,fp32,7,-0.009999999776482582,-15.040000915527344,2.939074477126269e-07,3402431.5
mixed,2,fp32,8,-0.009999999776482582,-15.05000114440918,2.9098296749907604e-07,3436627.5
mixed,2,fp32,9,-0.009999999776482582,-15.060001373291016,2.880875626942725e-07,3471167.0
mixed,2,fp32,10,-5.0,-20.060001373291016,1.941118821235932e-09,515166848.0
mixed,2,fp32,11,-0.009999999776482582,-20.07000160217285,1.9218038271873183e-09,520344480.0
mixed,2,fp32,12,-0.009999999776482582,-20.080001831054688,1.9026811237665697e-09,525574144.0
mixed,2,fp32,13,-5.0,-25.080001831054688,1.2820164201066131e-11,78002118656.0
mixed,2,fp32,14,-0.009999999776482582,-25.090002059936523,1.2692598708174962e-11,78786068480.0
mixed,2,fp32,15,-0.009999999776482582,-25.10000228881836,1.2566302165506471e-11,79577899008.0
mixed,2,fp32,16,-0.009999999776482582,-25.110002517700195,1.2441262429996325e-11,80377692160.0
mixed,2,fp32,17,-0.009999999776482582,-25.12000274658203,1.2317467358580192e-11,81185521664.0
mixed,2,fp32,18,-0.009999999776482582,-25.130002975463867,1.2194903940832003e-11,82001469440.0
mixed,2,fp32,19,-5.0,-30.130002975463867,8.216861300527553e-14,12170097065984.0
mixed,2,fp32,20,-0.009999999776482582,-30.140003204345703,8.135100259447706e-14,12292411359232.0
mixed,2,fp32,21,-0.009999999776482582,-30.15000343322754,8.05415304762358e-14,12415954583552.0
mixed,2,fp32,22,-0.009999999776482582,-30.160003662109375,7.974010855912525e-14,12540740370432.0
mixed,2,fp32,23,-0.009999999776482582,-30.17000389099121,7.894666230424605e-14,12666779205632.0
mixed,2,fp32,24,-0.009999999776482582,-30.180004119873047,7.816111717269883e-14,12794085769216.0
mixed,2,fp32,25,-5.0,-35.18000411987305,5.266454348728806e-16,1898810678706176.0
mixed,2,fp32,26,-0.009999999776482582,-35.19000244140625,5.214061125776391e-16,1917890802483200.0
mixed,2,fp32,27,-0.009999999776482582,-35.20000076293945,5.162188828086538e-16,1937162723393536.0
mixed,2,fp32,28,-5.0,-40.20000076293945,3.478255598296691e-18,2.8750043786982195e+17
mixed,2,fp32,29,-0.009999999776482582,-40.209999084472656,3.4436521517317606e-18,2.90389370312065e+17
mixed,2,fp32,30,-0.009999999776482582,-40.21999740600586,3.409393019096805e-18,2.9330733673322906e+17
mixed,2,fp32,31,-0.009999999776482582,-40.22999572753906,3.3754746848742212e-18,2.9625464637095936e+17
mixed,2,fp32,32,-0.009999999776482582,-40.239994049072266,3.341893633546406e-18,2.992315397434245e+17
mixed,2,fp32,33,-0.009999999776482582,-40.24999237060547,3.308646763186062e-18,3.022383604480082e+17
mixed,2,fp32,34,-0.009999999776482582,-40.25999069213867,3.2757307650707395e-18,3.0527538336261734e+17
mixed,2,fp32,35,-0.009999999776482582,-40.269989013671875,3.2431421236828347e-18,3.0834295208463565e+17
mixed,2,fp32,36,-5.0,-45.269989013671875,2.1852119764714902e-20,4.576214893706032e+19
mixed,2,fp32,37,-0.009999999776482582,-45.27998733520508,2.1634724744391175e-20,4.622199108807531e+19
mixed,2,fp32,38,-0.009999999776482582,-45.28998565673828,2.1419491379652597e-20,4.668645118792696e+19
mixed,2,fp32,39,-0.009999999776482582,-45.299983978271484,2.1206398667866427e-20,4.715557761512689e+19
mixed,2,fp32,40,-0.009999999776482582,-45.30998229980469,2.0995427221987057e-20,4.762941874818672e+19
mixed,2,fp32,41,-0.009999999776482582,-45.31998062133789,2.0786554423794614e-20,4.810802296561808e+19
mixed,2,fp32,42,-0.009999999776482582,-45.329978942871094,2.0579759270656357e-20,4.859143424788608e+19
mixed,2,fp32,43,-0.009999999776482582,-45.3399772644043,2.0375020759939546e-20,4.907970537154884e+19
mixed,2,fp32,44,-0.009999999776482582,-45.3499755859375,2.0172319504598573e-20,4.957288031707149e+19
mixed,2,fp32,45,-0.009999999776482582,-45.3599739074707,1.9971636117587832e-20,5.007101186101215e+19
mixed,2,fp32,46,-0.009999999776482582,-45.369972229003906,1.9772947980687448e-20,5.057414838188245e+19
mixed,2,fp32,47,-5.0,-50.369972229003906,1.3322907745209382e-22,7.505869149861602e+21
mixed,2,fp32,48,-0.009999999776482582,-50.37997055053711,1.3190363967002872e-22,7.581291495771129e+21
mixed,2,fp32,49,-5.0,-55.37997055053711,8.88759785067872e-25,1.1251634782315564e+24
mixed,2,fp32,50,-0.009999999776482582,-55.38996887207031,8.799179362193154e-25,1.1364696029664834e+24
mixed,2,fp32,51,-0.009999999776482582,-55.399967193603516,8.71164045361691e-25,1.1478894345848023e+24
mixed,2,fp32,52,-0.009999999776482582,-55.40996551513672,8.624973236340935e-25,1.1594239098352356e+24
mixed,2,fp32,53,-0.009999999776482582,-55.41996383666992,8.539166863527782e-25,1.1710743978120699e+24
mixed,2,fp32,54,-0.009999999776482582,-55.429962158203125,8.454215418720663e-25,1.1828419073216218e+24
mixed,2,fp32,55,-0.009999999776482582,-55.43996047973633,8.37010805508213e-25,1.1947276633429899e+24
mixed,2,fp32,56,-0.009999999776482582,-55.44995880126953,8.286838856155395e-25,1.2067328187976789e+24
mixed,2,fp32,57,-5.0,-60.44995880126953,5.583627976190286e-27,1.7909502943981242e+26
mixed,2,fp32,58,-0.009999999776482582,-60.459957122802734,5.528079149176303e-27,1.8089465689815538e+26
mixed,2,fp32,59,-0.009999999776482582,-60.46995544433594,5.473083064056359e-27,1.8271238061243464e+26
mixed,2,fp32,60,-0.009999999776482582,-60.47995376586914,5.4186339430406205e-27,1.8454836660334688e+26
mixed,2,fp32,61,-0.009999999776482582,-60.489952087402344,5.364726778711233e-27,1.8640278089158875e+26
mixed,2,fp32,62,-0.009999999776482582,-60.49995040893555,5.311355793278363e-27,1.8827584483808915e+26
mixed,2,fp32,63,-0.009999999776482582,-60.50994873046875,5.2585155941381656e-27,1.901677429102888e+26
mixed,2,fp32,64,-5.0,-65.50994873046875,3.543159800225933e-29,2.822339329006382e+28
mixed,2,fp32_bf16,1,-5.0,-5.0,0.006744384765625,148.0
mixed,2,fp32_bf16,2,-5.0,-10.0,4.5299530029296875e-05,22016.0
mixed,2,fp32_bf16,3,-0.009999999776482582,-10.010000228881836,4.506111145019531e-05,22272.0
mixed,2,fp32_bf16,4,-0.009999999776482582,-10.020000457763672,4.458427429199219e-05,22528.0
mixed,2,fp32_bf16,5,-0.009999999776482582,-10.030000686645508,4.410743713378906e-05,22656.0
mixed,2,fp32_bf16,6,-5.0,-15.030000686645508,2.9616057872772217e-07,3375104.0
mixed,2,fp32_bf16,7,-0.009999999776482582,-15.040000915527344,2.942979335784912e-07,3407872.0
mixed,2,fp32_bf16,8,-0.009999999776482582,-15.05000114440918,2.905726432800293e-07,3440640.0
mixed,2,fp32_bf16,9,-0.009999999776482582,-15.060001373291016,2.8870999813079834e-07,3473408.0
mixed,2,fp32_bf16,10,-5.0,-20.060001373291016,1.9354047253727913e-09,515899392.0
mixed,2,fp32_bf16,11,-0.009999999776482582,-20.07000160217285,1.9208528101444244e-09,520093696.0
mixed,2,fp32_bf16,12,-0.009999999776482582,-20.080001831054688,1.9063008949160576e-09,526385152.0
mixed,2,fp32_bf16,13,-5.0,-25.080001831054688,1.2846612662542611e-11,77846282240.0
mixed,2,fp32_bf16,14,-0.009999999776482582,-25.090002059936523,1.2676082405960187e-11,78920024064.0
mixed,2,fp32_bf16,15,-0.009999999776482582,-25.10000228881836,1.2562395568238571e-11,79456894976.0
mixed,2,fp32_bf16,16,-0.009999999776482582,-25.110002517700195,1.2448708730516955e-11,80530636800.0
mixed,2,fp32_bf16,17,-0.009999999776482582,-25.12000274658203,1.233502189279534e-11,81067507712.0
mixed,2,fp32_bf16,18,-0.009999999776482582,-25.130002975463867,1.2221335055073723e-11,82141249536.0
mixed,2,fp32_bf16,19,-5.0,-30.130002975463867,8.215650382226158e-14,12163347382272.0
mixed,2,fp32_bf16,20,-0.009999999776482582,-30.140003204345703,8.126832540256146e-14,12300786335744.0
mixed,2,fp32_bf16,21,-0.009999999776482582,-30.15000343322754,8.038014698286133e-14,12438225289216.0
mixed,2,fp32_bf16,22,-0.009999999776482582,-30.160003662109375,7.993605777301127e-14,12506944765952.0
mixed,2,fp32_bf16,23,-0.009999999776482582,-30.17000389099121,7.904787935331115e-14,12644383719424.0
mixed,2,fp32_bf16,24,-0.009999999776482582,-30.180004119873047,7.815970093361102e-14,12781822672896.0
mixed,2,fp32_bf16,25,-5.0,-35.18000411987305,5.273559366969494e-16,1899956092796928.0
mixed,2,fp32_bf16,26,-0.009999999776482582,-35.19000244140625,5.204170427930421e-16,1917548278841344.0
mixed,2,fp32_bf16,27,-0.009999999776482582,-35.20000076293945,5.169475958410885e-16,1935140464885760.0
mixed,2,fp32_bf16,28,-5.0,-40.20000076293945,3.469446951953614e-18,2.8710447624486912e+17
mixed,2,fp32_bf16,29,-0.009999999776482582,-40.209999084472656,3.4423418976414766e-18,2.90482175965397e+17
mixed,2,fp32_bf16,30,-0.009999999776482582,-40.21999740600586,3.415236843329339e-18,2.9273397577908224e+17
mixed,2,fp32_bf16,31,-0.009999999776482582,-40.22999572753906,3.3745792618611326e-18,2.9723757540645274e+17
mixed,2,fp32_bf16,32,-0.009999999776482582,-40.239994049072266,3.347474207548995e-18,2.99489375220138e+17
mixed,2,fp32_bf16,33,-0.009999999776482582,-40.24999237060547,3.3068166260807885e-18,3.017411750338232e+17
mixed,2,fp32_bf16,34,-0.009999999776482582,-40.25999069213867,3.279711571768651e-18,3.062447746611937e+17
mixed,2,fp32_bf16,35,-0.009999999776482582,-40.269989013671875,3.2390539903004445e-18,3.08496574474879e+17
mixed,2,fp32_bf16,36,-5.0,-45.269989013671875,2.1811098391798234e-20,4.582862980812217e+19
mixed,2,fp32_bf16,37,-0.009999999776482582,-45.27998733520508,2.159934015498466e-20,4.611686018427388e+19
mixed,2,fp32_bf16,38,-0.009999999776482582,-45.28998565673828,2.1387581918171084e-20,4.66933209365773e+19
mixed,2,fp32_bf16,39,-0.009999999776482582,-45.299983978271484,2.1175823681357508e-20,4.726978168888073e+19
mixed,2,fp32_bf16,40,-0.009999999776482582,-45.30998229980469,2.0964065444543933e-20,4.755801206503244e+19
mixed,2,fp32_bf16,41,-0.009999999776482582,-45.31998062133789,2.0752307207730358e-20,4.813447281733586e+19
mixed,2,fp32_bf16,42,-0.009999999776482582,-45.329978942871094,2.0540548970916783e-20,4.8710933569639285e+19
mixed,2,fp32_bf16,43,-0.009999999776482582,-45.3399772644043,2.0328790734103208e-20,4.8999163945791e+19
mixed,2,fp32_bf16,44,-0.009999999776482582,-45.3499755859375,2.022291161569642e-20,4.957562469809442e+19
mixed,2,fp32_bf16,45,-0.009999999776482582,-45.3599739074707,2.0011153378882846e-20,5.015208545039784e+19
mixed,2,fp32_bf16,46,-0.009999999776482582,-45.369972229003906,1.979939514206927e-20,5.0440315826549555e+19
mixed,2,fp32_bf16,47,-5.0,-50.369972229003906,1.3317607862103746e-22,7.489378093926078e+21
mixed,2,fp32_bf16,48,-0.009999999776482582,-50.37997055053711,1.315217173959314e-22,7.563165070220916e+21
mixed,2,fp32_bf16,49,-5.0,-55.37997055053711,8.91804097908733e-25,1.1239232229229756e+24
mixed,2,fp32_bf16,50,-0.009999999776482582,-55.38996887207031,8.788794008375919e-25,1.1380903223715845e+24
mixed,2,fp32_bf16,51,-0.009999999776482582,-55.399967193603516,8.724170523020214e-25,1.1475350553373238e+24
mixed,2,fp32_bf16,52,-0.009999999776482582,-55.40996551513672,8.594923552308803e-25,1.1617021547859327e+24
mixed,2,fp32_bf16,53,-0.009999999776482582,-55.41996383666992,8.530300066953098e-25,1.171146887751672e+24
mixed,2,fp32_bf16,54,-0.009999999776482582,-55.429962158203125,8.465676581597393e-25,1.1805916207174113e+24
mixed,2,fp32_bf16,55,-0.009999999776482582,-55.43996047973633,8.401053096241687e-25,1.1947587201660202e+24
mixed,2,fp32_bf16,56,-0.009999999776482582,-55.44995880126953,8.271806125530277e-25,1.2089258196146292e+24
mixed,2,fp32_bf16,57,-5.0,-60.44995880126953,5.5788243217229955e-27,1.7892102130296512e+26
mixed,2,fp32_bf16,58,-0.009999999776482582,-60.459957122802734,5.528337223788851e-27,1.8133887294219438e+26
mixed,2,fp32_bf16,59,-0.009999999776482582,-60.46995544433594,5.477850125854706e-27,1.82547798761809e+26
mixed,2,fp32_bf16,60,-0.009999999776482582,-60.47995376586914,5.427363027920561e-27,1.8496565040103826e+26
mixed,2,fp32_bf16,61,-0.009999999776482582,-60.489952087402344,5.3768759299864165e-27,1.861745762206529e+26
mixed,2,fp32_bf16,62,-0.009999999776482582,-60.49995040893555,5.301145283085199e-27,1.8859242785988215e+26
mixed,2,fp32_bf16,63,-0.009999999776482582,-60.50994873046875,5.2506581851510546e-27,1.8980135367949678e+26
mixed,2,fp32_bf16,64,-5.0,-65.50994873046875,3.549874073494553e-29,2.81631358937424e+28
mixed,2,ftz_model_bf16,1,-5.0,-5.0,0.006744384765625,148.0
mixed,2,ftz_model_bf16,2,-5.0,-10.0,4.5299530029296875e-05,22016.0
mixed,2,ftz_model_bf16,3,-0.009999999776482582,-10.010000228881836,4.506111145019531e-05,22272.0
mixed,2,ftz_model_bf16,4,-0.009999999776482582,-10.020000457763672,4.458427429199219e-05,22528.0
mixed,2,ftz_model_bf16,5,-0.009999999776482582,-10.030000686645508,4.410743713378906e-05,22656.0
mixed,2,ftz_model_bf16,6,-5.0,-15.030001640319824,2.9616057872772217e-07,3375104.0
mixed,2,ftz_model_bf16,7,-0.009999999776482582,-15.04000186920166,2.942979335784912e-07,3407872.0
mixed,2,ftz_model_bf16,8,-0.009999999776482582,-15.050002098083496,2.905726432800293e-07,3440640.0
mixed,2,ftz_model_bf16,9,-0.009999999776482582,-15.060002326965332,2.8870999813079834e-07,3473408.0
mixed,2,ftz_model_bf16,10,-5.0,-20.060001373291016,1.9354047253727913e-09,515899392.0
mixed,2,ftz_model_bf16,11,-0.009999999776482582,-20.07000160217285,1.9208528101444244e-09,520093696.0
mixed,2,ftz_model_bf16,12,-0.009999999776482582,-20.080001831054688,1.9063008949160576e-09,526385152.0
mixed,2,ftz_model_bf16,13,-5.0,-25.080001831054688,1.2846612662542611e-11,77846282240.0
mixed,2,ftz_model_bf16,14,-0.009999999776482582,-25.090002059936523,1.2676082405960187e-11,78920024064.0
mixed,2,ftz_model_bf16,15,-0.009999999776482582,-25.10000228881836,1.2562395568238571e-11,79456894976.0
mixed,2,ftz_model_bf16,16,-0.009999999776482582,-25.110000610351562,1.2448708730516955e-11,80530636800.0
mixed,2,ftz_model_bf16,17,-0.009999999776482582,-25.1200008392334,1.233502189279534e-11,81067507712.0
mixed,2,ftz_model_bf16,18,-0.009999999776482582,-25.130001068115234,1.2221335055073723e-11,82141249536.0
mixed,2,ftz_model_bf16,19,-5.0,-30.130001068115234,8.215650382226158e-14,12163347382272.0
mixed,2,ftz_model_bf16,20,-0.009999999776482582,-30.14000129699707,8.126832540256146e-14,12300786335744.0
mixed,2,ftz_model_bf16,21,-0.009999999776482582,-30.150001525878906,8.038014698286133e-14,12438225289216.0
mixed,2,ftz_model_bf16,22,-0.009999999776482582,-30.160001754760742,7.993605777301127e-14,12506944765952.0
mixed,2,ftz_model_bf16,23,-0.009999999776482582,-30.170001983642578,7.904787935331115e-14,12644383719424.0
mixed,2,ftz_model_bf16,24,-0.009999999776482582,-30.180002212524414,7.815970093361102e-14,12781822672896.0
mixed,2,ftz_model_bf16,25,-5.0,-35.18000030517578,5.273559366969494e-16,1899956092796928.0
mixed,2,ftz_model_bf16,26,-0.009999999776482582,-35.19000244140625,5.204170427930421e-16,1917548278841344.0
mixed,2,ftz_model_bf16,27,-0.009999999776482582,-35.20000076293945,5.169475958410885e-16,1935140464885760.0
mixed,2,ftz_model_bf16,28,-5.0,-40.20000076293945,3.469446951953614e-18,2.8710447624486912e+17
mixed,2,ftz_model_bf16,29,-0.009999999776482582,-40.21000289916992,3.4423418976414766e-18,2.90482175965397e+17
mixed,2,ftz_model_bf16,30,-0.009999999776482582,-40.220001220703125,3.415236843329339e-18,2.9273397577908224e+17
mixed,2,ftz_model_bf16,31,-0.009999999776482582,-40.230003356933594,3.3745792618611326e-18,2.9723757540645274e+17
mixed,2,ftz_model_bf16,32,-0.009999999776482582,-40.2400016784668,3.347474207548995e-18,2.99489375220138e+17
mixed,2,ftz_model_bf16,33,-0.009999999776482582,-40.250003814697266,3.3068166260807885e-18,3.017411750338232e+17
mixed,2,ftz_model_bf16,34,-0.009999999776482582,-40.26000213623047,3.279711571768651e-18,3.062447746611937e+17
mixed,2,ftz_model_bf16,35,-0.009999999776482582,-40.27000427246094,3.2390539903004445e-18,3.08496574474879e+17
mixed,2,ftz_model_bf16,36,-5.0,-45.27000045776367,2.1811098391798234e-20,4.582862980812217e+19
mixed,2,ftz_model_bf16,37,-0.009999999776482582,-45.28000259399414,2.159934015498466e-20,4.611686018427388e+19
mixed,2,ftz_model_bf16,38,-0.009999999776482582,-45.290000915527344,2.1387581918171084e-20,4.66933209365773e+19
mixed,2,ftz_model_bf16,39,-0.009999999776482582,-45.30000305175781,2.1175823681357508e-20,4.726978168888073e+19
mixed,2,ftz_model_bf16,40,-0.009999999776482582,-45.310001373291016,2.0964065444543933e-20,4.755801206503244e+19
mixed,2,ftz_model_bf16,41,-0.009999999776482582,-45.320003509521484,2.0752307207730358e-20,4.813447281733586e+19
mixed,2,ftz_model_bf16,42,-0.009999999776482582,-45.33000183105469,2.0540548970916783e-20,4.8710933569639285e+19
mixed,2,ftz_model_bf16,43,-0.009999999776482582,-45.340003967285156,2.0328790734103208e-20,4.8999163945791e+19
mixed,2,ftz_model_bf16,44,-0.009999999776482582,-45.35000228881836,2.022291161569642e-20,4.957562469809442e+19
mixed,2,ftz_model_bf16,45,-0.009999999776482582,-45.36000442504883,2.0011153378882846e-20,5.015208545039784e+19
mixed,2,ftz_model_bf16,46,-0.009999999776482582,-45.37000274658203,1.979939514206927e-20,5.0440315826549555e+19
mixed,2,ftz_model_bf16,47,-5.0,-50.3700065612793,1.3317607862103746e-22,7.489378093926078e+21
mixed,2,ftz_model_bf16,48,-0.009999999776482582,-50.3800048828125,1.315217173959314e-22,7.563165070220916e+21
mixed,2,ftz_model_bf16,49,-5.0,-55.380008697509766,8.91804097908733e-25,1.1239232229229756e+24
mixed,2,ftz_model_bf16,50,-0.009999999776482582,-55.39000701904297,8.788794008375919e-25,1.1380903223715845e+24
mixed,2,ftz_model_bf16,51,-0.009999999776482582,-55.40000915527344,8.724170523020214e-25,1.1475350553373238e+24
mixed,2,ftz_model_bf16,52,-0.009999999776482582,-55.41000747680664,8.594923552308803e-25,1.1617021547859327e+24
mixed,2,ftz_model_bf16,53,-0.009999999776482582,-55.42000961303711,8.530300066953098e-25,1.171146887751672e+24
mixed,2,ftz_model_bf16,54,-0.009999999776482582,-55.43000793457031,8.465676581597393e-25,1.1805916207174113e+24
mixed,2,ftz_model_bf16,55,-0.009999999776482582,-55.44001007080078,8.401053096241687e-25,1.1947587201660202e+24
mixed,2,ftz_model_bf16,56,-0.009999999776482582,-55.450008392333984,8.271806125530277e-25,1.2089258196146292e+24
mixed,2,ftz_model_bf16,57,-5.0,-60.45001220703125,5.5788243217229955e-27,1.7892102130296512e+26
mixed,2,ftz_model_bf16,58,-0.009999999776482582,-60.46001052856445,5.528337223788851e-27,1.8133887294219438e+26
mixed,2,ftz_model_bf16,59,-0.009999999776482582,-60.47001266479492,5.477850125854706e-27,1.82547798761809e+26
mixed,2,ftz_model_bf16,60,-0.009999999776482582,-60.480010986328125,5.427363027920561e-27,1.8496565040103826e+26
mixed,2,ftz_model_bf16,61,-0.009999999776482582,-60.490013122558594,5.3768759299864165e-27,1.861745762206529e+26
mixed,2,ftz_model_bf16,62,-0.009999999776482582,-60.5000114440918,5.301145283085199e-27,1.8859242785988215e+26
mixed,2,ftz_model_bf16,63,-0.009999999776482582,-60.510013580322266,5.2506581851510546e-27,1.8980135367949678e+26
mixed,2,ftz_model_bf16,64,-5.0,-65.51001739501953,3.549874073494553e-29,2.81631358937424e+28
uniform,3,fp64,1,-0.1705409782526024,-0.1705409782526024,0.8432085357082658,1.185946248943074
uniform,3,fp64,2,-1.4337011336065348,-1.6042421118591372,0.20104186443102104,4.974088371246216
uniform,3,fp64,3,-3.8645747216429216,-5.468816833502059,0.004216217695580352,237.1794039592048
uniform,3,fp64,4,-0.8746351464064733,-6.343451979908532,0.0017582224007335983,568.7562617691376
uniform,3,fp64,5,-3.7768493582294944,-10.120301338138027,4.025399364057056e-05,24842.255626337053
uniform,3,fp64,6,-3.041253134603525,-13.161554472741553,1.9231338812589785e-06,519984.5989637241
uniform,3,fp64,7,-0.99363575132069,-14.155190224062244,7.119983634500813e-07,1404497.6102955756
uniform,3,fp64,8,-2.167077655525927,-16.32226787958817,8.153219373141216e-08,12265093.752956716
uniform,3,fp64,9,-2.0242097224032776,-18.34647760199145,1.0770255723618295e-08,92848306.08126429
uniform,3,fp64,10,-3.892747628268378,-22.239225230259827,2.1959740347227345e-10,4553787905.448804
uniform,3,fp64,11,-0.9324172624829946,-23.171642492742823,8.643378445680388e-11,11569550104.563103
uniform,3,fp64,12,-2.9722009972865573,-26.14384349002938,4.42459003141141e-12,226009639966.80338
uniform,3,fp64,13,-2.2350888623643215,-28.3789323523937,4.733542459411285e-13,2112582719125.6902
uniform,3,fp64,14,-1.7097886893870184,-30.08872104178072,8.563168385274212e-14,11677920543051.166
uniform,3,fp64,15,-4.850212318029215,-34.93893335980994,6.702148375743807e-16,1492058880133371.5
uniform,3,fp64,16,-0.4351876099144286,-35.374120969724366,4.3372500496878163e-16,2305608366001350.0
uniform,3,fp64,17,-0.5744856973323215,-35.94860666705669,2.4418472458573797e-16,4095260265344242.0
uniform,3,fp64,18,-2.665834364052465,-38.61444103110915,1.69809247882526e-17,5.888960774926698e+16
uniform,3,fp64,19,-4.745038514997106,-43.35947954610626,1.4764450731232397e-19,6.773025412212741e+18
uniform,3,fp64,20,-0.636249906473037,-43.9957294525793,7.814432990961562e-20,1.2796833771005956e+19
uniform,3,fp64,21,-3.296883836652343,-47.29261328923164,2.8912058482891162e-21,3.4587644480304107e+20
uniform,3,fp64,22,-2.7322973886012365,-50.02491067783288,1.881296878551848e-22,5.315482162335604e+21
uniform,3,fp64,23,-0.2461201546671571,-50.27103083250004,1.47085110078029e-22,6.798784727220163e+21
uniform,3,fp64,24,-1.3256656041330457,-51.59669643663308,3.9069643923778e-23,2.5595319014192356e+22
uniform,3,fp64,25,-2.2058910314208164,-53.8025874680539,4.303612403275299e-24,2.323629328791185e+23
uniform,3,fp64,26,-0.42316393273050146,-54.225751400784404,2.8187424085635503e-24,3.5476813949438065e+23
uniform,3,fp64,27,-2.16256441494296,-56.38831581572737,3.2423925839646567e-25,3.084142262554905e+24
uniform,3,fp64,28,-2.8487369848849924,-59.23705280061236,1.8779103021891678e-26,5.325067969616297e+25
uniform,3,fp64,29,-2.825674339346946,-62.06272713995931,1.1130125753978373e-27,8.984624451727853e+26
uniform,3,fp64,30,-3.568606425796752,-65.63133356575607,3.1381521237613964e-29,3.186588669262463e+28
uniform,3,fp64,31,-4.193182331841777,-69.82451589759785,4.738032595092974e-31,2.110580668093477e+30
uniform,3,fp64,32,-0.2088697559980801,-70.03338565359593,3.8449178188551923e-31,2.600835823059921e+30
uniform,3,fp64,33,-0.02121164543437859,-70.0545972990303,3.7642196812117445e-31,2.656593091501208e+30
uniform,3,fp64,34,-0.48893546817530664,-70.54353276720562,2.308516511939782e-31,4.3317862134749377e+30
uniform,3,fp64,35,-0.6590257279911277,-71.20255849519674,1.1943228685874797e-31,8.372945258786642e+30
uniform,3,fp64,36,-4.302197489067754,-75.50475598426449,1.616966858217162e-33,6.1844186534693835e+32
uniform,3,fp64,37,-0.9276003530943405,-76.43235633735883,6.395130391592957e-34,1.563689774511245e+33
uniform,3,fp64,38,-2.289423259653444,-78.72177959701227,6.479858396797333e-35,1.54324360003646e+34
uniform,3,fp64,39,-2.423174436372682,-81.14495403338495,5.7437328105835364e-36,1.7410280613286478e+35
uniform,3,fp64,40,-4.558108605783578,-85.70306263916852,6.020503505467715e-38,1.660990644871841e+37
uniform,3,fp64,41,-2.7639521664860163,-88.46701480565454,3.795453189015297e-39,2.6347314805361697e+38
uniform,3,fp64,42,-1.9481152252136154,-90.41513003086816,5.410133066187317e-40,1.8483833720280932e+39
uniform,3,fp64,43,-1.9723429909316637,-92.38747302179982,7.527144782512264e-41,1.3285249970523875e+40
uniform,3,fp64,44,-2.958000191103289,-95.34547321290312,3.908292949447183e-42,2.5586618325052813e+41
uniform,3,fp64,45,-1.7087189045687974,-97.05419211747191,7.07782658651504e-43,1.4128630982641482e+42
uniform,3,fp64,46,-1.8672577445179606,-98.92144986198987,1.093856074901331e-43,9.141970529260012e+42
uniform,3,fp64,47,-3.229715516739012,-102.15116537872888,4.328252175924923e-45,2.3104014261514364e+44
uniform,3,fp64,48,-2.9156942635244283,-105.0668596422533,2.3444589151668348e-46,4.265376516222033e+45
uniform,3,fp64,49,-1.4896950104826168,-106.55655465273593,5.285381055165395e-47,1.8920111711202002e+46
uniform,3,fp64,50,-0.33012169647243905,-106.88667634920837,3.79932348838847e-47,2.6320475291356734e+46
uniform,3,fp64,51,-3.4018844618284474,-110.28856081103682,1.2655713150532126e-48,7.901569734598114e+47
uniform,3,fp64,52,-2.118034514832024,-112.40659532586884,1.5220745362957202e-49,6.569980484882854e+48
uniform,3,fp64,53,-3.7189527536419864,-116.12554807951082,3.692455423530664e-51,2.7082249757908165e+50
uniform,3,fp64,54,-3.228725654205673,-119.3542737337165,1.4625055602162013e-52,6.837580842100666e+51
uniform,3,fp64,55,-1.9158612391959207,-121.27013497291242,2.153027423774848e-53,4.644622678547798e+52
uniform,3,fp64,56,-3.6844548281203715,-124.95458980103278,5.406437178112415e-55,1.849646943181788e+54
uniform,3,fp64,57,-1.7110312368741498,-126.66562103790693,9.768316810205074e-56,1.023717821022439e+55
uniform,3,fp64,58,-1.6813193734459286,-128.34694041135285,1.8181596284228452e-56,5.50006712484011e+55
uniform,3,fp64,59,-1.7915244301849198,-130.13846484153777,3.030978361911208e-57,3.2992647277410518e+56
uniform,3,fp64,60,-2.2074659258950557,-132.34593076743283,3.333439408007342e-58,2.999904535831291e+57
uniform,3,fp64,61,-0.6652184576680548,-133.0111492251009,1.713925182753138e-58,5.834560400085054e+57
uniform,3,fp64,62,-1.700404856899394,-134.71155408200028,3.129791549243075e-59,3.1951009652442993e+58
uniform,3,fp64,63,-0.050319528864863905,-134.76187361086514,2.976198680858407e-59,3.359990737283628e+58
uniform,3,fp64,64,-0.4091854718400828,-135.17105908270523,1.976764473766217e-59,5.058771610230109e+58
uniform,3,fp32,1,-0.1705409782526024,-0.1705409735441208,0.8432085514068604,1.1859462261199951
uniform,3,fp32,2,-1.4337011336065348,-1.6042420864105225,0.20104186236858368,4.974088191986084
uniform,3,fp32,3,-3.8645747216429216,-5.468816757202148,0.004216217901557684,237.17938232421875
uniform,3,fp32,4,-0.8746351464064733,-6.343451976776123,0.001758222351782024,568.7562866210938
uniform,3,fp32,5,-3.7768493582294944,-10.120301246643066,4.025399903184734e-05,24842.25390625
uniform,3,fp32,6,-3.041253134603525,-13.161554336547852,1.9231340502301464e-06,519984.53125
uniform,3,fp32,7,-0.99363575132069,-14.155190467834473,7.119982115000312e-07,1404498.0
uniform,3,fp32,8,-2.167077655525927,-16.322267532348633,8.153222097462276e-08,12265089.0
uniform,3,fp32,9,-2.0242097224032776,-18.346477508544922,1.077025668649867e-08,92848296.0
uniform,3,fp32,10,-3.892747628268378,-22.239225387573242,2.195973680674257e-10,4553788416.0
uniform,3,fp32,11,-0.9324172624829946,-23.171642303466797,8.643379761918979e-11,11569548288.0
uniform,3,fp32,12,-2.9722009972865573,-26.143842697143555,4.424593504082086e-12,226009464832.0
uniform,3,fp32,13,-2.2350888623643215,-28.378931045532227,4.733548622515293e-13,2112579960832.0
uniform,3,fp32,14,-1.7097886893870184,-30.088720321655273,8.563174447957442e-14,11677912268800.0
uniform,3,fp32,15,-4.850212318029215,-34.938934326171875,6.702141842402547e-16,1492060364341248.0
uniform,3,fp32,16,-0.4351876099144286,-35.374122619628906,4.3372427943274856e-16,2305612264243200.0
uniform,3,fp32,17,-0.5744856973323215,-35.9486083984375,2.44184299160805e-16,4095267422863360.0
uniform,3,fp32,18,-2.665834364052465,-38.61444091796875,1.6980926097305088e-17,5.888960226551398e+16
uniform,3,fp32,19,-4.745038514997106,-43.35947799682617,1.4764473415490288e-19,6.773014716844343e+18
uniform,3,fp32,20,-0.636249906473037,-43.9957275390625,7.814448271326904e-20,1.2796809016382587e+19
uniform,3,fp32,21,-3.296883836652343,-47.29261016845703,2.8912149509810824e-21,3.4587536066651934e+20
uniform,3,fp32,22,-2.7322973886012365,-50.024906158447266,1.881305400376595e-22,5.315457902697041e+21
uniform,3,fp32,23,-0.2461201546671571,-50.271026611328125,1.4708572848577574e-22,6.798756157618393e+21
uniform,3,fp32,24,-1.3256656041330457,-51.5966911315918,3.9069850944008634e-23,2.5595183913244987e+22
uniform,3,fp32,25,-2.2058910314208164,-53.802581787109375,4.303636979320472e-24,2.323616194927134e+23
uniform,3,fp32,26,-0.42316393273050146,-54.225746154785156,2.8187571948900405e-24,3.547662688161073e+23
uniform,3,fp32,27,-2.16256441494296,-56.388309478759766,3.242413070494335e-25,3.084122670898546e+24
uniform,3,fp32,28,-2.8487369848849924,-59.23704528808594,1.8779243686678352e-26,5.325028068118162e+25
uniform,3,fp32,29,-2.825674339346946,-62.062721252441406,1.1130190852821857e-27,8.984571556122976e+26
uniform,3,fp32,30,-3.568606425796752,-65.6313247680664,3.1381797654184923e-29,3.1865605803756965e+28
uniform,3,fp32,31,-4.193182331841777,-69.82450866699219,4.738066960650356e-31,2.1105653632423374e+30
uniform,3,fp32,32,-0.2088697559980801,-70.03337860107422,3.8449449257063245e-31,2.600817424093199e+30
uniform,3,fp32,33,-0.02121164543437859,-70.0545883178711,3.764253586191869e-31,2.656569153884912e+30
uniform,3,fp32,34,-0.48893546817530664,-70.54352569580078,2.308532901978186e-31,4.331755599228696e+30
uniform,3,fp32,35,-0.6590257279911277,-71.20255279541016,1.1943296494538183e-31,8.372897520680231e+30
uniform,3,fp32,36,-4.302197489067754,-75.50475311279297,1.6169714580827523e-33,6.1844010393462354e+32
uniform,3,fp32,37,-0.9276003530943405,-76.4323501586914,6.395170027295631e-34,1.5636801302775719e+33
uniform,3,fp32,38,-2.289423259653444,-78.72177124023438,6.47991260890786e-35,1.5432306606656186e+34
uniform,3,fp32,39,-2.423174436372682,-81.14494323730469,5.743794786213682e-36,1.7410093587604223e+35
uniform,3,fp32,40,-4.558108605783578,-85.70304870605469,6.020587487311703e-38,1.6609674675574227e+37
uniform,3,fp32,41,-2.7639521664860163,-88.46700286865234,3.795498165934698e-39,2.6347000164974587e+38
uniform,3,fp32,42,-1.9481152252136154,-90.41511535644531,5.410217188973113e-40,inf
uniform,3,fp32,43,-1.9723429909316637,-92.38745880126953,7.527214830967187e-41,inf
uniform,3,fp32,44,-2.958000191103289,-95.345458984375,3.908221417001915e-42,inf
uniform,3,fp32,45,-1.7087189045687974,-97.0541763305664,7.076557244840326e-43,inf
uniform,3,fp32,46,-1.8672577445179606,-98.92143249511719,1.0930128021733573e-43,inf
uniform,3,fp32,47,-3.229715516739012,-102.1511459350586,4.203895392974451e-45,inf
uniform,3,fp32,48,-2.9156942635244283,-105.06684112548828,0.0,inf
uniform,3,fp32,49,-1.4896950104826168,-106.55653381347656,0.0,inf
uniform,3,fp32,50,-0.33012169647243905,-106.88665771484375,0.0,inf
uniform,3,fp32,51,-3.4018844618284474,-110.28854370117188,0.0,inf
uniform,3,fp32,52,-2.118034514832024,-112.40657806396484,0.0,inf
uniform,3,fp32,53,-3.7189527536419864,-116.12553405761719,0.0,inf
uniform,3,fp32,54,-3.228725654205673,-119.35426330566406,0.0,inf
uniform,3,fp32,55,-1.9158612391959207,-121.27012634277344,0.0,inf
uniform,3,fp32,56,-3.6844548281203715,-124.95458221435547,0.0,inf
uniform,3,fp32,57,-1.7110312368741498,-126.66561126708984,0.0,inf
uniform,3,fp32,58,-1.6813193734459286,-128.346923828125,0.0,inf
uniform,3,fp32,59,-1.7915244301849198,-130.13844299316406,0.0,inf
uniform,3,fp32,60,-2.2074659258950557,-132.3459014892578,0.0,inf
uniform,3,fp32,61,-0.6652184576680548,-133.01112365722656,0.0,inf
uniform,3,fp32,62,-1.700404856899394,-134.71153259277344,0.0,inf
uniform,3,fp32,63,-0.050319528864863905,-134.76185607910156,0.0,inf
uniform,3,fp32,64,-0.4091854718400828,-135.17103576660156,0.0,inf
uniform,3,fp32_bf16,1,-0.1705409782526024,-0.1705409735441208,0.84375,1.1875
uniform,3,fp32_bf16,2,-1.4337011336065348,-1.6042420864105225,0.201171875,4.96875
uniform,3,fp32_bf16,3,-3.8645747216429216,-5.468816757202148,0.00421142578125,237.0
uniform,3,fp32_bf16,4,-0.8746351464064733,-6.343451976776123,0.0017547607421875,568.0
uniform,3,fp32_bf16,5,-3.7768493582294944,-10.120301246643066,4.029273986816406e-05,24832.0
uniform,3,fp32_bf16,6,-3.041253134603525,-13.161554336547852,1.9222497940063477e-06,520192.0
uniform,3,fp32_bf16,7,-0.99363575132069,-14.155190467834473,7.115304470062256e-07,1400832.0
uniform,3,fp32_bf16,8,-2.167077655525927,-16.322267532348633,8.149072527885437e-08,12255232.0
uniform,3,fp32_bf16,9,-2.0242097224032776,-18.346477508544922,1.076841726899147e-08,92798976.0
uniform,3,fp32_bf16,10,-3.892747628268378,-22.239225387573242,2.191882231272757e-10,4563402752.0
uniform,3,fp32_bf16,11,-0.9324172624829946,-23.171642303466797,8.640199666842818e-11,11542724608.0
uniform,3,fp32_bf16,12,-2.9722009972865573,-26.143842697143555,4.433786671143025e-12,225485783040.0
uniform,3,fp32_bf16,13,-2.2350888623643215,-28.378931045532227,4.725109192804666e-13,2113123909632.0
uniform,3,fp32_bf16,14,-1.7097886893870184,-30.088720321655273,8.570921750106208e-14,11682311045120.0
uniform,3,fp32_bf16,15,-4.850212318029215,-34.938934326171875,6.696032617270475e-16,1495335813775360.0
uniform,3,fp32_bf16,16,-0.4351876099144286,-35.374122619628906,4.3368086899420177e-16,2304576371818496.0
uniform,3,fp32_bf16,17,-0.5744856973323215,-35.9486083984375,2.445960101127298e-16,4098979348348928.0
uniform,3,fp32_bf16,18,-2.665834364052465,-38.61444091796875,1.702197410802242e-17,5.88282701325271e+16
uniform,3,fp32_bf16,19,-4.745038514997106,-43.35947799682617,1.4738373282224826e-19,6.773413839565226e+18
uniform,3,fp32_bf16,20,-0.636249906473037,-43.9957275390625,7.835054762102278e-20,1.2826251738751173e+19
uniform,3,fp32_bf16,21,-3.296883836652343,-47.29261016845703,2.8852059765849605e-21,3.458764513820541e+20
uniform,3,fp32_bf16,22,-2.7322973886012365,-50.024906158447266,1.8776999904953728e-22,5.312662293228351e+21
uniform,3,fp32_bf16,23,-0.2461201546671571,-50.271026611328125,1.4723814903443893e-22,6.788401819125115e+21
uniform,3,fp32_bf16,24,-1.3256656041330457,-51.5966911315918,3.908428394313056e-23,2.553029379801402e+22
uniform,3,fp32_bf16,25,-2.2058910314208164,-53.802581787109375,4.290999427618831e-24,2.3257654928133003e+23
uniform,3,fp32_bf16,26,-0.42316393273050146,-54.225746154785156,2.8175839615087505e-24,3.541774862152234e+23
uniform,3,fp32_bf16,27,-2.16256441494296,-56.388309478759766,3.2473301391241907e-25,3.0789829468310087e+24
uniform,3,fp32_bf16,28,-2.8487369848849924,-59.23704528808594,1.878120043150185e-26,5.319273606304368e+25
uniform,3,fp32_bf16,29,-2.825674339346946,-62.062721252441406,1.1107161545511846e-27,8.994408097932841e+26
uniform,3,fp32_bf16,30,-3.568606425796752,-65.6313247680664,3.135722098253522e-29,3.187695601159854e+28
uniform,3,fp32_bf16,31,-4.193182331841777,-69.82450866699219,4.745491382970149e-31,2.109449826942288e+30
uniform,3,fp32_bf16,32,-0.2088697559980801,-70.03337860107422,3.8518598887744717e-31,2.594722322342157e+30
uniform,3,fp32_bf16,33,-0.02121164543437859,-70.0545883178711,3.7594152514438844e-31,2.6541434442278553e+30
uniform,3,fp32_bf16,34,-0.48893546817530664,-70.54352569580078,2.311115933264683e-31,4.3377418976559725e+30
uniform,3,fp32_bf16,35,-0.6590257279911277,-71.20255279541016,1.1940765655200862e-31,8.358571145254888e+30
uniform,3,fp32_bf16,36,-4.302197489067754,-75.50475311279297,1.61296632842431e-33,6.1861349291137595e+32
uniform,3,fp32_bf16,37,-0.9276003530943405,-76.4323501586914,6.409735596163769e-34,1.5617455394811786e+33
uniform,3,fp32_bf16,38,-2.289423259653444,-78.72177124023438,6.46992090692587e-35,1.541463129877527e+34
uniform,3,fp32_bf16,39,-2.423174436372682,-81.14494323730469,5.736412432012763e-36,1.7394194476091673e+35
uniform,3,fp32_bf16,40,-4.558108605783578,-85.70304870605469,6.024408547964223e-38,1.6615349947311448e+37
uniform,3,fp32_bf16,41,-2.7639521664860163,-88.46700286865234,3.76525534247764e-39,2.6318714316541334e+38
uniform,3,fp32_bf16,42,-1.9481152252136154,-90.41511535644531,5.510129769479473e-40,inf
uniform,3,fp32_bf16,43,-1.9723429909316637,-92.38745880126953,9.183549615799121e-41,inf
uniform,3,fp32_bf16,44,-2.958000191103289,-95.345458984375,0.0,inf
uniform,3,fp32_bf16,45,-1.7087189045687974,-97.0541763305664,0.0,inf
uniform,3,fp32_bf16,46,-1.8672577445179606,-98.92143249511719,0.0,inf
uniform,3,fp32_bf16,47,-3.229715516739012,-102.1511459350586,0.0,inf
uniform,3,fp32_bf16,48,-2.9156942635244283,-105.06684112548828,0.0,inf
uniform,3,fp32_bf16,49,-1.4896950104826168,-106.55653381347656,0.0,inf
uniform,3,fp32_bf16,50,-0.33012169647243905,-106.88665771484375,0.0,inf
uniform,3,fp32_bf16,51,-3.4018844618284474,-110.28854370117188,0.0,inf
uniform,3,fp32_bf16,52,-2.118034514832024,-112.40657806396484,0.0,inf
uniform,3,fp32_bf16,53,-3.7189527536419864,-116.12553405761719,0.0,inf
uniform,3,fp32_bf16,54,-3.228725654205673,-119.35426330566406,0.0,inf
uniform,3,fp32_bf16,55,-1.9158612391959207,-121.27012634277344,0.0,inf
uniform,3,fp32_bf16,56,-3.6844548281203715,-124.95458221435547,0.0,inf
uniform,3,fp32_bf16,57,-1.7110312368741498,-126.66561126708984,0.0,inf
uniform,3,fp32_bf16,58,-1.6813193734459286,-128.346923828125,0.0,inf
uniform,3,fp32_bf16,59,-1.7915244301849198,-130.13844299316406,0.0,inf
uniform,3,fp32_bf16,60,-2.2074659258950557,-132.3459014892578,0.0,inf
uniform,3,fp32_bf16,61,-0.6652184576680548,-133.01112365722656,0.0,inf
uniform,3,fp32_bf16,62,-1.700404856899394,-134.71153259277344,0.0,inf
uniform,3,fp32_bf16,63,-0.050319528864863905,-134.76185607910156,0.0,inf
uniform,3,fp32_bf16,64,-0.4091854718400828,-135.17103576660156,0.0,inf
uniform,3,ftz_model_bf16,1,-0.1705409782526024,-0.1705409735441208,0.84375,1.1875
uniform,3,ftz_model_bf16,2,-1.4337011336065348,-1.6042420864105225,0.201171875,4.96875
uniform,3,ftz_model_bf16,3,-3.8645747216429216,-5.468816757202148,0.00421142578125,237.0
uniform,3,ftz_model_bf16,4,-0.8746351464064733,-6.343451976776123,0.0017547607421875,568.0
uniform,3,ftz_model_bf16,5,-3.7768493582294944,-10.120301246643066,4.029273986816406e-05,24832.0
uniform,3,ftz_model_bf16,6,-3.041253134603525,-13.161554336547852,1.9222497940063477e-06,520192.0
uniform,3,ftz_model_bf16,7,-0.99363575132069,-14.155190467834473,7.115304470062256e-07,1400832.0
uniform,3,ftz_model_bf16,8,-2.167077655525927,-16.322269439697266,8.149072527885437e-08,12255232.0
uniform,3,ftz_model_bf16,9,-2.0242097224032776,-18.346477508544922,1.076841726899147e-08,92798976.0
uniform,3,ftz_model_bf16,10,-3.892747628268378,-22.239225387573242,2.191882231272757e-10,4563402752.0
uniform,3,ftz_model_bf16,11,-0.9324172624829946,-23.171640396118164,8.640199666842818e-11,11542724608.0
uniform,3,ftz_model_bf16,12,-2.9722009972865573,-26.143842697143555,4.433786671143025e-12,225485783040.0
uniform,3,ftz_model_bf16,13,-2.2350888623643215,-28.378931045532227,4.725109192804666e-13,2113123909632.0
uniform,3,ftz_model_bf16,14,-1.7097886893870184,-30.088720321655273,8.570921750106208e-14,11682311045120.0
uniform,3,ftz_model_bf16,15,-4.850212318029215,-34.93893051147461,6.696032617270475e-16,1495335813775360.0
uniform,3,ftz_model_bf16,16,-0.4351876099144286,-35.37411880493164,4.3368086899420177e-16,2304576371818496.0
uniform,3,ftz_model_bf16,17,-0.5744856973323215,-35.948604583740234,2.445960101127298e-16,4098979348348928.0
uniform,3,ftz_model_bf16,18,-2.665834364052465,-38.614437103271484,1.702197410802242e-17,5.88282701325271e+16
uniform,3,ftz_model_bf16,19,-4.745038514997106,-43.35947799682617,1.4738373282224826e-19,6.773413839565226e+18
uniform,3,ftz_model_bf16,20,-0.636249906473037,-43.9957275390625,7.835054762102278e-20,1.2826251738751173e+19
uniform,3,ftz_model_bf16,21,-3.296883836652343,-47.29261016845703,2.8852059765849605e-21,3.458764513820541e+20
uniform,3,ftz_model_bf16,22,-2.7322973886012365,-50.024906158447266,1.8776999904953728e-22,5.312662293228351e+21
uniform,3,ftz_model_bf16,23,-0.2461201546671571,-50.27103042602539,1.4723814903443893e-22,6.788401819125115e+21
uniform,3,ftz_model_bf16,24,-1.3256656041330457,-51.59669494628906,3.908428394313056e-23,2.553029379801402e+22
uniform,3,ftz_model_bf16,25,-2.2058910314208164,-53.80258560180664,4.290999427618831e-24,2.3257654928133003e+23
uniform,3,ftz_model_bf16,26,-0.42316393273050146,-54.225746154785156,2.8175839615087505e-24,3.541774862152234e+23
uniform,3,ftz_model_bf16,27,-2.16256441494296,-56.388309478759766,3.2473301391241907e-25,3.0789829468310087e+24
uniform,3,ftz_model_bf16,28,-2.8487369848849924,-59.23704528808594,1.878120043150185e-26,5.319273606304368e+25
uniform,3,ftz_model_bf16,29,-2.825674339346946,-62.06271743774414,1.1107161545511846e-27,8.994408097932841e+26
uniform,3,ftz_model_bf16,30,-3.568606425796752,-65.6313247680664,3.135722098253522e-29,3.187695601159854e+28
uniform,3,ftz_model_bf16,31,-4.193182331841777,-69.82450866699219,4.745491382970149e-31,2.109449826942288e+30
uniform,3,ftz_model_bf16,32,-0.2088697559980801,-70.03337860107422,3.8518598887744717e-31,2.594722322342157e+30
uniform,3,ftz_model_bf16,33,-0.02121164543437859,-70.05459594726562,3.7594152514438844e-31,2.6541434442278553e+30
uniform,3,ftz_model_bf16,34,-0.48893546817530664,-70.54352569580078,2.311115933264683e-31,4.3377418976559725e+30
uniform,3,ftz_model_bf16,35,-0.6590257279911277,-71.20255279541016,1.1940765655200862e-31,8.358571145254888e+30
uniform,3,ftz_model_bf16,36,-4.302197489067754,-75.50475311279297,1.61296632842431e-33,6.1861349291137595e+32
uniform,3,ftz_model_bf16,37,-0.9276003530943405,-76.4323501586914,6.409735596163769e-34,1.5617455394811786e+33
uniform,3,ftz_model_bf16,38,-2.289423259653444,-78.72177124023438,6.46992090692587e-35,1.541463129877527e+34
uniform,3,ftz_model_bf16,39,-2.423174436372682,-81.14495086669922,5.736412432012763e-36,1.7394194476091673e+35
uniform,3,ftz_model_bf16,40,-4.558108605783578,-85.70305633544922,6.024408547964223e-38,1.6615349947311448e+37
uniform,3,ftz_model_bf16,41,-2.7639521664860163,-88.46701049804688,0.0,2.6318714316541334e+38
uniform,3,ftz_model_bf16,42,-1.9481152252136154,-90.41512298583984,0.0,inf
uniform,3,ftz_model_bf16,43,-1.9723429909316637,-92.38746643066406,0.0,inf
uniform,3,ftz_model_bf16,44,-2.958000191103289,-95.34546661376953,0.0,inf
uniform,3,ftz_model_bf16,45,-1.7087189045687974,-97.05418395996094,0.0,inf
uniform,3,ftz_model_bf16,46,-1.8672577445179606,-98.92144012451172,0.0,inf
uniform,3,ftz_model_bf16,47,-3.229715516739012,-102.15116119384766,0.0,inf
uniform,3,ftz_model_bf16,48,-2.9156942635244283,-105.06684875488281,0.0,inf
uniform,3,ftz_model_bf16,49,-1.4896950104826168,-106.5565414428711,0.0,inf
uniform,3,ftz_model_bf16,50,-0.33012169647243905,-106.88665771484375,0.0,inf
uniform,3,ftz_model_bf16,51,-3.4018844618284474,-110.28854370117188,0.0,inf
uniform,3,ftz_model_bf16,52,-2.118034514832024,-112.40657806396484,0.0,inf
uniform,3,ftz_model_bf16,53,-3.7189527536419864,-116.12552642822266,0.0,inf
uniform,3,ftz_model_bf16,54,-3.228725654205673,-119.35425567626953,0.0,inf
uniform,3,ftz_model_bf16,55,-1.9158612391959207,-121.2701187133789,0.0,inf
uniform,3,ftz_model_bf16,56,-3.6844548281203715,-124.95457458496094,0.0,inf
uniform,3,ftz_model_bf16,57,-1.7110312368741498,-126.66560363769531,0.0,inf
uniform,3,ftz_model_bf16,58,-1.6813193734459286,-128.346923828125,0.0,inf
uniform,3,ftz_model_bf16,59,-1.7915244301849198,-130.13844299316406,0.0,inf
uniform,3,ftz_model_bf16,60,-2.2074659258950557,-132.3459014892578,0.0,inf
uniform,3,ftz_model_bf16,61,-0.6652184576680548,-133.01112365722656,0.0,inf
uniform,3,ftz_model_bf16,62,-1.700404856899394,-134.71153259277344,0.0,inf
uniform,3,ftz_model_bf16,63,-0.050319528864863905,-134.76185607910156,0.0,inf
uniform,3,ftz_model_bf16,64,-0.4091854718400828,-135.17103576660156,0.0,inf
mixed,3,fp64,1,-0.009999999776482582,-0.009999999776482582,0.9900498339704614,1.0100501668584043
mixed,3,fp64,2,-0.009999999776482582,-0.019999999552965164,0.9801986737449383,1.0202013395706904
mixed,3,fp64,3,-0.009999999776482582,-0.029999999329447746,0.9704455341992426,1.0304545332625432
mixed,3,fp64,4,-0.009999999776482582,-0.03999999910593033,0.9607894400113359,1.0408107732618308
mixed,3,fp64,5,-0.009999999776482582,-0.04999999888241291,0.9512294255637957,1.051271095201137
mixed,3,fp64,6,-0.009999999776482582,-0.05999999865889549,0.9417645348472534,1.0618365451213259
mixed,3,fp64,7,-0.009999999776482582,-0.06999999843537807,0.9323938213647921,1.0725081795761466
mixed,3,fp64,8,-0.009999999776482582,-0.07999999821186066,0.9231163480372965,1.0832870657378904
mixed,3,fp64,9,-0.009999999776482582,-0.08999999798834324,0.9139311871097441,1.0941742815041073
mixed,3,fp64,10,-0.009999999776482582,-0.09999999776482582,0.9048374200584288,1.1051709156053982
mixed,3,fp64,11,-5.0,-5.099999997764826,0.0060967465791429264,164.0219069332842
mixed,3,fp64,12,-0.009999999776482582,-5.109999997541308,0.006036082938440433,165.67035446639738
mixed,3,fp64,13,-5.0,-10.109999997541308,4.067080692129571e-05,24587.660676001695
mixed,3,fp64,14,-0.009999999776482582,-10.119999997317791,4.026612563987351e-05,24834.770768453338
mixed,3,fp64,15,-0.009999999776482582,-10.129999997094274,3.9865471004390504e-05,25084.364358566512
mixed,3,fp64,16,-0.009999999776482582,-10.139999996870756,3.946880294905106e-05,25336.466405907115
mixed,3,fp64,17,-0.009999999776482582,-10.149999996647239,3.9076081806720865e-05,25591.102120888838
mixed,3,fp64,18,-0.009999999776482582,-10.159999996423721,3.868726830496016e-05,25848.29696729423
mixed,3,fp64,19,-0.009999999776482582,-10.169999996200204,3.83023235620965e-05,26108.076664821125
mixed,3,fp64,20,-5.0,-15.169999996200204,2.580790261032287e-07,3874782.135918365
mixed,3,fp64,21,-0.009999999776482582,-15.179999995976686,2.5551109694475995e-07,3913724.3429243085
mixed,3,fp64,22,-0.009999999776482582,-15.189999995753169,2.529687191077701e-07,3953057.925608496
mixed,3,fp64,23,-0.009999999776482582,-15.199999995529652,2.5045163835236807e-07,3992786.817361799
mixed,3,fp64,24,-0.009999999776482582,-15.209999995306134,2.4795960296839206e-07,4032914.991106322
mixed,3,fp64,25,-0.009999999776482582,-15.219999995082617,2.454923637502381e-07,4073446.4596927003
mixed,3,fp64,26,-0.009999999776482582,-15.2299999948591,2.4304967397193936e-07,4114385.276301388
mixed,3,fp64,27,-0.009999999776482582,-15.239999994635582,2.4063128936249333e-07,4155735.534847979
mixed,3,fp64,28,-5.0,-20.239999994635582,1.6213608740460787e-09,616765839.1216244
mixed,3,fp64,29,-0.009999999776482582,-20.249999994412065,1.6052280641555224e-09,622964438.7173604
mixed,3,fp64,30,-0.009999999776482582,-20.259999994188547,1.5892557784019e-09,629225335.273322
mixed,3,fp64,31,-0.009999999776482582,-20.26999999396503,1.5734424195433977e-09,635549154.8843542
mixed,3,fp64,32,-0.009999999776482582,-20.279999993741512,1.557786406231022e-09,641936529.9376599
mixed,3,fp64,33,-5.0,-25.279999993741512,1.0496282241080449e-11,95271828351.39384
mixed,3,fp64,34,-0.009999999776482582,-25.289999993517995,1.0391842490088802e-11,96229326123.23059
mixed,3,fp64,35,-0.009999999776482582,-25.299999993294477,1.0288441931959604e-11,97196446907.44086
mixed,3,fp64,36,-0.009999999776482582,-25.30999999307096,1.018607022655134e-11,98173287416.90468
mixed,3,fp64,37,-5.0,-30.30999999307096,6.863320131546543e-14,14570207725028.055
mixed,3,fp64,38,-5.0,-35.30999999307096,4.62446872841169e-16,2162410557252179.5
mixed,3,fp64,39,-0.009999999776482582,-35.31999999284744,4.578454496765584e-16,2184143144168938.8
mixed,3,fp64,40,-0.009999999776482582,-35.329999992623925,4.53289811436408e-16,2206094147210476.2
mixed,3,fp64,41,-0.009999999776482582,-35.33999999240041,4.487795025531175e-16,2228265761495290.5
mixed,3,fp64,42,-0.009999999776482582,-35.34999999217689,4.443140719920602e-16,2250660204203187.5
mixed,3,fp64,43,-0.009999999776482582,-35.35999999195337,4.3989307320647885e-16,2273279714796999.5
mixed,3,fp64,44,-0.009999999776482582,-35.369999991729856,4.3551606409283046e-16,2296126555246535.0
mixed,3,fp64,45,-5.0,-40.369999991729856,2.934484157107801e-18,3.4077539576345517e+17
mixed,3,fp64,46,-0.009999999776482582,-40.37999999150634,2.9052855525335275e-18,3.442002453521167e+17
mixed,3,fp64,47,-0.009999999776482582,-40.38999999128282,2.8763774789225994e-18,3.476595152506091e+17
mixed,3,fp64,48,-0.009999999776482582,-40.3999999910593,2.847757045443694e-18,3.511535513887896e+17
mixed,3,fp64,49,-0.009999999776482582,-40.409999990835786,2.819421390029741e-18,3.546827031731682e+17
mixed,3,fp64,50,-0.009999999776482582,-40.41999999061227,2.7913676790917126e-18,3.5824732352184845e+17
mixed,3,fp64,51,-0.009999999776482582,-40.42999999038875,2.7635931072352624e-18,3.618477688998197e+17
mixed,3,fp64,52,-0.009999999776482582,-40.439999990165234,2.736094896980183e-18,3.654843993546042e+17
mixed,3,fp64,53,-0.009999999776482582,-40.449999989941716,2.7088702984826572e-18,3.691575785522616e+17
mixed,3,fp64,54,-0.009999999776482582,-40.4599999897182,2.681916589260269e-18,3.7286767381375635e+17
mixed,3,fp64,55,-0.009999999776482582,-40.46999998949468,2.6552310739197557e-18,3.7661505615168966e+17
mixed,3,fp64,56,-0.009999999776482582,-40.479999989271164,2.628811083887464e-18,3.804001003074014e+17
mixed,3,fp64,57,-0.009999999776482582,-40.48999998904765,2.6026539771424927e-18,3.8422318478844454e+17
mixed,3,fp64,58,-0.009999999776482582,-40.49999998882413,2.576757137952486e-18,3.880846919064359e+17
mixed,3,fp64,59,-0.009999999776482582,-40.50999998860061,2.55111797661206e-18,3.91985007815288e+17
mixed,3,fp64,60,-0.009999999776482582,-40.519999988377094,2.5257339291838297e-18,3.959245225498245e+17
mixed,3,fp64,61,-5.0,-45.519999988377094,1.701826134863253e-20,5.876040915779878e+19
mixed,3,fp64,62,-0.009999999776482582,-45.52999998815358,1.6848926822679558e-20,5.935096107450276e+19
mixed,3,fp64,63,-0.009999999776482582,-45.53999998793006,1.6681277203374352e-20,5.994744813650818e+19
mixed,3,fp64,64,-0.009999999776482582,-45.54999998770654,1.6515295725616018e-20,6.0549929993015615e+19
mixed,3,fp32,1,-0.009999999776482582,-0.009999999776482582,0.9900498390197754,1.0100501775741577
mixed,3,fp32,2,-0.009999999776482582,-0.019999999552965164,0.9801986813545227,1.020201325416565
mixed,3,fp32,3,-0.009999999776482582,-0.029999999329447746,0.9704455137252808,1.0304545164108276
mixed,3,fp32,4,-0.009999999776482582,-0.03999999910593033,0.9607894420623779,1.0408108234405518
mixed,3,fp32,5,-0.009999999776482582,-0.04999999701976776,0.951229453086853,1.0512710809707642
mixed,3,fp32,6,-0.009999999776482582,-0.059999994933605194,0.9417645335197449,1.06183660030365
mixed,3,fp32,7,-0.009999999776482582,-0.06999999284744263,0.9323938488960266,1.0725082159042358
mixed,3,fp32,8,-0.009999999776482582,-0.07999999076128006,0.9231163263320923,1.083287000656128
mixed,3,fp32,9,-0.009999999776482582,-0.08999998867511749,0.9139311909675598,1.0941742658615112
mixed,3,fp32,10,-0.009999999776482582,-0.09999998658895493,0.904837429523468,1.1051708459854126
mixed,3,fp32,11,-5.0,-5.099999904632568,0.006096747238188982,164.0218963623047
mixed,3,fp32,12,-0.009999999776482582,-5.110000133514404,0.006036082282662392,165.67037963867188
mixed,3,fp32,13,-5.0,-10.110000610351562,4.0670780435903e-05,24587.67578125
mixed,3,fp32,14,-0.009999999776482582,-10.120000839233398,4.0266091673402116e-05,24834.791015625
mixed,3,fp32,15,-0.009999999776482582,-10.130001068115234,3.986542651546188e-05,25084.390625
mixed,3,fp32,16,-0.009999999776482582,-10.14000129699707,3.946875222027302e-05,25336.5
mixed,3,fp32,17,-0.009999999776482582,-10.150001525878906,3.9076021494111046e-05,25591.140625
mixed,3,fp32,18,-0.009999999776482582,-10.160001754760742,3.86872015951667e-05,25848.341796875
mixed,3,fp32,19,-0.009999999776482582,-10.170001983642578,3.830224886769429e-05,26108.12890625
mixed,3,fp32,20,-5.0,-15.170001983642578,2.580785007921804e-07,3874789.75
mixed,3,fp32,21,-0.009999999776482582,-15.180002212524414,2.5551054250172456e-07,3913733.0
mixed,3,fp32,22,-0.009999999776482582,-15.19000244140625,2.529681069063372e-07,3953067.5
mixed,3,fp32,23,-0.009999999776482582,-15.200002670288086,2.504509666323429e-07,3992797.5
mixed,3,fp32,24,-0.009999999776482582,-15.210002899169922,2.479588943060662e-07,4032926.75
mixed,3,fp32,25,-0.009999999776482582,-15.220003128051758,2.4549160571041284e-07,4073459.25
mixed,3,fp32,26,-0.009999999776482582,-15.230003356933594,2.430488450499979e-07,4114399.0
mixed,3,fp32,27,-0.009999999776482582,-15.24000358581543,2.406304133728554e-07,4155750.5
mixed,3,fp32,28,-5.0,-20.24000358581543,1.6213550502186536e-09,616768064.0
mixed,3,fp32,29,-0.009999999776482582,-20.250003814697266,1.6052219553586156e-09,622966848.0
mixed,3,fp32,30,-0.009999999776482582,-20.2600040435791,1.5892493987479384e-09,629227904.0
mixed,3,fp32,31,-0.009999999776482582,-20.270004272460938,1.573435715052085e-09,635551872.0
mixed,3,fp32,32,-0.009999999776482582,-20.280004501342773,1.557779349958821e-09,641939392.0
mixed,3,fp32,33,-5.0,-25.280004501342773,1.0496234957579897e-11,95272255488.0
mixed,3,fp32,34,-0.009999999776482582,-25.29000473022461,1.03917933286235e-11,96229785600.0
mixed,3,fp32,35,-0.009999999776482582,-25.300004959106445,1.0288390799029212e-11,97196933120.0
mixed,3,fp32,36,-0.009999999776482582,-25.31000518798828,1.0186016960456179e-11,98173796352.0
mixed,3,fp32,37,-5.0,-30.31000518798828,6.86328435490352e-14,14570283335680.0
mixed,3,fp32,38,-5.0,-35.31000518798828,4.624444667566225e-16,2162421812690944.0
mixed,3,fp32,39,-0.009999999776482582,-35.320003509521484,4.5784386024317e-16,2184150857547776.0
mixed,3,fp32,40,-0.009999999776482582,-35.33000183105469,4.532889935088692e-16,2206098140430336.0
mixed,3,fp32,41,-0.009999999776482582,-35.34000015258789,4.487794430372465e-16,2228266077257728.0
mixed,3,fp32,42,-0.009999999776482582,-35.349998474121094,4.443147323722691e-16,2250656815513600.0
mixed,3,fp32,43,-0.009999999776482582,-35.3599967956543,4.398944909370225e-16,2273272502681600.0
mixed,3,fp32,44,-0.009999999776482582,-35.3699951171875,4.3551818933591476e-16,2296115286245376.0
mixed,3,fp32,45,-5.0,-40.3699951171875,2.934498496467608e-18,3.407737347406561e+17
mixed,3,fp32,46,-0.009999999776482582,-40.3799934387207,2.905304604313621e-18,3.4419799190667264e+17
mixed,3,fp32,47,-0.009999999776482582,-40.389991760253906,2.87640105255464e-18,3.476566431707955e+17
mixed,3,fp32,48,-0.009999999776482582,-40.39999008178711,2.8477853596488272e-18,3.511500664901468e+17
mixed,3,fp32,49,-0.009999999776482582,-40.40998840332031,2.8194540100785798e-18,3.546786054621102e+17
mixed,3,fp32,50,-0.009999999776482582,-40.419986724853516,2.791404729097213e-18,3.58242569324331e+17
mixed,3,fp32,51,-0.009999999776482582,-40.42998504638672,2.7636344147774295e-18,3.618423703936696e+17
mixed,3,fp32,52,-0.009999999776482582,-40.43998336791992,2.736140378782239e-18,3.654783179077714e+17
mixed,3,fp32,53,-0.009999999776482582,-40.449981689453125,2.70891993277465e-18,3.691508241834967e+17
mixed,3,fp32,54,-0.009999999776482582,-40.45998001098633,2.6819701816225193e-18,3.7286023281822925e+17
mixed,3,fp32,55,-0.009999999776482582,-40.46997833251953,2.655288643784009e-18,3.766068874093527e+17
mixed,3,fp32,56,-0.009999999776482582,-40.479976654052734,2.6288724241269748e-18,3.8039123463346586e+17
mixed,3,fp32,57,-0.009999999776482582,-40.48997497558594,2.6027190411095794e-18,3.84213583728214e+17
mixed,3,fp32,58,-0.009999999776482582,-40.49997329711914,2.576826013189985e-18,3.880743470104576e+17
mixed,3,fp32,59,-0.009999999776482582,-40.509971618652344,2.551190445236048e-18,3.9197390243731866e+17
mixed,3,fp32,60,-0.009999999776482582,-40.51996994018555,2.5258098557059303e-18,3.959126279659192e+17
mixed,3,fp32,61,-5.0,-45.51996994018555,1.7018772583009716e-20,5.875864465820982e+19
mixed,3,fp32,62,-0.009999999776482582,-45.52996826171875,1.6849460666964902e-20,5.934907800427902e+19
mixed,3,fp32,63,-0.009999999776482582,-45.53996658325195,1.6681833808300738e-20,5.99454443150917e+19
mixed,3,fp32,64,-0.009999999776482582,-45.549964904785156,1.6515875851145885e-20,6.054780516329901e+19
mixed,3,fp32_bf16,1,-0.009999999776482582,-0.009999999776482582,0.98828125,1.0078125
mixed,3,fp32_bf16,2,-0.009999999776482582,-0.019999999552965164,0.98046875,1.0234375
mixed,3,fp32_bf16,3,-0.009999999776482582,-0.029999999329447746,0.96875,1.03125
mixed,3,fp32_bf16,4,-0.009999999776482582,-0.03999999910593033,0.9609375,1.0390625
mixed,3,fp32_bf16,5,-0.009999999776482582,-0.04999999701976776,0.953125,1.0546875
mixed,3,fp32_bf16,6,-0.009999999776482582,-0.059999994933605194,0.94140625,1.0625
mixed,3,fp32_bf16,7,-0.009999999776482582,-0.06999999284744263,0.93359375,1.0703125
mixed,3,fp32_bf16,8,-0.009999999776482582,-0.07999999076128006,0.921875,1.0859375
mixed,3,fp32_bf16,9,-0.009999999776482582,-0.08999998867511749,0.9140625,1.09375
mixed,3,fp32_bf16,10,-0.009999999776482582,-0.09999998658895493,0.90625,1.1015625
mixed,3,fp32_bf16,11,-5.0,-5.099999904632568,0.006103515625,164.0
mixed,3,fp32_bf16,12,-0.009999999776482582,-5.110000133514404,0.00604248046875,166.0
mixed,3,fp32_bf16,13,-5.0,-10.110000610351562,4.076957702636719e-05,24576.0
mixed,3,fp32_bf16,14,-0.009999999776482582,-10.120000839233398,4.029273986816406e-05,24832.0
mixed,3,fp32_bf16,15,-0.009999999776482582,-10.130001068115234,3.981590270996094e-05,25088.0
mixed,3,fp32_bf16,16,-0.009999999776482582,-10.14000129699707,3.9577484130859375e-05,25344.0
mixed,3,fp32_bf16,17,-0.009999999776482582,-10.150001525878906,3.910064697265625e-05,25600.0
mixed,3,fp32_bf16,18,-0.009999999776482582,-10.160001754760742,3.8623809814453125e-05,25856.0
mixed,3,fp32_bf16,19,-0.009999999776482582,-10.170001983642578,3.838539123535156e-05,26112.0
mixed,3,fp32_bf16,20,-5.0,-15.170001983642578,2.5890767574310303e-07,3866624.0
mixed,3,fp32_bf16,21,-0.009999999776482582,-15.180002212524414,2.551823854446411e-07,3915776.0
mixed,3,fp32_bf16,22,-0.009999999776482582,-15.19000244140625,2.5331974029541016e-07,3948544.0
mixed,3,fp32_bf16,23,-0.009999999776482582,-15.200002670288086,2.4959444999694824e-07,3997696.0
mixed,3,fp32_bf16,24,-0.009999999776482582,-15.210002899169922,2.477318048477173e-07,4030464.0
mixed,3,fp32_bf16,25,-0.009999999776482582,-15.220003128051758,2.4586915969848633e-07,4079616.0
mixed,3,fp32_bf16,26,-0.009999999776482582,-15.230003356933594,2.421438694000244e-07,4112384.0
mixed,3,fp32_bf16,27,-0.009999999776482582,-15.24000358581543,2.4028122425079346e-07,4161536.0
mixed,3,fp32_bf16,28,-5.0,-20.24000358581543,1.622538547962904e-09,616562688.0
mixed,3,fp32_bf16,29,-0.009999999776482582,-20.250003814697266,1.6079866327345371e-09,624951296.0
mixed,3,fp32_bf16,30,-0.009999999776482582,-20.2600040435791,1.5861587598919868e-09,629145600.0
mixed,3,fp32_bf16,31,-0.009999999776482582,-20.270004272460938,1.57160684466362e-09,637534208.0
mixed,3,fp32_bf16,32,-0.009999999776482582,-20.280004501342773,1.5570549294352531e-09,641728512.0
mixed,3,fp32_bf16,33,-5.0,-25.280004501342773,1.0516032489249483e-11,95026151424.0
mixed,3,fp32_bf16,34,-0.009999999776482582,-25.29000473022461,1.0402345651527867e-11,96099893248.0
mixed,3,fp32_bf16,35,-0.009999999776482582,-25.300004959106445,1.028865881380625e-11,97173635072.0
mixed,3,fp32_bf16,36,-0.009999999776482582,-25.31000518798828,1.0174971976084635e-11,98247376896.0
mixed,3,fp32_bf16,37,-5.0,-30.31000518798828,6.88338275267597e-14,14568529068032.0
mixed,3,fp32_bf16,38,-5.0,-35.31000518798828,4.614364446098307e-16,2163838883463168.0
mixed,3,fp32_bf16,39,-0.009999999776482582,-35.320003509521484,4.579669976578771e-16,2181431069507584.0
mixed,3,fp32_bf16,40,-0.009999999776482582,-35.33000183105469,4.544975507059235e-16,2207819348574208.0
mixed,3,fp32_bf16,41,-0.009999999776482582,-35.34000015258789,4.475586568020162e-16,2225411534618624.0
mixed,3,fp32_bf16,42,-0.009999999776482582,-35.349998474121094,4.440892098500626e-16,2251799813685248.0
mixed,3,fp32_bf16,43,-0.009999999776482582,-35.3599967956543,4.40619762898109e-16,2269391999729664.0
mixed,3,fp32_bf16,44,-0.009999999776482582,-35.3699951171875,4.354155924701786e-16,2304576371818496.0
mixed,3,fp32_bf16,45,-5.0,-40.3699951171875,2.9408983928669308e-18,3.4002177186647245e+17
mixed,3,fp32_bf16,46,-0.009999999776482582,-40.3799934387207,2.9002408113987244e-18,3.4452537149384294e+17
mixed,3,fp32_bf16,47,-0.009999999776482582,-40.389991760253906,2.8731357570865868e-18,3.467771713075282e+17
mixed,3,fp32_bf16,48,-0.009999999776482582,-40.39999008178711,2.846030702774449e-18,3.512807709348987e+17
mixed,3,fp32_bf16,49,-0.009999999776482582,-40.40998840332031,2.8189256484623115e-18,3.557843705622692e+17
mixed,3,fp32_bf16,50,-0.009999999776482582,-40.419986724853516,2.791820594150174e-18,3.580361703759544e+17
mixed,3,fp32_bf16,51,-0.009999999776482582,-40.42998504638672,2.7647155398380363e-18,3.625397700033249e+17
mixed,3,fp32_bf16,52,-0.009999999776482582,-40.43998336791992,2.7376104855258987e-18,3.647915698170102e+17
mixed,3,fp32_bf16,53,-0.009999999776482582,-40.449981689453125,2.710505431213761e-18,3.692951694443807e+17
mixed,3,fp32_bf16,54,-0.009999999776482582,-40.45998001098633,2.6834003769016235e-18,3.737987690717512e+17
mixed,3,fp32_bf16,55,-0.009999999776482582,-40.46997833251953,2.656295322589486e-18,3.760505688854364e+17
mixed,3,fp32_bf16,56,-0.009999999776482582,-40.479976654052734,2.6291902682773483e-18,3.805541685128069e+17
mixed,3,fp32_bf16,57,-0.009999999776482582,-40.48997497558594,2.6020852139652106e-18,3.850577681401774e+17
mixed,3,fp32_bf16,58,-0.009999999776482582,-40.49997329711914,2.574980159653073e-18,3.8730956795386266e+17
mixed,3,fp32_bf16,59,-0.009999999776482582,-40.509971618652344,2.5478751053409354e-18,3.9181316758123315e+17
mixed,3,fp32_bf16,60,-0.009999999776482582,-40.51996994018555,2.520770051028798e-18,3.9631676720860365e+17
mixed,3,fp32_bf16,61,-5.0,-45.51996994018555,1.7046538063492794e-20,5.8798996734949196e+19
mixed,3,fp32_bf16,62,-0.009999999776482582,-45.52996826171875,1.683477982667922e-20,5.937545748725262e+19
mixed,3,fp32_bf16,63,-0.009999999776482582,-45.53996658325195,1.6728900708272432e-20,5.995191823955604e+19
mixed,3,fp32_bf16,64,-0.009999999776482582,-45.549964904785156,1.6517142471458857e-20,6.052837899185947e+19
mixed,3,ftz_model_bf16,1,-0.009999999776482582,-0.009999999776482582,0.98828125,1.0078125
mixed,3,ftz_model_bf16,2,-0.009999999776482582,-0.019999999552965164,0.98046875,1.0234375
mixed,3,ftz_model_bf16,3,-0.009999999776482582,-0.029999997466802597,0.96875,1.03125
mixed,3,ftz_model_bf16,4,-0.009999999776482582,-0.03999999910593033,0.9609375,1.0390625
mixed,3,ftz_model_bf16,5,-0.009999999776482582,-0.04999999701976776,0.953125,1.0546875
mixed,3,ftz_model_bf16,6,-0.009999999776482582,-0.059999994933605194,0.94140625,1.0625
mixed,3,ftz_model_bf16,7,-0.009999999776482582,-0.06999999284744263,0.93359375,1.0703125
mixed,3,ftz_model_bf16,8,-0.009999999776482582,-0.07999999076128006,0.921875,1.0859375
mixed,3,ftz_model_bf16,9,-0.009999999776482582,-0.08999998867511749,0.9140625,1.09375
mixed,3,ftz_model_bf16,10,-0.009999999776482582,-0.09999998658895493,0.90625,1.1015625
mixed,3,ftz_model_bf16,11,-5.0,-5.099999904632568,0.006103515625,164.0
mixed,3,ftz_model_bf16,12,-0.009999999776482582,-5.110000133514404,0.00604248046875,166.0
mixed,3,ftz_model_bf16,13,-5.0,-10.110000610351562,4.076957702636719e-05,24576.0
mixed,3,ftz_model_bf16,14,-0.009999999776482582,-10.120000839233398,4.029273986816406e-05,24832.0
mixed,3,ftz_model_bf16,15,-0.009999999776482582,-10.130001068115234,3.981590270996094e-05,25088.0
mixed,3,ftz_model_bf16,16,-0.009999999776482582,-10.14000129699707,3.9577484130859375e-05,25344.0
mixed,3,ftz_model_bf16,17,-0.009999999776482582,-10.150001525878906,3.910064697265625e-05,25600.0
mixed,3,ftz_model_bf16,18,-0.009999999776482582,-10.160001754760742,3.8623809814453125e-05,25856.0
mixed,3,ftz_model_bf16,19,-0.009999999776482582,-10.170001983642578,3.838539123535156e-05,26112.0
mixed,3,ftz_model_bf16,20,-5.0,-15.170001029968262,2.5890767574310303e-07,3866624.0
mixed,3,ftz_model_bf16,21,-0.009999999776482582,-15.180001258850098,2.551823854446411e-07,3915776.0
mixed,3,ftz_model_bf16,22,-0.009999999776482582,-15.190001487731934,2.5331974029541016e-07,3948544.0
mixed,3,ftz_model_bf16,23,-0.009999999776482582,-15.20000171661377,2.4959444999694824e-07,3997696.0
mixed,3,ftz_model_bf16,24,-0.009999999776482582,-15.210001945495605,2.477318048477173e-07,4030464.0
mixed,3,ftz_model_bf16,25,-0.009999999776482582,-15.220002174377441,2.4586915969848633e-07,4079616.0
mixed,3,ftz_model_bf16,26,-0.009999999776482582,-15.230002403259277,2.421438694000244e-07,4112384.0
mixed,3,ftz_model_bf16,27,-0.009999999776482582,-15.240002632141113,2.4028122425079346e-07,4161536.0
mixed,3,ftz_model_bf16,28,-5.0,-20.240001678466797,1.622538547962904e-09,616562688.0
mixed,3,ftz_model_bf16,29,-0.009999999776482582,-20.250001907348633,1.6079866327345371e-09,624951296.0
mixed,3,ftz_model_bf16,30,-0.009999999776482582,-20.26000213623047,1.5861587598919868e-09,629145600.0
mixed,3,ftz_model_bf16,31,-0.009999999776482582,-20.270002365112305,1.57160684466362e-09,637534208.0
mixed,3,ftz_model_bf16,32,-0.009999999776482582,-20.28000259399414,1.5570549294352531e-09,641728512.0
mixed,3,ftz_model_bf16,33,-5.0,-25.28000259399414,1.0516032489249483e-11,95026151424.0
mixed,3,ftz_model_bf16,34,-0.009999999776482582,-25.290000915527344,1.0402345651527867e-11,96099893248.0
mixed,3,ftz_model_bf16,35,-0.009999999776482582,-25.30000114440918,1.028865881380625e-11,97173635072.0
mixed,3,ftz_model_bf16,36,-0.009999999776482582,-25.310001373291016,1.0174971976084635e-11,98247376896.0
mixed,3,ftz_model_bf16,37,-5.0,-30.310001373291016,6.88338275267597e-14,14568529068032.0
mixed,3,ftz_model_bf16,38,-5.0,-35.310001373291016,4.614364446098307e-16,2163838883463168.0
mixed,3,ftz_model_bf16,39,-0.009999999776482582,-35.31999969482422,4.579669976578771e-16,2181431069507584.0
mixed,3,ftz_model_bf16,40,-0.009999999776482582,-35.33000183105469,4.544975507059235e-16,2207819348574208.0
mixed,3,ftz_model_bf16,41,-0.009999999776482582,-35.34000015258789,4.475586568020162e-16,2225411534618624.0
mixed,3,ftz_model_bf16,42,-0.009999999776482582,-35.35000228881836,4.440892098500626e-16,2251799813685248.0
mixed,3,ftz_model_bf16,43,-0.009999999776482582,-35.36000061035156,4.40619762898109e-16,2269391999729664.0
mixed,3,ftz_model_bf16,44,-0.009999999776482582,-35.37000274658203,4.354155924701786e-16,2304576371818496.0
mixed,3,ftz_model_bf16,45,-5.0,-40.37000274658203,2.9408983928669308e-18,3.4002177186647245e+17
mixed,3,ftz_model_bf16,46,-0.009999999776482582,-40.380001068115234,2.9002408113987244e-18,3.4452537149384294e+17
mixed,3,ftz_model_bf16,47,-0.009999999776482582,-40.3900032043457,2.8731357570865868e-18,3.467771713075282e+17
mixed,3,ftz_model_bf16,48,-0.009999999776482582,-40.400001525878906,2.846030702774449e-18,3.512807709348987e+17
mixed,3,ftz_model_bf16,49,-0.009999999776482582,-40.410003662109375,2.8189256484623115e-18,3.557843705622692e+17
mixed,3,ftz_model_bf16,50,-0.009999999776482582,-40.42000198364258,2.791820594150174e-18,3.580361703759544e+17
mixed,3,ftz_model_bf16,51,-0.009999999776482582,-40.43000411987305,2.7647155398380363e-18,3.625397700033249e+17
mixed,3,ftz_model_bf16,52,-0.009999999776482582,-40.44000244140625,2.7376104855258987e-18,3.647915698170102e+17
mixed,3,ftz_model_bf16,53,-0.009999999776482582,-40.45000457763672,2.710505431213761e-18,3.692951694443807e+17
mixed,3,ftz_model_bf16,54,-0.009999999776482582,-40.46000289916992,2.6834003769016235e-18,3.737987690717512e+17
mixed,3,ftz_model_bf16,55,-0.009999999776482582,-40.470001220703125,2.656295322589486e-18,3.760505688854364e+17
mixed,3,ftz_model_bf16,56,-0.009999999776482582,-40.480003356933594,2.6291902682773483e-18,3.805541685128069e+17
mixed,3,ftz_model_bf16,57,-0.009999999776482582,-40.4900016784668,2.6020852139652106e-18,3.850577681401774e+17
mixed,3,ftz_model_bf16,58,-0.009999999776482582,-40.500003814697266,2.574980159653073e-18,3.8730956795386266e+17
mixed,3,ftz_model_bf16,59,-0.009999999776482582,-40.51000213623047,2.5478751053409354e-18,3.9181316758123315e+17
mixed,3,ftz_model_bf16,60,-0.009999999776482582,-40.52000427246094,2.520770051028798e-18,3.9631676720860365e+17
mixed,3,ftz_model_bf16,61,-5.0,-45.52000427246094,1.7046538063492794e-20,5.8798996734949196e+19
mixed,3,ftz_model_bf16,62,-0.009999999776482582,-45.530006408691406,1.683477982667922e-20,5.937545748725262e+19
mixed,3,ftz_model_bf16,63,-0.009999999776482582,-45.54000473022461,1.6728900708272432e-20,5.995191823955604e+19
mixed,3,ftz_model_bf16,64,-0.009999999776482582,-45.55000686645508,1.6517142471458857e-20,6.052837899185947e+19
uniform,4,fp64,1,-2.3855469241653795,-2.3855469241653795,0.09203862766157954,10.865003373115682
uniform,4,fp64,2,-3.6582736317999958,-6.043820555965375,0.0023724773937766025,421.5003281477683
uniform,4,fp64,3,-0.2877851858638403,-6.3316057418292155,0.0017791745791121989,562.0583903008529
uniform,4,fp64,4,-4.715785048092838,-11.047390789922053,1.5928656267512468e-05,62779.93467908308
uniform,4,fp64,5,-4.743162626162066,-15.79055341608412,1.3875536532144313e-07,7206928.52260799
uniform,4,fp64,6,-2.75648627630275,-18.547039692386868,8.812984493029166e-09,113468939.01730716
uniform,4,fp64,7,-2.050417004837815,-20.597456697224683,1.1340656995310484e-09,881783128.0969998
uniform,4,fp64,8,-3.7978332005029665,-24.39528989772765,2.5424956174107792e-11,39331434561.856895
uniform,4,fp64,9,-0.5393788890326651,-24.934668786760316,1.4825554232376597e-11,67451103973.98586
uniform,4,fp64,10,-2.2652641128613937,-27.19993289962171,1.5389313028049795e-12,649801585150.2402
uniform,4,fp64,11,-0.8811617020586726,-28.081094601680384,6.375812967592632e-13,1568427438324.9014
uniform,4,fp64,12,-4.295135908976774,-32.37623051065716,8.693241496255702e-15,115031890052831.69
uniform,4,fp64,13,-2.0507296597870384,-34.4269601704442,1.118307324234201e-15,894208576059165.2
uniform,4,fp64,14,-0.022896776513903205,-34.4498569469581,1.0929926099876778e-15,914919269226599.8
uniform,4,fp64,15,-2.7445778650431523,-37.194434812001255,7.025256794279288e-17,1.4234355117300574e+16
uniform,4,fp64,16,-1.6995759295171502,-38.89401074151841,1.2839430354642287e-17,7.788507530152498e+16
uniform,4,fp64,17,-2.0176091492780284,-40.91161989079644,1.707297623100872e-18,5.857209583550842e+17
uniform,4,fp64,18,-3.489928880867441,-44.401548771663876,5.207777015456252e-20,1.920205102929873e+19
uniform,4,fp64,19,-2.1989503953796943,-46.60049916704357,5.7764412122258316e-21,1.731169699924412e+20
uniform,4,fp64,20,-1.126379516272794,-47.726878683316365,1.8727506193423855e-21,5.339739256640316e+20
uniform,4,fp64,21,-1.1416817165010955,-48.86856039981746,5.97934868244426e-22,1.6724229562595376e+21
uniform,4,fp64,22,-2.5276232714184808,-51.396183671235946,4.7744246170601474e-23,2.0944932221293506e+22
uniform,4,fp64,23,-1.7732809662910576,-53.169464637527,8.105781676941137e-24,1.233687310928621e+23
uniform,4,fp64,24,-0.8024035605173124,-53.97186819804431,3.6334188384658275e-24,2.7522288083425014e+23
uniform,4,fp64,25,-3.2139073404038747,-57.18577553844818,1.4606065379510182e-25,6.84647079153041e+24
uniform,4,fp64,26,-2.473528541826102,-59.65930408027428,1.2311003187311831e-26,8.122814889940378e+25
uniform,4,fp64,27,-1.6055254360705256,-61.264829516344804,2.4718528088925894e-27,4.0455483287777495e+26
uniform,4,fp64,28,-0.03516403647125965,-61.29999355281606,2.386442964666465e-27,4.190336893887436e+26
uniform,4,fp64,29,-4.812895878620431,-66.11288943143649,1.9388175276101515e-29,5.157782956669636e+28
uniform,4,fp64,30,-2.4650953415707564,-68.57798477300724,1.6480092046443475e-30,6.067927273596796e+29
uniform,4,fp64,31,-0.7863613851224788,-69.36434615812972,7.506668243684751e-31,1.3321489208495196e+30
uniform,4,fp64,32,-0.7330318337838826,-70.0973779919136,3.6065797692335745e-31,2.7727100576857826e+30
uniform,4,fp64,33,-2.1683150791456196,-72.26569307105922,4.124851028164927e-32,2.4243299774268024e+31
uniform,4,fp64,34,-2.9002786535219864,-75.1659717245812,2.2689935070947193e-33,4.407240465312865e+32
uniform,4,fp64,35,-0.20769412222545192,-75.37366584680665,1.8434562787908625e-33,5.424592986039831e+32
uniform,4,fp64,36,-2.875175979567899,-78.24884182637454,1.0398238620778585e-34,9.617013385341251e+33
uniform,4,fp64,37,-4.897821380425916,-83.14666320680045,7.76002250235731e-37,1.2886560569846595e+36
uniform,4,fp64,38,-4.128948011675403,-87.27561121847586,1.2493486247544502e-38,8.004170975067445e+37
uniform,4,fp64,39,-1.3133317018475654,-88.58894292032342,3.3597807082530735e-39,2.9763847311330996e+38
uniform,4,fp64,40,-4.004360140248379,-92.5933030605718,6.126880637647977e-41,1.6321519205960667e+40
uniform,4,fp64,41,-4.256037789974161,-96.84934085054596,8.68691741239057e-43,1.1511563337457908e+42
uniform,4,fp64,42,-3.9010291648686426,-100.7503700154146,1.7565893793167583e-44,5.692850086506611e+43
uniform,4,fp64,43,-3.2268694371013744,-103.97723945251597,6.970415427430439e-46,1.4346347221497503e+45
uniform,4,fp64,44,-2.6928200173305723,-106.67005946984655,4.718259119147456e-47,2.1194257770664582e+46
uniform,4,fp64,45,-0.8958658019869603,-107.5659252718335,1.926248056866343e-47,5.19143937062197e+46
uniform,4,fp64,46,-0.9385477727660013,-108.50447304459951,7.535396253736783e-48,1.327070224746446e+47
uniform,4,fp64,47,-1.4709171265754062,-109.97539017117491,1.7309913733150592e-48,5.777036300792639e+47
uniform,4,fp64,48,-2.6796462134578105,-112.65503638463272,1.1872422397182054e-49,8.422880912974864e+48
uniform,4,fp64,49,-0.5464536020984867,-113.2014899867312,6.87412706392595e-50,1.4547301653002617e+49
uniform,4,fp64,50,-4.29190408564924,-117.49339407238044,9.403018580487365e-52,1.0634882739412489e+51
uniform,4,fp64,51,-4.931897948757779,-122.42529202113822,6.782209952516901e-54,1.474445655621287e+53
uniform,4,fp64,52,-0.6207471755536137,-123.04603919669184,3.64572710248365e-54,2.7429370654724824e+53
uniform,4,fp64,53,-3.584379699003546,-126.63041889569539,1.0118306540597726e-55,9.883076738065758e+54
uniform,4,fp64,54,-0.4112127451459424,-127.04163164084133,6.706877998818678e-56,1.4910066951808813e+55
uniform,4,fp64,55,-2.4117972271594414,-129.45342886800077,6.012985812958978e-57,1.663067286546452e+56
uniform,4,fp64,56,-3.2409088267998776,-132.69433769480065,2.352780214438284e-58,4.250290757561244e+57
uniform,4,fp64,57,-4.242322318730418,-136.93666001353108,3.3819266642736077e-60,2.956894395623409e+59
uniform,4,fp64,58,-1.8580396549069595,-138.79469966843803,5.275065013913857e-61,1.8957112326811793e+60
uniform,4,fp64,59,-1.1261197954942603,-139.92081946393228,1.710646225381428e-61,5.845744053695421e+60
uniform,4,fp64,60,-2.7893822149410363,-142.71020167887332,1.0513489845280277e-62,9.511589536075127e+61
uniform,4,fp64,61,-3.7961229237868546,-146.5063246026602,2.361085212047188e-64,4.235340575162665e+63
uniform,4,fp64,62,-0.4101798643495852,-146.91650446700976,1.5666529812057515e-64,6.3830344817673964e+63
uniform,4,fp64,63,-1.2269338999258772,-148.14343836693564,4.593272245896802e-65,2.1770971683494398e+64
uniform,4,fp64,64,-3.701016537481002,-151.84445490441664,1.1344650669600792e-66,8.814727126676604e+65
uniform,4,fp32,1,-2.3855469241653795,-2.385546922683716,0.09203862398862839,10.86500358581543
uniform,4,fp32,2,-3.6582736317999958,-6.043820381164551,0.00237247790209949,421.500244140625
uniform,4,fp32,3,-0.2877851858638403,-6.331605434417725,0.0017791751306504011,562.0582275390625
uniform,4,fp32,4,-4.715785048092838,-11.04738998413086,1.5928668290143833e-05,62779.8828125
uniform,4,fp32,5,-4.743162626162066,-15.790552139282227,1.3875553861453227e-07,7206919.5
uniform,4,fp32,6,-2.75648627630275,-18.547039031982422,8.812990337503379e-09,113468864.0
uniform,4,fp32,7,-2.050417004837815,-20.597455978393555,1.1340665073689138e-09,881782464.0
uniform,4,fp32,8,-3.7978332005029665,-24.395288467407227,2.5424991972888833e-11,39331377152.0
uniform,4,fp32,9,-0.5393788890326651,-24.934667587280273,1.4825571326149145e-11,67451023360.0
uniform,4,fp32,10,-2.2652641128613937,-27.199932098388672,1.5389325013978605e-12,649801039872.0
uniform,4,fp32,11,-0.8811617020586726,-28.081092834472656,6.375824347648607e-13,1568424722432.0
uniform,4,fp32,12,-4.295135908976774,-32.37622833251953,8.693260073930863e-15,115031639326720.0
uniform,4,fp32,13,-2.0507296597870384,-34.42695617675781,1.1183117657549615e-15,894205010378752.0
uniform,4,fp32,14,-0.022896776513903205,-34.449851989746094,1.09299797436803e-15,914914738700288.0
uniform,4,fp32,15,-2.7445778650431523,-37.19443130493164,7.025281338359816e-17,1.423430545047552e+16
uniform,4,fp32,16,-1.6995759295171502,-38.89400863647461,1.2839457763378693e-17,7.788491117586022e+16
uniform,4,fp32,17,-2.0176091492780284,-40.911617279052734,1.7073021284779445e-18,5.857193961235415e+17
uniform,4,fp32,18,-3.489928880867441,-44.401546478271484,5.2077889036706404e-20,1.920200740692191e+19
uniform,4,fp32,19,-2.1989503953796943,-46.60049819946289,5.776446978908577e-21,1.731168039715639e+20
uniform,4,fp32,20,-1.126379516272794,-47.72687911987305,1.8727498315171258e-21,5.339741452625311e+20
uniform,4,fp32,21,-1.1416817165010955,-48.868560791015625,5.979346547570235e-22,1.6724235435730555e+21
uniform,4,fp32,22,-2.5276232714184808,-51.396183013916016,4.774427905378923e-23,2.094491780860973e+22
uniform,4,fp32,23,-1.7732809662910576,-53.169464111328125,8.105785614861083e-24,1.2336866283803107e+23
uniform,4,fp32,24,-0.8024035605173124,-53.971866607666016,3.633424698549226e-24,2.7522244920399245e+23
uniform,4,fp32,25,-3.2139073404038747,-57.18577575683594,1.4606061645982313e-25,6.846472169469153e+24
uniform,4,fp32,26,-2.473528541826102,-59.659305572509766,1.2310984857294487e-26,8.122827295033616e+25
uniform,4,fp32,27,-1.6055254360705256,-61.26483154296875,2.4718478834474197e-27,4.045556549609886e+26
uniform,4,fp32,28,-0.03516403647125965,-61.29999542236328,2.3864384756106845e-27,4.190344674909551e+26
uniform,4,fp32,29,-4.812895878620431,-66.1128921508789,1.9388123092293098e-29,5.157797006789124e+28
uniform,4,fp32,30,-2.4650953415707564,-68.57798767089844,1.648004335559044e-30,6.0679447436616885e+29
uniform,4,fp32,31,-0.7863613851224788,-69.36434936523438,7.506644388051664e-31,1.3321531395652228e+30
uniform,4,fp32,32,-0.7330318337838826,-70.09738159179688,3.606566661401943e-31,2.7727200265503915e+30
uniform,4,fp32,33,-2.1683150791456196,-72.26569366455078,4.124848468348984e-32,2.4243314816223928e+31
uniform,4,fp32,34,-2.9002786535219864,-75.16596984863281,2.268997787003728e-33,4.407232114336208e+32
uniform,4,fp32,35,-0.20769412222545192,-75.37366485595703,1.8434581790885057e-33,5.424587486583949e+32
uniform,4,fp32,36,-2.875175979567899,-78.24884033203125,1.0398254279649765e-34,9.616999092190441e+33
uniform,4,fp32,37,-4.897821380425916,-83.14665985107422,7.760048305982279e-37,1.2886517677222105e+36
uniform,4,fp32,38,-4.128948011675403,-87.27560424804688,1.2493573533962343e-38,8.004115247961231e+37
uniform,4,fp32,39,-1.3133317018475654,-88.58893585205078,3.3598050461083614e-39,2.9763636966420442e+38
uniform,4,fp32,40,-4.004360140248379,-92.59329223632812,6.126897275567398e-41,inf
uniform,4,fp32,41,-4.256037789974161,-96.84932708740234,8.688050478813866e-43,inf
uniform,4,fp32,42,-3.9010291648686426,-100.75035858154297,1.8216880036222622e-44,inf
uniform,4,fp32,43,-3.2268694371013744,-103.97722625732422,0.0,inf
uniform,4,fp32,44,-2.6928200173305723,-106.6700439453125,0.0,inf
uniform,4,fp32,45,-0.8958658019869603,-107.56591033935547,0.0,inf
uniform,4,fp32,46,-0.9385477727660013,-108.50445556640625,0.0,inf
uniform,4,fp32,47,-1.4709171265754062,-109.97537231445312,0.0,inf
uniform,4,fp32,48,-2.6796462134578105,-112.65502166748047,0.0,inf
uniform,4,fp32,49,-0.5464536020984867,-113.20147705078125,0.0,inf
uniform,4,fp32,50,-4.29190408564924,-117.49337768554688,0.0,inf
uniform,4,fp32,51,-4.931897948757779,-122.42527770996094,0.0,inf
uniform,4,fp32,52,-0.6207471755536137,-123.04602813720703,0.0,inf
uniform,4,fp32,53,-3.584379699003546,-126.63040924072266,0.0,inf
uniform,4,fp32,54,-0.4112127451459424,-127.04161834716797,0.0,inf
uniform,4,fp32,55,-2.4117972271594414,-129.4534149169922,0.0,inf
uniform,4,fp32,56,-3.2409088267998776,-132.69432067871094,0.0,inf
uniform,4,fp32,57,-4.242322318730418,-136.9366455078125,0.0,inf
uniform,4,fp32,58,-1.8580396549069595,-138.794677734375,0.0,inf
uniform,4,fp32,59,-1.1261197954942603,-139.92079162597656,0.0,inf
uniform,4,fp32,60,-2.7893822149410363,-142.71017456054688,0.0,inf
uniform,4,fp32,61,-3.7961229237868546,-146.5063018798828,0.0,inf
uniform,4,fp32,62,-0.4101798643495852,-146.91648864746094,0.0,inf
uniform,4,fp32,63,-1.2269338999258772,-148.14341735839844,0.0,inf
uniform,4,fp32,64,-3.701016537481002,-151.8444366455078,0.0,inf
uniform,4,fp32_bf16,1,-2.3855469241653795,-2.385546922683716,0.091796875,10.875
uniform,4,fp32_bf16,2,-3.6582736317999958,-6.043820381164551,0.0023651123046875,422.0
uniform,4,fp32_bf16,3,-0.2877851858638403,-6.331605434417725,0.00177764892578125,564.0
uniform,4,fp32_bf16,4,-4.715785048092838,-11.04738998413086,1.5974044799804688e-05,62720.0
uniform,4,fp32_bf16,5,-4.743162626162066,-15.790552139282227,1.387670636177063e-07,7208960.0
uniform,4,fp32_bf16,6,-2.75648627630275,-18.547039031982422,8.789356797933578e-09,113246208.0
uniform,4,fp32_bf16,7,-2.050417004837815,-20.597455978393555,1.1350493878126144e-09,880803840.0
uniform,4,fp32_bf16,8,-3.7978332005029665,-24.395288467407227,2.546585164964199e-11,39460012032.0
uniform,4,fp32_bf16,9,-0.5393788890326651,-24.934667587280273,1.4779288903810084e-11,67377299456.0
uniform,4,fp32_bf16,10,-2.2652641128613937,-27.199932098388672,1.5418777365994174e-12,648540061696.0
uniform,4,fp32_bf16,11,-0.8811617020586726,-28.081092834472656,6.359357485052897e-13,1571958030336.0
uniform,4,fp32_bf16,12,-4.295135908976774,-32.37622833251953,8.715250743307479e-15,114898965102592.0
uniform,4,fp32_bf16,13,-2.0507296597870384,-34.42695617675781,1.1171619185290638e-15,892803441754112.0
uniform,4,fp32_bf16,14,-0.022896776513903205,-34.449851989746094,1.096345236817342e-15,914793674309632.0
uniform,4,fp32_bf16,15,-2.7445778650431523,-37.19443130493164,7.025630077706069e-17,1.4214486323888128e+16
uniform,4,fp32_bf16,16,-1.6995759295171502,-38.89400863647461,1.2847795743953228e-17,7.768709357214106e+16
uniform,4,fp32_bf16,17,-2.0176091492780284,-40.911617279052734,1.7076184216646695e-18,5.854679515581645e+17
uniform,4,fp32_bf16,18,-3.489928880867441,-44.401546478271484,5.209252625613947e-20,1.916732001408883e+19
uniform,4,fp32_bf16,19,-2.1989503953796943,-46.60049819946289,5.770411953169921e-21,1.7293822569102705e+20
uniform,4,fp32_bf16,20,-1.126379516272794,-47.72687911987305,1.879354351720479e-21,5.34955578137577e+20
uniform,4,fp32_bf16,21,-1.1416817165010955,-48.868560791015625,5.98878763488392e-22,1.6694303386707144e+21
uniform,4,fp32_bf16,22,-2.5276232714184808,-51.396183013916016,4.776968037493735e-23,2.095550126773405e+22
uniform,4,fp32_bf16,23,-1.7732809662910576,-53.169464111328125,8.116709760676584e-24,1.2337182436496948e+23
uniform,4,fp32_bf16,24,-0.8024035605173124,-53.971866607666016,3.644764574061778e-24,2.7507784762715683e+23
uniform,4,fp32_bf16,25,-3.2139073404038747,-57.18577575683594,1.4621063561728321e-25,6.837986667195246e+24
uniform,4,fp32_bf16,26,-2.473528541826102,-59.659305572509766,1.231885189593132e-26,8.099802991418015e+25
uniform,4,fp32_bf16,27,-1.6055254360705256,-61.26483154296875,2.473867798773093e-27,4.0378122375128614e+26
uniform,4,fp32_bf16,28,-0.03516403647125965,-61.29999542236328,2.3855153773883397e-27,4.182883335866617e+26
uniform,4,fp32_bf16,29,-4.812895878620431,-66.1128921508789,1.9425699791067416e-29,5.168399664016463e+28
uniform,4,fp32_bf16,30,-2.4650953415707564,-68.57798767089844,1.6516775203064935e-30,6.065906192498363e+29
uniform,4,fp32_bf16,31,-0.7863613851224788,-69.36434936523438,7.518830502887769e-31,1.3369752424282107e+30
uniform,4,fp32_bf16,32,-0.7330318337838826,-70.09738159179688,3.6053408558929055e-31,2.772985687999252e+30
uniform,4,fp32_bf16,33,-2.1683150791456196,-72.26569366455078,4.1214900809886847e-32,2.4243817729364887e+31
uniform,4,fp32_bf16,34,-2.9002786535219864,-75.16596984863281,2.2750047468074224e-33,4.411424088794238e+32
uniform,4,fp32_bf16,35,-0.20769412222545192,-75.37366485595703,1.8416705093202943e-33,5.425544568976822e+32
uniform,4,fp32_bf16,36,-2.875175979567899,-78.24884033203125,1.0381966106462443e-34,9.613862152130892e+33
uniform,4,fp32_bf16,37,-4.897821380425916,-83.14665985107422,7.758262715427098e-37,1.2876896209166373e+36
uniform,4,fp32_bf16,38,-4.128948011675403,-87.27560424804688,1.2489627477486805e-38,8.008598674604118e+37
uniform,4,fp32_bf16,39,-1.3133317018475654,-88.58893585205078,3.397913357845675e-39,2.9774707105582116e+38
uniform,4,fp32_bf16,40,-4.004360140248379,-92.59329223632812,9.183549615799121e-41,inf
uniform,4,fp32_bf16,41,-4.256037789974161,-96.84932708740234,0.0,inf
uniform,4,fp32_bf16,42,-3.9010291648686426,-100.75035858154297,0.0,inf
uniform,4,fp32_bf16,43,-3.2268694371013744,-103.97722625732422,0.0,inf
uniform,4,fp32_bf16,44,-2.6928200173305723,-106.6700439453125,0.0,inf
uniform,4,fp32_bf16,45,-0.8958658019869603,-107.56591033935547,0.0,inf
uniform,4,fp32_bf16,46,-0.9385477727660013,-108.50445556640625,0.0,inf
uniform,4,fp32_bf16,47,-1.4709171265754062,-109.97537231445312,0.0,inf
uniform,4,fp32_bf16,48,-2.6796462134578105,-112.65502166748047,0.0,inf
uniform,4,fp32_bf16,49,-0.5464536020984867,-113.20147705078125,0.0,inf
uniform,4,fp32_bf16,50,-4.29190408564924,-117.49337768554688,0.0,inf
uniform,4,fp32_bf16,51,-4.931897948757779,-122.42527770996094,0.0,inf
uniform,4,fp32_bf16,52,-0.6207471755536137,-123.04602813720703,0.0,inf
uniform,4,fp32_bf16,53,-3.584379699003546,-126.63040924072266,0.0,inf
uniform,4,fp32_bf16,54,-0.4112127451459424,-127.04161834716797,0.0,inf
uniform,4,fp32_bf16,55,-2.4117972271594414,-129.4534149169922,0.0,inf
uniform,4,fp32_bf16,56,-3.2409088267998776,-132.69432067871094,0.0,inf
uniform,4,fp32_bf16,57,-4.242322318730418,-136.9366455078125,0.0,inf
uniform,4,fp32_bf16,58,-1.8580396549069595,-138.794677734375,0.0,inf
uniform,4,fp32_bf16,59,-1.1261197954942603,-139.92079162597656,0.0,inf
uniform,4,fp32_bf16,60,-2.7893822149410363,-142.71017456054688,0.0,inf
uniform,4,fp32_bf16,61,-3.7961229237868546,-146.5063018798828,0.0,inf
uniform,4,fp32_bf16,62,-0.4101798643495852,-146.91648864746094,0.0,inf
uniform,4,fp32_bf16,63,-1.2269338999258772,-148.14341735839844,0.0,inf
uniform,4,fp32_bf16,64,-3.701016537481002,-151.8444366455078,0.0,inf
uniform,4,ftz_model_bf16,1,-2.3855469241653795,-2.385546922683716,0.091796875,10.875
uniform,4,ftz_model_bf16,2,-3.6582736317999958,-6.043820381164551,0.0023651123046875,422.0
uniform,4,ftz_model_bf16,3,-0.2877851858638403,-6.331605434417725,0.00177764892578125,564.0
uniform,4,ftz_model_bf16,4,-4.715785048092838,-11.04738998413086,1.5974044799804688e-05,62720.0
uniform,4,ftz_model_bf16,5,-4.743162626162066,-15.790553092956543,1.387670636177063e-07,7208960.0
uniform,4,ftz_model_bf16,6,-2.75648627630275,-18.547039031982422,8.789356797933578e-09,113246208.0
uniform,4,ftz_model_bf16,7,-2.050417004837815,-20.597455978393555,1.1350493878126144e-09,880803840.0
uniform,4,ftz_model_bf16,8,-3.7978332005029665,-24.395288467407227,2.546585164964199e-11,39460012032.0
uniform,4,ftz_model_bf16,9,-0.5393788890326651,-24.934667587280273,1.4779288903810084e-11,67377299456.0
uniform,4,ftz_model_bf16,10,-2.2652641128613937,-27.199932098388672,1.5418777365994174e-12,648540061696.0
uniform,4,ftz_model_bf16,11,-0.8811617020586726,-28.08109474182129,6.359357485052897e-13,1571958030336.0
uniform,4,ftz_model_bf16,12,-4.295135908976774,-32.3762321472168,8.715250743307479e-15,114898965102592.0
uniform,4,ftz_model_bf16,13,-2.0507296597870384,-34.42695999145508,1.1171619185290638e-15,892803441754112.0
uniform,4,ftz_model_bf16,14,-0.022896776513903205,-34.44985580444336,1.096345236817342e-15,914793674309632.0
uniform,4,ftz_model_bf16,15,-2.7445778650431523,-37.19443130493164,7.025630077706069e-17,1.4214486323888128e+16
uniform,4,ftz_model_bf16,16,-1.6995759295171502,-38.89400863647461,1.2847795743953228e-17,7.768709357214106e+16
uniform,4,ftz_model_bf16,17,-2.0176091492780284,-40.91161346435547,1.7076184216646695e-18,5.854679515581645e+17
uniform,4,ftz_model_bf16,18,-3.489928880867441,-44.40154266357422,5.209252625613947e-20,1.916732001408883e+19
uniform,4,ftz_model_bf16,19,-2.1989503953796943,-46.600494384765625,5.770411953169921e-21,1.7293822569102705e+20
uniform,4,ftz_model_bf16,20,-1.126379516272794,-47.72687530517578,1.879354351720479e-21,5.34955578137577e+20
uniform,4,ftz_model_bf16,21,-1.1416817165010955,-48.868553161621094,5.98878763488392e-22,1.6694303386707144e+21
uniform,4,ftz_model_bf16,22,-2.5276232714184808,-51.39617919921875,4.776968037493735e-23,2.095550126773405e+22
uniform,4,ftz_model_bf16,23,-1.7732809662910576,-53.16946029663086,8.116709760676584e-24,1.2337182436496948e+23
uniform,4,ftz_model_bf16,24,-0.8024035605173124,-53.97186279296875,3.644764574061778e-24,2.7507784762715683e+23
uniform,4,ftz_model_bf16,25,-3.2139073404038747,-57.185768127441406,1.4621063561728321e-25,6.837986667195246e+24
uniform,4,ftz_model_bf16,26,-2.473528541826102,-59.6593017578125,1.231885189593132e-26,8.099802991418015e+25
uniform,4,ftz_model_bf16,27,-1.6055254360705256,-61.264827728271484,2.473867798773093e-27,4.0378122375128614e+26
uniform,4,ftz_model_bf16,28,-0.03516403647125965,-61.29998779296875,2.3855153773883397e-27,4.182883335866617e+26
uniform,4,ftz_model_bf16,29,-4.812895878620431,-66.11288452148438,1.9425699791067416e-29,5.168399664016463e+28
uniform,4,ftz_model_bf16,30,-2.4650953415707564,-68.5779800415039,1.6516775203064935e-30,6.065906192498363e+29
uniform,4,ftz_model_bf16,31,-0.7863613851224788,-69.36434173583984,7.518830502887769e-31,1.3369752424282107e+30
uniform,4,ftz_model_bf16,32,-0.7330318337838826,-70.09737396240234,3.6053408558929055e-31,2.772985687999252e+30
uniform,4,ftz_model_bf16,33,-2.1683150791456196,-72.26569366455078,4.1214900809886847e-32,2.4243817729364887e+31
uniform,4,ftz_model_bf16,34,-2.9002786535219864,-75.16596984863281,2.2750047468074224e-33,4.411424088794238e+32
uniform,4,ftz_model_bf16,35,-0.20769412222545192,-75.37366485595703,1.8416705093202943e-33,5.425544568976822e+32
uniform,4,ftz_model_bf16,36,-2.875175979567899,-78.24884033203125,1.0381966106462443e-34,9.613862152130892e+33
uniform,4,ftz_model_bf16,37,-4.897821380425916,-83.14665985107422,7.758262715427098e-37,1.2876896209166373e+36
uniform,4,ftz_model_bf16,38,-4.128948011675403,-87.2756118774414,1.2489627477486805e-38,8.008598674604118e+37
uniform,4,ftz_model_bf16,39,-1.3133317018475654,-88.58894348144531,0.0,2.9774707105582116e+38
uniform,4,ftz_model_bf16,40,-4.004360140248379,-92.59329986572266,0.0,inf
uniform,4,ftz_model_bf16,41,-4.256037789974161,-96.8493423461914,0.0,inf
uniform,4,ftz_model_bf16,42,-3.9010291648686426,-100.7503662109375,0.0,inf
uniform,4,ftz_model_bf16,43,-3.2268694371013744,-103.97724151611328,0.0,inf
uniform,4,ftz_model_bf16,44,-2.6928200173305723,-106.67005920410156,0.0,inf
uniform,4,ftz_model_bf16,45,-0.8958658019869603,-107.56592559814453,0.0,inf
uniform,4,ftz_model_bf16,46,-0.9385477727660013,-108.50447082519531,0.0,inf
uniform,4,ftz_model_bf16,47,-1.4709171265754062,-109.97539520263672,0.0,inf
uniform,4,ftz_model_bf16,48,-2.6796462134578105,-112.65503692626953,0.0,inf
uniform,4,ftz_model_bf16,49,-0.5464536020984867,-113.20148468017578,0.0,inf
uniform,4,ftz_model_bf16,50,-4.29190408564924,-117.4933853149414,0.0,inf
uniform,4,ftz_model_bf16,51,-4.931897948757779,-122.42528533935547,0.0,inf
uniform,4,ftz_model_bf16,52,-0.6207471755536137,-123.04603576660156,0.0,inf
uniform,4,ftz_model_bf16,53,-3.584379699003546,-126.63041687011719,0.0,inf
uniform,4,ftz_model_bf16,54,-0.4112127451459424,-127.04163360595703,0.0,inf
uniform,4,ftz_model_bf16,55,-2.4117972271594414,-129.45343017578125,0.0,inf
uniform,4,ftz_model_bf16,56,-3.2409088267998776,-132.69435119628906,0.0,inf
uniform,4,ftz_model_bf16,57,-4.242322318730418,-136.93666076660156,0.0,inf
uniform,4,ftz_model_bf16,58,-1.8580396549069595,-138.79470825195312,0.0,inf
uniform,4,ftz_model_bf16,59,-1.1261197954942603,-139.9208221435547,0.0,inf
uniform,4,ftz_model_bf16,60,-2.7893822149410363,-142.71022033691406,0.0,inf
uniform,4,ftz_model_bf16,61,-3.7961229237868546,-146.50634765625,0.0,inf
uniform,4,ftz_model_bf16,62,-0.4101798643495852,-146.91651916503906,0.0,inf
uniform,4,ftz_model_bf16,63,-1.2269338999258772,-148.14346313476562,0.0,inf
uniform,4,ftz_model_bf16,64,-3.701016537481002,-151.84446716308594,0.0,inf
mixed,4,fp64,1,-0.009999999776482582,-0.009999999776482582,0.9900498339704614,1.0100501668584043
mixed,4,fp64,2,-0.009999999776482582,-0.019999999552965164,0.9801986737449383,1.0202013395706904
mixed,4,fp64,3,-0.009999999776482582,-0.029999999329447746,0.9704455341992426,1.0304545332625432
mixed,4,fp64,4,-0.009999999776482582,-0.03999999910593033,0.9607894400113359,1.0408107732618308
mixed,4,fp64,5,-0.009999999776482582,-0.04999999888241291,0.9512294255637957,1.051271095201137
mixed,4,fp64,6,-0.009999999776482582,-0.05999999865889549,0.9417645348472534,1.0618365451213259
mixed,4,fp64,7,-0.009999999776482582,-0.06999999843537807,0.9323938213647921,1.0725081795761466
mixed,4,fp64,8,-0.009999999776482582,-0.07999999821186066,0.9231163480372965,1.0832870657378904
mixed,4,fp64,9,-0.009999999776482582,-0.08999999798834324,0.9139311871097441,1.0941742815041073
mixed,4,fp64,10,-0.009999999776482582,-0.09999999776482582,0.9048374200584288,1.1051709156053982
mixed,4,fp64,11,-0.009999999776482582,-0.1099999975413084,0.8958341374991081,1.1162780677142878
mixed,4,fp64,12,-0.009999999776482582,-0.11999999731779099,0.8869204390960636,1.1274968485551935
mixed,4,fp64,13,-0.009999999776482582,-0.12999999709427357,0.8780954334720664,1.1388283800154981
mixed,4,fp64,14,-0.009999999776482582,-0.13999999687075615,0.8693582381192397,1.15027379525774
mixed,4,fp64,15,-5.0,-5.139999996870756,0.00585768973166576,170.7157677871116
mixed,4,fp64,16,-0.009999999776482582,-5.149999996647239,0.005799404746286162,172.43148973873267
mixed,4,fp64,17,-0.009999999776482582,-5.159999996423721,0.005741699706188121,174.16445498225016
mixed,4,fp64,18,-0.009999999776482582,-5.169999996200204,0.005684568840819797,175.9148368156248
mixed,4,fp64,19,-0.009999999776482582,-5.1799999959766865,0.005628006437047298,177.6828102784908
mixed,4,fp64,20,-0.009999999776482582,-5.189999995753169,0.005572006838583366,179.4685521696598
mixed,4,fp64,21,-0.009999999776482582,-5.199999995529652,0.0055165644454217375,181.2722410648011
mixed,4,fp64,22,-0.009999999776482582,-5.209999995306134,0.0054616737132771416,183.09405733429924
mixed,4,fp64,23,-0.009999999776482582,-5.219999995082617,0.005407329153030867,184.93418316129117
mixed,4,fp64,24,-0.009999999776482582,-5.229999994859099,0.005353525330181847,186.79280255988485
mixed,4,fp64,25,-5.0,-10.2299999948591,3.6071769933026806e-05,27722.509925536368
mixed,4,fp64,26,-0.009999999776482582,-10.239999994635582,3.571284983321387e-05,28001.125776021778
mixed,4,fp64,27,-0.009999999776482582,-10.249999994412065,3.535750104798542e-05,28282.54176229396
mixed,4,fp64,28,-0.009999999776482582,-10.259999994188547,3.500568804216838e-05,28566.786026184804
mixed,4,fp64,29,-5.0,-15.259999994188547,2.3586647069465044e-07,4239686.959553427
mixed,4,fp64,30,-0.009999999776482582,-15.26999999396503,2.3351956015043737e-07,4282296.52092434
mixed,4,fp64,31,-0.009999999776482582,-15.279999993741512,2.311960017557957e-07,4325334.315496793
mixed,4,fp64,32,-0.009999999776482582,-15.289999993517995,2.2889556315296003e-07,4368804.647085918
mixed,4,fp64,33,-0.009999999776482582,-15.299999993294477,2.2661801429616337e-07,4412711.862760903
mixed,4,fp64,34,-0.009999999776482582,-15.30999999307096,2.243631274286322e-07,4457060.35327971
mixed,4,fp64,35,-0.009999999776482582,-15.319999992847443,2.2213067705981078e-07,4501854.55352815
mixed,4,fp64,36,-0.009999999776482582,-15.329999992623925,2.1992043994281186e-07,4547098.942963374
mixed,4,fp64,37,-0.009999999776482582,-15.339999992400408,2.177321950520917e-07,4592798.04606183
mixed,4,fp64,38,-0.009999999776482582,-15.34999999217689,2.1556572356134751e-07,4638956.432771704
mixed,4,fp64,39,-0.009999999776482582,-15.359999991953373,2.134208088216345e-07,4685578.718969927
mixed,4,fp64,40,-0.009999999776482582,-15.369999991729856,2.1129723633970084e-07,4732669.566923764
mixed,4,fp64,41,-0.009999999776482582,-15.379999991506338,2.0919479375653815e-07,4780233.685757039
mixed,4,fp64,42,-5.0,-20.379999991506338,1.4095434328161695e-09,709449582.5517555
mixed,4,fp64,43,-0.009999999776482582,-20.38999999128282,1.3955182416338029e-09,716579669.234026
mixed,4,fp64,44,-0.009999999776482582,-20.399999991059303,1.3816326034322967e-09,723781414.4771681
mixed,4,fp64,45,-0.009999999776482582,-20.409999990835786,1.367885129636322e-09,731055538.4616754
mixed,4,fp64,46,-0.009999999776482582,-20.41999999061227,1.3542744454871035e-09,738402768.6059759
mixed,4,fp64,47,-0.009999999776482582,-20.42999999038875,1.3407991899049456e-09,745823839.6391736
mixed,4,fp64,48,-0.009999999776482582,-20.439999990165234,1.3274580153531205e-09,753319493.674523
mixed,4,fp64,49,-0.009999999776482582,-20.449999989941716,1.3142495877031152e-09,760890480.2836406
mixed,4,fp64,50,-0.009999999776482582,-20.4599999897182,1.3011725861012167e-09,768537556.5714625
mixed,4,fp64,51,-0.009999999776482582,-20.46999998949468,1.2882257028364256e-09,776261487.251956
mixed,4,fp64,52,-0.009999999776482582,-20.479999989271164,1.275407643209684e-09,784063044.7245913
mixed,4,fp64,53,-0.009999999776482582,-20.489999989047647,1.2627171254044052e-09,791943009.1515819
mixed,4,fp64,54,-0.009999999776482582,-20.49999998882413,1.2501528803582896e-09,799902168.535902
mixed,4,fp64,55,-5.0,-25.49999998882413,8.42346384860819e-12,118716007805.41487
mixed,4,fp64,56,-0.009999999776482582,-25.50999998860061,8.339648984770724e-12,119909123492.62291
mixed,4,fp64,57,-0.009999999776482582,-25.519999988377094,8.256668092744183e-12,121114230191.56877
mixed,4,fp64,58,-0.009999999776482582,-25.529999988153577,8.174512874370584e-12,122331448413.92122
mixed,4,fp64,59,-0.009999999776482582,-25.53999998793006,8.093175114059996e-12,123560899882.5114
mixed,4,fp64,60,-0.009999999776482582,-25.549999987706542,8.01264667796897e-12,124802707543.50522
mixed,4,fp64,61,-0.009999999776482582,-25.559999987483025,7.932919513187148e-12,126056995578.69807
mixed,4,fp64,62,-0.009999999776482582,-25.569999987259507,7.85398564693197e-12,127323889417.93312
mixed,4,fp64,63,-0.009999999776482582,-25.57999998703599,7.775837185751383e-12,128603515751.64436
mixed,4,fp64,64,-0.009999999776482582,-25.589999986812472,7.698466314734497e-12,129896002543.5258
mixed,4,fp32,1,-0.009999999776482582,-0.009999999776482582,0.9900498390197754,1.0100501775741577
mixed,4,fp32,2,-0.009999999776482582,-0.019999999552965164,0.9801986813545227,1.020201325416565
mixed,4,fp32,3,-0.009999999776482582,-0.029999999329447746,0.9704455137252808,1.0304545164108276
mixed,4,fp32,4,-0.009999999776482582,-0.03999999910593033,0.9607894420623779,1.0408108234405518
mixed,4,fp32,5,-0.009999999776482582,-0.04999999701976776,0.951229453086853,1.0512710809707642
mixed,4,fp32,6,-0.009999999776482582,-0.059999994933605194,0.9417645335197449,1.06183660030365
mixed,4,fp32,7,-0.009999999776482582,-0.06999999284744263,0.9323938488960266,1.0725082159042358
mixed,4,fp32,8,-0.009999999776482582,-0.07999999076128006,0.9231163263320923,1.083287000656128
mixed,4,fp32,9,-0.009999999776482582,-0.08999998867511749,0.9139311909675598,1.0941742658615112
mixed,4,fp32,10,-0.009999999776482582,-0.09999998658895493,0.904837429523468,1.1051708459854126
mixed,4,fp32,11,-0.009999999776482582,-0.10999998450279236,0.8958341479301453,1.116278052330017
mixed,4,fp32,12,-0.009999999776482582,-0.11999998241662979,0.8869204521179199,1.1274968385696411
mixed,4,fp32,13,-0.009999999776482582,-0.12999998033046722,0.8780954480171204,1.1388283967971802
mixed,4,fp32,14,-0.009999999776482582,-0.13999998569488525,0.869358241558075,1.1502737998962402
mixed,4,fp32,15,-5.0,-5.139999866485596,0.005857690703123808,170.7157440185547
mixed,4,fp32,16,-0.009999999776482582,-5.150000095367432,0.0057994043454527855,172.43150329589844
mixed,4,fp32,17,-0.009999999776482582,-5.160000324249268,0.005741697736084461,174.1645050048828
mixed,4,fp32,18,-0.009999999776482582,-5.1700005531311035,0.005684565752744675,175.91493225097656
mixed,4,fp32,19,-0.009999999776482582,-5.1800007820129395,0.005628001876175404,177.68295288085938
mixed,4,fp32,20,-0.009999999776482582,-5.190001010894775,0.0055720009841024876,179.46873474121094
mixed,4,fp32,21,-0.009999999776482582,-5.200001239776611,0.005516557488590479,181.2724609375
mixed,4,fp32,22,-0.009999999776482582,-5.210001468658447,0.00546166580170393,183.09432983398438
mixed,4,fp32,23,-0.009999999776482582,-5.220001697540283,0.005407319869846106,184.9344940185547
mixed,4,fp32,24,-0.009999999776482582,-5.230001926422119,0.005353515036404133,186.7931671142578
mixed,4,fp32,25,-5.0,-10.230001449584961,3.607171674957499e-05,27722.55078125
mixed,4,fp32,26,-0.009999999776482582,-10.240001678466797,3.5712790122488514e-05,28001.173828125
mixed,4,fp32,27,-0.009999999776482582,-10.250001907348633,3.5357432352611795e-05,28282.595703125
mixed,4,fp32,28,-0.009999999776482582,-10.260002136230469,3.500561433611438e-05,28566.84765625
mixed,4,fp32,29,-5.0,-15.260002136230469,2.3586596853419906e-07,4239696.0
mixed,4,fp32,30,-0.009999999776482582,-15.270002365112305,2.335190032454193e-07,4282306.5
mixed,4,fp32,31,-0.009999999776482582,-15.28000259399414,2.3119540060179133e-07,4325345.5
mixed,4,fp32,32,-0.009999999776482582,-15.290002822875977,2.28894919018785e-07,4368817.0
mixed,4,fp32,33,-0.009999999776482582,-15.300003051757812,2.2661731691187015e-07,4412725.5
mixed,4,fp32,34,-0.009999999776482582,-15.310003280639648,2.2436239532908075e-07,4457075.0
mixed,4,fp32,35,-0.009999999776482582,-15.320003509521484,2.2212989847503195e-07,4501870.5
mixed,4,fp32,36,-0.009999999776482582,-15.33000373840332,2.19919613186903e-07,4547116.0
mixed,4,fp32,37,-0.009999999776482582,-15.340003967285156,2.177313263018732e-07,4592816.5
mixed,4,fp32,38,-0.009999999776482582,-15.350004196166992,2.1556481044626707e-07,4638976.0
mixed,4,fp32,39,-0.009999999776482582,-15.360004425048828,2.1341986666811863e-07,4685599.5
mixed,4,fp32,40,-0.009999999776482582,-15.370004653930664,2.112962533828977e-07,4732691.5
mixed,4,fp32,41,-0.009999999776482582,-15.3800048828125,2.0919377163863828e-07,4780257.0
mixed,4,fp32,42,-5.0,-20.3800048828125,1.4095364875288396e-09,709453056.0
mixed,4,fp32,43,-0.009999999776482582,-20.390005111694336,1.3955111510810525e-09,716583360.0
mixed,4,fp32,44,-0.009999999776482582,-20.400005340576172,1.3816252586451583e-09,723785280.0
mixed,4,fp32,45,-0.009999999776482582,-20.410005569458008,1.3678774779535274e-09,731059648.0
mixed,4,fp32,46,-0.009999999776482582,-20.420005798339844,1.3542665877608329e-09,738407040.0
mixed,4,fp32,47,-0.009999999776482582,-20.43000602722168,1.3407911447771426e-09,745828352.0
mixed,4,fp32,48,-0.009999999776482582,-20.440006256103516,1.3274497057125245e-09,753324224.0
mixed,4,fp32,49,-0.009999999776482582,-20.45000648498535,1.3142410493216516e-09,760895424.0
mixed,4,fp32,50,-0.009999999776482582,-20.460006713867188,1.3011638433368944e-09,768542720.0
mixed,4,fp32,51,-0.009999999776482582,-20.470006942749023,1.2882167554906232e-09,776266880.0
mixed,4,fp32,52,-0.009999999776482582,-20.48000717163086,1.2753984535152085e-09,784068672.0
mixed,4,fp32,53,-0.009999999776482582,-20.490007400512695,1.2627077161653233e-09,791948864.0
mixed,4,fp32,54,-0.009999999776482582,-20.50000762939453,1.2501433221956404e-09,799908288.0
mixed,4,fp32,55,-5.0,-25.50000762939453,8.423399130985665e-12,118716915712.0
mixed,4,fp32,56,-0.009999999776482582,-25.510007858276367,8.339583364158631e-12,119910064128.0
mixed,4,fp32,57,-0.009999999776482582,-25.520008087158203,8.256601131961805e-12,121115213824.0
mixed,4,fp32,58,-0.009999999776482582,-25.53000831604004,8.174444628139543e-12,122332463104.0
mixed,4,fp32,59,-0.009999999776482582,-25.540008544921875,8.093106046436205e-12,123561959424.0
mixed,4,fp32,60,-0.009999999776482582,-25.55000877380371,8.01257671323441e-12,124803801088.0
mixed,4,fp32,61,-0.009999999776482582,-25.560009002685547,7.932847954916777e-12,126058135552.0
mixed,4,fp32,62,-0.009999999776482582,-25.570009231567383,7.853912832589405e-12,127325069312.0
mixed,4,fp32,63,-0.009999999776482582,-25.58000946044922,7.77576353999665e-12,128604733440.0
mixed,4,fp32,64,-0.009999999776482582,-25.590009689331055,7.698391403521132e-12,129897267200.0
mixed,4,fp32_bf16,1,-0.009999999776482582,-0.009999999776482582,0.98828125,1.0078125
mixed,4,fp32_bf16,2,-0.009999999776482582,-0.019999999552965164,0.98046875,1.0234375
mixed,4,fp32_bf16,3,-0.009999999776482582,-0.029999999329447746,0.96875,1.03125
mixed,4,fp32_bf16,4,-0.009999999776482582,-0.03999999910593033,0.9609375,1.0390625
mixed,4,fp32_bf16,5,-0.009999999776482582,-0.04999999701976776,0.953125,1.0546875
mixed,4,fp32_bf16,6,-0.009999999776482582,-0.059999994933605194,0.94140625,1.0625
mixed,4,fp32_bf16,7,-0.009999999776482582,-0.06999999284744263,0.93359375,1.0703125
mixed,4,fp32_bf16,8,-0.009999999776482582,-0.07999999076128006,0.921875,1.0859375
mixed,4,fp32_bf16,9,-0.009999999776482582,-0.08999998867511749,0.9140625,1.09375
mixed,4,fp32_bf16,10,-0.009999999776482582,-0.09999998658895493,0.90625,1.1015625
mixed,4,fp32_bf16,11,-0.009999999776482582,-0.10999998450279236,0.89453125,1.1171875
mixed,4,fp32_bf16,12,-0.009999999776482582,-0.11999998241662979,0.88671875,1.125
mixed,4,fp32_bf16,13,-0.009999999776482582,-0.12999998033046722,0.87890625,1.140625
mixed,4,fp32_bf16,14,-0.009999999776482582,-0.13999998569488525,0.87109375,1.1484375
mixed,4,fp32_bf16,15,-5.0,-5.139999866485596,0.005859375,171.0
mixed,4,fp32_bf16,16,-0.009999999776482582,-5.150000095367432,0.00579833984375,172.0
mixed,4,fp32_bf16,17,-0.009999999776482582,-5.160000324249268,0.0057373046875,174.0
mixed,4,fp32_bf16,18,-0.009999999776482582,-5.1700005531311035,0.00567626953125,176.0
mixed,4,fp32_bf16,19,-0.009999999776482582,-5.1800007820129395,0.005615234375,178.0
mixed,4,fp32_bf16,20,-0.009999999776482582,-5.190001010894775,0.005584716796875,179.0
mixed,4,fp32_bf16,21,-0.009999999776482582,-5.200001239776611,0.005523681640625,181.0
mixed,4,fp32_bf16,22,-0.009999999776482582,-5.210001468658447,0.005462646484375,183.0
mixed,4,fp32_bf16,23,-0.009999999776482582,-5.220001697540283,0.005401611328125,185.0
mixed,4,fp32_bf16,24,-0.009999999776482582,-5.230001926422119,0.005340576171875,187.0
mixed,4,fp32_bf16,25,-5.0,-10.230001449584961,3.600120544433594e-05,27776.0
mixed,4,fp32_bf16,26,-0.009999999776482582,-10.240001678466797,3.5762786865234375e-05,28032.0
mixed,4,fp32_bf16,27,-0.009999999776482582,-10.250001907348633,3.528594970703125e-05,28288.0
mixed,4,fp32_bf16,28,-0.009999999776482582,-10.260002136230469,3.504753112792969e-05,28544.0
mixed,4,fp32_bf16,29,-5.0,-15.260002136230469,2.3562461137771606e-07,4227072.0
mixed,4,fp32_bf16,30,-0.009999999776482582,-15.270002365112305,2.337619662284851e-07,4292608.0
mixed,4,fp32_bf16,31,-0.009999999776482582,-15.28000259399414,2.3096799850463867e-07,4325376.0
mixed,4,fp32_bf16,32,-0.009999999776482582,-15.290002822875977,2.2910535335540771e-07,4358144.0
mixed,4,fp32_bf16,33,-0.009999999776482582,-15.300003051757812,2.2631138563156128e-07,4423680.0
mixed,4,fp32_bf16,34,-0.009999999776482582,-15.310003280639648,2.2444874048233032e-07,4456448.0
mixed,4,fp32_bf16,35,-0.009999999776482582,-15.320003509521484,2.2258609533309937e-07,4489216.0
mixed,4,fp32_bf16,36,-0.009999999776482582,-15.33000373840332,2.1979212760925293e-07,4554752.0
mixed,4,fp32_bf16,37,-0.009999999776482582,-15.340003967285156,2.1792948246002197e-07,4587520.0
mixed,4,fp32_bf16,38,-0.009999999776482582,-15.350004196166992,2.1513551473617554e-07,4653056.0
mixed,4,fp32_bf16,39,-0.009999999776482582,-15.360004425048828,2.1327286958694458e-07,4685824.0
mixed,4,fp32_bf16,40,-0.009999999776482582,-15.370004653930664,2.1141022443771362e-07,4718592.0
mixed,4,fp32_bf16,41,-0.009999999776482582,-15.3800048828125,2.0954757928848267e-07,4784128.0
mixed,4,fp32_bf16,42,-5.0,-20.3800048828125,1.4115357771515846e-09,708837376.0
mixed,4,fp32_bf16,43,-0.009999999776482582,-20.390005111694336,1.3969838619232178e-09,717225984.0
mixed,4,fp32_bf16,44,-0.009999999776482582,-20.400005340576172,1.382431946694851e-09,725614592.0
mixed,4,fp32_bf16,45,-0.009999999776482582,-20.410005569458008,1.367880031466484e-09,729808896.0
mixed,4,fp32_bf16,46,-0.009999999776482582,-20.420005798339844,1.3533281162381172e-09,738197504.0
mixed,4,fp32_bf16,47,-0.009999999776482582,-20.43000602722168,1.3387762010097504e-09,746586112.0
mixed,4,fp32_bf16,48,-0.009999999776482582,-20.440006256103516,1.3242242857813835e-09,754974720.0
mixed,4,fp32_bf16,49,-0.009999999776482582,-20.45000648498535,1.3169483281672e-09,759169024.0
mixed,4,fp32_bf16,50,-0.009999999776482582,-20.460006713867188,1.3023964129388332e-09,767557632.0
mixed,4,fp32_bf16,51,-0.009999999776482582,-20.470006942749023,1.2878444977104664e-09,775946240.0
mixed,4,fp32_bf16,52,-0.009999999776482582,-20.48000717163086,1.2732925824820995e-09,784334848.0
mixed,4,fp32_bf16,53,-0.009999999776482582,-20.490007400512695,1.2660166248679161e-09,792723456.0
mixed,4,fp32_bf16,54,-0.009999999776482582,-20.50000762939453,1.2514647096395493e-09,801112064.0
mixed,4,fp32_bf16,55,-5.0,-25.50000762939453,8.412825991399586e-12,118648471552.0
mixed,4,fp32_bf16,56,-0.009999999776482582,-25.510007858276367,8.355982572538778e-12,119722213376.0
mixed,4,fp32_bf16,57,-0.009999999776482582,-25.520008087158203,8.242295734817162e-12,121332826112.0
mixed,4,fp32_bf16,58,-0.009999999776482582,-25.53000831604004,8.185452315956354e-12,122406567936.0
mixed,4,fp32_bf16,59,-0.009999999776482582,-25.540008544921875,8.071765478234738e-12,123480309760.0
mixed,4,fp32_bf16,60,-0.009999999776482582,-25.55000877380371,8.01492205937393e-12,124554051584.0
mixed,4,fp32_bf16,61,-0.009999999776482582,-25.560009002685547,7.958078640513122e-12,126164664320.0
mixed,4,fp32_bf16,62,-0.009999999776482582,-25.570009231567383,7.844391802791506e-12,127238406144.0
mixed,4,fp32_bf16,63,-0.009999999776482582,-25.58000946044922,7.787548383930698e-12,128849018880.0
mixed,4,fp32_bf16,64,-0.009999999776482582,-25.590009689331055,7.673861546209082e-12,129922760704.0
mixed,4,ftz_model_bf16,1,-0.009999999776482582,-0.009999999776482582,0.98828125,1.0078125
mixed,4,ftz_model_bf16,2,-0.009999999776482582,-0.019999999552965164,0.98046875,1.0234375
mixed,4,ftz_model_bf16,3,-0.009999999776482582,-0.029999997466802597,0.96875,1.03125
mixed,4,ftz_model_bf16,4,-0.009999999776482582,-0.03999999910593033,0.9609375,1.0390625
mixed,4,ftz_model_bf16,5,-0.009999999776482582,-0.04999999701976776,0.953125,1.0546875
mixed,4,ftz_model_bf16,6,-0.009999999776482582,-0.059999994933605194,0.94140625,1.0625
mixed,4,ftz_model_bf16,7,-0.009999999776482582,-0.06999999284744263,0.93359375,1.0703125
mixed,4,ftz_model_bf16,8,-0.009999999776482582,-0.07999999076128006,0.921875,1.0859375
mixed,4,ftz_model_bf16,9,-0.009999999776482582,-0.08999998867511749,0.9140625,1.09375
mixed,4,ftz_model_bf16,10,-0.009999999776482582,-0.09999998658895493,0.90625,1.1015625
mixed,4,ftz_model_bf16,11,-0.009999999776482582,-0.10999998450279236,0.89453125,1.1171875
mixed,4,ftz_model_bf16,12,-0.009999999776482582,-0.11999998241662979,0.88671875,1.125
mixed,4,ftz_model_bf16,13,-0.009999999776482582,-0.12999998033046722,0.87890625,1.140625
mixed,4,ftz_model_bf16,14,-0.009999999776482582,-0.13999997079372406,0.87109375,1.1484375
mixed,4,ftz_model_bf16,15,-5.0,-5.139999866485596,0.005859375,171.0
mixed,4,ftz_model_bf16,16,-0.009999999776482582,-5.150000095367432,0.00579833984375,172.0
mixed,4,ftz_model_bf16,17,-0.009999999776482582,-5.160000324249268,0.0057373046875,174.0
mixed,4,ftz_model_bf16,18,-0.009999999776482582,-5.1700005531311035,0.00567626953125,176.0
mixed,4,ftz_model_bf16,19,-0.009999999776482582,-5.1800007820129395,0.005615234375,178.0
mixed,4,ftz_model_bf16,20,-0.009999999776482582,-5.190001010894775,0.005584716796875,179.0
mixed,4,ftz_model_bf16,21,-0.009999999776482582,-5.200001239776611,0.005523681640625,181.0
mixed,4,ftz_model_bf16,22,-0.009999999776482582,-5.210000991821289,0.005462646484375,183.0
mixed,4,ftz_model_bf16,23,-0.009999999776482582,-5.220001220703125,0.005401611328125,185.0
mixed,4,ftz_model_bf16,24,-0.009999999776482582,-5.230001449584961,0.005340576171875,187.0
mixed,4,ftz_model_bf16,25,-5.0,-10.230001449584961,3.600120544433594e-05,27776.0
mixed,4,ftz_model_bf16,26,-0.009999999776482582,-10.240001678466797,3.5762786865234375e-05,28032.0
mixed,4,ftz_model_bf16,27,-0.009999999776482582,-10.250001907348633,3.528594970703125e-05,28288.0
mixed,4,ftz_model_bf16,28,-0.009999999776482582,-10.260002136230469,3.504753112792969e-05,28544.0
mixed,4,ftz_model_bf16,29,-5.0,-15.260002136230469,2.3562461137771606e-07,4227072.0
mixed,4,ftz_model_bf16,30,-0.009999999776482582,-15.270002365112305,2.337619662284851e-07,4292608.0
mixed,4,ftz_model_bf16,31,-0.009999999776482582,-15.28000259399414,2.3096799850463867e-07,4325376.0
mixed,4,ftz_model_bf16,32,-0.009999999776482582,-15.290002822875977,2.2910535335540771e-07,4358144.0
mixed,4,ftz_model_bf16,33,-0.009999999776482582,-15.300003051757812,2.2631138563156128e-07,4423680.0
mixed,4,ftz_model_bf16,34,-0.009999999776482582,-15.310003280639648,2.2444874048233032e-07,4456448.0
mixed,4,ftz_model_bf16,35,-0.009999999776482582,-15.320003509521484,2.2258609533309937e-07,4489216.0
mixed,4,ftz_model_bf16,36,-0.009999999776482582,-15.33000373840332,2.1979212760925293e-07,4554752.0
mixed,4,ftz_model_bf16,37,-0.009999999776482582,-15.340003967285156,2.1792948246002197e-07,4587520.0
mixed,4,ftz_model_bf16,38,-0.009999999776482582,-15.350004196166992,2.1513551473617554e-07,4653056.0
mixed,4,ftz_model_bf16,39,-0.009999999776482582,-15.360004425048828,2.1327286958694458e-07,4685824.0
mixed,4,ftz_model_bf16,40,-0.009999999776482582,-15.370004653930664,2.1141022443771362e-07,4718592.0
mixed,4,ftz_model_bf16,41,-0.009999999776482582,-15.3800048828125,2.0954757928848267e-07,4784128.0
mixed,4,ftz_model_bf16,42,-5.0,-20.380002975463867,1.4115357771515846e-09,708837376.0
mixed,4,ftz_model_bf16,43,-0.009999999776482582,-20.390003204345703,1.3969838619232178e-09,717225984.0
mixed,4,ftz_model_bf16,44,-0.009999999776482582,-20.40000343322754,1.382431946694851e-09,725614592.0
mixed,4,ftz_model_bf16,45,-0.009999999776482582,-20.410003662109375,1.367880031466484e-09,729808896.0
mixed,4,ftz_model_bf16,46,-0.009999999776482582,-20.42000389099121,1.3533281162381172e-09,738197504.0
mixed,4,ftz_model_bf16,47,-0.009999999776482582,-20.430004119873047,1.3387762010097504e-09,746586112.0
mixed,4,ftz_model_bf16,48,-0.009999999776482582,-20.440004348754883,1.3242242857813835e-09,754974720.0
mixed,4,ftz_model_bf16,49,-0.009999999776482582,-20.45000457763672,1.3169483281672e-09,759169024.0
mixed,4,ftz_model_bf16,50,-0.009999999776482582,-20.460004806518555,1.3023964129388332e-09,767557632.0
mixed,4,ftz_model_bf16,51,-0.009999999776482582,-20.47000503540039,1.2878444977104664e-09,775946240.0
mixed,4,ftz_model_bf16,52,-0.009999999776482582,-20.480005264282227,1.2732925824820995e-09,784334848.0
mixed,4,ftz_model_bf16,53,-0.009999999776482582,-20.490005493164062,1.2660166248679161e-09,792723456.0
mixed,4,ftz_model_bf16,54,-0.009999999776482582,-20.5000057220459,1.2514647096395493e-09,801112064.0
mixed,4,ftz_model_bf16,55,-5.0,-25.5000057220459,8.412825991399586e-12,118648471552.0
mixed,4,ftz_model_bf16,56,-0.009999999776482582,-25.510005950927734,8.355982572538778e-12,119722213376.0
mixed,4,ftz_model_bf16,57,-0.009999999776482582,-25.52000617980957,8.242295734817162e-12,121332826112.0
mixed,4,ftz_model_bf16,58,-0.009999999776482582,-25.530006408691406,8.185452315956354e-12,122406567936.0
mixed,4,ftz_model_bf16,59,-0.009999999776482582,-25.540006637573242,8.071765478234738e-12,123480309760.0
mixed,4,ftz_model_bf16,60,-0.009999999776482582,-25.550006866455078,8.01492205937393e-12,124554051584.0
mixed,4,ftz_model_bf16,61,-0.009999999776482582,-25.560007095336914,7.958078640513122e-12,126164664320.0
mixed,4,ftz_model_bf16,62,-0.009999999776482582,-25.57000732421875,7.844391802791506e-12,127238406144.0
mixed,4,ftz_model_bf16,63,-0.009999999776482582,-25.580005645751953,7.787548383930698e-12,128849018880.0
mixed,4,ftz_model_bf16,64,-0.009999999776482582,-25.59000587463379,7.673861546209082e-12,129922760704.0
