input,chunk,token,prefix_log2,exp_fp32,inverse_fp32,decay,inverse
0,16,1,0,1,1,1,1
0,16,2,0,1,1,1,1
0,16,3,0,1,1,1,1
0,16,4,0,1,1,1,1
0,16,5,0,1,1,1,1
0,16,6,0,1,1,1,1
0,16,7,0,1,1,1,1
0,16,8,0,1,1,1,1
0,16,9,0,1,1,1,1
0,16,10,0,1,1,1,1
0,16,11,0,1,1,1,1
0,16,12,0,1,1,1,1
0,16,13,0,1,1,1,1
0,16,14,0,1,1,1,1
0,16,15,0,1,1,1,1
0,16,16,0,1,1,1,1
0,32,1,0,1,1,1,1
0,32,2,0,1,1,1,1
0,32,3,0,1,1,1,1
0,32,4,0,1,1,1,1
0,32,5,0,1,1,1,1
0,32,6,0,1,1,1,1
0,32,7,0,1,1,1,1
0,32,8,0,1,1,1,1
0,32,9,0,1,1,1,1
0,32,10,0,1,1,1,1
0,32,11,0,1,1,1,1
0,32,12,0,1,1,1,1
0,32,13,0,1,1,1,1
0,32,14,0,1,1,1,1
0,32,15,0,1,1,1,1
0,32,16,0,1,1,1,1
0,32,17,0,1,1,1,1
0,32,18,0,1,1,1,1
0,32,19,0,1,1,1,1
0,32,20,0,1,1,1,1
0,32,21,0,1,1,1,1
0,32,22,0,1,1,1,1
0,32,23,0,1,1,1,1
0,32,24,0,1,1,1,1
0,32,25,0,1,1,1,1
0,32,26,0,1,1,1,1
0,32,27,0,1,1,1,1
0,32,28,0,1,1,1,1
0,32,29,0,1,1,1,1
0,32,30,0,1,1,1,1
0,32,31,0,1,1,1,1
0,32,32,0,1,1,1,1
0,64,1,0,1,1,1,1
0,64,2,0,1,1,1,1
0,64,3,0,1,1,1,1
0,64,4,0,1,1,1,1
0,64,5,0,1,1,1,1
0,64,6,0,1,1,1,1
0,64,7,0,1,1,1,1
0,64,8,0,1,1,1,1
0,64,9,0,1,1,1,1
0,64,10,0,1,1,1,1
0,64,11,0,1,1,1,1
0,64,12,0,1,1,1,1
0,64,13,0,1,1,1,1
0,64,14,0,1,1,1,1
0,64,15,0,1,1,1,1
0,64,16,0,1,1,1,1
0,64,17,0,1,1,1,1
0,64,18,0,1,1,1,1
0,64,19,0,1,1,1,1
0,64,20,0,1,1,1,1
0,64,21,0,1,1,1,1
0,64,22,0,1,1,1,1
0,64,23,0,1,1,1,1
0,64,24,0,1,1,1,1
0,64,25,0,1,1,1,1
0,64,26,0,1,1,1,1
0,64,27,0,1,1,1,1
0,64,28,0,1,1,1,1
0,64,29,0,1,1,1,1
0,64,30,0,1,1,1,1
0,64,31,0,1,1,1,1
0,64,32,0,1,1,1,1
0,64,33,0,1,1,1,1
0,64,34,0,1,1,1,1
0,64,35,0,1,1,1,1
0,64,36,0,1,1,1,1
0,64,37,0,1,1,1,1
0,64,38,0,1,1,1,1
0,64,39,0,1,1,1,1
0,64,40,0,1,1,1,1
0,64,41,0,1,1,1,1
0,64,42,0,1,1,1,1
0,64,43,0,1,1,1,1
0,64,44,0,1,1,1,1
0,64,45,0,1,1,1,1
0,64,46,0,1,1,1,1
0,64,47,0,1,1,1,1
0,64,48,0,1,1,1,1
0,64,49,0,1,1,1,1
0,64,50,0,1,1,1,1
0,64,51,0,1,1,1,1
0,64,52,0,1,1,1,1
0,64,53,0,1,1,1,1
0,64,54,0,1,1,1,1
0,64,55,0,1,1,1,1
0,64,56,0,1,1,1,1
0,64,57,0,1,1,1,1
0,64,58,0,1,1,1,1
0,64,59,0,1,1,1,1
0,64,60,0,1,1,1,1
0,64,61,0,1,1,1,1
0,64,62,0,1,1,1,1
0,64,63,0,1,1,1,1
0,64,64,0,1,1,1,1
1,16,1,-0.144269511,0.90483737,1.10517097,0.90625,1.1015625
1,16,2,-0.288539022,0.818730772,1.22140276,0.8203125,1.21875
1,16,3,-0.432808518,0.740818143,1.34985888,0.7421875,1.3515625
1,16,4,-0.577078044,0.670320034,1.49182475,0.671875,1.4921875
1,16,5,-0.72134757,0.606530607,1.64872134,0.60546875,1.6484375
1,16,6,-0.865617096,0.548811615,1.82211888,0.546875,1.8203125
1,16,7,-1.00988662,0.49658525,2.01375294,0.49609375,2.015625
1,16,8,-1.15415609,0.449328929,2.22554111,0.44921875,2.21875
1,16,9,-1.29842556,0.40656963,2.45960331,0.40625,2.453125
1,16,10,-1.44269502,0.36787945,2.71828175,0.3671875,2.71875
1,16,11,-1.58696449,0.332871079,3.00416589,0.33203125,3
1,16,12,-1.73123395,0.301194221,3.32011676,0.30078125,3.3125
1,16,13,-1.87550342,0.272531807,3.6692965,0.2734375,3.671875
1,16,14,-2.01977301,0.246596962,4.05519962,0.247070312,4.0625
1,16,15,-2.16404247,0.223130167,4.48168898,0.22265625,4.46875
1,16,16,-2.30831194,0.201896518,4.95303202,0.202148438,4.9375
1,32,1,-0.144269511,0.90483737,1.10517097,0.90625,1.1015625
1,32,2,-0.288539022,0.818730772,1.22140276,0.8203125,1.21875
1,32,3,-0.432808518,0.740818143,1.34985888,0.7421875,1.3515625
1,32,4,-0.577078044,0.670320034,1.49182475,0.671875,1.4921875
1,32,5,-0.72134757,0.606530607,1.64872134,0.60546875,1.6484375
1,32,6,-0.865617096,0.548811615,1.82211888,0.546875,1.8203125
1,32,7,-1.00988662,0.49658525,2.01375294,0.49609375,2.015625
1,32,8,-1.15415609,0.449328929,2.22554111,0.44921875,2.21875
1,32,9,-1.29842556,0.40656963,2.45960331,0.40625,2.453125
1,32,10,-1.44269502,0.36787945,2.71828175,0.3671875,2.71875
1,32,11,-1.58696449,0.332871079,3.00416589,0.33203125,3
1,32,12,-1.73123395,0.301194221,3.32011676,0.30078125,3.3125
1,32,13,-1.87550342,0.272531807,3.6692965,0.2734375,3.671875
1,32,14,-2.01977301,0.246596962,4.05519962,0.247070312,4.0625
1,32,15,-2.16404247,0.223130167,4.48168898,0.22265625,4.46875
1,32,16,-2.30831194,0.201896518,4.95303202,0.202148438,4.9375
1,32,17,-2.45258141,0.182683527,5.47394705,0.182617188,5.46875
1,32,18,-2.59685087,0.165298909,6.04964685,0.165039062,6.0625
1,32,19,-2.74112034,0.149568632,6.68589354,0.149414062,6.6875
1,32,20,-2.8853898,0.135335311,7.38905478,0.135742188,7.375
1,32,21,-3.02965927,0.122456446,8.16616821,0.122558594,8.1875
1,32,22,-3.17392874,0.110803179,9.02501202,0.110839844,9
1,32,23,-3.3181982,0.100258864,9.97418022,0.100097656,10
1,32,24,-3.46246767,0.0907179788,11.0231733,0.0908203125,11
1,32,25,-3.60673714,0.0820850208,12.1824903,0.08203125,12.1875
1,32,26,-3.7510066,0.0742736012,13.4637337,0.07421875,13.4375
1,32,27,-3.89527607,0.0672055334,14.8797264,0.0673828125,14.875
1,32,28,-4.03954554,0.0608100817,16.4446411,0.0607910156,16.5
1,32,29,-4.183815,0.0550232381,18.174139,0.0549316406,18.125
1,32,30,-4.32808447,0.0497870892,20.0855293,0.0498046875,20.125
1,32,31,-4.47235394,0.045049224,22.1979408,0.0451660156,22.25
1,32,32,-4.6166234,0.0407622233,24.5325184,0.0407714844,24.5
1,64,1,-0.144269511,0.90483737,1.10517097,0.90625,1.1015625
1,64,2,-0.288539022,0.818730772,1.22140276,0.8203125,1.21875
1,64,3,-0.432808518,0.740818143,1.34985888,0.7421875,1.3515625
1,64,4,-0.577078044,0.670320034,1.49182475,0.671875,1.4921875
1,64,5,-0.72134757,0.606530607,1.64872134,0.60546875,1.6484375
1,64,6,-0.865617096,0.548811615,1.82211888,0.546875,1.8203125
1,64,7,-1.00988662,0.49658525,2.01375294,0.49609375,2.015625
1,64,8,-1.15415609,0.449328929,2.22554111,0.44921875,2.21875
1,64,9,-1.29842556,0.40656963,2.45960331,0.40625,2.453125
1,64,10,-1.44269502,0.36787945,2.71828175,0.3671875,2.71875
1,64,11,-1.58696449,0.332871079,3.00416589,0.33203125,3
1,64,12,-1.73123395,0.301194221,3.32011676,0.30078125,3.3125
1,64,13,-1.87550342,0.272531807,3.6692965,0.2734375,3.671875
1,64,14,-2.01977301,0.246596962,4.05519962,0.247070312,4.0625
1,64,15,-2.16404247,0.223130167,4.48168898,0.22265625,4.46875
1,64,16,-2.30831194,0.201896518,4.95303202,0.202148438,4.9375
1,64,17,-2.45258141,0.182683527,5.47394705,0.182617188,5.46875
1,64,18,-2.59685087,0.165298909,6.04964685,0.165039062,6.0625
1,64,19,-2.74112034,0.149568632,6.68589354,0.149414062,6.6875
1,64,20,-2.8853898,0.135335311,7.38905478,0.135742188,7.375
1,64,21,-3.02965927,0.122456446,8.16616821,0.122558594,8.1875
1,64,22,-3.17392874,0.110803179,9.02501202,0.110839844,9
1,64,23,-3.3181982,0.100258864,9.97418022,0.100097656,10
1,64,24,-3.46246767,0.0907179788,11.0231733,0.0908203125,11
1,64,25,-3.60673714,0.0820850208,12.1824903,0.08203125,12.1875
1,64,26,-3.7510066,0.0742736012,13.4637337,0.07421875,13.4375
1,64,27,-3.89527607,0.0672055334,14.8797264,0.0673828125,14.875
1,64,28,-4.03954554,0.0608100817,16.4446411,0.0607910156,16.5
1,64,29,-4.183815,0.0550232381,18.174139,0.0549316406,18.125
1,64,30,-4.32808447,0.0497870892,20.0855293,0.0498046875,20.125
1,64,31,-4.47235394,0.045049224,22.1979408,0.0451660156,22.25
1,64,32,-4.6166234,0.0407622233,24.5325184,0.0407714844,24.5
1,64,33,-4.76089287,0.0368831865,27.1126251,0.0368652344,27.125
1,64,34,-4.90516233,0.0333732851,29.9640827,0.0334472656,30
1,64,35,-5.0494318,0.0301973987,33.1154327,0.0301513672,33
1,64,36,-5.19370127,0.0273237377,36.5982132,0.02734375,36.5
1,64,37,-5.33797073,0.024723541,40.4472809,0.0247802734,40.5
1,64,38,-5.4822402,0.0223707855,44.7011566,0.0223388672,44.75
1,64,39,-5.62650967,0.0202419236,49.4024162,0.0202636719,49.5
1,64,40,-5.77077913,0.0183156505,54.5981102,0.0183105469,54.5
1,64,41,-5.9150486,0.0165726878,60.3402443,0.0166015625,60.25
1,64,42,-6.05931807,0.014995588,66.6862869,0.0150146484,66.5
1,64,43,-6.20358753,0.013568569,73.6997375,0.0135498047,73.5
1,64,44,-6.347857,0.0122773489,81.4508057,0.0122680664,81.5
1,64,45,-6.49212646,0.0111090057,90.0170593,0.0111083984,90
1,64,46,-6.63639593,0.0100518437,99.48423,0.0100708008,99.5
1,64,47,-6.7806654,0.00909528509,109.947075,0.00909423828,110
1,64,48,-6.92493486,0.00822975393,121.510307,0.00823974609,121.5
1,64,49,-7.06920433,0.00744658988,134.289658,0.00744628906,134
1,64,50,-7.2134738,0.00673795305,148.413025,0.00674438477,148
1,64,51,-7.35774326,0.00609675236,164.021759,0.00610351562,164
1,64,52,-7.50201273,0.00551657006,181.272064,0.00552368164,181
1,64,53,-7.6462822,0.00499159889,200.336594,0.00500488281,200
1,64,54,-7.79055166,0.00451658573,221.406189,0.00451660156,221
1,64,55,-7.93482113,0.00408677571,244.691666,0.00408935547,245
1,64,56,-8.07909107,0.00369786634,270.426208,0.00369262695,270
1,64,57,-8.22336102,0.00334596704,298.867249,0.0033416748,298
1,64,58,-8.36763096,0.00302755507,330.29953,0.00302124023,330
1,64,59,-8.5119009,0.00273944438,365.037537,0.00274658203,366
1,64,60,-8.65617085,0.00247875089,403.428986,0.00247192383,404
1,64,61,-8.80044079,0.00224286597,445.858124,0.00224304199,446
1,64,62,-8.94471073,0.00202942849,492.749573,0.00202941895,492
1,64,63,-9.08898067,0.00183630222,544.572693,0.00183868408,544
1,64,64,-9.23325062,0.00166155444,601.846008,0.00166320801,600
2,16,1,-1.44269502,0.36787945,2.71828175,0.3671875,2.71875
2,16,2,-2.88539004,0.135335281,7.38905621,0.135742188,7.375
2,16,3,-4.32808495,0.0497870706,20.085535,0.0498046875,20.125
2,16,4,-5.77078009,0.0183156393,54.5981483,0.0183105469,54.5
2,16,5,-7.21347523,0.00673794653,148.413162,0.00674438477,148
2,16,6,-8.65616989,0.00247875252,403.428711,0.00247192383,404
2,16,7,-10.0988646,0.00091188238,1096.63269,0.000911712646,1096
2,16,8,-11.5415592,0.000335462857,2980.95581,0.000335693359,2976
2,16,9,-12.9842539,0.000123409918,8103.07568,0.000123023987,8096
2,16,10,-14.4269485,4.53999855e-05,22026.4395,4.529953e-05,22016
2,16,11,-15.8696432,1.67017261e-05,59874.0508,1.66893005e-05,59904
2,16,12,-17.3123379,6.14422333e-06,162754.516,6.13927841e-06,162816
2,16,13,-18.7550335,2.26033262e-06,442412.781,2.2649765e-06,442368
2,16,14,-20.1977291,8.31529519e-07,1202603.12,8.30739737e-07,1204224
2,16,15,-21.6404247,3.05902489e-07,3269015.5,3.05473804e-07,3276800
2,16,16,-23.0831203,1.12535197e-07,8886109,1.12690032e-07,8912896
2,32,1,-1.44269502,0.36787945,2.71828175,0.3671875,2.71875
2,32,2,-2.88539004,0.135335281,7.38905621,0.135742188,7.375
2,32,3,-4.32808495,0.0497870706,20.085535,0.0498046875,20.125
2,32,4,-5.77078009,0.0183156393,54.5981483,0.0183105469,54.5
2,32,5,-7.21347523,0.00673794653,148.413162,0.00674438477,148
2,32,6,-8.65616989,0.00247875252,403.428711,0.00247192383,404
2,32,7,-10.0988646,0.00091188238,1096.63269,0.000911712646,1096
2,32,8,-11.5415592,0.000335462857,2980.95581,0.000335693359,2976
2,32,9,-12.9842539,0.000123409918,8103.07568,0.000123023987,8096
2,32,10,-14.4269485,4.53999855e-05,22026.4395,4.529953e-05,22016
2,32,11,-15.8696432,1.67017261e-05,59874.0508,1.66893005e-05,59904
2,32,12,-17.3123379,6.14422333e-06,162754.516,6.13927841e-06,162816
2,32,13,-18.7550335,2.26033262e-06,442412.781,2.2649765e-06,442368
2,32,14,-20.1977291,8.31529519e-07,1202603.12,8.30739737e-07,1204224
2,32,15,-21.6404247,3.05902489e-07,3269015.5,3.05473804e-07,3276800
2,32,16,-23.0831203,1.12535197e-07,8886109,1.12690032e-07,8912896
2,32,17,-24.525816,4.13993675e-08,24154958,4.14438546e-08,24117248
2,32,18,-25.9685116,1.52299702e-08,65660008,1.52504072e-08,65536000
2,32,19,-27.4112072,5.60279068e-09,178482480,5.61703928e-09,178257920
2,32,20,-28.8539028,2.06115058e-09,485165888,2.06637196e-09,484442112
2,32,21,-30.2965984,7.58254626e-10,1.31881818e+09,7.56699592e-10,1.31701146e+09
2,32,22,-31.7392941,2.78946172e-10,3.58492083e+09,2.78305379e-10,3.59032422e+09
2,32,23,-33.1819878,1.02618657e-10,9.74481613e+09,1.02772901e-10,9.73078528e+09
2,32,24,-34.6246834,3.77512813e-11,2.64891658e+10,3.77440301e-11,2.64408924e+10
2,32,25,-36.067379,1.38879143e-11,7.20050504e+10,1.38697942e-11,7.19407022e+10
2,32,26,-37.5100746,5.10907636e-12,1.95730096e+11,5.1159077e-12,1.95421012e+11
2,32,27,-38.9527702,1.87952323e-12,5.32049789e+11,1.87583282e-12,5.32575945e+11
2,32,28,-40.3954659,6.91437738e-13,1.44626182e+12,6.92779167e-13,1.44310901e+12
2,32,29,-41.8381615,2.5436562e-13,3.93134893e+12,2.54019028e-13,3.93419004e+12
2,32,30,-43.2808571,9.35758429e-14,1.06865183e+13,9.37028233e-14,1.07202384e+13
2,32,31,-44.7235527,3.4424615e-14,2.90489798e+13,3.44169138e-14,2.89996192e+13
2,32,32,-46.1662483,1.26641031e-14,7.89633512e+13,1.26565425e-14,7.91648372e+13
2,64,1,-1.44269502,0.36787945,2.71828175,0.3671875,2.71875
2,64,2,-2.88539004,0.135335281,7.38905621,0.135742188,7.375
2,64,3,-4.32808495,0.0497870706,20.085535,0.0498046875,20.125
2,64,4,-5.77078009,0.0183156393,54.5981483,0.0183105469,54.5
2,64,5,-7.21347523,0.00673794653,148.413162,0.00674438477,148
2,64,6,-8.65616989,0.00247875252,403.428711,0.00247192383,404
2,64,7,-10.0988646,0.00091188238,1096.63269,0.000911712646,1096
2,64,8,-11.5415592,0.000335462857,2980.95581,0.000335693359,2976
2,64,9,-12.9842539,0.000123409918,8103.07568,0.000123023987,8096
2,64,10,-14.4269485,4.53999855e-05,22026.4395,4.529953e-05,22016
2,64,11,-15.8696432,1.67017261e-05,59874.0508,1.66893005e-05,59904
2,64,12,-17.3123379,6.14422333e-06,162754.516,6.13927841e-06,162816
2,64,13,-18.7550335,2.26033262e-06,442412.781,2.2649765e-06,442368
2,64,14,-20.1977291,8.31529519e-07,1202603.12,8.30739737e-07,1204224
2,64,15,-21.6404247,3.05902489e-07,3269015.5,3.05473804e-07,3276800
2,64,16,-23.0831203,1.12535197e-07,8886109,1.12690032e-07,8912896
2,64,17,-24.525816,4.13993675e-08,24154958,4.14438546e-08,24117248
2,64,18,-25.9685116,1.52299702e-08,65660008,1.52504072e-08,65536000
2,64,19,-27.4112072,5.60279068e-09,178482480,5.61703928e-09,178257920
2,64,20,-28.8539028,2.06115058e-09,485165888,2.06637196e-09,484442112
2,64,21,-30.2965984,7.58254626e-10,1.31881818e+09,7.56699592e-10,1.31701146e+09
2,64,22,-31.7392941,2.78946172e-10,3.58492083e+09,2.78305379e-10,3.59032422e+09
2,64,23,-33.1819878,1.02618657e-10,9.74481613e+09,1.02772901e-10,9.73078528e+09
2,64,24,-34.6246834,3.77512813e-11,2.64891658e+10,3.77440301e-11,2.64408924e+10
2,64,25,-36.067379,1.38879143e-11,7.20050504e+10,1.38697942e-11,7.19407022e+10
2,64,26,-37.5100746,5.10907636e-12,1.95730096e+11,5.1159077e-12,1.95421012e+11
2,64,27,-38.9527702,1.87952323e-12,5.32049789e+11,1.87583282e-12,5.32575945e+11
2,64,28,-40.3954659,6.91437738e-13,1.44626182e+12,6.92779167e-13,1.44310901e+12
2,64,29,-41.8381615,2.5436562e-13,3.93134893e+12,2.54019028e-13,3.93419004e+12
2,64,30,-43.2808571,9.35758429e-14,1.06865183e+13,9.37028233e-14,1.07202384e+13
2,64,31,-44.7235527,3.4424615e-14,2.90489798e+13,3.44169138e-14,2.89996192e+13
2,64,32,-46.1662483,1.26641031e-14,7.89633512e+13,1.26565425e-14,7.91648372e+13
2,64,33,-47.6089439,4.6588612e-15,2.14644715e+14,4.6629367e-15,2.14404767e+14
2,64,34,-49.0516396,1.71389864e-15,5.83465066e+14,1.71390679e-15,5.84940186e+14
2,64,35,-50.4943352,6.30507821e-16,1.58602311e+15,6.31439345e-16,1.58329674e+15
2,64,36,-51.9370308,2.31950788e-16,4.31125945e+15,2.32452946e-16,4.31008558e+15
2,64,37,-53.3797264,8.53298873e-17,1.17192231e+16,8.54351312e-17,1.17515803e+16
2,64,38,-54.822422,3.13910973e-17,3.18561633e+16,3.1441863e-17,3.18066724e+16
2,64,39,-56.2651176,1.15481354e-17,8.65940655e+16,1.15467531e-17,8.66942928e+16
2,64,40,-57.7078133,4.2483198e-18,2.3538716e+17,4.25549353e-18,2.35313081e+17
2,64,41,-59.1505089,1.56286885e-18,6.39848903e+17,1.56531689e-18,6.39511147e+17
2,64,42,-60.5932045,5.74947084e-19,1.73929037e+18,5.75982404e-19,1.73838946e+18
2,64,43,-62.0359001,2.1151113e-19,4.72788351e+18,2.11758237e-19,4.71977241e+18
2,64,44,-63.4785957,7.78105667e-20,1.28517241e+19,7.79270311e-20,1.28262517e+19
2,64,45,-64.9212875,2.86249728e-20,3.49345301e+19,2.8587362e-20,3.48758755e+19
2,64,46,-66.3639832,1.05305343e-20,9.4961943e+19,1.05349723e-20,9.51160241e+19
2,64,47,-67.8066788,3.8739655e-21,2.58133418e+20,3.86458782e-21,2.58254417e+20
2,64,48,-69.2493744,1.42515172e-21,7.01679681e+20,1.42275065e-21,7.00976275e+20
2,64,49,-70.69207,5.24283824e-22,1.90736381e+21,5.22778147e-22,1.90923801e+21
2,64,50,-72.1347656,1.92873159e-22,5.18475443e+21,1.92733083e-22,5.20198183e+21
2,64,51,-73.5774612,7.09540436e-23,1.409363e+22,7.11375327e-23,1.40933125e+22
2,64,52,-75.0201569,2.61025223e-23,3.83104737e+22,2.60561893e-23,3.83692277e+22
2,64,53,-76.4628525,9.6025774e-24,1.04138707e+23,9.61597462e-24,1.03892063e+23
2,64,54,-77.9055481,3.53258934e-24,2.83078456e+23,3.541367e-24,2.83341989e+23
2,64,55,-79.3482437,1.2995665e-24,7.69487338e+23,1.29893206e-24,7.69745737e+23
2,64,56,-80.7909393,4.7808363e-25,2.09168424e+24,4.78213792e-25,2.08728599e+24
2,64,57,-82.2336349,1.75877057e-25,5.68578977e+24,1.76098998e-25,5.70461871e+24
2,64,58,-83.6763306,6.47015333e-26,1.54555849e+25,6.46234854e-26,1.54893621e+25
2,64,59,-85.1190262,2.38023525e-26,4.20126533e+25,2.38299102e-26,4.20101722e+25
2,64,60,-86.5617218,8.75639303e-27,1.14202271e+26,8.73426794e-27,1.1424349e+26
2,64,61,-88.0044174,3.2212956e-27,3.10434095e+26,3.21855249e-27,3.0948501e+26
2,64,62,-89.447113,1.185048e-27,8.4384771e+26,1.1864468e-27,8.46248074e+26
2,64,63,-90.8898087,4.3595461e-28,2.29381677e+27,4.3545122e-28,2.29212335e+27
2,64,64,-92.3325043,1.60378674e-28,6.2352427e+27,1.60138764e-28,6.22838582e+27
3,16,1,-4.32808495,0.0497870706,20.085535,0.0498046875,20.125
3,16,2,-8.65616989,0.00247875252,403.428711,0.00247192383,404
3,16,3,-12.9842548,0.000123409845,8103.08105,0.000123023987,8096
3,16,4,-17.3123398,6.14421515e-06,162754.719,6.13927841e-06,162816
3,16,5,-21.6404247,3.05902489e-07,3269015.5,3.05473804e-07,3276800
3,16,6,-25.9685097,1.52299915e-08,65659924,1.52504072e-08,65536000
3,16,7,-30.2965946,7.58256624e-10,1.31881459e+09,7.56699592e-10,1.31701146e+09
3,16,8,-34.6246796,3.77513819e-11,2.64890962e+10,3.77440301e-11,2.64408924e+10
3,16,9,-38.9527664,1.87952822e-12,5.3204838e+11,1.87583282e-12,5.32575945e+11
3,16,10,-43.2808533,9.35760936e-14,1.068649e+13,9.37028233e-14,1.07202384e+13
3,16,11,-47.6089401,4.65887349e-15,2.14644145e+14,4.6629367e-15,2.14404767e+14
3,16,12,-51.937027,2.31951396e-16,4.31124817e+15,2.32452946e-16,4.31008558e+15
3,16,13,-56.2651138,1.15481651e-17,8.65938335e+16,1.15467531e-17,8.66942928e+16
3,16,14,-60.5932007,5.74948635e-19,1.73928583e+18,5.75982404e-19,1.73838946e+18
3,16,15,-64.9212875,2.86249728e-20,3.49345301e+19,2.8587362e-20,3.48758755e+19
3,16,16,-69.2493744,1.42515172e-21,7.01679681e+20,1.42275065e-21,7.00976275e+20
3,32,1,-4.32808495,0.0497870706,20.085535,0.0498046875,20.125
3,32,2,-8.65616989,0.00247875252,403.428711,0.00247192383,404
3,32,3,-12.9842548,0.000123409845,8103.08105,0.000123023987,8096
3,32,4,-17.3123398,6.14421515e-06,162754.719,6.13927841e-06,162816
3,32,5,-21.6404247,3.05902489e-07,3269015.5,3.05473804e-07,3276800
3,32,6,-25.9685097,1.52299915e-08,65659924,1.52504072e-08,65536000
3,32,7,-30.2965946,7.58256624e-10,1.31881459e+09,7.56699592e-10,1.31701146e+09
3,32,8,-34.6246796,3.77513819e-11,2.64890962e+10,3.77440301e-11,2.64408924e+10
3,32,9,-38.9527664,1.87952822e-12,5.3204838e+11,1.87583282e-12,5.32575945e+11
3,32,10,-43.2808533,9.35760936e-14,1.068649e+13,9.37028233e-14,1.07202384e+13
3,32,11,-47.6089401,4.65887349e-15,2.14644145e+14,4.6629367e-15,2.14404767e+14
3,32,12,-51.937027,2.31951396e-16,4.31124817e+15,2.32452946e-16,4.31008558e+15
3,32,13,-56.2651138,1.15481651e-17,8.65938335e+16,1.15467531e-17,8.66942928e+16
3,32,14,-60.5932007,5.74948635e-19,1.73928583e+18,5.75982404e-19,1.73838946e+18
3,32,15,-64.9212875,2.86249728e-20,3.49345301e+19,2.8587362e-20,3.48758755e+19
3,32,16,-69.2493744,1.42515172e-21,7.01679681e+20,1.42275065e-21,7.00976275e+20
3,32,17,-73.5774612,7.09540436e-23,1.409363e+22,7.11375327e-23,1.40933125e+22
3,32,18,-77.9055481,3.53258934e-24,2.83078456e+23,3.541367e-24,2.83341989e+23
3,32,19,-82.2336349,1.75877057e-25,5.68578977e+24,1.76098998e-25,5.70461871e+24
3,32,20,-86.5617218,8.75639303e-27,1.14202271e+26,8.73426794e-27,1.1424349e+26
3,32,21,-90.8898087,4.3595461e-28,2.29381677e+27,4.3545122e-28,2.29212335e+27
3,32,22,-95.2178955,2.17048754e-29,4.60725974e+28,2.16936749e-29,4.61132665e+28
3,32,23,-99.5459824,1.08062086e-30,9.25393954e+29,1.07852077e-30,9.25979149e+29
3,32,24,-103.874069,5.38008836e-32,1.85870568e+31,5.39260384e-32,1.86186182e+31
3,32,25,-108.202156,2.67858483e-33,3.73331458e+32,2.68426486e-33,3.72689276e+32
3,32,26,-112.530243,1.33358732e-34,7.49857172e+33,1.3316e-34,7.50449155e+33
3,32,27,-116.85833,6.63953203e-36,1.50613014e+35,6.62978814e-36,1.50576609e+35
3,32,28,-121.186417,3.30562451e-37,3.02514706e+36,3.30607786e-37,3.03230137e+36
3,32,29,-125.514503,1.64577152e-38,6.07617739e+37,1.64385538e-38,6.08121808e+37
3,32,30,-129.84259,0,inf,0,inf
3,32,31,-134.17067,0,inf,0,inf
3,32,32,-138.498749,0,inf,0,inf
3,64,1,-4.32808495,0.0497870706,20.085535,0.0498046875,20.125
3,64,2,-8.65616989,0.00247875252,403.428711,0.00247192383,404
3,64,3,-12.9842548,0.000123409845,8103.08105,0.000123023987,8096
3,64,4,-17.3123398,6.14421515e-06,162754.719,6.13927841e-06,162816
3,64,5,-21.6404247,3.05902489e-07,3269015.5,3.05473804e-07,3276800
3,64,6,-25.9685097,1.52299915e-08,65659924,1.52504072e-08,65536000
3,64,7,-30.2965946,7.58256624e-10,1.31881459e+09,7.56699592e-10,1.31701146e+09
3,64,8,-34.6246796,3.77513819e-11,2.64890962e+10,3.77440301e-11,2.64408924e+10
3,64,9,-38.9527664,1.87952822e-12,5.3204838e+11,1.87583282e-12,5.32575945e+11
3,64,10,-43.2808533,9.35760936e-14,1.068649e+13,9.37028233e-14,1.07202384e+13
3,64,11,-47.6089401,4.65887349e-15,2.14644145e+14,4.6629367e-15,2.14404767e+14
3,64,12,-51.937027,2.31951396e-16,4.31124817e+15,2.32452946e-16,4.31008558e+15
3,64,13,-56.2651138,1.15481651e-17,8.65938335e+16,1.15467531e-17,8.66942928e+16
3,64,14,-60.5932007,5.74948635e-19,1.73928583e+18,5.75982404e-19,1.73838946e+18
3,64,15,-64.9212875,2.86249728e-20,3.49345301e+19,2.8587362e-20,3.48758755e+19
3,64,16,-69.2493744,1.42515172e-21,7.01679681e+20,1.42275065e-21,7.00976275e+20
3,64,17,-73.5774612,7.09540436e-23,1.409363e+22,7.11375327e-23,1.40933125e+22
3,64,18,-77.9055481,3.53258934e-24,2.83078456e+23,3.541367e-24,2.83341989e+23
3,64,19,-82.2336349,1.75877057e-25,5.68578977e+24,1.76098998e-25,5.70461871e+24
3,64,20,-86.5617218,8.75639303e-27,1.14202271e+26,8.73426794e-27,1.1424349e+26
3,64,21,-90.8898087,4.3595461e-28,2.29381677e+27,4.3545122e-28,2.29212335e+27
3,64,22,-95.2178955,2.17048754e-29,4.60725974e+28,2.16936749e-29,4.61132665e+28
3,64,23,-99.5459824,1.08062086e-30,9.25393954e+29,1.07852077e-30,9.25979149e+29
3,64,24,-103.874069,5.38008836e-32,1.85870568e+31,5.39260384e-32,1.86186182e+31
3,64,25,-108.202156,2.67858483e-33,3.73331458e+32,2.68426486e-33,3.72689276e+32
3,64,26,-112.530243,1.33358732e-34,7.49857172e+33,1.3316e-34,7.50449155e+33
3,64,27,-116.85833,6.63953203e-36,1.50613014e+35,6.62978814e-36,1.50576609e+35
3,64,28,-121.186417,3.30562451e-37,3.02514706e+36,3.30607786e-37,3.03230137e+36
3,64,29,-125.514503,1.64577152e-38,6.07617739e+37,1.64385538e-38,6.08121808e+37
3,64,30,-129.84259,0,inf,0,inf
3,64,31,-134.17067,0,inf,0,inf
3,64,32,-138.498749,0,inf,0,inf
3,64,33,-142.826828,0,inf,0,inf
3,64,34,-147.154907,0,inf,0,inf
3,64,35,-151.482986,0,inf,0,inf
3,64,36,-155.811066,0,inf,0,inf
3,64,37,-160.139145,0,inf,0,inf
3,64,38,-164.467224,0,inf,0,inf
3,64,39,-168.795303,0,inf,0,inf
3,64,40,-173.123383,0,inf,0,inf
3,64,41,-177.451462,0,inf,0,inf
3,64,42,-181.779541,0,inf,0,inf
3,64,43,-186.10762,0,inf,0,inf
3,64,44,-190.435699,0,inf,0,inf
3,64,45,-194.763779,0,inf,0,inf
3,64,46,-199.091858,0,inf,0,inf
3,64,47,-203.419937,0,inf,0,inf
3,64,48,-207.748016,0,inf,0,inf
3,64,49,-212.076096,0,inf,0,inf
3,64,50,-216.404175,0,inf,0,inf
3,64,51,-220.732254,0,inf,0,inf
3,64,52,-225.060333,0,inf,0,inf
3,64,53,-229.388412,0,inf,0,inf
3,64,54,-233.716492,0,inf,0,inf
3,64,55,-238.044571,0,inf,0,inf
3,64,56,-242.37265,0,inf,0,inf
3,64,57,-246.700729,0,inf,0,inf
3,64,58,-251.028809,0,inf,0,inf
3,64,59,-255.356888,0,inf,0,inf
3,64,60,-259.684967,0,inf,0,inf
3,64,61,-264.013062,0,inf,0,inf
3,64,62,-268.341156,0,inf,0,inf
3,64,63,-272.66925,0,inf,0,inf
3,64,64,-276.997345,0,inf,0,inf
4,16,1,-7.21347523,0.00673794653,148.413162,0.00674438477,148
4,16,2,-14.4269505,4.53999273e-05,22026.4688,4.529953e-05,22016
4,16,3,-21.6404266,3.05902091e-07,3269019.75,3.05473804e-07,3276800
4,16,4,-28.8539009,2.06115347e-09,485165248,2.06637196e-09,484442112
4,16,5,-36.0673752,1.38879516e-11,7.2004862e+10,1.38697942e-11,7.19407022e+10
4,16,6,-43.2808495,9.35763375e-14,1.06864616e+13,9.37028233e-14,1.07202384e+13
4,16,7,-50.4943237,6.30512797e-16,1.58601063e+15,6.31439345e-16,1.58329674e+15
4,16,8,-57.707798,4.24836488e-18,2.35384669e+17,4.25549353e-18,2.35313081e+17
4,16,9,-64.9212723,2.86252766e-20,3.49341606e+19,2.8587362e-20,3.48758755e+19
4,16,10,-72.1347504,1.92875204e-22,5.18469983e+21,1.92733083e-22,5.20198183e+21
4,16,11,-79.3482285,1.2995803e-24,7.69479196e+23,1.29893206e-24,7.69745737e+23
4,16,12,-86.5617065,8.75648547e-27,1.14201062e+26,8.73426794e-27,1.1424349e+26
4,16,13,-93.7751846,5.90006171e-29,1.69489747e+28,5.91645679e-29,1.69443043e+28
4,16,14,-100.988663,3.97542268e-31,2.51545593e+30,3.97511941e-31,2.51549416e+30
4,16,15,-108.202141,2.67861312e-33,3.73327512e+32,2.68426486e-33,3.72689276e+32
4,16,16,-115.415619,1.80483167e-35,5.5406824e+34,1.80555932e-35,5.54926727e+34
4,32,1,-7.21347523,0.00673794653,148.413162,0.00674438477,148
4,32,2,-14.4269505,4.53999273e-05,22026.4688,4.529953e-05,22016
4,32,3,-21.6404266,3.05902091e-07,3269019.75,3.05473804e-07,3276800
4,32,4,-28.8539009,2.06115347e-09,485165248,2.06637196e-09,484442112
4,32,5,-36.0673752,1.38879516e-11,7.2004862e+10,1.38697942e-11,7.19407022e+10
4,32,6,-43.2808495,9.35763375e-14,1.06864616e+13,9.37028233e-14,1.07202384e+13
4,32,7,-50.4943237,6.30512797e-16,1.58601063e+15,6.31439345e-16,1.58329674e+15
4,32,8,-57.707798,4.24836488e-18,2.35384669e+17,4.25549353e-18,2.35313081e+17
4,32,9,-64.9212723,2.86252766e-20,3.49341606e+19,2.8587362e-20,3.48758755e+19
4,32,10,-72.1347504,1.92875204e-22,5.18469983e+21,1.92733083e-22,5.20198183e+21
4,32,11,-79.3482285,1.2995803e-24,7.69479196e+23,1.29893206e-24,7.69745737e+23
4,32,12,-86.5617065,8.75648547e-27,1.14201062e+26,8.73426794e-27,1.1424349e+26
4,32,13,-93.7751846,5.90006171e-29,1.69489747e+28,5.91645679e-29,1.69443043e+28
4,32,14,-100.988663,3.97542268e-31,2.51545593e+30,3.97511941e-31,2.51549416e+30
4,32,15,-108.202141,2.67861312e-33,3.73327512e+32,2.68426486e-33,3.72689276e+32
4,32,16,-115.415619,1.80483167e-35,5.5406824e+34,1.80555932e-35,5.54926727e+34
4,32,17,-122.629097,1.21608369e-37,8.22311824e+36,1.21957539e-37,8.22459822e+36
4,32,18,-129.842575,0,inf,0,inf
4,32,19,-137.056046,0,inf,0,inf
4,32,20,-144.269516,0,inf,0,inf
4,32,21,-151.482986,0,inf,0,inf
4,32,22,-158.696457,0,inf,0,inf
4,32,23,-165.909927,0,inf,0,inf
4,32,24,-173.123398,0,inf,0,inf
4,32,25,-180.336868,0,inf,0,inf
4,32,26,-187.550339,0,inf,0,inf
4,32,27,-194.763809,0,inf,0,inf
4,32,28,-201.97728,0,inf,0,inf
4,32,29,-209.19075,0,inf,0,inf
4,32,30,-216.404221,0,inf,0,inf
4,32,31,-223.617691,0,inf,0,inf
4,32,32,-230.831161,0,inf,0,inf
4,64,1,-7.21347523,0.00673794653,148.413162,0.00674438477,148
4,64,2,-14.4269505,4.53999273e-05,22026.4688,4.529953e-05,22016
4,64,3,-21.6404266,3.05902091e-07,3269019.75,3.05473804e-07,3276800
4,64,4,-28.8539009,2.06115347e-09,485165248,2.06637196e-09,484442112
4,64,5,-36.0673752,1.38879516e-11,7.2004862e+10,1.38697942e-11,7.19407022e+10
4,64,6,-43.2808495,9.35763375e-14,1.06864616e+13,9.37028233e-14,1.07202384e+13
4,64,7,-50.4943237,6.30512797e-16,1.58601063e+15,6.31439345e-16,1.58329674e+15
4,64,8,-57.707798,4.24836488e-18,2.35384669e+17,4.25549353e-18,2.35313081e+17
4,64,9,-64.9212723,2.86252766e-20,3.49341606e+19,2.8587362e-20,3.48758755e+19
4,64,10,-72.1347504,1.92875204e-22,5.18469983e+21,1.92733083e-22,5.20198183e+21
4,64,11,-79.3482285,1.2995803e-24,7.69479196e+23,1.29893206e-24,7.69745737e+23
4,64,12,-86.5617065,8.75648547e-27,1.14201062e+26,8.73426794e-27,1.1424349e+26
4,64,13,-93.7751846,5.90006171e-29,1.69489747e+28,5.91645679e-29,1.69443043e+28
4,64,14,-100.988663,3.97542268e-31,2.51545593e+30,3.97511941e-31,2.51549416e+30
4,64,15,-108.202141,2.67861312e-33,3.73327512e+32,2.68426486e-33,3.72689276e+32
4,64,16,-115.415619,1.80483167e-35,5.5406824e+34,1.80555932e-35,5.54926727e+34
4,64,17,-122.629097,1.21608369e-37,8.22311824e+36,1.21957539e-37,8.22459822e+36
4,64,18,-129.842575,0,inf,0,inf
4,64,19,-137.056046,0,inf,0,inf
4,64,20,-144.269516,0,inf,0,inf
4,64,21,-151.482986,0,inf,0,inf
4,64,22,-158.696457,0,inf,0,inf
4,64,23,-165.909927,0,inf,0,inf
4,64,24,-173.123398,0,inf,0,inf
4,64,25,-180.336868,0,inf,0,inf
4,64,26,-187.550339,0,inf,0,inf
4,64,27,-194.763809,0,inf,0,inf
4,64,28,-201.97728,0,inf,0,inf
4,64,29,-209.19075,0,inf,0,inf
4,64,30,-216.404221,0,inf,0,inf
4,64,31,-223.617691,0,inf,0,inf
4,64,32,-230.831161,0,inf,0,inf
4,64,33,-238.044632,0,inf,0,inf
4,64,34,-245.258102,0,inf,0,inf
4,64,35,-252.471573,0,inf,0,inf
4,64,36,-259.685059,0,inf,0,inf
4,64,37,-266.898529,0,inf,0,inf
4,64,38,-274.112,0,inf,0,inf
4,64,39,-281.32547,0,inf,0,inf
4,64,40,-288.53894,0,inf,0,inf
4,64,41,-295.752411,0,inf,0,inf
4,64,42,-302.965881,0,inf,0,inf
4,64,43,-310.179352,0,inf,0,inf
4,64,44,-317.392822,0,inf,0,inf
4,64,45,-324.606293,0,inf,0,inf
4,64,46,-331.819763,0,inf,0,inf
4,64,47,-339.033234,0,inf,0,inf
4,64,48,-346.246704,0,inf,0,inf
4,64,49,-353.460175,0,inf,0,inf
4,64,50,-360.673645,0,inf,0,inf
4,64,51,-367.887115,0,inf,0,inf
4,64,52,-375.100586,0,inf,0,inf
4,64,53,-382.314056,0,inf,0,inf
4,64,54,-389.527527,0,inf,0,inf
4,64,55,-396.740997,0,inf,0,inf
4,64,56,-403.954468,0,inf,0,inf
4,64,57,-411.167938,0,inf,0,inf
4,64,58,-418.381409,0,inf,0,inf
4,64,59,-425.594879,0,inf,0,inf
4,64,60,-432.80835,0,inf,0,inf
4,64,61,-440.02182,0,inf,0,inf
4,64,62,-447.235291,0,inf,0,inf
4,64,63,-454.448761,0,inf,0,inf
4,64,64,-461.662231,0,inf,0,inf
5,16,1,-6.99745321,0.00782630313,127.774246,0.0078125,128
5,16,2,-12.1032944,0.000227271681,4400.02002,0.000226974487,4416
5,16,3,-15.4170418,2.28564058e-05,43751.4102,2.28881836e-05,43776
5,16,4,-22.0588322,2.28891579e-07,4368880.5,2.29105353e-07,4358144
5,16,5,-26.7116966,9.09867293e-09,109906136,9.0803951e-09,110100480
5,16,6,-32.4186211,1.7418976e-10,5.74086554e+09,1.74622983e-10,5.73780787e+09
5,16,7,-33.7069931,7.13155091e-11,1.40221942e+10,7.13953341e-11,1.40257526e+10
5,16,8,-36.2397003,1.23243256e-11,8.11403428e+10,1.23350219e-11,8.10675077e+10
5,16,9,-40.4331894,6.73592367e-13,1.48457744e+12,6.75015599e-13,1.48605868e+12
5,16,10,-42.5123711,1.59404689e-13,6.27334133e+12,1.58983937e-13,6.28783212e+12
5,16,11,-45.779129,1.6561854e-14,6.03797114e+13,1.65423231e-14,6.04731395e+13
5,16,12,-47.0544662,6.84217545e-15,1.46152352e+14,6.85562718e-15,1.46235046e+14
5,16,13,-49.6171722,1.1580914e-15,8.63489686e+14,1.15879528e-15,8.62017116e+14
5,16,14,-54.1032715,5.16764147e-17,1.93511878e+16,5.16080234e-17,1.92810359e+16
5,16,15,-57.579071,4.64485819e-18,2.15291816e+17,4.63496429e-18,2.15046882e+17
5,16,16,-60.7587738,5.12609409e-19,1.95080301e+18,5.116079e-19,1.95456224e+18
5,32,1,-6.99745321,0.00782630313,127.774246,0.0078125,128
5,32,2,-12.1032944,0.000227271681,4400.02002,0.000226974487,4416
5,32,3,-15.4170418,2.28564058e-05,43751.4102,2.28881836e-05,43776
5,32,4,-22.0588322,2.28891579e-07,4368880.5,2.29105353e-07,4358144
5,32,5,-26.7116966,9.09867293e-09,109906136,9.0803951e-09,110100480
5,32,6,-32.4186211,1.7418976e-10,5.74086554e+09,1.74622983e-10,5.73780787e+09
5,32,7,-33.7069931,7.13155091e-11,1.40221942e+10,7.13953341e-11,1.40257526e+10
5,32,8,-36.2397003,1.23243256e-11,8.11403428e+10,1.23350219e-11,8.10675077e+10
5,32,9,-40.4331894,6.73592367e-13,1.48457744e+12,6.75015599e-13,1.48605868e+12
5,32,10,-42.5123711,1.59404689e-13,6.27334133e+12,1.58983937e-13,6.28783212e+12
5,32,11,-45.779129,1.6561854e-14,6.03797114e+13,1.65423231e-14,6.04731395e+13
5,32,12,-47.0544662,6.84217545e-15,1.46152352e+14,6.85562718e-15,1.46235046e+14
5,32,13,-49.6171722,1.1580914e-15,8.63489686e+14,1.15879528e-15,8.62017116e+14
5,32,14,-54.1032715,5.16764147e-17,1.93511878e+16,5.16080234e-17,1.92810359e+16
5,32,15,-57.579071,4.64485819e-18,2.15291816e+17,4.63496429e-18,2.15046882e+17
5,32,16,-60.7587738,5.12609409e-19,1.95080301e+18,5.116079e-19,1.95456224e+18
5,32,17,-63.6966896,6.68937859e-20,1.49490711e+19,6.69156028e-20,1.4915922e+19
5,32,18,-65.1786194,2.39486187e-20,4.17560607e+19,2.39286808e-20,4.17934045e+19
5,32,19,-69.975853,8.61329379e-22,1.16099597e+21,8.60267837e-22,1.16214488e+21
5,32,20,-75.6375198,1.70152249e-23,5.87708943e+22,1.70606001e-23,5.87344331e+22
5,32,21,-77.1549911,5.94337746e-24,1.682545e+23,5.94536065e-24,1.68824602e+23
5,32,22,-82.0366287,2.01610883e-25,4.96004932e+24,2.01948392e-25,4.94904007e+24
5,32,23,-82.8282013,1.16473439e-25,8.58564849e+24,1.16322274e-25,8.57581753e+24
5,32,24,-86.6062775,8.490097e-27,1.17784287e+26,8.48183245e-27,1.17870267e+26
5,32,25,-88.2366714,2.74230122e-27,3.64657229e+26,2.73892506e-27,3.65095598e+26
5,32,26,-92.2635422,1.682311e-28,5.94420443e+27,1.68027373e-28,5.95758644e+27
5,32,27,-96.5016708,8.91461137e-30,1.12175386e+29,8.92398899e-30,1.12033574e+29
5,32,28,-101.420868,2.94629713e-31,3.39409067e+30,2.94282096e-31,3.38700395e+30
5,32,29,-106.797623,7.09107563e-33,1.41022338e+32,7.07779255e-33,1.40709217e+32
5,32,30,-108.439812,2.27176773e-33,4.40185829e+32,2.27500475e-33,4.41142409e+32
5,32,31,-114.281952,3.96008492e-35,2.52519837e+34,3.96846893e-35,2.53124472e+34
5,32,32,-118.830696,1.69198328e-36,5.91022404e+35,1.69271187e-36,5.91921842e+35
5,64,1,-6.99745321,0.00782630313,127.774246,0.0078125,128
5,64,2,-12.1032944,0.000227271681,4400.02002,0.000226974487,4416
5,64,3,-15.4170418,2.28564058e-05,43751.4102,2.28881836e-05,43776
5,64,4,-22.0588322,2.28891579e-07,4368880.5,2.29105353e-07,4358144
5,64,5,-26.7116966,9.09867293e-09,109906136,9.0803951e-09,110100480
5,64,6,-32.4186211,1.7418976e-10,5.74086554e+09,1.74622983e-10,5.73780787e+09
5,64,7,-33.7069931,7.13155091e-11,1.40221942e+10,7.13953341e-11,1.40257526e+10
5,64,8,-36.2397003,1.23243256e-11,8.11403428e+10,1.23350219e-11,8.10675077e+10
5,64,9,-40.4331894,6.73592367e-13,1.48457744e+12,6.75015599e-13,1.48605868e+12
5,64,10,-42.5123711,1.59404689e-13,6.27334133e+12,1.58983937e-13,6.28783212e+12
5,64,11,-45.779129,1.6561854e-14,6.03797114e+13,1.65423231e-14,6.04731395e+13
5,64,12,-47.0544662,6.84217545e-15,1.46152352e+14,6.85562718e-15,1.46235046e+14
5,64,13,-49.6171722,1.1580914e-15,8.63489686e+14,1.15879528e-15,8.62017116e+14
5,64,14,-54.1032715,5.16764147e-17,1.93511878e+16,5.16080234e-17,1.92810359e+16
5,64,15,-57.579071,4.64485819e-18,2.15291816e+17,4.63496429e-18,2.15046882e+17
5,64,16,-60.7587738,5.12609409e-19,1.95080301e+18,5.116079e-19,1.95456224e+18
5,64,17,-63.6966896,6.68937859e-20,1.49490711e+19,6.69156028e-20,1.4915922e+19
5,64,18,-65.1786194,2.39486187e-20,4.17560607e+19,2.39286808e-20,4.17934045e+19
5,64,19,-69.975853,8.61329379e-22,1.16099597e+21,8.60267837e-22,1.16214488e+21
5,64,20,-75.6375198,1.70152249e-23,5.87708943e+22,1.70606001e-23,5.87344331e+22
5,64,21,-77.1549911,5.94337746e-24,1.682545e+23,5.94536065e-24,1.68824602e+23
5,64,22,-82.0366287,2.01610883e-25,4.96004932e+24,2.01948392e-25,4.94904007e+24
5,64,23,-82.8282013,1.16473439e-25,8.58564849e+24,1.16322274e-25,8.57581753e+24
5,64,24,-86.6062775,8.490097e-27,1.17784287e+26,8.48183245e-27,1.17870267e+26
5,64,25,-88.2366714,2.74230122e-27,3.64657229e+26,2.73892506e-27,3.65095598e+26
5,64,26,-92.2635422,1.682311e-28,5.94420443e+27,1.68027373e-28,5.95758644e+27
5,64,27,-96.5016708,8.91461137e-30,1.12175386e+29,8.92398899e-30,1.12033574e+29
5,64,28,-101.420868,2.94629713e-31,3.39409067e+30,2.94282096e-31,3.38700395e+30
5,64,29,-106.797623,7.09107563e-33,1.41022338e+32,7.07779255e-33,1.40709217e+32
5,64,30,-108.439812,2.27176773e-33,4.40185829e+32,2.27500475e-33,4.41142409e+32
5,64,31,-114.281952,3.96008492e-35,2.52519837e+34,3.96846893e-35,2.53124472e+34
5,64,32,-118.830696,1.69198328e-36,5.91022404e+35,1.69271187e-36,5.91921842e+35
5,64,33,-120.243729,6.35376077e-37,1.57387093e+36,6.34766949e-37,1.57845824e+36
5,64,34,-121.345413,2.96067528e-37,3.3776078e+36,2.95342956e-37,3.38537755e+36
5,64,35,-124.818748,2.66570857e-38,3.75134777e+37,2.66322939e-38,3.75506909e+37
5,64,36,-131.437149,0,inf,0,inf
5,64,37,-135.563538,0,inf,0,inf
5,64,38,-139.031982,0,inf,0,inf
5,64,39,-144.774338,0,inf,0,inf
5,64,40,-147.42868,0,inf,0,inf
5,64,41,-149.392075,0,inf,0,inf
5,64,42,-149.690994,0,inf,0,inf
5,64,43,-155.091644,0,inf,0,inf
5,64,44,-157.556885,0,inf,0,inf
5,64,45,-161.439362,0,inf,0,inf
5,64,46,-164.803482,0,inf,0,inf
5,64,47,-171.032227,0,inf,0,inf
5,64,48,-171.328415,0,inf,0,inf
5,64,49,-178.522125,0,inf,0,inf
5,64,50,-184.867554,0,inf,0,inf
5,64,51,-190.371414,0,inf,0,inf
5,64,52,-192.217346,0,inf,0,inf
5,64,53,-193.585083,0,inf,0,inf
5,64,54,-200.710297,0,inf,0,inf
5,64,55,-206.333939,0,inf,0,inf
5,64,56,-208.944351,0,inf,0,inf
5,64,57,-213.026047,0,inf,0,inf
5,64,58,-218.372665,0,inf,0,inf
5,64,59,-218.404861,0,inf,0,inf
5,64,60,-222.614685,0,inf,0,inf
5,64,61,-226.724304,0,inf,0,inf
5,64,62,-227.072617,0,inf,0,inf
5,64,63,-228.248444,0,inf,0,inf
5,64,64,-235.452408,0,inf,0,inf
6,16,1,-0.0144269494,0.990049779,1.01005018,0.98828125,1.0078125
6,16,2,-7.22790241,0.00667090155,149.90477,0.00668334961,150
6,16,3,-7.2423296,0.00660452386,151.411362,0.00659179688,151
6,16,4,-7.25675678,0.00653880695,152.93309,0.00653076172,153
6,16,5,-7.27118397,0.00647374382,154.470123,0.00646972656,154
6,16,6,-7.28561115,0.00640932797,156.022598,0.00640869141,156
6,16,7,-7.30003834,0.00634555286,157.590683,0.00634765625,158
6,16,8,-7.31446552,0.00628241245,159.174515,0.00628662109,159
6,16,9,-7.32889271,0.00621990021,160.774277,0.00622558594,161
6,16,10,-7.34331989,0.00615801057,162.390106,0.00616455078,162
6,16,11,-7.35774708,0.00609673606,164.022186,0.00610351562,164
6,16,12,-7.37217426,0.00603607157,165.67067,0.00604248047,166
6,16,13,-7.38660145,0.00597601105,167.335709,0.00598144531,167
6,16,14,-7.40102863,0.0059165475,169.017487,0.00592041016,169
6,16,15,-7.41545582,0.0058576758,170.716171,0.005859375,171
6,16,16,-7.429883,0.00579939038,172.431931,0.00579833984,172
6,32,1,-0.0144269494,0.990049779,1.01005018,0.98828125,1.0078125
6,32,2,-7.22790241,0.00667090155,149.90477,0.00668334961,150
6,32,3,-7.2423296,0.00660452386,151.411362,0.00659179688,151
6,32,4,-7.25675678,0.00653880695,152.93309,0.00653076172,153
6,32,5,-7.27118397,0.00647374382,154.470123,0.00646972656,154
6,32,6,-7.28561115,0.00640932797,156.022598,0.00640869141,156
6,32,7,-7.30003834,0.00634555286,157.590683,0.00634765625,158
6,32,8,-7.31446552,0.00628241245,159.174515,0.00628662109,159
6,32,9,-7.32889271,0.00621990021,160.774277,0.00622558594,161
6,32,10,-7.34331989,0.00615801057,162.390106,0.00616455078,162
6,32,11,-7.35774708,0.00609673606,164.022186,0.00610351562,164
6,32,12,-7.37217426,0.00603607157,165.67067,0.00604248047,166
6,32,13,-7.38660145,0.00597601105,167.335709,0.00598144531,167
6,32,14,-7.40102863,0.0059165475,169.017487,0.00592041016,169
6,32,15,-7.41545582,0.0058576758,170.716171,0.005859375,171
6,32,16,-7.429883,0.00579939038,172.431931,0.00579833984,172
6,32,17,-14.6433582,3.90759851e-05,25591.166,3.9100647e-05,25600
6,32,18,-14.6577854,3.86871652e-05,25848.3652,3.86238098e-05,25856
6,32,19,-14.6722126,3.83022161e-05,26108.1504,3.83853912e-05,26112
6,32,20,-14.6866398,3.79210942e-05,26370.5469,3.79085541e-05,26368
6,32,21,-14.701067,3.75437667e-05,26635.5801,3.74317169e-05,26624
6,32,22,-14.7154942,3.71701935e-05,26903.2754,3.71932983e-05,26880
6,32,23,-21.9289703,2.50450626e-07,3992802.75,2.4959445e-07,3997696
6,32,24,-29.1424446,1.68752412e-09,592584128,1.68802217e-09,591396864
6,32,25,-29.1568718,1.67073277e-09,598539776,1.67347025e-09,599785472
6,32,26,-29.171299,1.65410841e-09,604555264,1.65164238e-09,603979776
6,32,27,-29.1857262,1.63764946e-09,610631296,1.63709046e-09,612368384
6,32,28,-36.3992004,1.10344026e-11,9.06256548e+10,1.10276233e-11,9.07311841e+10
6,32,29,-36.4136276,1.09246067e-11,9.15364741e+10,1.09139364e-11,9.1268055e+10
6,32,30,-36.4280548,1.08159037e-11,9.24564521e+10,1.08002496e-11,9.23417969e+10
6,32,31,-36.442482,1.07082815e-11,9.33856625e+10,1.06865627e-11,9.34155387e+10
6,32,32,-36.4569092,1.06017304e-11,9.43242199e+10,1.06297193e-11,9.44892805e+10
6,64,1,-0.0144269494,0.990049779,1.01005018,0.98828125,1.0078125
6,64,2,-7.22790241,0.00667090155,149.90477,0.00668334961,150
6,64,3,-7.2423296,0.00660452386,151.411362,0.00659179688,151
6,64,4,-7.25675678,0.00653880695,152.93309,0.00653076172,153
6,64,5,-7.27118397,0.00647374382,154.470123,0.00646972656,154
6,64,6,-7.28561115,0.00640932797,156.022598,0.00640869141,156
6,64,7,-7.30003834,0.00634555286,157.590683,0.00634765625,158
6,64,8,-7.31446552,0.00628241245,159.174515,0.00628662109,159
6,64,9,-7.32889271,0.00621990021,160.774277,0.00622558594,161
6,64,10,-7.34331989,0.00615801057,162.390106,0.00616455078,162
6,64,11,-7.35774708,0.00609673606,164.022186,0.00610351562,164
6,64,12,-7.37217426,0.00603607157,165.67067,0.00604248047,166
6,64,13,-7.38660145,0.00597601105,167.335709,0.00598144531,167
6,64,14,-7.40102863,0.0059165475,169.017487,0.00592041016,169
6,64,15,-7.41545582,0.0058576758,170.716171,0.005859375,171
6,64,16,-7.429883,0.00579939038,172.431931,0.00579833984,172
6,64,17,-14.6433582,3.90759851e-05,25591.166,3.9100647e-05,25600
6,64,18,-14.6577854,3.86871652e-05,25848.3652,3.86238098e-05,25856
6,64,19,-14.6722126,3.83022161e-05,26108.1504,3.83853912e-05,26112
6,64,20,-14.6866398,3.79210942e-05,26370.5469,3.79085541e-05,26368
6,64,21,-14.701067,3.75437667e-05,26635.5801,3.74317169e-05,26624
6,64,22,-14.7154942,3.71701935e-05,26903.2754,3.71932983e-05,26880
6,64,23,-21.9289703,2.50450626e-07,3992802.75,2.4959445e-07,3997696
6,64,24,-29.1424446,1.68752412e-09,592584128,1.68802217e-09,591396864
6,64,25,-29.1568718,1.67073277e-09,598539776,1.67347025e-09,599785472
6,64,26,-29.171299,1.65410841e-09,604555264,1.65164238e-09,603979776
6,64,27,-29.1857262,1.63764946e-09,610631296,1.63709046e-09,612368384
6,64,28,-36.3992004,1.10344026e-11,9.06256548e+10,1.10276233e-11,9.07311841e+10
6,64,29,-36.4136276,1.09246067e-11,9.15364741e+10,1.09139364e-11,9.1268055e+10
6,64,30,-36.4280548,1.08159037e-11,9.24564521e+10,1.08002496e-11,9.23417969e+10
6,64,31,-36.442482,1.07082815e-11,9.33856625e+10,1.06865627e-11,9.34155387e+10
6,64,32,-36.4569092,1.06017304e-11,9.43242199e+10,1.06297193e-11,9.44892805e+10
6,64,33,-36.4713364,1.04962402e-11,9.52722063e+10,1.05160325e-11,9.50261514e+10
6,64,34,-36.4857635,1.03917994e-11,9.62297283e+10,1.04023457e-11,9.60998932e+10
6,64,35,-43.6992378,7.00194365e-14,1.42817488e+13,7.01660952e-14,1.42936512e+13
6,64,36,-50.9127121,4.71787558e-16,2.11959804e+15,4.71844785e-16,2.11985842e+15
6,64,37,-50.9271393,4.67093089e-16,2.14090067e+15,4.68375339e-16,2.1374506e+15
6,64,38,-50.9415665,4.62445367e-16,2.16241752e+15,4.61436445e-16,2.16383888e+15
6,64,39,-50.9559937,4.57843913e-16,2.18415045e+15,4.57966998e-16,2.18143107e+15
6,64,40,-50.9704208,4.53288199e-16,2.2061019e+15,4.54497551e-16,2.20781935e+15
6,64,41,-58.1838951,3.05423372e-18,3.27414359e+17,3.04931861e-18,3.26510973e+17
6,64,42,-58.1983223,3.02384331e-18,3.30704991e+17,3.02221356e-18,3.31014573e+17
6,64,43,-58.2127495,2.99375503e-18,3.34028678e+17,2.9951085e-18,3.33266372e+17
6,64,44,-58.2271767,2.96396598e-18,3.37385761e+17,2.96800345e-18,3.37769972e+17
6,64,45,-58.2416039,2.93447368e-18,3.40776587e+17,2.94089839e-18,3.40021772e+17
6,64,46,-58.256031,2.90527483e-18,3.44201531e+17,2.90024081e-18,3.44525371e+17
6,64,47,-65.4695053,1.95755992e-20,5.10840007e+19,1.95876369e-20,5.10167766e+19
6,64,48,-65.4839325,1.93808159e-20,5.15974111e+19,1.93758787e-20,5.15932373e+19
6,64,49,-65.4983597,1.91879697e-20,5.21159847e+19,1.91641204e-20,5.21696981e+19
6,64,50,-65.5127869,1.89970445e-20,5.26397701e+19,1.89523622e-20,5.27461588e+19
6,64,51,-65.5272141,1.88080176e-20,5.31688155e+19,1.88464831e-20,5.30343892e+19
6,64,52,-72.7406921,1.26727172e-22,7.89096745e+21,1.26558634e-22,7.89520646e+21
6,64,53,-72.7551193,1.25466194e-22,7.97027415e+21,1.25731453e-22,7.96899344e+21
6,64,54,-72.7695465,1.24217762e-22,8.05037799e+21,1.24077092e-22,8.04278042e+21
6,64,55,-72.7839737,1.22981762e-22,8.13128684e+21,1.23249911e-22,8.11656739e+21
6,64,56,-72.7984009,1.21758055e-22,8.21300916e+21,1.2159555e-22,8.22724786e+21
6,64,57,-72.8128281,1.20546517e-22,8.29555283e+21,1.20768369e-22,8.30103483e+21
6,64,58,-72.8272552,1.19347044e-22,8.37892571e+21,1.19114008e-22,8.37482181e+21
6,64,59,-72.8416824,1.18159499e-22,8.46313684e+21,1.18286828e-22,8.44860879e+21
6,64,60,-72.8561096,1.16983768e-22,8.54819407e+21,1.16632466e-22,8.55928925e+21
6,64,61,-80.0695877,7.8822888e-25,1.26866704e+24,7.88406521e-25,1.26559422e+24
6,64,62,-80.0840149,7.80385729e-25,1.28141763e+24,7.81944173e-25,1.28448368e+24
6,64,63,-80.0984421,7.72620626e-25,1.2942962e+24,7.7225065e-25,1.29392842e+24
6,64,64,-80.1128693,7.64932831e-25,1.30730432e+24,7.65788301e-25,1.30337315e+24
7,16,1,-0.440406293,0.736927092,1.3569864,0.73828125,1.359375
7,16,2,-2.06022477,0.239778653,4.17051315,0.240234375,4.15625
7,16,3,-3.74999952,0.0743254647,13.4543381,0.07421875,13.4375
7,16,4,-5.02750015,0.0306599624,32.6158257,0.0306396484,32.5
7,16,5,-9.03868294,0.00190145161,525.91394,0.00189971924,524
7,16,6,-9.82815361,0.00110009685,909.010864,0.00109863281,908
7,16,7,-13.1529369,0.000109792185,9108.11621,0.000109672546,9088
7,16,8,-18.2627125,3.17962349e-06,314502.625,3.17394733e-06,315392
7,16,9,-22.4449139,1.75148998e-07,5709424.5,1.75088644e-07,5701632
7,16,10,-26.0276108,1.46186885e-08,68405592,1.46101229e-08,68157440
7,16,11,-29.7091904,1.13931165e-09,877722944,1.14232535e-09,876609536
7,16,12,-32.0863037,2.19310847e-10,4.55973837e+09,2.19188223e-10,4.56340275e+09
7,16,13,-37.267067,6.04637347e-12,1.65388386e+11,6.05382411e-12,1.65356241e+11
7,16,14,-40.0407295,8.84177226e-13,1.13099486e+12,8.84625706e-13,1.13387137e+12
7,16,15,-40.6884766,5.64349403e-13,1.77195188e+12,5.64881475e-13,1.76952653e+12
7,16,16,-41.5357437,3.13686062e-13,3.18790042e+12,3.14415161e-13,3.19545567e+12
7,32,1,-0.440406293,0.736927092,1.3569864,0.73828125,1.359375
7,32,2,-2.06022477,0.239778653,4.17051315,0.240234375,4.15625
7,32,3,-3.74999952,0.0743254647,13.4543381,0.07421875,13.4375
7,32,4,-5.02750015,0.0306599624,32.6158257,0.0306396484,32.5
7,32,5,-9.03868294,0.00190145161,525.91394,0.00189971924,524
7,32,6,-9.82815361,0.00110009685,909.010864,0.00109863281,908
7,32,7,-13.1529369,0.000109792185,9108.11621,0.000109672546,9088
7,32,8,-18.2627125,3.17962349e-06,314502.625,3.17394733e-06,315392
7,32,9,-22.4449139,1.75148998e-07,5709424.5,1.75088644e-07,5701632
7,32,10,-26.0276108,1.46186885e-08,68405592,1.46101229e-08,68157440
7,32,11,-29.7091904,1.13931165e-09,877722944,1.14232535e-09,876609536
7,32,12,-32.0863037,2.19310847e-10,4.55973837e+09,2.19188223e-10,4.56340275e+09
7,32,13,-37.267067,6.04637347e-12,1.65388386e+11,6.05382411e-12,1.65356241e+11
7,32,14,-40.0407295,8.84177226e-13,1.13099486e+12,8.84625706e-13,1.13387137e+12
7,32,15,-40.6884766,5.64349403e-13,1.77195188e+12,5.64881475e-13,1.76952653e+12
7,32,16,-41.5357437,3.13686062e-13,3.18790042e+12,3.14415161e-13,3.19545567e+12
7,32,17,-46.1540947,1.27712392e-14,7.83009364e+13,1.27675648e-14,7.80653256e+13
7,32,18,-47.5734673,4.77484585e-15,2.09430843e+14,4.77395901e-15,2.08907209e+14
7,32,19,-51.2699928,3.68293684e-16,2.71522437e+15,3.67761377e-16,2.70919665e+15
7,32,20,-56.4048195,1.04823198e-17,9.53987312e+16,1.0462551e-17,9.51385421e+16
7,32,21,-63.0763626,1.02830706e-19,9.72472185e+18,1.02914503e-19,9.7277752e+18
7,32,22,-70.287674,6.93907851e-22,1.4411136e+21,6.94831715e-22,1.43884604e+21
7,32,23,-76.7273636,7.99396143e-24,1.25094424e+23,8.01331218e-24,1.25142712e+23
7,32,24,-83.0515594,9.97675715e-26,1.00232966e+25,9.97625055e-26,1.00491959e+25
7,32,25,-89.1467438,1.45933865e-27,6.85241866e+26,1.45781495e-27,6.86669866e+26
7,32,26,-90.260849,6.74181744e-28,1.48327952e+27,6.75264935e-28,1.4797252e+27
7,32,27,-91.4910126,2.87382861e-28,3.47967869e+27,2.8714537e-28,3.48170636e+27
7,32,28,-98.5904999,2.09557014e-30,4.7719706e+29,2.09541178e-30,4.77844855e+29
7,32,29,-104.452934,3.60191629e-32,2.77629984e+31,3.601489e-32,2.77298569e+31
7,32,30,-107.596924,4.07472664e-33,2.4541523e+32,4.06852701e-33,2.45924216e+32
7,32,31,-110.585617,5.13348347e-34,1.94799506e+33,5.14584407e-34,1.94711132e+33
7,32,32,-113.675926,6.02748848e-35,1.6590657e+34,6.01853108e-35,1.65504462e+34
7,64,1,-0.440406293,0.736927092,1.3569864,0.73828125,1.359375
7,64,2,-2.06022477,0.239778653,4.17051315,0.240234375,4.15625
7,64,3,-3.74999952,0.0743254647,13.4543381,0.07421875,13.4375
7,64,4,-5.02750015,0.0306599624,32.6158257,0.0306396484,32.5
7,64,5,-9.03868294,0.00190145161,525.91394,0.00189971924,524
7,64,6,-9.82815361,0.00110009685,909.010864,0.00109863281,908
7,64,7,-13.1529369,0.000109792185,9108.11621,0.000109672546,9088
7,64,8,-18.2627125,3.17962349e-06,314502.625,3.17394733e-06,315392
7,64,9,-22.4449139,1.75148998e-07,5709424.5,1.75088644e-07,5701632
7,64,10,-26.0276108,1.46186885e-08,68405592,1.46101229e-08,68157440
7,64,11,-29.7091904,1.13931165e-09,877722944,1.14232535e-09,876609536
7,64,12,-32.0863037,2.19310847e-10,4.55973837e+09,2.19188223e-10,4.56340275e+09
7,64,13,-37.267067,6.04637347e-12,1.65388386e+11,6.05382411e-12,1.65356241e+11
7,64,14,-40.0407295,8.84177226e-13,1.13099486e+12,8.84625706e-13,1.13387137e+12
7,64,15,-40.6884766,5.64349403e-13,1.77195188e+12,5.64881475e-13,1.76952653e+12
7,64,16,-41.5357437,3.13686062e-13,3.18790042e+12,3.14415161e-13,3.19545567e+12
7,64,17,-46.1540947,1.27712392e-14,7.83009364e+13,1.27675648e-14,7.80653256e+13
7,64,18,-47.5734673,4.77484585e-15,2.09430843e+14,4.77395901e-15,2.08907209e+14
7,64,19,-51.2699928,3.68293684e-16,2.71522437e+15,3.67761377e-16,2.70919665e+15
7,64,20,-56.4048195,1.04823198e-17,9.53987312e+16,1.0462551e-17,9.51385421e+16
7,64,21,-63.0763626,1.02830706e-19,9.72472185e+18,1.02914503e-19,9.7277752e+18
7,64,22,-70.287674,6.93907851e-22,1.4411136e+21,6.94831715e-22,1.43884604e+21
7,64,23,-76.7273636,7.99396143e-24,1.25094424e+23,8.01331218e-24,1.25142712e+23
7,64,24,-83.0515594,9.97675715e-26,1.00232966e+25,9.97625055e-26,1.00491959e+25
7,64,25,-89.1467438,1.45933865e-27,6.85241866e+26,1.45781495e-27,6.86669866e+26
7,64,26,-90.260849,6.74181744e-28,1.48327952e+27,6.75264935e-28,1.4797252e+27
7,64,27,-91.4910126,2.87382861e-28,3.47967869e+27,2.8714537e-28,3.48170636e+27
7,64,28,-98.5904999,2.09557014e-30,4.7719706e+29,2.09541178e-30,4.77844855e+29
7,64,29,-104.452934,3.60191629e-32,2.77629984e+31,3.601489e-32,2.77298569e+31
7,64,30,-107.596924,4.07472664e-33,2.4541523e+32,4.06852701e-33,2.45924216e+32
7,64,31,-110.585617,5.13348347e-34,1.94799506e+33,5.14584407e-34,1.94711132e+33
7,64,32,-113.675926,6.02748848e-35,1.6590657e+34,6.01853108e-35,1.65504462e+34
7,64,33,-119.142021,1.36357129e-36,7.33368277e+35,1.36357345e-36,7.32113857e+35
7,64,34,-125.796539,1.35353128e-38,7.38808168e+37,1.34998179e-38,7.37721538e+37
7,64,35,-132.752686,0,inf,0,inf
7,64,36,-134.022385,0,inf,0,inf
7,64,37,-140.903275,0,inf,0,inf
7,64,38,-143.163834,0,inf,0,inf
7,64,39,-146.44162,0,inf,0,inf
7,64,40,-148.573578,0,inf,0,inf
7,64,41,-149.926163,0,inf,0,inf
7,64,42,-151.680893,0,inf,0,inf
7,64,43,-154.200531,0,inf,0,inf
7,64,44,-157.403839,0,inf,0,inf
7,64,45,-160.338806,0,inf,0,inf
7,64,46,-162.401413,0,inf,0,inf
7,64,47,-168.198105,0,inf,0,inf
7,64,48,-170.51915,0,inf,0,inf
7,64,49,-173.14415,0,inf,0,inf
7,64,50,-175.29744,0,inf,0,inf
7,64,51,-180.083801,0,inf,0,inf
7,64,52,-181.924438,0,inf,0,inf
7,64,53,-184.913498,0,inf,0,inf
7,64,54,-190.969604,0,inf,0,inf
7,64,55,-196.320801,0,inf,0,inf
7,64,56,-198.38739,0,inf,0,inf
7,64,57,-204.106659,0,inf,0,inf
7,64,58,-207.714233,0,inf,0,inf
7,64,59,-214.190063,0,inf,0,inf
7,64,60,-214.94838,0,inf,0,inf
7,64,61,-219.138794,0,inf,0,inf
7,64,62,-226.256042,0,inf,0,inf
7,64,63,-227.204788,0,inf,0,inf
7,64,64,-228.929794,0,inf,0,inf
8,16,1,-0.0144269494,0.990049779,1.01005018,0.98828125,1.0078125
8,16,2,-0.0288538989,0.980198622,1.02020144,0.98046875,1.0234375
8,16,3,-0.0432808474,0.970445454,1.03045464,0.96875,1.03125
8,16,4,-0.0577077977,0.960789382,1.04081082,0.9609375,1.0390625
8,16,5,-0.0721347481,0.951229393,1.05127108,0.953125,1.0546875
8,16,6,-0.0865616947,0.941764534,1.0618366,0.94140625,1.0625
8,16,7,-0.100988641,0.932393789,1.07250822,0.93359375,1.0703125
8,16,8,-0.115415588,0.923116326,1.08328712,0.921875,1.0859375
8,16,9,-0.129842535,0.913931191,1.09417427,0.9140625,1.09375
8,16,10,-0.144269481,0.90483737,1.10517097,0.90625,1.1015625
8,16,11,-0.158696428,0.895834148,1.11627805,0.89453125,1.1171875
8,16,12,-7.37217188,0.00603608182,165.670395,0.00604248047,166
8,16,13,-7.38659906,0.00597602082,167.335434,0.00598144531,167
8,16,14,-7.40102625,0.00591655727,169.017212,0.00592041016,169
8,16,15,-7.41545343,0.00585768558,170.715881,0.005859375,171
8,16,16,-7.42988062,0.00579939969,172.431641,0.00579833984,172
8,32,1,-0.0144269494,0.990049779,1.01005018,0.98828125,1.0078125
8,32,2,-0.0288538989,0.980198622,1.02020144,0.98046875,1.0234375
8,32,3,-0.0432808474,0.970445454,1.03045464,0.96875,1.03125
8,32,4,-0.0577077977,0.960789382,1.04081082,0.9609375,1.0390625
8,32,5,-0.0721347481,0.951229393,1.05127108,0.953125,1.0546875
8,32,6,-0.0865616947,0.941764534,1.0618366,0.94140625,1.0625
8,32,7,-0.100988641,0.932393789,1.07250822,0.93359375,1.0703125
8,32,8,-0.115415588,0.923116326,1.08328712,0.921875,1.0859375
8,32,9,-0.129842535,0.913931191,1.09417427,0.9140625,1.09375
8,32,10,-0.144269481,0.90483737,1.10517097,0.90625,1.1015625
8,32,11,-0.158696428,0.895834148,1.11627805,0.89453125,1.1171875
8,32,12,-7.37217188,0.00603608182,165.670395,0.00604248047,166
8,32,13,-7.38659906,0.00597602082,167.335434,0.00598144531,167
8,32,14,-7.40102625,0.00591655727,169.017212,0.00592041016,169
8,32,15,-7.41545343,0.00585768558,170.715881,0.005859375,171
8,32,16,-7.42988062,0.00579939969,172.431641,0.00579833984,172
8,32,17,-7.4443078,0.00574169401,174.164627,0.00573730469,174
8,32,18,-7.45873499,0.00568456203,175.915039,0.00567626953,176
8,32,19,-7.47316217,0.00562799908,177.683044,0.00561523438,178
8,32,20,-7.48758936,0.00557199866,179.468826,0.0055847168,179
8,32,21,-7.50201654,0.00551655516,181.272537,0.00552368164,181
8,32,22,-7.51644373,0.00546166347,183.094391,0.00546264648,183
8,32,23,-7.53087091,0.00540731847,184.93454,0.00540161133,185
8,32,24,-7.5452981,0.00535351364,186.793198,0.00534057617,187
8,32,25,-7.55972528,0.00530024432,188.670532,0.00531005859,189
8,32,26,-7.57415247,0.00524750538,190.566742,0.00524902344,191
8,32,27,-14.7876282,3.53574032e-05,28282.6211,3.52859497e-05,28288
8,32,28,-14.8020554,3.50055852e-05,28566.8711,3.50475311e-05,28544
8,32,29,-14.8164825,3.4657267e-05,28853.9766,3.4570694e-05,28800
8,32,30,-14.8309097,3.43124157e-05,29143.9707,3.43322754e-05,29184
8,32,31,-14.8453369,3.3970995e-05,29436.877,3.38554382e-05,29440
8,32,32,-14.8597641,3.36329722e-05,29732.7266,3.36170197e-05,29696
8,64,1,-0.0144269494,0.990049779,1.01005018,0.98828125,1.0078125
8,64,2,-0.0288538989,0.980198622,1.02020144,0.98046875,1.0234375
8,64,3,-0.0432808474,0.970445454,1.03045464,0.96875,1.03125
8,64,4,-0.0577077977,0.960789382,1.04081082,0.9609375,1.0390625
8,64,5,-0.0721347481,0.951229393,1.05127108,0.953125,1.0546875
8,64,6,-0.0865616947,0.941764534,1.0618366,0.94140625,1.0625
8,64,7,-0.100988641,0.932393789,1.07250822,0.93359375,1.0703125
8,64,8,-0.115415588,0.923116326,1.08328712,0.921875,1.0859375
8,64,9,-0.129842535,0.913931191,1.09417427,0.9140625,1.09375
8,64,10,-0.144269481,0.90483737,1.10517097,0.90625,1.1015625
8,64,11,-0.158696428,0.895834148,1.11627805,0.89453125,1.1171875
8,64,12,-7.37217188,0.00603608182,165.670395,0.00604248047,166
8,64,13,-7.38659906,0.00597602082,167.335434,0.00598144531,167
8,64,14,-7.40102625,0.00591655727,169.017212,0.00592041016,169
8,64,15,-7.41545343,0.00585768558,170.715881,0.005859375,171
8,64,16,-7.42988062,0.00579939969,172.431641,0.00579833984,172
8,64,17,-7.4443078,0.00574169401,174.164627,0.00573730469,174
8,64,18,-7.45873499,0.00568456203,175.915039,0.00567626953,176
8,64,19,-7.47316217,0.00562799908,177.683044,0.00561523438,178
8,64,20,-7.48758936,0.00557199866,179.468826,0.0055847168,179
8,64,21,-7.50201654,0.00551655516,181.272537,0.00552368164,181
8,64,22,-7.51644373,0.00546166347,183.094391,0.00546264648,183
8,64,23,-7.53087091,0.00540731847,184.93454,0.00540161133,185
8,64,24,-7.5452981,0.00535351364,186.793198,0.00534057617,187
8,64,25,-7.55972528,0.00530024432,188.670532,0.00531005859,189
8,64,26,-7.57415247,0.00524750538,190.566742,0.00524902344,191
8,64,27,-14.7876282,3.53574032e-05,28282.6211,3.52859497e-05,28288
8,64,28,-14.8020554,3.50055852e-05,28566.8711,3.50475311e-05,28544
8,64,29,-14.8164825,3.4657267e-05,28853.9766,3.4570694e-05,28800
8,64,30,-14.8309097,3.43124157e-05,29143.9707,3.43322754e-05,29184
8,64,31,-14.8453369,3.3970995e-05,29436.877,3.38554382e-05,29440
8,64,32,-14.8597641,3.36329722e-05,29732.7266,3.36170197e-05,29696
8,64,33,-14.8741913,3.32983145e-05,30031.5488,3.33786011e-05,30080
8,64,34,-14.8886185,3.29669856e-05,30333.377,3.29017639e-05,30336
8,64,35,-14.9030457,3.26389527e-05,30638.2383,3.26633453e-05,30592
8,64,36,-14.9174728,3.2314183e-05,30946.1621,3.24249268e-05,30976
8,64,37,-14.9319,3.19926476e-05,31257.1816,3.19480896e-05,31232
8,64,38,-14.9463272,3.16743099e-05,31571.3262,3.1709671e-05,31616
8,64,39,-14.9607544,3.13591408e-05,31888.6289,3.14712524e-05,31872
8,64,40,-14.9751816,3.10471078e-05,32209.1191,3.09944153e-05,32256
8,64,41,-14.9896088,3.07381779e-05,32532.832,3.07559967e-05,32512
8,64,42,-15.0040359,3.04323221e-05,32859.8008,3.03983688e-05,32768
8,64,43,-15.0184631,3.01295113e-05,33190.0508,3.01599503e-05,33280
8,64,44,-15.0328903,2.98297127e-05,33523.6211,2.98023224e-05,33536
8,64,45,-15.0473175,2.95328973e-05,33860.543,2.95639038e-05,33792
8,64,46,-15.0617447,2.92390359e-05,34200.8555,2.92062759e-05,34304
8,64,47,-15.0761719,2.89480959e-05,34544.5859,2.89678574e-05,34560
8,64,48,-15.0905991,2.86600534e-05,34891.7695,2.86102295e-05,34816
8,64,49,-15.1050262,2.83748777e-05,35242.4414,2.83718109e-05,35328
8,64,50,-15.1194534,2.80925378e-05,35596.6406,2.81333923e-05,35584
8,64,51,-15.1338806,2.78130083e-05,35954.3984,2.77757645e-05,35840
8,64,52,-15.1483078,2.75362599e-05,36315.7539,2.75373459e-05,36352
8,64,53,-15.162735,2.72622656e-05,36680.7383,2.72989273e-05,36608
8,64,54,-15.1771622,2.6990996e-05,37049.3906,2.69412994e-05,37120
8,64,55,-22.3906364,1.81864024e-07,5498613.5,1.81607902e-07,5505024
8,64,56,-22.4050636,1.80054414e-07,5553876.5,1.79745257e-07,5537792
8,64,57,-22.4194908,1.78262809e-07,5609695,1.77882612e-07,5603328
8,64,58,-22.433918,1.76489038e-07,5666074.5,1.76951289e-07,5668864
8,64,59,-29.6473923,1.18917454e-09,840919360,1.18598109e-09,838860800
8,64,60,-29.6618195,1.17734189e-09,849370944,1.17870513e-09,851443712
8,64,61,-29.6762466,1.16562693e-09,857907392,1.16415322e-09,859832320
8,64,62,-29.6906738,1.15402865e-09,866529664,1.15687726e-09,868220928
8,64,63,-29.705101,1.14254561e-09,875238528,1.14232535e-09,876609536
8,64,64,-29.7195282,1.13117693e-09,884035008,1.12777343e-09,884998144
9,16,1,-6.61880112,0.0101751843,98.2783127,0.0101928711,98.5
9,16,2,-7.31789684,0.00626748847,159.553543,0.00625610352,160
9,16,3,-12.4304562,0.000181158961,5520.01416,0.00018119812,5536
9,16,4,-16.3276196,1.21589683e-05,82243.8203,1.21593475e-05,82432
9,16,5,-22.9153824,1.26410313e-07,7910746.5,1.2665987e-07,7897088
9,16,6,-26.7075939,9.12458464e-09,109594024,9.13860276e-09,109576192
9,16,7,-27.5761471,4.99749708e-09,200100160,5.00585884e-09,200278016
9,16,8,-29.5017643,1.31547928e-09,760179200,1.31694833e-09,759169024
9,16,9,-34.4991112,4.11843927e-11,2.42810409e+10,4.11546353e-11,2.42934088e+10
9,16,10,-37.8336296,4.08265435e-12,2.44938686e+11,4.09272616e-12,2.44813136e+11
9,16,11,-38.4257889,2.708226e-12,3.69245389e+11,2.71427325e-12,3.69367187e+11
9,16,12,-43.3526039,8.90360309e-14,1.12314076e+13,8.8817842e-14,1.12012747e+13
9,16,13,-47.8229523,4.01658407e-15,2.48967762e+14,4.02455846e-15,2.48489628e+14
9,16,14,-53.6513367,7.06867987e-17,1.41469125e+16,7.06899816e-17,1.41441176e+16
9,16,15,-58.9376564,1.81132991e-18,5.52080559e+17,1.81603864e-18,5.51690954e+17
9,16,16,-61.5805473,2.90006731e-19,3.44819573e+18,2.89685268e-19,3.44075012e+18
9,32,1,-6.61880112,0.0101751843,98.2783127,0.0101928711,98.5
9,32,2,-7.31789684,0.00626748847,159.553543,0.00625610352,160
9,32,3,-12.4304562,0.000181158961,5520.01416,0.00018119812,5536
9,32,4,-16.3276196,1.21589683e-05,82243.8203,1.21593475e-05,82432
9,32,5,-22.9153824,1.26410313e-07,7910746.5,1.2665987e-07,7897088
9,32,6,-26.7075939,9.12458464e-09,109594024,9.13860276e-09,109576192
9,32,7,-27.5761471,4.99749708e-09,200100160,5.00585884e-09,200278016
9,32,8,-29.5017643,1.31547928e-09,760179200,1.31694833e-09,759169024
9,32,9,-34.4991112,4.11843927e-11,2.42810409e+10,4.11546353e-11,2.42934088e+10
9,32,10,-37.8336296,4.08265435e-12,2.44938686e+11,4.09272616e-12,2.44813136e+11
9,32,11,-38.4257889,2.708226e-12,3.69245389e+11,2.71427325e-12,3.69367187e+11
9,32,12,-43.3526039,8.90360309e-14,1.12314076e+13,8.8817842e-14,1.12012747e+13
9,32,13,-47.8229523,4.01658407e-15,2.48967762e+14,4.02455846e-15,2.48489628e+14
9,32,14,-53.6513367,7.06867987e-17,1.41469125e+16,7.06899816e-17,1.41441176e+16
9,32,15,-58.9376564,1.81132991e-18,5.52080559e+17,1.81603864e-18,5.51690954e+17
9,32,16,-61.5805473,2.90006731e-19,3.44819573e+18,2.89685268e-19,3.44075012e+18
9,32,17,-68.3712845,2.61934375e-21,3.81774996e+20,2.62050818e-21,3.8276994e+20
9,32,18,-69.7926941,9.77925091e-22,1.02257326e+21,9.79381845e-22,1.0237943e+21
9,32,19,-75.2600327,2.21040908e-23,4.52404912e+22,2.21270814e-23,4.51576295e+22
9,32,20,-76.0818253,1.25051367e-23,7.996714e+22,1.25111068e-23,7.96899344e+22
9,32,21,-81.4485779,3.0306441e-25,3.29962878e+24,3.03730381e-25,3.30565654e+24
9,32,22,-86.5467682,8.8476251e-27,1.13024677e+26,8.83524214e-27,1.13034564e+26
9,32,23,-92.2781219,1.66539532e-28,6.00458048e+27,1.66449651e-28,5.99627207e+27
9,32,24,-97.2938461,5.14794491e-30,1.94252279e+29,5.15224779e-30,1.94356586e+29
9,32,25,-100.349632,6.19085479e-31,1.61528583e+30,6.1937907e-31,1.61427381e+30
9,32,26,-101.319061,3.1617201e-31,3.16283525e+30,3.15852511e-31,3.1691265e+30
9,32,27,-107.613411,4.02842575e-33,2.48235934e+32,4.02037876e-33,2.48459518e+32
9,32,28,-107.792038,3.55928926e-33,2.80954979e+32,3.5629704e-33,2.81418433e+32
9,32,29,-109.141754,1.39655543e-33,7.16047421e+32,1.39629921e-33,7.14954939e+32
9,32,30,-112.346214,1.51502419e-34,6.60055455e+33,1.51215593e-34,6.61206553e+33
9,32,31,-112.553741,1.31204179e-34,7.62170838e+33,1.30903051e-34,7.62618601e+33
9,32,32,-113.78096,5.60425714e-35,1.78435774e+34,5.60475706e-35,1.78485205e+34
9,64,1,-6.61880112,0.0101751843,98.2783127,0.0101928711,98.5
9,64,2,-7.31789684,0.00626748847,159.553543,0.00625610352,160
9,64,3,-12.4304562,0.000181158961,5520.01416,0.00018119812,5536
9,64,4,-16.3276196,1.21589683e-05,82243.8203,1.21593475e-05,82432
9,64,5,-22.9153824,1.26410313e-07,7910746.5,1.2665987e-07,7897088
9,64,6,-26.7075939,9.12458464e-09,109594024,9.13860276e-09,109576192
9,64,7,-27.5761471,4.99749708e-09,200100160,5.00585884e-09,200278016
9,64,8,-29.5017643,1.31547928e-09,760179200,1.31694833e-09,759169024
9,64,9,-34.4991112,4.11843927e-11,2.42810409e+10,4.11546353e-11,2.42934088e+10
9,64,10,-37.8336296,4.08265435e-12,2.44938686e+11,4.09272616e-12,2.44813136e+11
9,64,11,-38.4257889,2.708226e-12,3.69245389e+11,2.71427325e-12,3.69367187e+11
9,64,12,-43.3526039,8.90360309e-14,1.12314076e+13,8.8817842e-14,1.12012747e+13
9,64,13,-47.8229523,4.01658407e-15,2.48967762e+14,4.02455846e-15,2.48489628e+14
9,64,14,-53.6513367,7.06867987e-17,1.41469125e+16,7.06899816e-17,1.41441176e+16
9,64,15,-58.9376564,1.81132991e-18,5.52080559e+17,1.81603864e-18,5.51690954e+17
9,64,16,-61.5805473,2.90006731e-19,3.44819573e+18,2.89685268e-19,3.44075012e+18
9,64,17,-68.3712845,2.61934375e-21,3.81774996e+20,2.62050818e-21,3.8276994e+20
9,64,18,-69.7926941,9.77925091e-22,1.02257326e+21,9.79381845e-22,1.0237943e+21
9,64,19,-75.2600327,2.21040908e-23,4.52404912e+22,2.21270814e-23,4.51576295e+22
9,64,20,-76.0818253,1.25051367e-23,7.996714e+22,1.25111068e-23,7.96899344e+22
9,64,21,-81.4485779,3.0306441e-25,3.29962878e+24,3.03730381e-25,3.30565654e+24
9,64,22,-86.5467682,8.8476251e-27,1.13024677e+26,8.83524214e-27,1.13034564e+26
9,64,23,-92.2781219,1.66539532e-28,6.00458048e+27,1.66449651e-28,5.99627207e+27
9,64,24,-97.2938461,5.14794491e-30,1.94252279e+29,5.15224779e-30,1.94356586e+29
9,64,25,-100.349632,6.19085479e-31,1.61528583e+30,6.1937907e-31,1.61427381e+30
9,64,26,-101.319061,3.1617201e-31,3.16283525e+30,3.15852511e-31,3.1691265e+30
9,64,27,-107.613411,4.02842575e-33,2.48235934e+32,4.02037876e-33,2.48459518e+32
9,64,28,-107.792038,3.55928926e-33,2.80954979e+32,3.5629704e-33,2.81418433e+32
9,64,29,-109.141754,1.39655543e-33,7.16047421e+32,1.39629921e-33,7.14954939e+32
9,64,30,-112.346214,1.51502419e-34,6.60055455e+33,1.51215593e-34,6.61206553e+33
9,64,31,-112.553741,1.31204179e-34,7.62170838e+33,1.30903051e-34,7.62618601e+33
9,64,32,-113.78096,5.60425714e-35,1.78435774e+34,5.60475706e-35,1.78485205e+34
9,64,33,-117.769836,3.52977155e-36,2.8330442e+35,3.52648305e-36,2.82980179e+35
9,64,34,-120.128754,6.88084495e-37,1.45330976e+36,6.87664195e-37,1.45384312e+36
9,64,35,-125.357056,1.83554923e-38,5.44796069e+37,1.83670992e-38,5.44983478e+37
9,64,36,-127.926125,0,3.23296295e+38,0,3.23002403e+38
9,64,37,-130.591522,0,inf,0,inf
9,64,38,-136.712631,0,inf,0,inf
9,64,39,-139.508133,0,inf,0,inf
9,64,40,-140.523788,0,inf,0,inf
9,64,41,-143.413635,0,inf,0,inf
9,64,42,-143.537201,0,inf,0,inf
9,64,43,-148.854126,0,inf,0,inf
9,64,44,-153.36087,0,inf,0,inf
9,64,45,-157.048203,0,inf,0,inf
9,64,46,-161.478256,0,inf,0,inf
9,64,47,-164.784866,0,inf,0,inf
9,64,48,-167.621323,0,inf,0,inf
9,64,49,-174.238632,0,inf,0,inf
9,64,50,-176.143509,0,inf,0,inf
9,64,51,-180.02655,0,inf,0,inf
9,64,52,-180.967178,0,inf,0,inf
9,64,53,-182.909241,0,inf,0,inf
9,64,54,-186.817703,0,inf,0,inf
9,64,55,-187.187744,0,inf,0,inf
9,64,56,-192.312531,0,inf,0,inf
9,64,57,-193.892151,0,inf,0,inf
9,64,58,-197.583038,0,inf,0,inf
9,64,59,-200.532761,0,inf,0,inf
9,64,60,-205.931931,0,inf,0,inf
9,64,61,-212.633987,0,inf,0,inf
9,64,62,-216.395523,0,inf,0,inf
9,64,63,-220.996277,0,inf,0,inf
9,64,64,-225.13475,0,inf,0,inf
10,16,1,-7.21347523,0.00673794653,148.413162,0.00674438477,148
10,16,2,-14.4269505,4.53999273e-05,22026.4688,4.529953e-05,22016
10,16,3,-14.4413776,4.49481813e-05,22247.8398,4.50611115e-05,22272
10,16,4,-14.4558048,4.45009318e-05,22471.4375,4.45842743e-05,22528
10,16,5,-14.470232,4.40581352e-05,22697.2832,4.41074371e-05,22656
10,16,6,-21.6837082,2.96861174e-07,3368578,2.96160579e-07,3375104
10,16,7,-21.6981354,2.93907306e-07,3402433.25,2.94297934e-07,3407872
10,16,8,-21.7125626,2.90982825e-07,3436628.75,2.90572643e-07,3440640
10,16,9,-21.7269897,2.88087449e-07,3471168,2.88709998e-07,3473408
10,16,10,-28.940464,1.94111927e-09,515166688,1.93540473e-09,515899392
10,16,11,-28.9548912,1.92180449e-09,520344288,1.92085281e-09,520093696
10,16,12,-28.9693184,1.90268201e-09,525573920,1.90630089e-09,526385152
10,16,13,-36.1827927,1.28201781e-11,7.80020367e+10,1.28466127e-11,7.78462822e+10
10,16,14,-36.1972198,1.26926135e-11,7.87859866e+10,1.26760824e-11,7.89200241e+10
10,16,15,-36.211647,1.25663178e-11,7.95778089e+10,1.25623956e-11,7.9456895e+10
10,16,16,-36.2260742,1.2441278e-11,8.03775857e+10,1.24487087e-11,8.05306368e+10
10,32,1,-7.21347523,0.00673794653,148.413162,0.00674438477,148
10,32,2,-14.4269505,4.53999273e-05,22026.4688,4.529953e-05,22016
10,32,3,-14.4413776,4.49481813e-05,22247.8398,4.50611115e-05,22272
10,32,4,-14.4558048,4.45009318e-05,22471.4375,4.45842743e-05,22528
10,32,5,-14.470232,4.40581352e-05,22697.2832,4.41074371e-05,22656
10,32,6,-21.6837082,2.96861174e-07,3368578,2.96160579e-07,3375104
10,32,7,-21.6981354,2.93907306e-07,3402433.25,2.94297934e-07,3407872
10,32,8,-21.7125626,2.90982825e-07,3436628.75,2.90572643e-07,3440640
10,32,9,-21.7269897,2.88087449e-07,3471168,2.88709998e-07,3473408
10,32,10,-28.940464,1.94111927e-09,515166688,1.93540473e-09,515899392
10,32,11,-28.9548912,1.92180449e-09,520344288,1.92085281e-09,520093696
10,32,12,-28.9693184,1.90268201e-09,525573920,1.90630089e-09,526385152
10,32,13,-36.1827927,1.28201781e-11,7.80020367e+10,1.28466127e-11,7.78462822e+10
10,32,14,-36.1972198,1.26926135e-11,7.87859866e+10,1.26760824e-11,7.89200241e+10
10,32,15,-36.211647,1.25663178e-11,7.95778089e+10,1.25623956e-11,7.9456895e+10
10,32,16,-36.2260742,1.2441278e-11,8.03775857e+10,1.24487087e-11,8.05306368e+10
10,32,17,-36.2405014,1.23174838e-11,8.11854152e+10,1.23350219e-11,8.10675077e+10
10,32,18,-36.2549286,1.21949204e-11,8.20013548e+10,1.22213351e-11,8.21412495e+10
10,32,19,-43.4684029,8.21687824e-14,1.21700719e+13,8.21565038e-14,1.21633474e+13
10,32,20,-43.48283,8.13511788e-14,1.22923851e+13,8.12683254e-14,1.23007863e+13
10,32,21,-43.4972572,8.05417067e-14,1.24159273e+13,8.0380147e-14,1.24382253e+13
10,32,22,-43.5116844,7.97402915e-14,1.25407121e+13,7.99360578e-14,1.25069448e+13
10,32,23,-43.5261116,7.89468453e-14,1.26667509e+13,7.90478794e-14,1.26443837e+13
10,32,24,-43.5405388,7.81613001e-14,1.27940554e+13,7.81597009e-14,1.27818227e+13
10,32,25,-50.7540131,5.26647023e-16,1.89880491e+15,5.27355937e-16,1.89995609e+15
10,32,26,-50.7684402,5.21406695e-16,1.91788852e+15,5.20417043e-16,1.91754828e+15
10,32,27,-50.7828674,5.16218565e-16,1.93716393e+15,5.16947596e-16,1.93514046e+15
10,32,28,-57.9963417,3.4782556e-18,2.87500438e+17,3.46944695e-18,2.87104476e+17
10,32,29,-58.0107689,3.44364574e-18,2.9038992e+17,3.4423419e-18,2.90482176e+17
10,32,30,-58.0251961,3.4093802e-18,2.93308436e+17,3.41523684e-18,2.92733976e+17
10,32,31,-58.0396233,3.37545587e-18,2.96256261e+17,3.37457926e-18,2.97237575e+17
10,32,32,-58.0540504,3.34186902e-18,2.99233739e+17,3.34747421e-18,2.99489375e+17
10,64,1,-7.21347523,0.00673794653,148.413162,0.00674438477,148
10,64,2,-14.4269505,4.53999273e-05,22026.4688,4.529953e-05,22016
10,64,3,-14.4413776,4.49481813e-05,22247.8398,4.50611115e-05,22272
10,64,4,-14.4558048,4.45009318e-05,22471.4375,4.45842743e-05,22528
10,64,5,-14.470232,4.40581352e-05,22697.2832,4.41074371e-05,22656
10,64,6,-21.6837082,2.96861174e-07,3368578,2.96160579e-07,3375104
10,64,7,-21.6981354,2.93907306e-07,3402433.25,2.94297934e-07,3407872
10,64,8,-21.7125626,2.90982825e-07,3436628.75,2.90572643e-07,3440640
10,64,9,-21.7269897,2.88087449e-07,3471168,2.88709998e-07,3473408
10,64,10,-28.940464,1.94111927e-09,515166688,1.93540473e-09,515899392
10,64,11,-28.9548912,1.92180449e-09,520344288,1.92085281e-09,520093696
10,64,12,-28.9693184,1.90268201e-09,525573920,1.90630089e-09,526385152
10,64,13,-36.1827927,1.28201781e-11,7.80020367e+10,1.28466127e-11,7.78462822e+10
10,64,14,-36.1972198,1.26926135e-11,7.87859866e+10,1.26760824e-11,7.89200241e+10
10,64,15,-36.211647,1.25663178e-11,7.95778089e+10,1.25623956e-11,7.9456895e+10
10,64,16,-36.2260742,1.2441278e-11,8.03775857e+10,1.24487087e-11,8.05306368e+10
10,64,17,-36.2405014,1.23174838e-11,8.11854152e+10,1.23350219e-11,8.10675077e+10
10,64,18,-36.2549286,1.21949204e-11,8.20013548e+10,1.22213351e-11,8.21412495e+10
10,64,19,-43.4684029,8.21687824e-14,1.21700719e+13,8.21565038e-14,1.21633474e+13
10,64,20,-43.48283,8.13511788e-14,1.22923851e+13,8.12683254e-14,1.23007863e+13
10,64,21,-43.4972572,8.05417067e-14,1.24159273e+13,8.0380147e-14,1.24382253e+13
10,64,22,-43.5116844,7.97402915e-14,1.25407121e+13,7.99360578e-14,1.25069448e+13
10,64,23,-43.5261116,7.89468453e-14,1.26667509e+13,7.90478794e-14,1.26443837e+13
10,64,24,-43.5405388,7.81613001e-14,1.27940554e+13,7.81597009e-14,1.27818227e+13
10,64,25,-50.7540131,5.26647023e-16,1.89880491e+15,5.27355937e-16,1.89995609e+15
10,64,26,-50.7684402,5.21406695e-16,1.91788852e+15,5.20417043e-16,1.91754828e+15
10,64,27,-50.7828674,5.16218565e-16,1.93716393e+15,5.16947596e-16,1.93514046e+15
10,64,28,-57.9963417,3.4782556e-18,2.87500438e+17,3.46944695e-18,2.87104476e+17
10,64,29,-58.0107689,3.44364574e-18,2.9038992e+17,3.4423419e-18,2.90482176e+17
10,64,30,-58.0251961,3.4093802e-18,2.93308436e+17,3.41523684e-18,2.92733976e+17
10,64,31,-58.0396233,3.37545587e-18,2.96256261e+17,3.37457926e-18,2.97237575e+17
10,64,32,-58.0540504,3.34186902e-18,2.99233739e+17,3.34747421e-18,2.99489375e+17
10,64,33,-58.0684776,3.30861636e-18,3.02241144e+17,3.30681663e-18,3.01741175e+17
10,64,34,-58.0829048,3.27569458e-18,3.05278785e+17,3.27971157e-18,3.06244775e+17
10,64,35,-58.097332,3.24310014e-18,3.08346903e+17,3.23905399e-18,3.08496574e+17
10,64,36,-65.3108063,2.18518516e-20,4.57627119e+19,2.18110984e-20,4.58286298e+19
10,64,37,-65.3252335,2.16344194e-20,4.6222642e+19,2.15993402e-20,4.61168602e+19
10,64,38,-65.3396606,2.14191489e-20,4.66871945e+19,2.13875819e-20,4.66933209e+19
10,64,39,-65.3540878,2.12060206e-20,4.71564176e+19,2.11758237e-20,4.72697817e+19
10,64,40,-65.368515,2.09950152e-20,4.76303555e+19,2.09640654e-20,4.75580121e+19
10,64,41,-65.3829422,2.07861085e-20,4.81090565e+19,2.07523072e-20,4.81344728e+19
10,64,42,-65.3973694,2.05792794e-20,4.85925689e+19,2.0540549e-20,4.87109336e+19
10,64,43,-65.4117966,2.03745086e-20,4.90809368e+19,2.03287907e-20,4.89991639e+19
10,64,44,-65.4262238,2.01717751e-20,4.95742173e+19,2.02229116e-20,4.95756247e+19
10,64,45,-65.4406509,1.99710594e-20,5.00724544e+19,2.00111534e-20,5.01520855e+19
10,64,46,-65.4550781,1.97723405e-20,5.05757009e+19,1.97993951e-20,5.04403158e+19
10,64,47,-72.6685562,1.33224723e-22,7.5061146e+21,1.33176079e-22,7.48937809e+21
10,64,48,-72.6829834,1.31899083e-22,7.58155327e+21,1.31521717e-22,7.56316507e+21
10,64,49,-79.8964615,8.88727343e-25,1.12520448e+24,8.91804098e-25,1.12392322e+24
10,64,50,-79.9108887,8.79884212e-25,1.1365132e+24,8.78879401e-25,1.13809032e+24
10,64,51,-79.9253159,8.7112904e-25,1.14793548e+24,8.72417052e-25,1.14753506e+24
10,64,52,-79.939743,8.62461036e-25,1.15947269e+24,8.59492355e-25,1.16170215e+24
10,64,53,-79.9541702,8.53879215e-25,1.17112577e+24,8.53030007e-25,1.17114689e+24
10,64,54,-79.9685974,8.45382888e-25,1.18289595e+24,8.46567658e-25,1.18059162e+24
10,64,55,-79.9830246,8.36971067e-25,1.19478444e+24,8.4010531e-25,1.19475872e+24
10,64,56,-79.9974518,8.28642963e-25,1.20679241e+24,8.27180613e-25,1.20892582e+24
10,64,57,-87.2109299,5.58334101e-27,1.79104234e+26,5.57882432e-27,1.78921021e+26
10,64,58,-87.2253571,5.52778448e-27,1.80904286e+26,5.52833722e-27,1.81338873e+26
10,64,59,-87.2397842,5.47278146e-27,1.82722434e+26,5.47785013e-27,1.82547799e+26
10,64,60,-87.2542114,5.41832541e-27,1.84558863e+26,5.42736303e-27,1.8496565e+26
10,64,61,-87.2686386,5.36441131e-27,1.86413738e+26,5.37687593e-27,1.86174576e+26
10,64,62,-87.2830658,5.31103378e-27,1.88287263e+26,5.30114528e-27,1.88592428e+26
10,64,63,-87.297493,5.25818742e-27,1.90179604e+26,5.25065819e-27,1.89801354e+26
10,64,64,-94.5109711,3.5429317e-29,2.82252138e+28,3.54987407e-29,2.81631359e+28
11,16,1,-0.246038616,0.843208551,1.18594623,0.84375,1.1875
11,16,2,-2.31443214,0.201041862,4.97408867,0.201171875,4.96875
11,16,3,-7.88983488,0.0042162179,237.179398,0.00421142578,237
11,16,4,-9.15166664,0.00175822235,568.756226,0.00175476074,568
11,16,5,-14.6005077,4.02540136e-05,24842.2422,4.02927399e-05,24832
11,16,6,-18.9881096,1.9231336e-06,519984.688,1.92224979e-06,520192
11,16,7,-20.4216232,7.11998098e-07,1404498.12,7.11530447e-07,1400832
11,16,8,-23.5480556,8.15321499e-08,12265100,8.14907253e-08,12255232
11,16,9,-26.4683723,1.07702549e-08,92848312,1.07684173e-08,92798976
11,16,10,-32.0844193,2.19597507e-10,4.55378586e+09,2.19188223e-10,4.56340275e+09
11,16,11,-33.4296112,8.64339295e-11,1.15695309e+10,8.64019967e-11,1.15427246e+10
11,16,12,-37.7175903,4.42459914e-12,2.2600917e+11,4.43378667e-12,2.25485783e+11
11,16,13,-40.9421425,4.73355025e-13,2.11257917e+12,4.72510919e-13,2.11312391e+12
11,16,14,-43.4088478,8.56317309e-14,1.16779144e+13,8.57092175e-14,1.1682311e+13
11,16,15,-50.4062233,6.70216037e-16,1.4920562e+15,6.69603262e-16,1.49533581e+15
11,16,16,-51.0340652,4.33726079e-16,2.3056026e+15,4.33680869e-16,2.30457637e+15
11,32,1,-0.246038616,0.843208551,1.18594623,0.84375,1.1875
11,32,2,-2.31443214,0.201041862,4.97408867,0.201171875,4.96875
11,32,3,-7.88983488,0.0042162179,237.179398,0.00421142578,237
11,32,4,-9.15166664,0.00175822235,568.756226,0.00175476074,568
11,32,5,-14.6005077,4.02540136e-05,24842.2422,4.02927399e-05,24832
11,32,6,-18.9881096,1.9231336e-06,519984.688,1.92224979e-06,520192
11,32,7,-20.4216232,7.11998098e-07,1404498.12,7.11530447e-07,1400832
11,32,8,-23.5480556,8.15321499e-08,12265100,8.14907253e-08,12255232
11,32,9,-26.4683723,1.07702549e-08,92848312,1.07684173e-08,92798976
11,32,10,-32.0844193,2.19597507e-10,4.55378586e+09,2.19188223e-10,4.56340275e+09
11,32,11,-33.4296112,8.64339295e-11,1.15695309e+10,8.64019967e-11,1.15427246e+10
11,32,12,-37.7175903,4.42459914e-12,2.2600917e+11,4.43378667e-12,2.25485783e+11
11,32,13,-40.9421425,4.73355025e-13,2.11257917e+12,4.72510919e-13,2.11312391e+12
11,32,14,-43.4088478,8.56317309e-14,1.16779144e+13,8.57092175e-14,1.1682311e+13
11,32,15,-50.4062233,6.70216037e-16,1.4920562e+15,6.69603262e-16,1.49533581e+15
11,32,16,-51.0340652,4.33726079e-16,2.3056026e+15,4.33680869e-16,2.30457637e+15
11,32,17,-51.8628731,2.44185305e-16,4.09525051e+15,2.4459601e-16,4.09897935e+15
11,32,18,-55.7088585,1.69809724e-17,5.88894391e+16,1.70219741e-17,5.88282701e+16
11,32,19,-62.5545006,1.4764507e-19,6.77299987e+18,1.47383733e-19,6.77341384e+18
11,32,20,-63.4724159,7.81445861e-20,1.27967914e+19,7.83505476e-20,1.28262517e+19
11,32,21,-68.2288132,2.89121657e-21,3.4587515e+20,2.88520598e-21,3.45876451e+20
11,32,22,-72.1706848,1.88130426e-22,5.31546128e+21,1.87769999e-22,5.31266229e+21
11,32,23,-72.5257645,1.4708535e-22,6.79877361e+21,1.47238149e-22,6.78840182e+21
11,32,24,-74.4382935,3.90697657e-23,2.5595238e+22,3.90842839e-23,2.55302938e+22
11,32,25,-77.6207199,4.30363067e-24,2.32361944e+23,4.29099943e-24,2.32576549e+23
11,32,26,-78.2312164,2.81875424e-24,3.54766629e+23,2.81758396e-24,3.54177486e+23
11,32,27,-81.3511353,3.2424111e-25,3.08412469e+24,3.24733014e-25,3.07898295e+24
11,32,28,-85.4609909,1.87792498e-26,5.32502622e+25,1.87812004e-26,5.31927361e+25
11,32,29,-89.5375748,1.11302323e-27,8.98453835e+26,1.11071615e-27,8.9944081e+26
11,32,30,-94.6859894,3.13817375e-29,3.18656648e+28,3.1357221e-29,3.1876956e+28
11,32,31,-100.735474,4.73806273e-31,2.11056733e+30,4.74549138e-31,2.10944983e+30
11,32,32,-101.036812,3.84493458e-31,2.60082438e+30,3.85185989e-31,2.59472232e+30
11,64,1,-0.246038616,0.843208551,1.18594623,0.84375,1.1875
11,64,2,-2.31443214,0.201041862,4.97408867,0.201171875,4.96875
11,64,3,-7.88983488,0.0042162179,237.179398,0.00421142578,237
11,64,4,-9.15166664,0.00175822235,568.756226,0.00175476074,568
11,64,5,-14.6005077,4.02540136e-05,24842.2422,4.02927399e-05,24832
11,64,6,-18.9881096,1.9231336e-06,519984.688,1.92224979e-06,520192
11,64,7,-20.4216232,7.11998098e-07,1404498.12,7.11530447e-07,1400832
11,64,8,-23.5480556,8.15321499e-08,12265100,8.14907253e-08,12255232
11,64,9,-26.4683723,1.07702549e-08,92848312,1.07684173e-08,92798976
11,64,10,-32.0844193,2.19597507e-10,4.55378586e+09,2.19188223e-10,4.56340275e+09
11,64,11,-33.4296112,8.64339295e-11,1.15695309e+10,8.64019967e-11,1.15427246e+10
11,64,12,-37.7175903,4.42459914e-12,2.2600917e+11,4.43378667e-12,2.25485783e+11
11,64,13,-40.9421425,4.73355025e-13,2.11257917e+12,4.72510919e-13,2.11312391e+12
11,64,14,-43.4088478,8.56317309e-14,1.16779144e+13,8.57092175e-14,1.1682311e+13
11,64,15,-50.4062233,6.70216037e-16,1.4920562e+15,6.69603262e-16,1.49533581e+15
11,64,16,-51.0340652,4.33726079e-16,2.3056026e+15,4.33680869e-16,2.30457637e+15
11,64,17,-51.8628731,2.44185305e-16,4.09525051e+15,2.4459601e-16,4.09897935e+15
11,64,18,-55.7088585,1.69809724e-17,5.88894391e+16,1.70219741e-17,5.88282701e+16
11,64,19,-62.5545006,1.4764507e-19,6.77299987e+18,1.47383733e-19,6.77341384e+18
11,64,20,-63.4724159,7.81445861e-20,1.27967914e+19,7.83505476e-20,1.28262517e+19
11,64,21,-68.2288132,2.89121657e-21,3.4587515e+20,2.88520598e-21,3.45876451e+20
11,64,22,-72.1706848,1.88130426e-22,5.31546128e+21,1.87769999e-22,5.31266229e+21
11,64,23,-72.5257645,1.4708535e-22,6.79877361e+21,1.47238149e-22,6.78840182e+21
11,64,24,-74.4382935,3.90697657e-23,2.5595238e+22,3.90842839e-23,2.55302938e+22
11,64,25,-77.6207199,4.30363067e-24,2.32361944e+23,4.29099943e-24,2.32576549e+23
11,64,26,-78.2312164,2.81875424e-24,3.54766629e+23,2.81758396e-24,3.54177486e+23
11,64,27,-81.3511353,3.2424111e-25,3.08412469e+24,3.24733014e-25,3.07898295e+24
11,64,28,-85.4609909,1.87792498e-26,5.32502622e+25,1.87812004e-26,5.31927361e+25
11,64,29,-89.5375748,1.11302323e-27,8.98453835e+26,1.11071615e-27,8.9944081e+26
11,64,30,-94.6859894,3.13817375e-29,3.18656648e+28,3.1357221e-29,3.1876956e+28
11,64,31,-100.735474,4.73806273e-31,2.11056733e+30,4.74549138e-31,2.10944983e+30
11,64,32,-101.036812,3.84493458e-31,2.60082438e+30,3.85185989e-31,2.59472232e+30
11,64,33,-101.067413,3.76423713e-31,2.65658064e+30,3.75941525e-31,2.65414344e+30
11,64,34,-101.772797,2.30852961e-31,4.33176134e+30,2.31111593e-31,4.3377419e+30
11,64,35,-102.723572,1.194328e-31,8.37290901e+30,1.19407657e-31,8.35857115e+30
11,64,36,-108.930328,1.61697642e-33,6.1843817e+32,1.61296633e-33,6.18613493e+32
11,64,37,-110.26857,6.39518105e-34,1.56367734e+33,6.4097356e-34,1.56174554e+33
11,64,38,-113.57151,6.4799063e-35,1.54323215e+34,6.46992091e-35,1.54146313e+34
11,64,39,-117.067413,5.74377003e-36,1.74101669e+35,5.73641243e-36,1.73941945e+35
11,64,40,-123.643372,6.02055274e-38,1.66097697e+37,6.02440855e-38,1.66153499e+37
11,64,41,-127.630913,0,2.63471198e+38,0,2.63187143e+38
11,64,42,-130.441452,0,inf,0,inf
11,64,43,-133.286942,0,inf,0,inf
11,64,44,-137.554428,0,inf,0,inf
11,64,45,-140.019592,0,inf,0,inf
11,64,46,-142.71347,0,inf,0,inf
11,64,47,-147.372971,0,inf,0,inf
11,64,48,-151.579422,0,inf,0,inf
11,64,49,-153.728592,0,inf,0,inf
11,64,50,-154.204849,0,inf,0,inf
11,64,51,-159.112732,0,inf,0,inf
11,64,52,-162.168411,0,inf,0,inf
11,64,53,-167.533722,0,inf,0,inf
11,64,54,-172.191788,0,inf,0,inf
11,64,55,-174.955795,0,inf,0,inf
11,64,56,-180.271347,0,inf,0,inf
11,64,57,-182.739838,0,inf,0,inf
11,64,58,-185.165466,0,inf,0,inf
11,64,59,-187.750092,0,inf,0,inf
11,64,60,-190.934784,0,inf,0,inf
11,64,61,-191.894485,0,inf,0,inf
11,64,62,-194.347656,0,inf,0,inf
11,64,63,-194.420258,0,inf,0,inf
11,64,64,-195.01059,0,inf,0,inf
12,16,1,-0.0144269494,0.990049779,1.01005018,0.98828125,1.0078125
12,16,2,-0.0288538989,0.980198622,1.02020144,0.98046875,1.0234375
12,16,3,-0.0432808474,0.970445454,1.03045464,0.96875,1.03125
12,16,4,-0.0577077977,0.960789382,1.04081082,0.9609375,1.0390625
12,16,5,-0.0721347481,0.951229393,1.05127108,0.953125,1.0546875
12,16,6,-0.0865616947,0.941764534,1.0618366,0.94140625,1.0625
12,16,7,-0.100988641,0.932393789,1.07250822,0.93359375,1.0703125
12,16,8,-0.115415588,0.923116326,1.08328712,0.921875,1.0859375
12,16,9,-0.129842535,0.913931191,1.09417427,0.9140625,1.09375
12,16,10,-0.144269481,0.90483737,1.10517097,0.90625,1.1015625
12,16,11,-7.35774469,0.00609674631,164.021912,0.00610351562,164
12,16,12,-7.37217188,0.00603608182,165.670395,0.00604248047,166
12,16,13,-14.5856476,4.06707841e-05,24587.6738,4.0769577e-05,24576
12,16,14,-14.6000748,4.02660989e-05,24834.7871,4.02927399e-05,24832
12,16,15,-14.614502,3.98654374e-05,25084.3867,3.98159027e-05,25088
12,16,16,-14.6289291,3.94687631e-05,25336.4922,3.95774841e-05,25344
12,32,1,-0.0144269494,0.990049779,1.01005018,0.98828125,1.0078125
12,32,2,-0.0288538989,0.980198622,1.02020144,0.98046875,1.0234375
12,32,3,-0.0432808474,0.970445454,1.03045464,0.96875,1.03125
12,32,4,-0.0577077977,0.960789382,1.04081082,0.9609375,1.0390625
12,32,5,-0.0721347481,0.951229393,1.05127108,0.953125,1.0546875
12,32,6,-0.0865616947,0.941764534,1.0618366,0.94140625,1.0625
12,32,7,-0.100988641,0.932393789,1.07250822,0.93359375,1.0703125
12,32,8,-0.115415588,0.923116326,1.08328712,0.921875,1.0859375
12,32,9,-0.129842535,0.913931191,1.09417427,0.9140625,1.09375
12,32,10,-0.144269481,0.90483737,1.10517097,0.90625,1.1015625
12,32,11,-7.35774469,0.00609674631,164.021912,0.00610351562,164
12,32,12,-7.37217188,0.00603608182,165.670395,0.00604248047,166
12,32,13,-14.5856476,4.06707841e-05,24587.6738,4.0769577e-05,24576
12,32,14,-14.6000748,4.02660989e-05,24834.7871,4.02927399e-05,24832
12,32,15,-14.614502,3.98654374e-05,25084.3867,3.98159027e-05,25088
12,32,16,-14.6289291,3.94687631e-05,25336.4922,3.95774841e-05,25344
12,32,17,-14.6433563,3.9076036e-05,25591.1309,3.9100647e-05,25600
12,32,18,-14.6577835,3.86872161e-05,25848.332,3.86238098e-05,25856
12,32,19,-14.6722107,3.83022671e-05,26108.1152,3.83853912e-05,26112
12,32,20,-21.885685,2.58078813e-07,3874785.5,2.58907676e-07,3866624
12,32,21,-21.9001122,2.55510827e-07,3913728.25,2.55182385e-07,3915776
12,32,22,-21.9145393,2.5296842e-07,3953062.75,2.5331974e-07,3948544
12,32,23,-21.9289665,2.50451308e-07,3992792.25,2.4959445e-07,3997696
12,32,24,-21.9433937,2.47959235e-07,4032921.25,2.47731805e-07,4030464
12,32,25,-21.9578209,2.45491947e-07,4073453.25,2.4586916e-07,4079616
12,32,26,-21.9722481,2.43049215e-07,4114392.75,2.42143869e-07,4112384
12,32,27,-21.9866753,2.40630811e-07,4155743.75,2.40281224e-07,4161536
12,32,28,-29.2001495,1.6213586e-09,616766720,1.62253855e-09,616562688
12,32,29,-29.2145767,1.60522562e-09,622965376,1.60798663e-09,624951296
12,32,30,-29.2290039,1.58925306e-09,629226368,1.58615876e-09,629145600
12,32,31,-29.2434311,1.57343949e-09,635550336,1.57160684e-09,637534208
12,32,32,-29.2578583,1.55778324e-09,641937792,1.55705493e-09,641728512
12,64,1,-0.0144269494,0.990049779,1.01005018,0.98828125,1.0078125
12,64,2,-0.0288538989,0.980198622,1.02020144,0.98046875,1.0234375
12,64,3,-0.0432808474,0.970445454,1.03045464,0.96875,1.03125
12,64,4,-0.0577077977,0.960789382,1.04081082,0.9609375,1.0390625
12,64,5,-0.0721347481,0.951229393,1.05127108,0.953125,1.0546875
12,64,6,-0.0865616947,0.941764534,1.0618366,0.94140625,1.0625
12,64,7,-0.100988641,0.932393789,1.07250822,0.93359375,1.0703125
12,64,8,-0.115415588,0.923116326,1.08328712,0.921875,1.0859375
12,64,9,-0.129842535,0.913931191,1.09417427,0.9140625,1.09375
12,64,10,-0.144269481,0.90483737,1.10517097,0.90625,1.1015625
12,64,11,-7.35774469,0.00609674631,164.021912,0.00610351562,164
12,64,12,-7.37217188,0.00603608182,165.670395,0.00604248047,166
12,64,13,-14.5856476,4.06707841e-05,24587.6738,4.0769577e-05,24576
12,64,14,-14.6000748,4.02660989e-05,24834.7871,4.02927399e-05,24832
12,64,15,-14.614502,3.98654374e-05,25084.3867,3.98159027e-05,25088
12,64,16,-14.6289291,3.94687631e-05,25336.4922,3.95774841e-05,25344
12,64,17,-14.6433563,3.9076036e-05,25591.1309,3.9100647e-05,25600
12,64,18,-14.6577835,3.86872161e-05,25848.332,3.86238098e-05,25856
12,64,19,-14.6722107,3.83022671e-05,26108.1152,3.83853912e-05,26112
12,64,20,-21.885685,2.58078813e-07,3874785.5,2.58907676e-07,3866624
12,64,21,-21.9001122,2.55510827e-07,3913728.25,2.55182385e-07,3915776
12,64,22,-21.9145393,2.5296842e-07,3953062.75,2.5331974e-07,3948544
12,64,23,-21.9289665,2.50451308e-07,3992792.25,2.4959445e-07,3997696
12,64,24,-21.9433937,2.47959235e-07,4032921.25,2.47731805e-07,4030464
12,64,25,-21.9578209,2.45491947e-07,4073453.25,2.4586916e-07,4079616
12,64,26,-21.9722481,2.43049215e-07,4114392.75,2.42143869e-07,4112384
12,64,27,-21.9866753,2.40630811e-07,4155743.75,2.40281224e-07,4161536
12,64,28,-29.2001495,1.6213586e-09,616766720,1.62253855e-09,616562688
12,64,29,-29.2145767,1.60522562e-09,622965376,1.60798663e-09,624951296
12,64,30,-29.2290039,1.58925306e-09,629226368,1.58615876e-09,629145600
12,64,31,-29.2434311,1.57343949e-09,635550336,1.57160684e-09,637534208
12,64,32,-29.2578583,1.55778324e-09,641937792,1.55705493e-09,641728512
12,64,33,-36.4713326,1.04962679e-11,9.52719606e+10,1.05160325e-11,9.50261514e+10
12,64,34,-36.4857597,1.03918263e-11,9.62294743e+10,1.04023457e-11,9.60998932e+10
12,64,35,-36.5001869,1.02884238e-11,9.71966136e+10,1.02886588e-11,9.71736351e+10
12,64,36,-36.5146141,1.01860508e-11,9.81734687e+10,1.0174972e-11,9.82473769e+10
12,64,37,-43.7280884,6.86331146e-14,1.45702257e+13,6.88338275e-14,1.45685291e+13
12,64,38,-50.9415627,4.62446637e-16,2.16241175e+15,4.61436445e-16,2.16383888e+15
12,64,39,-50.9559898,4.57845131e-16,2.18414468e+15,4.57966998e-16,2.18143107e+15
12,64,40,-50.970417,4.53289417e-16,2.20609613e+15,4.54497551e-16,2.20781935e+15
12,64,41,-50.9848442,4.4877902e-16,2.22826809e+15,4.47558657e-16,2.22541153e+15
12,64,42,-50.9992714,4.44313515e-16,2.25066299e+15,4.4408921e-16,2.25179981e+15
12,64,43,-51.0136986,4.39892453e-16,2.27328297e+15,4.40619763e-16,2.269392e+15
12,64,44,-51.0281258,4.35515384e-16,2.29613005e+15,4.35415592e-16,2.30457637e+15
12,64,45,-58.2416,2.93448154e-18,3.40775693e+17,2.94089839e-18,3.40021772e+17
12,64,46,-58.2560272,2.90528248e-18,3.44200603e+17,2.90024081e-18,3.44525371e+17
12,64,47,-58.2704544,2.87637396e-18,3.47659942e+17,2.87313576e-18,3.46777171e+17
12,64,48,-58.2848816,2.8477531e-18,3.51154052e+17,2.8460307e-18,3.51280771e+17
12,64,49,-58.2993088,2.81941699e-18,3.54683244e+17,2.81892565e-18,3.55784371e+17
12,64,50,-58.313736,2.79136275e-18,3.58247929e+17,2.79182059e-18,3.5803617e+17
12,64,51,-58.3281631,2.76358789e-18,3.61848452e+17,2.76471554e-18,3.6253977e+17
12,64,52,-58.3425903,2.7360893e-18,3.65485155e+17,2.73761049e-18,3.6479157e+17
12,64,53,-58.3570175,2.7088643e-18,3.69158418e+17,2.71050543e-18,3.69295169e+17
12,64,54,-58.3714447,2.68191021e-18,3.72868548e+17,2.68340038e-18,3.73798769e+17
12,64,55,-58.3858719,2.65522433e-18,3.76616027e+17,2.65629532e-18,3.76050569e+17
12,64,56,-58.4002991,2.62880397e-18,3.8040113e+17,2.62919027e-18,3.80554169e+17
12,64,57,-58.4147263,2.60264646e-18,3.8422427e+17,2.60208521e-18,3.85057768e+17
12,64,58,-58.4291534,2.57674929e-18,3.88085892e+17,2.57498016e-18,3.87309568e+17
12,64,59,-58.4435806,2.5511098e-18,3.91986238e+17,2.54787511e-18,3.91813168e+17
12,64,60,-58.4580078,2.52572548e-18,3.95925856e+17,2.52077005e-18,3.96316767e+17
12,64,61,-65.6714859,1.701817e-20,5.87607205e+19,1.70465381e-20,5.87989967e+19
12,64,62,-65.6859131,1.68488338e-20,5.93512902e+19,1.68347798e-20,5.93754575e+19
12,64,63,-65.7003403,1.66811827e-20,5.99477885e+19,1.67289007e-20,5.99519182e+19
12,64,64,-65.7147675,1.65151989e-20,6.05502813e+19,1.65171425e-20,6.0528379e+19
13,16,1,-3.44161677,0.092038624,10.8650036,0.091796875,10.875
13,16,2,-8.71938992,0.00237247744,421.500336,0.0023651123,422
13,16,3,-9.13457584,0.0017791749,562.058289,0.00177764893,564
13,16,4,-15.938015,1.59286665e-05,62779.8984,1.59740448e-05,62720
13,16,5,-22.7809525,1.38755425e-07,7206925.5,1.38767064e-07,7208960
13,16,6,-26.7577209,8.81299123e-09,113468848,8.7893568e-09,113246208
13,16,7,-29.715847,1.13406695e-09,881782208,1.13504939e-09,880803840
13,16,8,-35.1949615,2.54249937e-11,3.93313772e+10,2.54658516e-11,3.9460012e+10
13,16,9,-35.9731216,1.48255679e-11,6.74510397e+10,1.47792889e-11,6.73772995e+10
13,16,10,-39.2412071,1.5389325e-12,6.4980104e+11,1.54187774e-12,6.48540062e+11
13,16,11,-40.512455,6.37581676e-13,1.56842656e+12,6.35935749e-13,1.57195803e+12
13,16,12,-46.7090263,8.69324652e-15,1.15031824e+14,8.71525074e-15,1.14898965e+14
13,16,13,-49.6676025,1.11830891e-15,8.94207292e+14,1.11716192e-15,8.92803442e+14
13,16,14,-49.700634,1.09299543e-15,9.14916953e+14,1.09634524e-15,9.14793674e+14
13,16,15,-53.6602211,7.02528332e-17,1.42343012e+16,7.02563008e-17,1.42144863e+16
13,16,16,-56.1121902,1.28394842e-17,7.7884748e+16,1.28477957e-17,7.76870936e+16
13,32,1,-3.44161677,0.092038624,10.8650036,0.091796875,10.875
13,32,2,-8.71938992,0.00237247744,421.500336,0.0023651123,422
13,32,3,-9.13457584,0.0017791749,562.058289,0.00177764893,564
13,32,4,-15.938015,1.59286665e-05,62779.8984,1.59740448e-05,62720
13,32,5,-22.7809525,1.38755425e-07,7206925.5,1.38767064e-07,7208960
13,32,6,-26.7577209,8.81299123e-09,113468848,8.7893568e-09,113246208
13,32,7,-29.715847,1.13406695e-09,881782208,1.13504939e-09,880803840
13,32,8,-35.1949615,2.54249937e-11,3.93313772e+10,2.54658516e-11,3.9460012e+10
13,32,9,-35.9731216,1.48255679e-11,6.74510397e+10,1.47792889e-11,6.73772995e+10
13,32,10,-39.2412071,1.5389325e-12,6.4980104e+11,1.54187774e-12,6.48540062e+11
13,32,11,-40.512455,6.37581676e-13,1.56842656e+12,6.35935749e-13,1.57195803e+12
13,32,12,-46.7090263,8.69324652e-15,1.15031824e+14,8.71525074e-15,1.14898965e+14
13,32,13,-49.6676025,1.11830891e-15,8.94207292e+14,1.11716192e-15,8.92803442e+14
13,32,14,-49.700634,1.09299543e-15,9.14916953e+14,1.09634524e-15,9.14793674e+14
13,32,15,-53.6602211,7.02528332e-17,1.42343012e+16,7.02563008e-17,1.42144863e+16
13,32,16,-56.1121902,1.28394842e-17,7.7884748e+16,1.28477957e-17,7.76870936e+16
13,32,17,-59.0229836,1.70730647e-18,5.85717884e+17,1.70761842e-18,5.85467952e+17
13,32,18,-64.0578842,5.20781281e-20,1.92019194e+19,5.20925263e-20,1.916732e+19
13,32,19,-67.2303009,5.77647323e-21,1.73115995e+20,5.77041195e-21,1.72938226e+20
13,32,20,-68.8553238,1.87276013e-21,5.3397119e+20,1.87935435e-21,5.34955578e+20
13,32,21,-70.5024185,5.97939502e-22,1.67241003e+21,5.98878763e-22,1.66943034e+21
13,32,22,-74.1490097,4.77445599e-23,2.0944794e+22,4.77696804e-23,2.09555013e+22
13,32,23,-76.7073135,8.10583452e-24,1.23367924e+23,8.11670976e-24,1.23371824e+23
13,32,24,-77.8649368,3.63344324e-24,2.75221026e+23,3.64476457e-24,2.75077848e+23
13,32,25,-82.5016251,1.46061627e-25,6.8464249e+24,1.46210636e-25,6.83798667e+24
13,32,26,-86.0701752,1.23110619e-26,8.12277564e+25,1.23188519e-26,8.09980299e+25
13,32,27,-88.3864594,2.47186368e-27,4.04553072e+26,2.4738678e-27,4.03781224e+26
13,32,28,-88.4371872,2.38645851e-27,4.19030926e+26,2.38551538e-27,4.18288334e+26
13,32,29,-95.3807297,1.93882826e-29,5.15775451e+28,1.94256998e-29,5.16839966e+28
13,32,30,-98.9371109,1.64801788e-30,6.06789525e+29,1.65167752e-30,6.06590619e+29
13,32,31,-100.071594,7.50668859e-31,1.33214528e+30,7.5188305e-31,1.33697524e+30
13,32,32,-101.129135,3.60659088e-31,2.77270159e+30,3.60534086e-31,2.77298569e+30
13,64,1,-3.44161677,0.092038624,10.8650036,0.091796875,10.875
13,64,2,-8.71938992,0.00237247744,421.500336,0.0023651123,422
13,64,3,-9.13457584,0.0017791749,562.058289,0.00177764893,564
13,64,4,-15.938015,1.59286665e-05,62779.8984,1.59740448e-05,62720
13,64,5,-22.7809525,1.38755425e-07,7206925.5,1.38767064e-07,7208960
13,64,6,-26.7577209,8.81299123e-09,113468848,8.7893568e-09,113246208
13,64,7,-29.715847,1.13406695e-09,881782208,1.13504939e-09,880803840
13,64,8,-35.1949615,2.54249937e-11,3.93313772e+10,2.54658516e-11,3.9460012e+10
13,64,9,-35.9731216,1.48255679e-11,6.74510397e+10,1.47792889e-11,6.73772995e+10
13,64,10,-39.2412071,1.5389325e-12,6.4980104e+11,1.54187774e-12,6.48540062e+11
13,64,11,-40.512455,6.37581676e-13,1.56842656e+12,6.35935749e-13,1.57195803e+12
13,64,12,-46.7090263,8.69324652e-15,1.15031824e+14,8.71525074e-15,1.14898965e+14
13,64,13,-49.6676025,1.11830891e-15,8.94207292e+14,1.11716192e-15,8.92803442e+14
13,64,14,-49.700634,1.09299543e-15,9.14916953e+14,1.09634524e-15,9.14793674e+14
13,64,15,-53.6602211,7.02528332e-17,1.42343012e+16,7.02563008e-17,1.42144863e+16
13,64,16,-56.1121902,1.28394842e-17,7.7884748e+16,1.28477957e-17,7.76870936e+16
13,64,17,-59.0229836,1.70730647e-18,5.85717884e+17,1.70761842e-18,5.85467952e+17
13,64,18,-64.0578842,5.20781281e-20,1.92019194e+19,5.20925263e-20,1.916732e+19
13,64,19,-67.2303009,5.77647323e-21,1.73115995e+20,5.77041195e-21,1.72938226e+20
13,64,20,-68.8553238,1.87276013e-21,5.3397119e+20,1.87935435e-21,5.34955578e+20
13,64,21,-70.5024185,5.97939502e-22,1.67241003e+21,5.98878763e-22,1.66943034e+21
13,64,22,-74.1490097,4.77445599e-23,2.0944794e+22,4.77696804e-23,2.09555013e+22
13,64,23,-76.7073135,8.10583452e-24,1.23367924e+23,8.11670976e-24,1.23371824e+23
13,64,24,-77.8649368,3.63344324e-24,2.75221026e+23,3.64476457e-24,2.75077848e+23
13,64,25,-82.5016251,1.46061627e-25,6.8464249e+24,1.46210636e-25,6.83798667e+24
13,64,26,-86.0701752,1.23110619e-26,8.12277564e+25,1.23188519e-26,8.09980299e+25
13,64,27,-88.3864594,2.47186368e-27,4.04553072e+26,2.4738678e-27,4.03781224e+26
13,64,28,-88.4371872,2.38645851e-27,4.19030926e+26,2.38551538e-27,4.18288334e+26
13,64,29,-95.3807297,1.93882826e-29,5.15775451e+28,1.94256998e-29,5.16839966e+28
13,64,30,-98.9371109,1.64801788e-30,6.06789525e+29,1.65167752e-30,6.06590619e+29
13,64,31,-100.071594,7.50668859e-31,1.33214528e+30,7.5188305e-31,1.33697524e+30
13,64,32,-101.129135,3.60659088e-31,2.77270159e+30,3.60534086e-31,2.77298569e+30
13,64,33,-104.257355,4.12485728e-32,2.42432616e+31,4.12149008e-32,2.42438177e+31
13,64,34,-108.441574,2.2689943e-33,4.40723869e+32,2.27500475e-33,4.41142409e+32
13,64,35,-108.741211,1.84346002e-33,5.42458207e+32,1.84167051e-33,5.42554457e+32
13,64,36,-112.889214,1.03982566e-34,9.61699724e+33,1.03819661e-34,9.61386215e+33
13,64,37,-119.955276,7.76003396e-37,1.28865414e+36,7.75826272e-37,1.28768962e+36
13,64,38,-125.912086,1.24935301e-38,8.00414364e+37,1.24896275e-38,8.00859867e+37
13,64,39,-127.806824,0,2.97637485e+38,0,2.97747071e+38
13,64,40,-133.583893,0,inf,0,inf
13,64,41,-139.72406,0,inf,0,inf
13,64,42,-145.352051,0,inf,0,inf
13,64,43,-150.007446,0,inf,0,inf
13,64,44,-153.892365,0,inf,0,inf
13,64,45,-155.18483,0,inf,0,inf
13,64,46,-156.538864,0,inf,0,inf
13,64,47,-158.66095,0,inf,0,inf
13,64,48,-162.526855,0,inf,0,inf
13,64,49,-163.315216,0,inf,0,inf
13,64,50,-169.507126,0,inf,0,inf
13,64,51,-176.622345,0,inf,0,inf
13,64,52,-177.517899,0,inf,0,inf
13,64,53,-182.689072,0,inf,0,inf
13,64,54,-183.282333,0,inf,0,inf
13,64,55,-186.761826,0,inf,0,inf
13,64,56,-191.437469,0,inf,0,inf
13,64,57,-197.557846,0,inf,0,inf
13,64,58,-200.238434,0,inf,0,inf
13,64,59,-201.863083,0,inf,0,inf
13,64,60,-205.887314,0,inf,0,inf
13,64,61,-211.363968,0,inf,0,inf
13,64,62,-211.955734,0,inf,0,inf
13,64,63,-213.72583,0,inf,0,inf
13,64,64,-219.065262,0,inf,0,inf
14,16,1,-0.0144269494,0.990049779,1.01005018,0.98828125,1.0078125
14,16,2,-0.0288538989,0.980198622,1.02020144,0.98046875,1.0234375
14,16,3,-0.0432808474,0.970445454,1.03045464,0.96875,1.03125
14,16,4,-0.0577077977,0.960789382,1.04081082,0.9609375,1.0390625
14,16,5,-0.0721347481,0.951229393,1.05127108,0.953125,1.0546875
14,16,6,-0.0865616947,0.941764534,1.0618366,0.94140625,1.0625
14,16,7,-0.100988641,0.932393789,1.07250822,0.93359375,1.0703125
14,16,8,-0.115415588,0.923116326,1.08328712,0.921875,1.0859375
14,16,9,-0.129842535,0.913931191,1.09417427,0.9140625,1.09375
14,16,10,-0.144269481,0.90483737,1.10517097,0.90625,1.1015625
14,16,11,-0.158696428,0.895834148,1.11627805,0.89453125,1.1171875
14,16,12,-0.173123375,0.886920393,1.12749684,0.88671875,1.125
14,16,13,-0.187550321,0.878095388,1.1388284,0.87890625,1.140625
14,16,14,-0.201977268,0.869358242,1.1502738,0.87109375,1.1484375
14,16,15,-7.41545248,0.00585768931,170.715775,0.005859375,171
14,16,16,-7.42987967,0.00579940341,172.431534,0.00579833984,172
14,32,1,-0.0144269494,0.990049779,1.01005018,0.98828125,1.0078125
14,32,2,-0.0288538989,0.980198622,1.02020144,0.98046875,1.0234375
14,32,3,-0.0432808474,0.970445454,1.03045464,0.96875,1.03125
14,32,4,-0.0577077977,0.960789382,1.04081082,0.9609375,1.0390625
14,32,5,-0.0721347481,0.951229393,1.05127108,0.953125,1.0546875
14,32,6,-0.0865616947,0.941764534,1.0618366,0.94140625,1.0625
14,32,7,-0.100988641,0.932393789,1.07250822,0.93359375,1.0703125
14,32,8,-0.115415588,0.923116326,1.08328712,0.921875,1.0859375
14,32,9,-0.129842535,0.913931191,1.09417427,0.9140625,1.09375
14,32,10,-0.144269481,0.90483737,1.10517097,0.90625,1.1015625
14,32,11,-0.158696428,0.895834148,1.11627805,0.89453125,1.1171875
14,32,12,-0.173123375,0.886920393,1.12749684,0.88671875,1.125
14,32,13,-0.187550321,0.878095388,1.1388284,0.87890625,1.140625
14,32,14,-0.201977268,0.869358242,1.1502738,0.87109375,1.1484375
14,32,15,-7.41545248,0.00585768931,170.715775,0.005859375,171
14,32,16,-7.42987967,0.00579940341,172.431534,0.00579833984,172
14,32,17,-7.44430685,0.00574169774,174.164505,0.00573730469,174
14,32,18,-7.45873404,0.00568456575,175.914917,0.00567626953,176
14,32,19,-7.47316122,0.00562800281,177.682922,0.00561523438,178
14,32,20,-7.48758841,0.00557200238,179.468704,0.0055847168,179
14,32,21,-7.50201559,0.00551655889,181.272415,0.00552368164,181
14,32,22,-7.51644278,0.0054616672,183.094269,0.00546264648,183
14,32,23,-7.53086996,0.0054073222,184.934418,0.00540161133,185
14,32,24,-7.54529715,0.00535351736,186.793076,0.00534057617,187
14,32,25,-14.7587719,3.60717277e-05,27722.543,3.60012054e-05,27776
14,32,26,-14.7731991,3.5712801e-05,28001.1621,3.57627869e-05,28032
14,32,27,-14.7876263,3.53574469e-05,28282.584,3.52859497e-05,28288
14,32,28,-14.8020535,3.50056289e-05,28566.834,3.50475311e-05,28544
14,32,29,-22.0155296,2.35865912e-07,4239697,2.35624611e-07,4227072
14,32,30,-22.0299568,2.33518975e-07,4282307.5,2.33761966e-07,4292608
14,32,31,-22.044384,2.31195386e-07,4325346,2.30967999e-07,4325376
14,32,32,-22.0588112,2.28894919e-07,4368817,2.29105353e-07,4358144
14,64,1,-0.0144269494,0.990049779,1.01005018,0.98828125,1.0078125
14,64,2,-0.0288538989,0.980198622,1.02020144,0.98046875,1.0234375
14,64,3,-0.0432808474,0.970445454,1.03045464,0.96875,1.03125
14,64,4,-0.0577077977,0.960789382,1.04081082,0.9609375,1.0390625
14,64,5,-0.0721347481,0.951229393,1.05127108,0.953125,1.0546875
14,64,6,-0.0865616947,0.941764534,1.0618366,0.94140625,1.0625
14,64,7,-0.100988641,0.932393789,1.07250822,0.93359375,1.0703125
14,64,8,-0.115415588,0.923116326,1.08328712,0.921875,1.0859375
14,64,9,-0.129842535,0.913931191,1.09417427,0.9140625,1.09375
14,64,10,-0.144269481,0.90483737,1.10517097,0.90625,1.1015625
14,64,11,-0.158696428,0.895834148,1.11627805,0.89453125,1.1171875
14,64,12,-0.173123375,0.886920393,1.12749684,0.88671875,1.125
14,64,13,-0.187550321,0.878095388,1.1388284,0.87890625,1.140625
14,64,14,-0.201977268,0.869358242,1.1502738,0.87109375,1.1484375
14,64,15,-7.41545248,0.00585768931,170.715775,0.005859375,171
14,64,16,-7.42987967,0.00579940341,172.431534,0.00579833984,172
14,64,17,-7.44430685,0.00574169774,174.164505,0.00573730469,174
14,64,18,-7.45873404,0.00568456575,175.914917,0.00567626953,176
14,64,19,-7.47316122,0.00562800281,177.682922,0.00561523438,178
14,64,20,-7.48758841,0.00557200238,179.468704,0.0055847168,179
14,64,21,-7.50201559,0.00551655889,181.272415,0.00552368164,181
14,64,22,-7.51644278,0.0054616672,183.094269,0.00546264648,183
14,64,23,-7.53086996,0.0054073222,184.934418,0.00540161133,185
14,64,24,-7.54529715,0.00535351736,186.793076,0.00534057617,187
14,64,25,-14.7587719,3.60717277e-05,27722.543,3.60012054e-05,27776
14,64,26,-14.7731991,3.5712801e-05,28001.1621,3.57627869e-05,28032
14,64,27,-14.7876263,3.53574469e-05,28282.584,3.52859497e-05,28288
14,64,28,-14.8020535,3.50056289e-05,28566.834,3.50475311e-05,28544
14,64,29,-22.0155296,2.35865912e-07,4239697,2.35624611e-07,4227072
14,64,30,-22.0299568,2.33518975e-07,4282307.5,2.33761966e-07,4292608
14,64,31,-22.044384,2.31195386e-07,4325346,2.30967999e-07,4325376
14,64,32,-22.0588112,2.28894919e-07,4368817,2.29105353e-07,4358144
14,64,33,-22.0732384,2.26617331e-07,4412725,2.26311386e-07,4423680
14,64,34,-22.0876656,2.24362424e-07,4457074.5,2.2444874e-07,4456448
14,64,35,-22.1020927,2.22129927e-07,4501869.5,2.22586095e-07,4489216
14,64,36,-22.1165199,2.1991967e-07,4547115,2.19792128e-07,4554752
14,64,37,-22.1309471,2.17731397e-07,4592814.5,2.17929482e-07,4587520
14,64,38,-22.1453743,2.15564896e-07,4638974,2.15135515e-07,4653056
14,64,39,-22.1598015,2.13419966e-07,4685597,2.1327287e-07,4685824
14,64,40,-22.1742287,2.11296353e-07,4732689,2.11410224e-07,4718592
14,64,41,-22.1886559,2.09193885e-07,4780254,2.09547579e-07,4784128
14,64,42,-29.4021301,1.40953826e-09,709452160,1.41153578e-09,708837376
14,64,43,-29.4165573,1.39551293e-09,716582400,1.39698386e-09,717225984
14,64,44,-29.4309845,1.38162704e-09,723784320,1.38243195e-09,725614592
14,64,45,-29.4454117,1.36787948e-09,731058560,1.36788003e-09,729808896
14,64,46,-29.4598389,1.35426859e-09,738405952,1.35332812e-09,738197504
14,64,47,-29.4742661,1.34079325e-09,745827136,1.3387762e-09,746586112
14,64,48,-29.4886932,1.32745193e-09,753322944,1.32422429e-09,754974720
14,64,49,-29.5031204,1.31424327e-09,760894080,1.31694833e-09,759169024
14,64,50,-29.5175476,1.30116606e-09,768541376,1.30239641e-09,767557632
14,64,51,-29.5319748,1.28821909e-09,776265472,1.2878445e-09,775946240
14,64,52,-29.546402,1.2754009e-09,784067200,1.27329258e-09,784334848
14,64,53,-29.5608292,1.26271027e-09,791947328,1.26601662e-09,792723456
14,64,54,-29.5752563,1.25014588e-09,799906624,1.25146471e-09,801112064
14,64,55,-36.7887306,8.42342255e-12,1.18716596e+11,8.41282599e-12,1.18648472e+11
14,64,56,-36.8031578,8.33960592e-12,1.19909736e+11,8.35598257e-12,1.19722213e+11
14,64,57,-36.817585,8.25662455e-12,1.2111487e+11,8.24229573e-12,1.21332826e+11
14,64,58,-36.8320122,8.17446805e-12,1.22332111e+11,8.18545232e-12,1.22406568e+11
14,64,59,-36.8464394,8.09312947e-12,1.23561591e+11,8.07176548e-12,1.2348031e+11
14,64,60,-36.8608665,8.01260013e-12,1.24803424e+11,8.01492206e-12,1.24554052e+11
14,64,61,-36.8752937,7.93287224e-12,1.26057742e+11,7.95807864e-12,1.26164664e+11
14,64,62,-36.8897209,7.85393799e-12,1.27324668e+11,7.8443918e-12,1.27238406e+11
14,64,63,-36.9041481,7.77578869e-12,1.28604316e+11,7.78754838e-12,1.28849019e+11
14,64,64,-36.9185753,7.69841656e-12,1.29896833e+11,7.67386155e-12,1.29922761e+11
