case,stage,metric,unit,value
h96_n1,k1,c2clink__enabled_mask,,0
h96_n1,k1,c2clink__present,,0
h96_n1,k1,derived__local_spilling_requests,,0
h96_n1,k1,derived__local_spilling_requests_pct,%,no data
h96_n1,k1,device__attribute_architecture,,416
h96_n1,k1,device__attribute_async_engine_count,,4
h96_n1,k1,device__attribute_can_flush_remote_writes,,0
h96_n1,k1,device__attribute_can_map_host_memory,,1
h96_n1,k1,device__attribute_can_tex2d_gather,,1
h96_n1,k1,device__attribute_can_use_64_bit_stream_mem_ops,,1
h96_n1,k1,device__attribute_can_use_64_bit_stream_mem_ops_v1,,0
h96_n1,k1,device__attribute_can_use_host_pointer_for_registered_mem,,1
h96_n1,k1,device__attribute_can_use_stream_mem_ops_v1,,0
h96_n1,k1,device__attribute_can_use_stream_wait_value_nor,,1
h96_n1,k1,device__attribute_can_use_stream_wait_value_nor_v1,,0
h96_n1,k1,device__attribute_chip,,419
h96_n1,k1,device__attribute_clock_rate,,2032000
h96_n1,k1,device__attribute_cluster_launch,,1
h96_n1,k1,device__attribute_compute_capability_major,,10
h96_n1,k1,device__attribute_compute_capability_minor,,3
h96_n1,k1,device__attribute_compute_mode,,0
h96_n1,k1,device__attribute_compute_preemption_supported,,1
h96_n1,k1,device__attribute_concurrent_kernels,,1
h96_n1,k1,device__attribute_concurrent_managed_access,,1
h96_n1,k1,device__attribute_confidential_computing_mode,,No-CC
h96_n1,k1,device__attribute_cooperative_launch,,1
h96_n1,k1,device__attribute_cooperative_multi_device_launch,,1
h96_n1,k1,device__attribute_deferred_mapping_cuda_array_supported,,1
h96_n1,k1,device__attribute_device_index,,0
h96_n1,k1,device__attribute_direct_managed_mem_access_from_host,,0
h96_n1,k1,device__attribute_display_name,,NVIDIA B300 SXM6 AC
h96_n1,k1,device__attribute_dma_buf_supported,,1
h96_n1,k1,device__attribute_ecc_enabled,,1
h96_n1,k1,device__attribute_fb_bus_width,,7680
h96_n1,k1,device__attribute_fbp_count,,16
h96_n1,k1,device__attribute_generic_compression_supported,,1
h96_n1,k1,device__attribute_global_l1_cache_supported,,1
h96_n1,k1,device__attribute_global_memory_bus_width,,7680
h96_n1,k1,device__attribute_gpu_direct_rdma_flush_writes_options,,1
h96_n1,k1,device__attribute_gpu_direct_rdma_supported,,1
h96_n1,k1,device__attribute_gpu_direct_rdma_with_cuda_vmm_supported,,1
h96_n1,k1,device__attribute_gpu_direct_rdma_writes_ordering,,100
h96_n1,k1,device__attribute_gpu_overlap,,1
h96_n1,k1,device__attribute_gpu_pci_device_id,,830607582
h96_n1,k1,device__attribute_gpu_pci_ext_device_id,,12674
h96_n1,k1,device__attribute_gpu_pci_ext_downstream_link_rate,,16000
h96_n1,k1,device__attribute_gpu_pci_ext_downstream_link_width,,32
h96_n1,k1,device__attribute_gpu_pci_ext_gen,,5
h96_n1,k1,device__attribute_gpu_pci_ext_gpu_gen,,5
h96_n1,k1,device__attribute_gpu_pci_ext_gpu_link_rate,,64000
h96_n1,k1,device__attribute_gpu_pci_ext_gpu_link_width,,16
h96_n1,k1,device__attribute_gpu_pci_revision_id,,161
h96_n1,k1,device__attribute_gpu_pci_sub_system_id,,551948510
h96_n1,k1,device__attribute_handle_type_fabric_supported,,1
h96_n1,k1,device__attribute_handle_type_posix_file_descriptor_supported,,1
h96_n1,k1,device__attribute_handle_type_win32_handle_supported,,0
h96_n1,k1,device__attribute_handle_type_win32_kmt_handle_supported,,0
h96_n1,k1,device__attribute_host_native_atomic_supported,,0
h96_n1,k1,device__attribute_host_numa_id,,0
h96_n1,k1,device__attribute_host_register_supported,,1
h96_n1,k1,device__attribute_implementation,,419
h96_n1,k1,device__attribute_integrated,,0
h96_n1,k1,device__attribute_ipc_event_supported,,1
h96_n1,k1,device__attribute_kernel_exec_timeout,,0
h96_n1,k1,device__attribute_l2_cache_size,,132644864
h96_n1,k1,device__attribute_l2s_count,,192
h96_n1,k1,device__attribute_limits_max_cta_per_sm,,32
h96_n1,k1,device__attribute_limits_num_tpcs,,74
h96_n1,k1,device__attribute_local_l1_cache_supported,,1
h96_n1,k1,device__attribute_managed_memory,,1
h96_n1,k1,device__attribute_max_access_policy_window_size,,134217728
h96_n1,k1,device__attribute_max_block_dim_x,,1024
h96_n1,k1,device__attribute_max_block_dim_y,,1024
h96_n1,k1,device__attribute_max_block_dim_z,,64
h96_n1,k1,device__attribute_max_blocks_per_multiprocessor,,32
h96_n1,k1,device__attribute_max_gpu_frequency_khz,,2032000
h96_n1,k1,device__attribute_max_grid_dim_x,,2147483647
h96_n1,k1,device__attribute_max_grid_dim_y,,65535
h96_n1,k1,device__attribute_max_grid_dim_z,,65535
h96_n1,k1,device__attribute_max_ipc_per_multiprocessor,,4
h96_n1,k1,device__attribute_max_ipc_per_scheduler,,1
h96_n1,k1,device__attribute_max_mem_frequency_khz,,3996000
h96_n1,k1,device__attribute_max_persisting_l2_cache_size,,82903040
h96_n1,k1,device__attribute_max_pitch,,2147483647
h96_n1,k1,device__attribute_max_registers_per_block,,65536
h96_n1,k1,device__attribute_max_registers_per_multiprocessor,,65536
h96_n1,k1,device__attribute_max_registers_per_thread,,255
h96_n1,k1,device__attribute_max_shared_memory_per_block,,49152
h96_n1,k1,device__attribute_max_shared_memory_per_block_optin,,232448
h96_n1,k1,device__attribute_max_shared_memory_per_multiprocessor,,233472
h96_n1,k1,device__attribute_max_threads_per_block,,1024
h96_n1,k1,device__attribute_max_threads_per_multiprocessor,,2048
h96_n1,k1,device__attribute_max_warps_per_multiprocessor,,64
h96_n1,k1,device__attribute_max_warps_per_scheduler,,16
h96_n1,k1,device__attribute_maximum_surface1d_layered_layers,,2048
h96_n1,k1,device__attribute_maximum_surface1d_layered_width,,32768
h96_n1,k1,device__attribute_maximum_surface1d_width,,32768
h96_n1,k1,device__attribute_maximum_surface2d_height,,65536
h96_n1,k1,device__attribute_maximum_surface2d_layered_height,,32768
h96_n1,k1,device__attribute_maximum_surface2d_layered_layers,,2048
h96_n1,k1,device__attribute_maximum_surface2d_layered_width,,32768
h96_n1,k1,device__attribute_maximum_surface2d_width,,131072
h96_n1,k1,device__attribute_maximum_surface3d_depth,,16384
h96_n1,k1,device__attribute_maximum_surface3d_height,,16384
h96_n1,k1,device__attribute_maximum_surface3d_width,,16384
h96_n1,k1,device__attribute_maximum_surfacecubemap_layered_layers,,2046
h96_n1,k1,device__attribute_maximum_surfacecubemap_layered_width,,32768
h96_n1,k1,device__attribute_maximum_surfacecubemap_width,,32768
h96_n1,k1,device__attribute_maximum_texture1d_layered_layers,,2048
h96_n1,k1,device__attribute_maximum_texture1d_layered_width,,32768
h96_n1,k1,device__attribute_maximum_texture1d_linear_width,,268435456
h96_n1,k1,device__attribute_maximum_texture1d_mipmapped_width,,32768
h96_n1,k1,device__attribute_maximum_texture1d_width,,131072
h96_n1,k1,device__attribute_maximum_texture2d_gather_height,,32768
h96_n1,k1,device__attribute_maximum_texture2d_gather_width,,32768
h96_n1,k1,device__attribute_maximum_texture2d_height,,65536
h96_n1,k1,device__attribute_maximum_texture2d_layered_height,,32768
h96_n1,k1,device__attribute_maximum_texture2d_layered_layers,,2048
h96_n1,k1,device__attribute_maximum_texture2d_layered_width,,32768
h96_n1,k1,device__attribute_maximum_texture2d_linear_height,,65000
h96_n1,k1,device__attribute_maximum_texture2d_linear_pitch,,2097120
h96_n1,k1,device__attribute_maximum_texture2d_linear_width,,131072
h96_n1,k1,device__attribute_maximum_texture2d_mipmapped_height,,32768
h96_n1,k1,device__attribute_maximum_texture2d_mipmapped_width,,32768
h96_n1,k1,device__attribute_maximum_texture2d_width,,131072
h96_n1,k1,device__attribute_maximum_texture3d_depth,,16384
h96_n1,k1,device__attribute_maximum_texture3d_depth_alternate,,32768
h96_n1,k1,device__attribute_maximum_texture3d_height,,16384
h96_n1,k1,device__attribute_maximum_texture3d_height_alternate,,8192
h96_n1,k1,device__attribute_maximum_texture3d_width,,16384
h96_n1,k1,device__attribute_maximum_texture3d_width_alternate,,8192
h96_n1,k1,device__attribute_maximum_texturecubemap_layered_layers,,2046
h96_n1,k1,device__attribute_maximum_texturecubemap_layered_width,,32768
h96_n1,k1,device__attribute_maximum_texturecubemap_width,,32768
h96_n1,k1,device__attribute_mem_sync_domain_count,,4
h96_n1,k1,device__attribute_memory_clock_rate,,3996000
h96_n1,k1,device__attribute_memory_pools_supported,,1
h96_n1,k1,device__attribute_mempool_supported_handle_types,,9
h96_n1,k1,device__attribute_mps_enabled,,0
h96_n1,k1,device__attribute_multi_gpu_board,,0
h96_n1,k1,device__attribute_multi_gpu_board_group_id,,0
h96_n1,k1,device__attribute_multicast_supported,,1
h96_n1,k1,device__attribute_multiprocessor_count,,148
h96_n1,k1,device__attribute_num_l2s_per_fbp,,12
h96_n1,k1,device__attribute_num_schedulers_per_multiprocessor,,4
h96_n1,k1,device__attribute_num_tex_per_multiprocessor,,1
h96_n1,k1,device__attribute_numa_config,,0
h96_n1,k1,device__attribute_pageable_memory_access,,1
h96_n1,k1,device__attribute_pageable_memory_access_uses_host_page_tables,,0
h96_n1,k1,device__attribute_pci_bus_id,,6
h96_n1,k1,device__attribute_pci_device_id,,0
h96_n1,k1,device__attribute_pci_domain_id,,0
h96_n1,k1,device__attribute_ram_location,,1
h96_n1,k1,device__attribute_ram_type,,0
h96_n1,k1,device__attribute_reserved_shared_memory_per_block,,1024
h96_n1,k1,device__attribute_sass_level,,10
h96_n1,k1,device__attribute_single_to_double_precision_perf_ratio,,64
h96_n1,k1,device__attribute_sparse_cuda_array_supported,,1
h96_n1,k1,device__attribute_stream_priorities_supported,,1
h96_n1,k1,device__attribute_surface_alignment,,512
h96_n1,k1,device__attribute_tcc_driver,,0
h96_n1,k1,device__attribute_tensor_map_access_supported,,1
h96_n1,k1,device__attribute_texture_alignment,,512
h96_n1,k1,device__attribute_texture_pitch_alignment,,32
h96_n1,k1,device__attribute_total_constant_memory,,65536
h96_n1,k1,device__attribute_total_memory,,287428640768
h96_n1,k1,device__attribute_unified_addressing,,1
h96_n1,k1,device__attribute_unified_function_pointers,,1
h96_n1,k1,device__attribute_virtual_address_management_supported,,1
h96_n1,k1,device__attribute_warp_size,,32
h96_n1,k1,dram__bytes.avg.per_second,byte/s,41904991304.35
h96_n1,k1,dram__bytes.max.per_second,byte/s,44774400000
h96_n1,k1,dram__bytes.min.per_second,byte/s,22064417391.30
h96_n1,k1,dram__bytes.sum.per_second,byte/s,2681919443478.26
h96_n1,k1,gpc__cycles_elapsed.avg.per_second,hz,1076205434.78
h96_n1,k1,gpc__cycles_elapsed.max.per_second,hz,1093443478.26
h96_n1,k1,gpc__cycles_elapsed.min.per_second,hz,1056847826.09
h96_n1,k1,gpc__cycles_elapsed.sum.per_second,hz,8609643478.26
h96_n1,k1,gpu__compute_memory_access_throughput.avg.pct_of_peak_sustained_elapsed,%,71.32
h96_n1,k1,gpu__compute_memory_access_throughput.max.pct_of_peak_sustained_elapsed,%,73.60
h96_n1,k1,gpu__compute_memory_access_throughput.min.pct_of_peak_sustained_elapsed,%,68.83
h96_n1,k1,gpu__compute_memory_access_throughput.sum.pct_of_peak_sustained_elapsed,%,71.32
h96_n1,k1,gpu__compute_memory_request_throughput.avg.pct_of_peak_sustained_elapsed,%,60.24
h96_n1,k1,gpu__compute_memory_request_throughput.max.pct_of_peak_sustained_elapsed,%,61.67
h96_n1,k1,gpu__compute_memory_request_throughput.min.pct_of_peak_sustained_elapsed,%,58.57
h96_n1,k1,gpu__compute_memory_request_throughput.sum.pct_of_peak_sustained_elapsed,%,60.24
h96_n1,k1,gpu__time_duration.avg,ns,460000
h96_n1,k1,gpu__time_duration.max,ns,460000
h96_n1,k1,gpu__time_duration.min,ns,460000
h96_n1,k1,gpu__time_duration.sum,ns,460000
h96_n1,k1,idc__request_cycles_active.avg.pct_of_peak_sustained_elapsed,%,4.44
h96_n1,k1,idc__request_cycles_active.max.pct_of_peak_sustained_elapsed,%,4.55
h96_n1,k1,idc__request_cycles_active.min.pct_of_peak_sustained_elapsed,%,4.32
h96_n1,k1,idc__request_cycles_active.sum.pct_of_peak_sustained_elapsed,%,4.44
h96_n1,k1,l1tex__data_bank_conflicts_pipe_lsu_mem_shared_op_ld.avg,,34372.34
h96_n1,k1,l1tex__data_bank_conflicts_pipe_lsu_mem_shared_op_ld.max,,37159
h96_n1,k1,l1tex__data_bank_conflicts_pipe_lsu_mem_shared_op_ld.min,,31001
h96_n1,k1,l1tex__data_bank_conflicts_pipe_lsu_mem_shared_op_ld.sum,,5087106
h96_n1,k1,l1tex__data_bank_conflicts_pipe_lsu_mem_shared_op_st.avg,,11236.96
h96_n1,k1,l1tex__data_bank_conflicts_pipe_lsu_mem_shared_op_st.max,,12786
h96_n1,k1,l1tex__data_bank_conflicts_pipe_lsu_mem_shared_op_st.min,,9081
h96_n1,k1,l1tex__data_bank_conflicts_pipe_lsu_mem_shared_op_st.sum,,1663070
h96_n1,k1,l1tex__data_bank_reads.avg.pct_of_peak_sustained_elapsed,%,17.45
h96_n1,k1,l1tex__data_bank_reads.max.pct_of_peak_sustained_elapsed,%,17.86
h96_n1,k1,l1tex__data_bank_reads.min.pct_of_peak_sustained_elapsed,%,16.92
h96_n1,k1,l1tex__data_bank_reads.sum.pct_of_peak_sustained_elapsed,%,17.45
h96_n1,k1,l1tex__data_bank_writes.avg.pct_of_peak_sustained_elapsed,%,12.96
h96_n1,k1,l1tex__data_bank_writes.max.pct_of_peak_sustained_elapsed,%,13.26
h96_n1,k1,l1tex__data_bank_writes.min.pct_of_peak_sustained_elapsed,%,12.56
h96_n1,k1,l1tex__data_bank_writes.sum.pct_of_peak_sustained_elapsed,%,12.96
h96_n1,k1,l1tex__data_pipe_lsu_wavefronts.avg,,353609.21
h96_n1,k1,l1tex__data_pipe_lsu_wavefronts.avg.pct_of_peak_sustained_elapsed,%,71.32
h96_n1,k1,l1tex__data_pipe_lsu_wavefronts.max,,364942
h96_n1,k1,l1tex__data_pipe_lsu_wavefronts.max.pct_of_peak_sustained_elapsed,%,73.60
h96_n1,k1,l1tex__data_pipe_lsu_wavefronts.min,,341284
h96_n1,k1,l1tex__data_pipe_lsu_wavefronts.min.pct_of_peak_sustained_elapsed,%,68.83
h96_n1,k1,l1tex__data_pipe_lsu_wavefronts.sum,,52334163
h96_n1,k1,l1tex__data_pipe_lsu_wavefronts.sum.pct_of_peak_sustained_elapsed,%,71.32
h96_n1,k1,l1tex__data_pipe_lsu_wavefronts_mem_shared.avg,,340465.66
h96_n1,k1,l1tex__data_pipe_lsu_wavefronts_mem_shared.max,,353817
h96_n1,k1,l1tex__data_pipe_lsu_wavefronts_mem_shared.min,,324939
h96_n1,k1,l1tex__data_pipe_lsu_wavefronts_mem_shared.sum,,50388918
h96_n1,k1,l1tex__data_pipe_lsu_wavefronts_mem_shared_op_ld.avg,,181828.34
h96_n1,k1,l1tex__data_pipe_lsu_wavefronts_mem_shared_op_ld.max,,187239
h96_n1,k1,l1tex__data_pipe_lsu_wavefronts_mem_shared_op_ld.min,,174413
h96_n1,k1,l1tex__data_pipe_lsu_wavefronts_mem_shared_op_ld.sum,,26910594
h96_n1,k1,l1tex__data_pipe_lsu_wavefronts_mem_shared_op_st.avg,,111489.06
h96_n1,k1,l1tex__data_pipe_lsu_wavefronts_mem_shared_op_st.max,,116271
h96_n1,k1,l1tex__data_pipe_lsu_wavefronts_mem_shared_op_st.min,,106819
h96_n1,k1,l1tex__data_pipe_lsu_wavefronts_mem_shared_op_st.sum,,16500381
h96_n1,k1,l1tex__data_pipe_tc_wavefronts.avg.pct_of_peak_sustained_elapsed,%,0
h96_n1,k1,l1tex__data_pipe_tc_wavefronts.max.pct_of_peak_sustained_elapsed,%,0
h96_n1,k1,l1tex__data_pipe_tc_wavefronts.min.pct_of_peak_sustained_elapsed,%,0
h96_n1,k1,l1tex__data_pipe_tc_wavefronts.sum.pct_of_peak_sustained_elapsed,%,0
h96_n1,k1,l1tex__data_pipe_tex_wavefronts.avg.pct_of_peak_sustained_elapsed,%,0
h96_n1,k1,l1tex__data_pipe_tex_wavefronts.max.pct_of_peak_sustained_elapsed,%,0
h96_n1,k1,l1tex__data_pipe_tex_wavefronts.min.pct_of_peak_sustained_elapsed,%,0
h96_n1,k1,l1tex__data_pipe_tex_wavefronts.sum.pct_of_peak_sustained_elapsed,%,0
h96_n1,k1,l1tex__f_wavefronts.avg.pct_of_peak_sustained_elapsed,%,0
h96_n1,k1,l1tex__f_wavefronts.max.pct_of_peak_sustained_elapsed,%,0
h96_n1,k1,l1tex__f_wavefronts.min.pct_of_peak_sustained_elapsed,%,0
h96_n1,k1,l1tex__f_wavefronts.sum.pct_of_peak_sustained_elapsed,%,0
h96_n1,k1,l1tex__lsu_writeback_active.avg.pct_of_peak_sustained_elapsed,%,36.17
h96_n1,k1,l1tex__lsu_writeback_active.max.pct_of_peak_sustained_elapsed,%,37.03
h96_n1,k1,l1tex__lsu_writeback_active.min.pct_of_peak_sustained_elapsed,%,35.18
h96_n1,k1,l1tex__lsu_writeback_active.sum.pct_of_peak_sustained_elapsed,%,36.17
h96_n1,k1,l1tex__lsuin_requests.avg.pct_of_peak_sustained_elapsed,%,42.33
h96_n1,k1,l1tex__lsuin_requests.max.pct_of_peak_sustained_elapsed,%,43.34
h96_n1,k1,l1tex__lsuin_requests.min.pct_of_peak_sustained_elapsed,%,41.04
h96_n1,k1,l1tex__lsuin_requests.sum.pct_of_peak_sustained_elapsed,%,42.33
h96_n1,k1,l1tex__m_l1tex2xbar_req_cycles_active.avg.pct_of_peak_sustained_elapsed,%,60.24
h96_n1,k1,l1tex__m_l1tex2xbar_req_cycles_active.max.pct_of_peak_sustained_elapsed,%,61.67
h96_n1,k1,l1tex__m_l1tex2xbar_req_cycles_active.min.pct_of_peak_sustained_elapsed,%,58.57
h96_n1,k1,l1tex__m_l1tex2xbar_req_cycles_active.sum.pct_of_peak_sustained_elapsed,%,60.24
h96_n1,k1,l1tex__m_xbar2l1tex_read_sectors.avg.pct_of_peak_sustained_elapsed,%,6.73
h96_n1,k1,l1tex__m_xbar2l1tex_read_sectors.max.pct_of_peak_sustained_elapsed,%,6.95
h96_n1,k1,l1tex__m_xbar2l1tex_read_sectors.min.pct_of_peak_sustained_elapsed,%,6.49
h96_n1,k1,l1tex__m_xbar2l1tex_read_sectors.sum.pct_of_peak_sustained_elapsed,%,6.73
h96_n1,k1,l1tex__m_xbar2l1tex_read_sectors_mem_dshared.avg.pct_of_peak_sustained_elapsed,%,0
h96_n1,k1,l1tex__m_xbar2l1tex_read_sectors_mem_dshared.max.pct_of_peak_sustained_elapsed,%,0
h96_n1,k1,l1tex__m_xbar2l1tex_read_sectors_mem_dshared.min.pct_of_peak_sustained_elapsed,%,0
h96_n1,k1,l1tex__m_xbar2l1tex_read_sectors_mem_dshared.sum.pct_of_peak_sustained_elapsed,%,0
h96_n1,k1,l1tex__t_sector_hit_rate.pct,%,99.55
h96_n1,k1,l1tex__tex_writeback_active.avg.pct_of_peak_sustained_elapsed,%,0
h96_n1,k1,l1tex__tex_writeback_active.max.pct_of_peak_sustained_elapsed,%,0
h96_n1,k1,l1tex__tex_writeback_active.min.pct_of_peak_sustained_elapsed,%,0
h96_n1,k1,l1tex__tex_writeback_active.sum.pct_of_peak_sustained_elapsed,%,0
h96_n1,k1,l1tex__texin_sm2tex_req_cycles_active.avg.pct_of_peak_sustained_elapsed,%,0.53
h96_n1,k1,l1tex__texin_sm2tex_req_cycles_active.max.pct_of_peak_sustained_elapsed,%,0.56
h96_n1,k1,l1tex__texin_sm2tex_req_cycles_active.min.pct_of_peak_sustained_elapsed,%,0.50
h96_n1,k1,l1tex__texin_sm2tex_req_cycles_active.sum.pct_of_peak_sustained_elapsed,%,0.53
h96_n1,k1,l1tex__tmain_requests.avg.pct_of_peak_sustained_elapsed,%,4.29
h96_n1,k1,l1tex__tmain_requests.max.pct_of_peak_sustained_elapsed,%,4.39
h96_n1,k1,l1tex__tmain_requests.min.pct_of_peak_sustained_elapsed,%,4.16
h96_n1,k1,l1tex__tmain_requests.sum.pct_of_peak_sustained_elapsed,%,4.29
h96_n1,k1,launch__barrier_count,,1
h96_n1,k1,launch__block_dim_x,block,256
h96_n1,k1,launch__block_dim_y,block,1
h96_n1,k1,launch__block_dim_z,block,1
h96_n1,k1,launch__block_size,,256
h96_n1,k1,launch__cluster_dim_x,,0
h96_n1,k1,launch__cluster_dim_y,,0
h96_n1,k1,launch__cluster_dim_z,,0
h96_n1,k1,launch__cluster_max_active,cluster,0
h96_n1,k1,launch__cluster_max_potential_size,block,8
h96_n1,k1,launch__cluster_scheduling_policy,,PolicySpread
h96_n1,k1,launch__cluster_size,,0
h96_n1,k1,launch__context_id,,1
h96_n1,k1,launch__device_id,,0
h96_n1,k1,launch__func_cache_config,,CachePreferNone
h96_n1,k1,launch__function_pcs,,1
h96_n1,k1,launch__grid_dim_x,,512
h96_n1,k1,launch__grid_dim_y,,96
h96_n1,k1,launch__grid_dim_z,,1
h96_n1,k1,launch__grid_size,,49152
h96_n1,k1,launch__occupancy_cluster_gpu_pct,%,0
h96_n1,k1,launch__occupancy_cluster_pct,%,0
h96_n1,k1,launch__occupancy_limit_barriers,block,32
h96_n1,k1,launch__occupancy_limit_blocks,block,32
h96_n1,k1,launch__occupancy_limit_registers,block,8
h96_n1,k1,launch__occupancy_limit_shared_mem,block,9
h96_n1,k1,launch__occupancy_limit_warps,block,8
h96_n1,k1,launch__occupancy_per_barrier_count,,1440
h96_n1,k1,launch__occupancy_per_block_size,,3339
h96_n1,k1,launch__occupancy_per_cluster_size,,0
h96_n1,k1,launch__occupancy_per_register_count,,5504
h96_n1,k1,launch__occupancy_per_shared_mem_size,,9072
h96_n1,k1,launch__persisting_l2_cache_size,byte,24870912
h96_n1,k1,launch__preferred_cluster_dim_x,,0
h96_n1,k1,launch__preferred_cluster_dim_y,,0
h96_n1,k1,launch__preferred_cluster_dim_z,,0
h96_n1,k1,launch__preferred_cluster_size,,0
h96_n1,k1,launch__registers_per_thread,register/thread,32
h96_n1,k1,launch__registers_per_thread_allocated,register/thread,32
h96_n1,k1,launch__shared_mem_config_size,byte,200704
h96_n1,k1,launch__shared_mem_per_block,byte/block,22272
h96_n1,k1,launch__shared_mem_per_block_allocated,byte/block,22272
h96_n1,k1,launch__shared_mem_per_block_driver,byte/block,1024
h96_n1,k1,launch__shared_mem_per_block_dynamic,byte/block,21248
h96_n1,k1,launch__shared_mem_per_block_static,byte/block,0
h96_n1,k1,launch__sm_count,SM,148
h96_n1,k1,launch__stack_size,,1024
h96_n1,k1,launch__stream_id,,7
h96_n1,k1,launch__thread_count,thread,12582912
h96_n1,k1,launch__tpc_count,,74
h96_n1,k1,launch__tpc_enabled,,all
h96_n1,k1,launch__uses_cdp,,0
h96_n1,k1,launch__uses_green_context,,0
h96_n1,k1,launch__uses_mps,,0
h96_n1,k1,launch__uses_nvlink_centric_scheduling,,0
h96_n1,k1,launch__uses_vgpu,,0
h96_n1,k1,launch__waves_per_multiprocessor,,41.51
h96_n1,k1,lrc__average_ilc_input_sector_success_rate.pct,%,0
h96_n1,k1,lrc__average_ilc_output_sector_compression_achieved_rate.pct,%,0
h96_n1,k1,lrc__ilc_input_sectors.sum,sector,788285
h96_n1,k1,lts__d_atomic_input_cycles_active.avg.pct_of_peak_sustained_elapsed,%,0
h96_n1,k1,lts__d_atomic_input_cycles_active.max.pct_of_peak_sustained_elapsed,%,0
h96_n1,k1,lts__d_atomic_input_cycles_active.min.pct_of_peak_sustained_elapsed,%,0
h96_n1,k1,lts__d_atomic_input_cycles_active.sum.pct_of_peak_sustained_elapsed,%,0
h96_n1,k1,lts__d_decomp_input_sectors.avg.pct_of_peak_sustained_elapsed,%,0
h96_n1,k1,lts__d_decomp_input_sectors.max.pct_of_peak_sustained_elapsed,%,0
h96_n1,k1,lts__d_decomp_input_sectors.min.pct_of_peak_sustained_elapsed,%,0
h96_n1,k1,lts__d_decomp_input_sectors.sum.pct_of_peak_sustained_elapsed,%,0
h96_n1,k1,lts__d_sectors.avg.pct_of_peak_sustained_elapsed,%,26.64
h96_n1,k1,lts__d_sectors.max.pct_of_peak_sustained_elapsed,%,27.97
h96_n1,k1,lts__d_sectors.min.pct_of_peak_sustained_elapsed,%,13.17
h96_n1,k1,lts__d_sectors.sum.pct_of_peak_sustained_elapsed,%,26.64
h96_n1,k1,lts__d_sectors_fill_device.avg.pct_of_peak_sustained_elapsed,%,14.46
h96_n1,k1,lts__d_sectors_fill_device.max.pct_of_peak_sustained_elapsed,%,14.79
h96_n1,k1,lts__d_sectors_fill_device.min.pct_of_peak_sustained_elapsed,%,7.39
h96_n1,k1,lts__d_sectors_fill_device.sum.pct_of_peak_sustained_elapsed,%,14.46
h96_n1,k1,lts__ltcfabric2lts_cycles_active.avg.pct_of_peak_sustained_elapsed,%,22.14
h96_n1,k1,lts__ltcfabric2lts_cycles_active.max.pct_of_peak_sustained_elapsed,%,23.47
h96_n1,k1,lts__ltcfabric2lts_cycles_active.min.pct_of_peak_sustained_elapsed,%,11.07
h96_n1,k1,lts__ltcfabric2lts_cycles_active.sum.pct_of_peak_sustained_elapsed,%,22.14
h96_n1,k1,lts__lts2xbar_cycles_active_realtime.avg.pct_of_peak_sustained_elapsed,%,7.45
h96_n1,k1,lts__lts2xbar_cycles_active_realtime.max.pct_of_peak_sustained_elapsed,%,8.27
h96_n1,k1,lts__lts2xbar_cycles_active_realtime.min.pct_of_peak_sustained_elapsed,%,3.46
h96_n1,k1,lts__lts2xbar_cycles_active_realtime.sum.pct_of_peak_sustained_elapsed,%,7.45
h96_n1,k1,lts__t_sector_hit_rate.pct,%,42.01
h96_n1,k1,lts__t_sectors.avg.pct_of_peak_sustained_elapsed,%,23.35
h96_n1,k1,lts__t_sectors.max.pct_of_peak_sustained_elapsed,%,24.56
h96_n1,k1,lts__t_sectors.min.pct_of_peak_sustained_elapsed,%,11.59
h96_n1,k1,lts__t_sectors.sum.pct_of_peak_sustained_elapsed,%,23.35
h96_n1,k1,lts__t_tag_requests.avg.pct_of_peak_sustained_elapsed,%,54.42
h96_n1,k1,lts__t_tag_requests.max.pct_of_peak_sustained_elapsed,%,58.60
h96_n1,k1,lts__t_tag_requests.min.pct_of_peak_sustained_elapsed,%,27.11
h96_n1,k1,lts__t_tag_requests.sum.pct_of_peak_sustained_elapsed,%,54.42
h96_n1,k1,lts__throughput_internal_activity.avg.pct_of_peak_sustained_elapsed,%,54.44
h96_n1,k1,lts__throughput_internal_activity.max.pct_of_peak_sustained_elapsed,%,57.09
h96_n1,k1,lts__throughput_internal_activity.min.pct_of_peak_sustained_elapsed,%,27.29
h96_n1,k1,lts__throughput_internal_activity.sum.pct_of_peak_sustained_elapsed,%,54.44
h96_n1,k1,lts__xbar2lts_cycles_active.avg.pct_of_peak_sustained_elapsed,%,35.58
h96_n1,k1,lts__xbar2lts_cycles_active.max.pct_of_peak_sustained_elapsed,%,38.82
h96_n1,k1,lts__xbar2lts_cycles_active.min.pct_of_peak_sustained_elapsed,%,16.91
h96_n1,k1,lts__xbar2lts_cycles_active.sum.pct_of_peak_sustained_elapsed,%,35.58
h96_n1,k1,numa__cpu_affinity,,1
h96_n1,k1,numa__dev_display_name_all,,1
h96_n1,k1,numa__id_cpu,,1
h96_n1,k1,numa__id_memory,,1
h96_n1,k1,nvlink__bandwidth,,0
h96_n1,k1,nvlink__count_logical,,0
h96_n1,k1,nvlink__count_physical,,0
h96_n1,k1,nvlink__destination_ports,,0
h96_n1,k1,nvlink__dev0Id,,0
h96_n1,k1,nvlink__dev0type,,0
h96_n1,k1,nvlink__dev1Id,,0
h96_n1,k1,nvlink__dev1type,,0
h96_n1,k1,nvlink__dev_display_name_all,,1
h96_n1,k1,nvlink__enabled_mask,,262143
h96_n1,k1,nvlink__is_direct_link,,0
h96_n1,k1,nvlink__is_nvswitch_connected,,0
h96_n1,k1,nvlink__max_count,,18
h96_n1,k1,nvlink__peer_access,,0
h96_n1,k1,nvlink__peer_atomic,,0
h96_n1,k1,nvlink__source_ports,,0
h96_n1,k1,nvlink__system_access,,0
h96_n1,k1,nvlink__system_atomic,,0
h96_n1,k1,profiler__perfworks_session_reuse,,0
h96_n1,k1,profiler__replayer_bytes_mem_accessible.avg,byte,1921438699
h96_n1,k1,profiler__replayer_bytes_mem_accessible.max,byte,1921438699
h96_n1,k1,profiler__replayer_bytes_mem_accessible.min,byte,1921438699
h96_n1,k1,profiler__replayer_bytes_mem_accessible.sum,byte,19214386990
h96_n1,k1,profiler__replayer_bytes_mem_backed_up.avg,byte,1921438699
h96_n1,k1,profiler__replayer_bytes_mem_backed_up.max,byte,1921438699
h96_n1,k1,profiler__replayer_bytes_mem_backed_up.min,byte,1921438699
h96_n1,k1,profiler__replayer_bytes_mem_backed_up.sum,byte,19214386990
h96_n1,k1,profiler__replayer_passes,pass,10
h96_n1,k1,profiler__replayer_passes_type_warmup,pass,0
h96_n1,k1,sass__inst_executed_per_opcode,,215728128
h96_n1,k1,sass__inst_executed_per_opcode_category,,215728128
h96_n1,k1,sass__inst_executed_per_opcode_with_modifier_all,,215728128
h96_n1,k1,sass__inst_executed_per_opcode_with_modifier_selective,,215728128
h96_n1,k1,sass__inst_executed_register_spilling,inst,0
h96_n1,k1,sass__inst_executed_register_spilling_mem_local,byte,no data
h96_n1,k1,sass__inst_executed_register_spilling_mem_shared,byte,no data
h96_n1,k1,sass__inst_executed_register_spilling_op_read,inst,0
h96_n1,k1,sass__inst_executed_register_spilling_op_write,inst,0
h96_n1,k1,sass__thread_inst_executed_per_opcode_category,,0
h96_n1,k1,sass__thread_inst_executed_true_per_opcode,,0
h96_n1,k1,sass__thread_inst_executed_true_per_opcode_with_modifier_all,,0
h96_n1,k1,sass__thread_inst_executed_true_per_opcode_with_modifier_selective,,0
h96_n1,k1,sm__inst_executed.avg.pct_of_peak_sustained_elapsed,%,73.51
h96_n1,k1,sm__inst_executed.max.pct_of_peak_sustained_elapsed,%,75.25
h96_n1,k1,sm__inst_executed.min.pct_of_peak_sustained_elapsed,%,71.28
h96_n1,k1,sm__inst_executed.sum.pct_of_peak_sustained_elapsed,%,73.51
h96_n1,k1,sm__inst_executed_pipe_adu.avg.pct_of_peak_sustained_elapsed,%,22.17
h96_n1,k1,sm__inst_executed_pipe_adu.max.pct_of_peak_sustained_elapsed,%,22.69
h96_n1,k1,sm__inst_executed_pipe_adu.min.pct_of_peak_sustained_elapsed,%,21.51
h96_n1,k1,sm__inst_executed_pipe_adu.sum.pct_of_peak_sustained_elapsed,%,22.17
h96_n1,k1,sm__inst_executed_pipe_cbu_pred_on_any.avg.pct_of_peak_sustained_elapsed,%,6.51
h96_n1,k1,sm__inst_executed_pipe_cbu_pred_on_any.max.pct_of_peak_sustained_elapsed,%,6.68
h96_n1,k1,sm__inst_executed_pipe_cbu_pred_on_any.min.pct_of_peak_sustained_elapsed,%,6.29
h96_n1,k1,sm__inst_executed_pipe_cbu_pred_on_any.sum.pct_of_peak_sustained_elapsed,%,6.51
h96_n1,k1,sm__inst_executed_pipe_ipa.avg.pct_of_peak_sustained_elapsed,%,0
h96_n1,k1,sm__inst_executed_pipe_ipa.max.pct_of_peak_sustained_elapsed,%,0
h96_n1,k1,sm__inst_executed_pipe_ipa.min.pct_of_peak_sustained_elapsed,%,0
h96_n1,k1,sm__inst_executed_pipe_ipa.sum.pct_of_peak_sustained_elapsed,%,0
h96_n1,k1,sm__inst_executed_pipe_lsu.avg.pct_of_peak_sustained_elapsed,%,42.33
h96_n1,k1,sm__inst_executed_pipe_lsu.max.pct_of_peak_sustained_elapsed,%,43.47
h96_n1,k1,sm__inst_executed_pipe_lsu.min.pct_of_peak_sustained_elapsed,%,40.92
h96_n1,k1,sm__inst_executed_pipe_lsu.sum.pct_of_peak_sustained_elapsed,%,42.33
h96_n1,k1,sm__inst_executed_pipe_tex.avg.pct_of_peak_sustained_elapsed,%,0
h96_n1,k1,sm__inst_executed_pipe_tex.max.pct_of_peak_sustained_elapsed,%,0
h96_n1,k1,sm__inst_executed_pipe_tex.min.pct_of_peak_sustained_elapsed,%,0
h96_n1,k1,sm__inst_executed_pipe_tex.sum.pct_of_peak_sustained_elapsed,%,0
h96_n1,k1,sm__inst_executed_pipe_uniform.avg.pct_of_peak_sustained_elapsed,%,3.35
h96_n1,k1,sm__inst_executed_pipe_uniform.max.pct_of_peak_sustained_elapsed,%,3.48
h96_n1,k1,sm__inst_executed_pipe_uniform.min.pct_of_peak_sustained_elapsed,%,3.23
h96_n1,k1,sm__inst_executed_pipe_uniform.sum.pct_of_peak_sustained_elapsed,%,3.35
h96_n1,k1,sm__instruction_throughput_internal_activity.avg.pct_of_peak_sustained_elapsed,%,0
h96_n1,k1,sm__instruction_throughput_internal_activity.max.pct_of_peak_sustained_elapsed,%,0
h96_n1,k1,sm__instruction_throughput_internal_activity.min.pct_of_peak_sustained_elapsed,%,0
h96_n1,k1,sm__instruction_throughput_internal_activity.sum.pct_of_peak_sustained_elapsed,%,0
h96_n1,k1,sm__issue_active.avg.pct_of_peak_sustained_elapsed,%,73.51
h96_n1,k1,sm__issue_active.max.pct_of_peak_sustained_elapsed,%,76.37
h96_n1,k1,sm__issue_active.min.pct_of_peak_sustained_elapsed,%,70.83
h96_n1,k1,sm__issue_active.sum.pct_of_peak_sustained_elapsed,%,73.51
h96_n1,k1,sm__maximum_warps_avg_per_active_cycle,warp,64
h96_n1,k1,sm__maximum_warps_per_active_cycle_pct,%,100
h96_n1,k1,sm__mem_tensor_cycles_active.avg.pct_of_peak_sustained_elapsed,%,0
h96_n1,k1,sm__mem_tensor_cycles_active.max.pct_of_peak_sustained_elapsed,%,0
h96_n1,k1,sm__mem_tensor_cycles_active.min.pct_of_peak_sustained_elapsed,%,0
h96_n1,k1,sm__mem_tensor_cycles_active.sum.pct_of_peak_sustained_elapsed,%,0
h96_n1,k1,sm__memory_throughput.avg.pct_of_peak_sustained_elapsed,%,42.33
h96_n1,k1,sm__memory_throughput.max.pct_of_peak_sustained_elapsed,%,43.47
h96_n1,k1,sm__memory_throughput.min.pct_of_peak_sustained_elapsed,%,40.92
h96_n1,k1,sm__memory_throughput.sum.pct_of_peak_sustained_elapsed,%,42.33
h96_n1,k1,sm__memory_throughput_internal_activity.avg.pct_of_peak_sustained_elapsed,%,6.03
h96_n1,k1,sm__memory_throughput_internal_activity.max.pct_of_peak_sustained_elapsed,%,6.21
h96_n1,k1,sm__memory_throughput_internal_activity.min.pct_of_peak_sustained_elapsed,%,5.77
h96_n1,k1,sm__memory_throughput_internal_activity.sum.pct_of_peak_sustained_elapsed,%,6.03
h96_n1,k1,sm__mio2rf_writeback_active.avg.pct_of_peak_sustained_elapsed,%,9.73
h96_n1,k1,sm__mio2rf_writeback_active.max.pct_of_peak_sustained_elapsed,%,9.96
h96_n1,k1,sm__mio2rf_writeback_active.min.pct_of_peak_sustained_elapsed,%,9.46
h96_n1,k1,sm__mio2rf_writeback_active.sum.pct_of_peak_sustained_elapsed,%,9.73
h96_n1,k1,sm__mio_inst_issued.avg.pct_of_peak_sustained_elapsed,%,28.85
h96_n1,k1,sm__mio_inst_issued.max.pct_of_peak_sustained_elapsed,%,29.67
h96_n1,k1,sm__mio_inst_issued.min.pct_of_peak_sustained_elapsed,%,27.85
h96_n1,k1,sm__mio_inst_issued.sum.pct_of_peak_sustained_elapsed,%,28.85
h96_n1,k1,sm__mio_pq_read_cycles_active.avg.pct_of_peak_sustained_elapsed,%,25.98
h96_n1,k1,sm__mio_pq_read_cycles_active.max.pct_of_peak_sustained_elapsed,%,26.69
h96_n1,k1,sm__mio_pq_read_cycles_active.min.pct_of_peak_sustained_elapsed,%,25.12
h96_n1,k1,sm__mio_pq_read_cycles_active.sum.pct_of_peak_sustained_elapsed,%,25.98
h96_n1,k1,sm__mio_pq_write_cycles_active.avg.pct_of_peak_sustained_elapsed,%,25.98
h96_n1,k1,sm__mio_pq_write_cycles_active.max.pct_of_peak_sustained_elapsed,%,26.71
h96_n1,k1,sm__mio_pq_write_cycles_active.min.pct_of_peak_sustained_elapsed,%,25.09
h96_n1,k1,sm__mio_pq_write_cycles_active.sum.pct_of_peak_sustained_elapsed,%,25.98
h96_n1,k1,sm__pipe_alu_cycles_active.avg.pct_of_peak_sustained_elapsed,%,42.27
h96_n1,k1,sm__pipe_alu_cycles_active.max.pct_of_peak_sustained_elapsed,%,43.65
h96_n1,k1,sm__pipe_alu_cycles_active.min.pct_of_peak_sustained_elapsed,%,40.72
h96_n1,k1,sm__pipe_alu_cycles_active.sum.pct_of_peak_sustained_elapsed,%,42.27
h96_n1,k1,sm__pipe_fma_cycles_active.avg.pct_of_peak_sustained_elapsed,%,27.33
h96_n1,k1,sm__pipe_fma_cycles_active.max.pct_of_peak_sustained_elapsed,%,27.98
h96_n1,k1,sm__pipe_fma_cycles_active.min.pct_of_peak_sustained_elapsed,%,26.58
h96_n1,k1,sm__pipe_fma_cycles_active.sum.pct_of_peak_sustained_elapsed,%,27.33
h96_n1,k1,sm__pipe_fmaheavy_cycles_active.avg.pct_of_peak_sustained_elapsed,%,26.87
h96_n1,k1,sm__pipe_fmaheavy_cycles_active.max.pct_of_peak_sustained_elapsed,%,27.55
h96_n1,k1,sm__pipe_fmaheavy_cycles_active.min.pct_of_peak_sustained_elapsed,%,26.08
h96_n1,k1,sm__pipe_fmaheavy_cycles_active.sum.pct_of_peak_sustained_elapsed,%,26.87
h96_n1,k1,sm__pipe_fp64_cycles_active.avg.pct_of_peak_sustained_elapsed,%,0
h96_n1,k1,sm__pipe_fp64_cycles_active.max.pct_of_peak_sustained_elapsed,%,0
h96_n1,k1,sm__pipe_fp64_cycles_active.min.pct_of_peak_sustained_elapsed,%,0
h96_n1,k1,sm__pipe_fp64_cycles_active.sum.pct_of_peak_sustained_elapsed,%,0
h96_n1,k1,sm__pipe_tc_cycles_active.avg.pct_of_peak_sustained_elapsed,%,0
h96_n1,k1,sm__pipe_tc_cycles_active.max.pct_of_peak_sustained_elapsed,%,0
h96_n1,k1,sm__pipe_tc_cycles_active.min.pct_of_peak_sustained_elapsed,%,0
h96_n1,k1,sm__pipe_tc_cycles_active.sum.pct_of_peak_sustained_elapsed,%,0
h96_n1,k1,sm__pipe_tensor_cycles_active.avg.pct_of_peak_sustained_elapsed,%,5.89
h96_n1,k1,sm__pipe_tensor_cycles_active.max.pct_of_peak_sustained_elapsed,%,6.11
h96_n1,k1,sm__pipe_tensor_cycles_active.min.pct_of_peak_sustained_elapsed,%,5.61
h96_n1,k1,sm__pipe_tensor_cycles_active.sum.pct_of_peak_sustained_elapsed,%,5.89
h96_n1,k1,sm__pipe_tma_cycles_active.avg.pct_of_peak_sustained_elapsed,%,8.17
h96_n1,k1,sm__pipe_tma_cycles_active.max.pct_of_peak_sustained_elapsed,%,8.39
h96_n1,k1,sm__pipe_tma_cycles_active.min.pct_of_peak_sustained_elapsed,%,7.89
h96_n1,k1,sm__pipe_tma_cycles_active.sum.pct_of_peak_sustained_elapsed,%,8.17
h96_n1,k1,sm__pipe_xu_cycles_active.avg.pct_of_peak_sustained_elapsed,%,27.60
h96_n1,k1,sm__pipe_xu_cycles_active.max.pct_of_peak_sustained_elapsed,%,28.58
h96_n1,k1,sm__pipe_xu_cycles_active.min.pct_of_peak_sustained_elapsed,%,26.26
h96_n1,k1,sm__pipe_xu_cycles_active.sum.pct_of_peak_sustained_elapsed,%,27.60
h96_n1,k1,smsp__maximum_warps_avg_per_active_cycle,warp,16
h96_n1,k2,c2clink__enabled_mask,,0
h96_n1,k2,c2clink__present,,0
h96_n1,k2,derived__local_spilling_requests,,0
h96_n1,k2,derived__local_spilling_requests_pct,%,no data
h96_n1,k2,device__attribute_architecture,,416
h96_n1,k2,device__attribute_async_engine_count,,4
h96_n1,k2,device__attribute_can_flush_remote_writes,,0
h96_n1,k2,device__attribute_can_map_host_memory,,1
h96_n1,k2,device__attribute_can_tex2d_gather,,1
h96_n1,k2,device__attribute_can_use_64_bit_stream_mem_ops,,1
h96_n1,k2,device__attribute_can_use_64_bit_stream_mem_ops_v1,,0
h96_n1,k2,device__attribute_can_use_host_pointer_for_registered_mem,,1
h96_n1,k2,device__attribute_can_use_stream_mem_ops_v1,,0
h96_n1,k2,device__attribute_can_use_stream_wait_value_nor,,1
h96_n1,k2,device__attribute_can_use_stream_wait_value_nor_v1,,0
h96_n1,k2,device__attribute_chip,,419
h96_n1,k2,device__attribute_clock_rate,,2032000
h96_n1,k2,device__attribute_cluster_launch,,1
h96_n1,k2,device__attribute_compute_capability_major,,10
h96_n1,k2,device__attribute_compute_capability_minor,,3
h96_n1,k2,device__attribute_compute_mode,,0
h96_n1,k2,device__attribute_compute_preemption_supported,,1
h96_n1,k2,device__attribute_concurrent_kernels,,1
h96_n1,k2,device__attribute_concurrent_managed_access,,1
h96_n1,k2,device__attribute_confidential_computing_mode,,No-CC
h96_n1,k2,device__attribute_cooperative_launch,,1
h96_n1,k2,device__attribute_cooperative_multi_device_launch,,1
h96_n1,k2,device__attribute_deferred_mapping_cuda_array_supported,,1
h96_n1,k2,device__attribute_device_index,,0
h96_n1,k2,device__attribute_direct_managed_mem_access_from_host,,0
h96_n1,k2,device__attribute_display_name,,NVIDIA B300 SXM6 AC
h96_n1,k2,device__attribute_dma_buf_supported,,1
h96_n1,k2,device__attribute_ecc_enabled,,1
h96_n1,k2,device__attribute_fb_bus_width,,7680
h96_n1,k2,device__attribute_fbp_count,,16
h96_n1,k2,device__attribute_generic_compression_supported,,1
h96_n1,k2,device__attribute_global_l1_cache_supported,,1
h96_n1,k2,device__attribute_global_memory_bus_width,,7680
h96_n1,k2,device__attribute_gpu_direct_rdma_flush_writes_options,,1
h96_n1,k2,device__attribute_gpu_direct_rdma_supported,,1
h96_n1,k2,device__attribute_gpu_direct_rdma_with_cuda_vmm_supported,,1
h96_n1,k2,device__attribute_gpu_direct_rdma_writes_ordering,,100
h96_n1,k2,device__attribute_gpu_overlap,,1
h96_n1,k2,device__attribute_gpu_pci_device_id,,830607582
h96_n1,k2,device__attribute_gpu_pci_ext_device_id,,12674
h96_n1,k2,device__attribute_gpu_pci_ext_downstream_link_rate,,16000
h96_n1,k2,device__attribute_gpu_pci_ext_downstream_link_width,,32
h96_n1,k2,device__attribute_gpu_pci_ext_gen,,5
h96_n1,k2,device__attribute_gpu_pci_ext_gpu_gen,,5
h96_n1,k2,device__attribute_gpu_pci_ext_gpu_link_rate,,64000
h96_n1,k2,device__attribute_gpu_pci_ext_gpu_link_width,,16
h96_n1,k2,device__attribute_gpu_pci_revision_id,,161
h96_n1,k2,device__attribute_gpu_pci_sub_system_id,,551948510
h96_n1,k2,device__attribute_handle_type_fabric_supported,,1
h96_n1,k2,device__attribute_handle_type_posix_file_descriptor_supported,,1
h96_n1,k2,device__attribute_handle_type_win32_handle_supported,,0
h96_n1,k2,device__attribute_handle_type_win32_kmt_handle_supported,,0
h96_n1,k2,device__attribute_host_native_atomic_supported,,0
h96_n1,k2,device__attribute_host_numa_id,,0
h96_n1,k2,device__attribute_host_register_supported,,1
h96_n1,k2,device__attribute_implementation,,419
h96_n1,k2,device__attribute_integrated,,0
h96_n1,k2,device__attribute_ipc_event_supported,,1
h96_n1,k2,device__attribute_kernel_exec_timeout,,0
h96_n1,k2,device__attribute_l2_cache_size,,132644864
h96_n1,k2,device__attribute_l2s_count,,192
h96_n1,k2,device__attribute_limits_max_cta_per_sm,,32
h96_n1,k2,device__attribute_limits_num_tpcs,,74
h96_n1,k2,device__attribute_local_l1_cache_supported,,1
h96_n1,k2,device__attribute_managed_memory,,1
h96_n1,k2,device__attribute_max_access_policy_window_size,,134217728
h96_n1,k2,device__attribute_max_block_dim_x,,1024
h96_n1,k2,device__attribute_max_block_dim_y,,1024
h96_n1,k2,device__attribute_max_block_dim_z,,64
h96_n1,k2,device__attribute_max_blocks_per_multiprocessor,,32
h96_n1,k2,device__attribute_max_gpu_frequency_khz,,2032000
h96_n1,k2,device__attribute_max_grid_dim_x,,2147483647
h96_n1,k2,device__attribute_max_grid_dim_y,,65535
h96_n1,k2,device__attribute_max_grid_dim_z,,65535
h96_n1,k2,device__attribute_max_ipc_per_multiprocessor,,4
h96_n1,k2,device__attribute_max_ipc_per_scheduler,,1
h96_n1,k2,device__attribute_max_mem_frequency_khz,,3996000
h96_n1,k2,device__attribute_max_persisting_l2_cache_size,,82903040
h96_n1,k2,device__attribute_max_pitch,,2147483647
h96_n1,k2,device__attribute_max_registers_per_block,,65536
h96_n1,k2,device__attribute_max_registers_per_multiprocessor,,65536
h96_n1,k2,device__attribute_max_registers_per_thread,,255
h96_n1,k2,device__attribute_max_shared_memory_per_block,,49152
h96_n1,k2,device__attribute_max_shared_memory_per_block_optin,,232448
h96_n1,k2,device__attribute_max_shared_memory_per_multiprocessor,,233472
h96_n1,k2,device__attribute_max_threads_per_block,,1024
h96_n1,k2,device__attribute_max_threads_per_multiprocessor,,2048
h96_n1,k2,device__attribute_max_warps_per_multiprocessor,,64
h96_n1,k2,device__attribute_max_warps_per_scheduler,,16
h96_n1,k2,device__attribute_maximum_surface1d_layered_layers,,2048
h96_n1,k2,device__attribute_maximum_surface1d_layered_width,,32768
h96_n1,k2,device__attribute_maximum_surface1d_width,,32768
h96_n1,k2,device__attribute_maximum_surface2d_height,,65536
h96_n1,k2,device__attribute_maximum_surface2d_layered_height,,32768
h96_n1,k2,device__attribute_maximum_surface2d_layered_layers,,2048
h96_n1,k2,device__attribute_maximum_surface2d_layered_width,,32768
h96_n1,k2,device__attribute_maximum_surface2d_width,,131072
h96_n1,k2,device__attribute_maximum_surface3d_depth,,16384
h96_n1,k2,device__attribute_maximum_surface3d_height,,16384
h96_n1,k2,device__attribute_maximum_surface3d_width,,16384
h96_n1,k2,device__attribute_maximum_surfacecubemap_layered_layers,,2046
h96_n1,k2,device__attribute_maximum_surfacecubemap_layered_width,,32768
h96_n1,k2,device__attribute_maximum_surfacecubemap_width,,32768
h96_n1,k2,device__attribute_maximum_texture1d_layered_layers,,2048
h96_n1,k2,device__attribute_maximum_texture1d_layered_width,,32768
h96_n1,k2,device__attribute_maximum_texture1d_linear_width,,268435456
h96_n1,k2,device__attribute_maximum_texture1d_mipmapped_width,,32768
h96_n1,k2,device__attribute_maximum_texture1d_width,,131072
h96_n1,k2,device__attribute_maximum_texture2d_gather_height,,32768
h96_n1,k2,device__attribute_maximum_texture2d_gather_width,,32768
h96_n1,k2,device__attribute_maximum_texture2d_height,,65536
h96_n1,k2,device__attribute_maximum_texture2d_layered_height,,32768
h96_n1,k2,device__attribute_maximum_texture2d_layered_layers,,2048
h96_n1,k2,device__attribute_maximum_texture2d_layered_width,,32768
h96_n1,k2,device__attribute_maximum_texture2d_linear_height,,65000
h96_n1,k2,device__attribute_maximum_texture2d_linear_pitch,,2097120
h96_n1,k2,device__attribute_maximum_texture2d_linear_width,,131072
h96_n1,k2,device__attribute_maximum_texture2d_mipmapped_height,,32768
h96_n1,k2,device__attribute_maximum_texture2d_mipmapped_width,,32768
h96_n1,k2,device__attribute_maximum_texture2d_width,,131072
h96_n1,k2,device__attribute_maximum_texture3d_depth,,16384
h96_n1,k2,device__attribute_maximum_texture3d_depth_alternate,,32768
h96_n1,k2,device__attribute_maximum_texture3d_height,,16384
h96_n1,k2,device__attribute_maximum_texture3d_height_alternate,,8192
h96_n1,k2,device__attribute_maximum_texture3d_width,,16384
h96_n1,k2,device__attribute_maximum_texture3d_width_alternate,,8192
h96_n1,k2,device__attribute_maximum_texturecubemap_layered_layers,,2046
h96_n1,k2,device__attribute_maximum_texturecubemap_layered_width,,32768
h96_n1,k2,device__attribute_maximum_texturecubemap_width,,32768
h96_n1,k2,device__attribute_mem_sync_domain_count,,4
h96_n1,k2,device__attribute_memory_clock_rate,,3996000
h96_n1,k2,device__attribute_memory_pools_supported,,1
h96_n1,k2,device__attribute_mempool_supported_handle_types,,9
h96_n1,k2,device__attribute_mps_enabled,,0
h96_n1,k2,device__attribute_multi_gpu_board,,0
h96_n1,k2,device__attribute_multi_gpu_board_group_id,,0
h96_n1,k2,device__attribute_multicast_supported,,1
h96_n1,k2,device__attribute_multiprocessor_count,,148
h96_n1,k2,device__attribute_num_l2s_per_fbp,,12
h96_n1,k2,device__attribute_num_schedulers_per_multiprocessor,,4
h96_n1,k2,device__attribute_num_tex_per_multiprocessor,,1
h96_n1,k2,device__attribute_numa_config,,0
h96_n1,k2,device__attribute_pageable_memory_access,,1
h96_n1,k2,device__attribute_pageable_memory_access_uses_host_page_tables,,0
h96_n1,k2,device__attribute_pci_bus_id,,6
h96_n1,k2,device__attribute_pci_device_id,,0
h96_n1,k2,device__attribute_pci_domain_id,,0
h96_n1,k2,device__attribute_ram_location,,1
h96_n1,k2,device__attribute_ram_type,,0
h96_n1,k2,device__attribute_reserved_shared_memory_per_block,,1024
h96_n1,k2,device__attribute_sass_level,,10
h96_n1,k2,device__attribute_single_to_double_precision_perf_ratio,,64
h96_n1,k2,device__attribute_sparse_cuda_array_supported,,1
h96_n1,k2,device__attribute_stream_priorities_supported,,1
h96_n1,k2,device__attribute_surface_alignment,,512
h96_n1,k2,device__attribute_tcc_driver,,0
h96_n1,k2,device__attribute_tensor_map_access_supported,,1
h96_n1,k2,device__attribute_texture_alignment,,512
h96_n1,k2,device__attribute_texture_pitch_alignment,,32
h96_n1,k2,device__attribute_total_constant_memory,,65536
h96_n1,k2,device__attribute_total_memory,,287428640768
h96_n1,k2,device__attribute_unified_addressing,,1
h96_n1,k2,device__attribute_unified_function_pointers,,1
h96_n1,k2,device__attribute_virtual_address_management_supported,,1
h96_n1,k2,device__attribute_warp_size,,32
h96_n1,k2,dram__bytes.avg.per_second,byte/s,12992357320.10
h96_n1,k2,dram__bytes.max.per_second,byte/s,13880496277.92
h96_n1,k2,dram__bytes.min.per_second,byte/s,6883771712.16
h96_n1,k2,dram__bytes.sum.per_second,byte/s,831510868486.35
h96_n1,k2,gpc__cycles_elapsed.avg.per_second,hz,1090132405.40
h96_n1,k2,gpc__cycles_elapsed.max.per_second,hz,1094920130.27
h96_n1,k2,gpc__cycles_elapsed.min.per_second,hz,1085054280.40
h96_n1,k2,gpc__cycles_elapsed.sum.per_second,hz,8721059243.18
h96_n1,k2,gpu__compute_memory_access_throughput.avg.pct_of_peak_sustained_elapsed,%,38.02
h96_n1,k2,gpu__compute_memory_access_throughput.max.pct_of_peak_sustained_elapsed,%,59.31
h96_n1,k2,gpu__compute_memory_access_throughput.min.pct_of_peak_sustained_elapsed,%,9.60
h96_n1,k2,gpu__compute_memory_access_throughput.sum.pct_of_peak_sustained_elapsed,%,38.02
h96_n1,k2,gpu__compute_memory_request_throughput.avg.pct_of_peak_sustained_elapsed,%,25.84
h96_n1,k2,gpu__compute_memory_request_throughput.max.pct_of_peak_sustained_elapsed,%,39.83
h96_n1,k2,gpu__compute_memory_request_throughput.min.pct_of_peak_sustained_elapsed,%,10.77
h96_n1,k2,gpu__compute_memory_request_throughput.sum.pct_of_peak_sustained_elapsed,%,25.84
h96_n1,k2,gpu__time_duration.avg,ns,1289600
h96_n1,k2,gpu__time_duration.max,ns,1289600
h96_n1,k2,gpu__time_duration.min,ns,1289600
h96_n1,k2,gpu__time_duration.sum,ns,1289600
h96_n1,k2,idc__request_cycles_active.avg.pct_of_peak_sustained_elapsed,%,0.00
h96_n1,k2,idc__request_cycles_active.max.pct_of_peak_sustained_elapsed,%,0.00
h96_n1,k2,idc__request_cycles_active.min.pct_of_peak_sustained_elapsed,%,0
h96_n1,k2,idc__request_cycles_active.sum.pct_of_peak_sustained_elapsed,%,0.00
h96_n1,k2,l1tex__data_bank_conflicts_pipe_lsu_mem_shared_op_ld.avg,,20745.71
h96_n1,k2,l1tex__data_bank_conflicts_pipe_lsu_mem_shared_op_ld.max,,34243
h96_n1,k2,l1tex__data_bank_conflicts_pipe_lsu_mem_shared_op_ld.min,,0
h96_n1,k2,l1tex__data_bank_conflicts_pipe_lsu_mem_shared_op_ld.sum,,3070365
h96_n1,k2,l1tex__data_bank_conflicts_pipe_lsu_mem_shared_op_st.avg,,50701.82
h96_n1,k2,l1tex__data_bank_conflicts_pipe_lsu_mem_shared_op_st.max,,86352
h96_n1,k2,l1tex__data_bank_conflicts_pipe_lsu_mem_shared_op_st.min,,0
h96_n1,k2,l1tex__data_bank_conflicts_pipe_lsu_mem_shared_op_st.sum,,7503869
h96_n1,k2,l1tex__data_bank_reads.avg.pct_of_peak_sustained_elapsed,%,11.86
h96_n1,k2,l1tex__data_bank_reads.max.pct_of_peak_sustained_elapsed,%,18.28
h96_n1,k2,l1tex__data_bank_reads.min.pct_of_peak_sustained_elapsed,%,0
h96_n1,k2,l1tex__data_bank_reads.sum.pct_of_peak_sustained_elapsed,%,11.86
h96_n1,k2,l1tex__data_bank_writes.avg.pct_of_peak_sustained_elapsed,%,5.04
h96_n1,k2,l1tex__data_bank_writes.max.pct_of_peak_sustained_elapsed,%,7.77
h96_n1,k2,l1tex__data_bank_writes.min.pct_of_peak_sustained_elapsed,%,0
h96_n1,k2,l1tex__data_bank_writes.sum.pct_of_peak_sustained_elapsed,%,5.04
h96_n1,k2,l1tex__data_pipe_lsu_wavefronts.avg,,537607.51
h96_n1,k2,l1tex__data_pipe_lsu_wavefronts.avg.pct_of_peak_sustained_elapsed,%,38.02
h96_n1,k2,l1tex__data_pipe_lsu_wavefronts.max,,838690
h96_n1,k2,l1tex__data_pipe_lsu_wavefronts.max.pct_of_peak_sustained_elapsed,%,59.31
h96_n1,k2,l1tex__data_pipe_lsu_wavefronts.min,,0
h96_n1,k2,l1tex__data_pipe_lsu_wavefronts.min.pct_of_peak_sustained_elapsed,%,0
h96_n1,k2,l1tex__data_pipe_lsu_wavefronts.sum,,79565911
h96_n1,k2,l1tex__data_pipe_lsu_wavefronts.sum.pct_of_peak_sustained_elapsed,%,38.02
h96_n1,k2,l1tex__data_pipe_lsu_wavefronts_mem_shared.avg,,535555.18
h96_n1,k2,l1tex__data_pipe_lsu_wavefronts_mem_shared.max,,835613
h96_n1,k2,l1tex__data_pipe_lsu_wavefronts_mem_shared.min,,0
h96_n1,k2,l1tex__data_pipe_lsu_wavefronts_mem_shared.sum,,79262167
h96_n1,k2,l1tex__data_pipe_lsu_wavefronts_mem_shared_op_ld.avg,,363481.28
h96_n1,k2,l1tex__data_pipe_lsu_wavefronts_mem_shared_op_ld.max,,562627
h96_n1,k2,l1tex__data_pipe_lsu_wavefronts_mem_shared_op_ld.min,,0
h96_n1,k2,l1tex__data_pipe_lsu_wavefronts_mem_shared_op_ld.sum,,53795229
h96_n1,k2,l1tex__data_pipe_lsu_wavefronts_mem_shared_op_st.avg,,146456.16
h96_n1,k2,l1tex__data_pipe_lsu_wavefronts_mem_shared_op_st.max,,233981
h96_n1,k2,l1tex__data_pipe_lsu_wavefronts_mem_shared_op_st.min,,0
h96_n1,k2,l1tex__data_pipe_lsu_wavefronts_mem_shared_op_st.sum,,21675512
h96_n1,k2,l1tex__data_pipe_tc_wavefronts.avg.pct_of_peak_sustained_elapsed,%,0
h96_n1,k2,l1tex__data_pipe_tc_wavefronts.max.pct_of_peak_sustained_elapsed,%,0
h96_n1,k2,l1tex__data_pipe_tc_wavefronts.min.pct_of_peak_sustained_elapsed,%,0
h96_n1,k2,l1tex__data_pipe_tc_wavefronts.sum.pct_of_peak_sustained_elapsed,%,0
h96_n1,k2,l1tex__data_pipe_tex_wavefronts.avg.pct_of_peak_sustained_elapsed,%,0
h96_n1,k2,l1tex__data_pipe_tex_wavefronts.max.pct_of_peak_sustained_elapsed,%,0
h96_n1,k2,l1tex__data_pipe_tex_wavefronts.min.pct_of_peak_sustained_elapsed,%,0
h96_n1,k2,l1tex__data_pipe_tex_wavefronts.sum.pct_of_peak_sustained_elapsed,%,0
h96_n1,k2,l1tex__f_wavefronts.avg.pct_of_peak_sustained_elapsed,%,0
h96_n1,k2,l1tex__f_wavefronts.max.pct_of_peak_sustained_elapsed,%,0
h96_n1,k2,l1tex__f_wavefronts.min.pct_of_peak_sustained_elapsed,%,0
h96_n1,k2,l1tex__f_wavefronts.sum.pct_of_peak_sustained_elapsed,%,0
h96_n1,k2,l1tex__lsu_writeback_active.avg.pct_of_peak_sustained_elapsed,%,25.84
h96_n1,k2,l1tex__lsu_writeback_active.max.pct_of_peak_sustained_elapsed,%,39.83
h96_n1,k2,l1tex__lsu_writeback_active.min.pct_of_peak_sustained_elapsed,%,0
h96_n1,k2,l1tex__lsu_writeback_active.sum.pct_of_peak_sustained_elapsed,%,25.84
h96_n1,k2,l1tex__lsuin_requests.avg.pct_of_peak_sustained_elapsed,%,10.81
h96_n1,k2,l1tex__lsuin_requests.max.pct_of_peak_sustained_elapsed,%,16.66
h96_n1,k2,l1tex__lsuin_requests.min.pct_of_peak_sustained_elapsed,%,0
h96_n1,k2,l1tex__lsuin_requests.sum.pct_of_peak_sustained_elapsed,%,10.81
h96_n1,k2,l1tex__m_l1tex2xbar_req_cycles_active.avg.pct_of_peak_sustained_elapsed,%,22.01
h96_n1,k2,l1tex__m_l1tex2xbar_req_cycles_active.max.pct_of_peak_sustained_elapsed,%,33.93
h96_n1,k2,l1tex__m_l1tex2xbar_req_cycles_active.min.pct_of_peak_sustained_elapsed,%,0.00
h96_n1,k2,l1tex__m_l1tex2xbar_req_cycles_active.sum.pct_of_peak_sustained_elapsed,%,22.01
h96_n1,k2,l1tex__m_xbar2l1tex_read_sectors.avg.pct_of_peak_sustained_elapsed,%,6.52
h96_n1,k2,l1tex__m_xbar2l1tex_read_sectors.max.pct_of_peak_sustained_elapsed,%,10.05
h96_n1,k2,l1tex__m_xbar2l1tex_read_sectors.min.pct_of_peak_sustained_elapsed,%,0
h96_n1,k2,l1tex__m_xbar2l1tex_read_sectors.sum.pct_of_peak_sustained_elapsed,%,6.52
h96_n1,k2,l1tex__m_xbar2l1tex_read_sectors_mem_dshared.avg.pct_of_peak_sustained_elapsed,%,0
h96_n1,k2,l1tex__m_xbar2l1tex_read_sectors_mem_dshared.max.pct_of_peak_sustained_elapsed,%,0
h96_n1,k2,l1tex__m_xbar2l1tex_read_sectors_mem_dshared.min.pct_of_peak_sustained_elapsed,%,0
h96_n1,k2,l1tex__m_xbar2l1tex_read_sectors_mem_dshared.sum.pct_of_peak_sustained_elapsed,%,0
h96_n1,k2,l1tex__t_sector_hit_rate.pct,%,0
h96_n1,k2,l1tex__tex_writeback_active.avg.pct_of_peak_sustained_elapsed,%,0
h96_n1,k2,l1tex__tex_writeback_active.max.pct_of_peak_sustained_elapsed,%,0
h96_n1,k2,l1tex__tex_writeback_active.min.pct_of_peak_sustained_elapsed,%,0
h96_n1,k2,l1tex__tex_writeback_active.sum.pct_of_peak_sustained_elapsed,%,0
h96_n1,k2,l1tex__texin_sm2tex_req_cycles_active.avg.pct_of_peak_sustained_elapsed,%,0.02
h96_n1,k2,l1tex__texin_sm2tex_req_cycles_active.max.pct_of_peak_sustained_elapsed,%,0.04
h96_n1,k2,l1tex__texin_sm2tex_req_cycles_active.min.pct_of_peak_sustained_elapsed,%,0.00
h96_n1,k2,l1tex__texin_sm2tex_req_cycles_active.sum.pct_of_peak_sustained_elapsed,%,0.02
h96_n1,k2,l1tex__tmain_requests.avg.pct_of_peak_sustained_elapsed,%,2.04
h96_n1,k2,l1tex__tmain_requests.max.pct_of_peak_sustained_elapsed,%,3.15
h96_n1,k2,l1tex__tmain_requests.min.pct_of_peak_sustained_elapsed,%,0
h96_n1,k2,l1tex__tmain_requests.sum.pct_of_peak_sustained_elapsed,%,2.04
h96_n1,k2,launch__barrier_count,,9
h96_n1,k2,launch__block_dim_x,block,192
h96_n1,k2,launch__block_dim_y,block,1
h96_n1,k2,launch__block_dim_z,block,1
h96_n1,k2,launch__block_size,,192
h96_n1,k2,launch__cluster_dim_x,,0
h96_n1,k2,launch__cluster_dim_y,,0
h96_n1,k2,launch__cluster_dim_z,,0
h96_n1,k2,launch__cluster_max_active,cluster,0
h96_n1,k2,launch__cluster_max_potential_size,block,8
h96_n1,k2,launch__cluster_scheduling_policy,,PolicySpread
h96_n1,k2,launch__cluster_size,,0
h96_n1,k2,launch__context_id,,1
h96_n1,k2,launch__device_id,,0
h96_n1,k2,launch__func_cache_config,,CachePreferNone
h96_n1,k2,launch__function_pcs,,1
h96_n1,k2,launch__grid_dim_x,,1
h96_n1,k2,launch__grid_dim_y,,96
h96_n1,k2,launch__grid_dim_z,,1
h96_n1,k2,launch__grid_size,,96
h96_n1,k2,launch__occupancy_cluster_gpu_pct,%,0
h96_n1,k2,launch__occupancy_cluster_pct,%,0
h96_n1,k2,launch__occupancy_limit_barriers,block,7
h96_n1,k2,launch__occupancy_limit_blocks,block,32
h96_n1,k2,launch__occupancy_limit_registers,block,4
h96_n1,k2,launch__occupancy_limit_shared_mem,block,2
h96_n1,k2,launch__occupancy_limit_warps,block,10
h96_n1,k2,launch__occupancy_per_barrier_count,,588
h96_n1,k2,launch__occupancy_per_block_size,,758
h96_n1,k2,launch__occupancy_per_cluster_size,,0
h96_n1,k2,launch__occupancy_per_register_count,,2556
h96_n1,k2,launch__occupancy_per_shared_mem_size,,5292
h96_n1,k2,launch__persisting_l2_cache_size,byte,24870912
h96_n1,k2,launch__preferred_cluster_dim_x,,0
h96_n1,k2,launch__preferred_cluster_dim_y,,0
h96_n1,k2,launch__preferred_cluster_dim_z,,0
h96_n1,k2,launch__preferred_cluster_size,,0
h96_n1,k2,launch__registers_per_thread,register/thread,73
h96_n1,k2,launch__registers_per_thread_allocated,register/thread,80
h96_n1,k2,launch__shared_mem_config_size,byte,200704
h96_n1,k2,launch__shared_mem_per_block,byte/block,99456
h96_n1,k2,launch__shared_mem_per_block_allocated,byte/block,99456
h96_n1,k2,launch__shared_mem_per_block_driver,byte/block,1024
h96_n1,k2,launch__shared_mem_per_block_dynamic,byte/block,98432
h96_n1,k2,launch__shared_mem_per_block_static,byte/block,0
h96_n1,k2,launch__sm_count,SM,148
h96_n1,k2,launch__stack_size,,1024
h96_n1,k2,launch__stream_id,,7
h96_n1,k2,launch__thread_count,thread,18432
h96_n1,k2,launch__tpc_count,,74
h96_n1,k2,launch__tpc_enabled,,all
h96_n1,k2,launch__uses_cdp,,0
h96_n1,k2,launch__uses_green_context,,0
h96_n1,k2,launch__uses_mps,,0
h96_n1,k2,launch__uses_nvlink_centric_scheduling,,0
h96_n1,k2,launch__uses_vgpu,,0
h96_n1,k2,launch__waves_per_multiprocessor,,0.32
h96_n1,k2,lrc__average_ilc_input_sector_success_rate.pct,%,0
h96_n1,k2,lrc__average_ilc_output_sector_compression_achieved_rate.pct,%,0
h96_n1,k2,lrc__ilc_input_sectors.sum,sector,2113
h96_n1,k2,lts__d_atomic_input_cycles_active.avg.pct_of_peak_sustained_elapsed,%,0
h96_n1,k2,lts__d_atomic_input_cycles_active.max.pct_of_peak_sustained_elapsed,%,0
h96_n1,k2,lts__d_atomic_input_cycles_active.min.pct_of_peak_sustained_elapsed,%,0
h96_n1,k2,lts__d_atomic_input_cycles_active.sum.pct_of_peak_sustained_elapsed,%,0
h96_n1,k2,lts__d_decomp_input_sectors.avg.pct_of_peak_sustained_elapsed,%,0
h96_n1,k2,lts__d_decomp_input_sectors.max.pct_of_peak_sustained_elapsed,%,0
h96_n1,k2,lts__d_decomp_input_sectors.min.pct_of_peak_sustained_elapsed,%,0
h96_n1,k2,lts__d_decomp_input_sectors.sum.pct_of_peak_sustained_elapsed,%,0
h96_n1,k2,lts__d_sectors.avg.pct_of_peak_sustained_elapsed,%,8.72
h96_n1,k2,lts__d_sectors.max.pct_of_peak_sustained_elapsed,%,9.26
h96_n1,k2,lts__d_sectors.min.pct_of_peak_sustained_elapsed,%,4.29
h96_n1,k2,lts__d_sectors.sum.pct_of_peak_sustained_elapsed,%,8.72
h96_n1,k2,lts__d_sectors_fill_device.avg.pct_of_peak_sustained_elapsed,%,7.50
h96_n1,k2,lts__d_sectors_fill_device.max.pct_of_peak_sustained_elapsed,%,7.67
h96_n1,k2,lts__d_sectors_fill_device.min.pct_of_peak_sustained_elapsed,%,3.83
h96_n1,k2,lts__d_sectors_fill_device.sum.pct_of_peak_sustained_elapsed,%,7.50
h96_n1,k2,lts__ltcfabric2lts_cycles_active.avg.pct_of_peak_sustained_elapsed,%,5.44
h96_n1,k2,lts__ltcfabric2lts_cycles_active.max.pct_of_peak_sustained_elapsed,%,5.82
h96_n1,k2,lts__ltcfabric2lts_cycles_active.min.pct_of_peak_sustained_elapsed,%,2.70
h96_n1,k2,lts__ltcfabric2lts_cycles_active.sum.pct_of_peak_sustained_elapsed,%,5.44
h96_n1,k2,lts__lts2xbar_cycles_active_realtime.avg.pct_of_peak_sustained_elapsed,%,6.54
h96_n1,k2,lts__lts2xbar_cycles_active_realtime.max.pct_of_peak_sustained_elapsed,%,7.28
h96_n1,k2,lts__lts2xbar_cycles_active_realtime.min.pct_of_peak_sustained_elapsed,%,3.06
h96_n1,k2,lts__lts2xbar_cycles_active_realtime.sum.pct_of_peak_sustained_elapsed,%,6.54
h96_n1,k2,lts__t_sector_hit_rate.pct,%,51.31
h96_n1,k2,lts__t_sectors.avg.pct_of_peak_sustained_elapsed,%,9.17
h96_n1,k2,lts__t_sectors.max.pct_of_peak_sustained_elapsed,%,9.89
h96_n1,k2,lts__t_sectors.min.pct_of_peak_sustained_elapsed,%,4.46
h96_n1,k2,lts__t_sectors.sum.pct_of_peak_sustained_elapsed,%,9.17
h96_n1,k2,lts__t_tag_requests.avg.pct_of_peak_sustained_elapsed,%,19.92
h96_n1,k2,lts__t_tag_requests.max.pct_of_peak_sustained_elapsed,%,21.59
h96_n1,k2,lts__t_tag_requests.min.pct_of_peak_sustained_elapsed,%,9.60
h96_n1,k2,lts__t_tag_requests.sum.pct_of_peak_sustained_elapsed,%,19.92
h96_n1,k2,lts__throughput_internal_activity.avg.pct_of_peak_sustained_elapsed,%,19.92
h96_n1,k2,lts__throughput_internal_activity.max.pct_of_peak_sustained_elapsed,%,21.58
h96_n1,k2,lts__throughput_internal_activity.min.pct_of_peak_sustained_elapsed,%,9.60
h96_n1,k2,lts__throughput_internal_activity.sum.pct_of_peak_sustained_elapsed,%,19.92
h96_n1,k2,lts__xbar2lts_cycles_active.avg.pct_of_peak_sustained_elapsed,%,16.28
h96_n1,k2,lts__xbar2lts_cycles_active.max.pct_of_peak_sustained_elapsed,%,18.12
h96_n1,k2,lts__xbar2lts_cycles_active.min.pct_of_peak_sustained_elapsed,%,7.66
h96_n1,k2,lts__xbar2lts_cycles_active.sum.pct_of_peak_sustained_elapsed,%,16.28
h96_n1,k2,numa__cpu_affinity,,1
h96_n1,k2,numa__dev_display_name_all,,1
h96_n1,k2,numa__id_cpu,,1
h96_n1,k2,numa__id_memory,,1
h96_n1,k2,nvlink__bandwidth,,0
h96_n1,k2,nvlink__count_logical,,0
h96_n1,k2,nvlink__count_physical,,0
h96_n1,k2,nvlink__destination_ports,,0
h96_n1,k2,nvlink__dev0Id,,0
h96_n1,k2,nvlink__dev0type,,0
h96_n1,k2,nvlink__dev1Id,,0
h96_n1,k2,nvlink__dev1type,,0
h96_n1,k2,nvlink__dev_display_name_all,,1
h96_n1,k2,nvlink__enabled_mask,,262143
h96_n1,k2,nvlink__is_direct_link,,0
h96_n1,k2,nvlink__is_nvswitch_connected,,0
h96_n1,k2,nvlink__max_count,,18
h96_n1,k2,nvlink__peer_access,,0
h96_n1,k2,nvlink__peer_atomic,,0
h96_n1,k2,nvlink__source_ports,,0
h96_n1,k2,nvlink__system_access,,0
h96_n1,k2,nvlink__system_atomic,,0
h96_n1,k2,profiler__perfworks_session_reuse,,0
h96_n1,k2,profiler__replayer_bytes_mem_accessible.avg,byte,1921438699
h96_n1,k2,profiler__replayer_bytes_mem_accessible.max,byte,1921438699
h96_n1,k2,profiler__replayer_bytes_mem_accessible.min,byte,1921438699
h96_n1,k2,profiler__replayer_bytes_mem_accessible.sum,byte,19214386990
h96_n1,k2,profiler__replayer_bytes_mem_backed_up.avg,byte,1921438699
h96_n1,k2,profiler__replayer_bytes_mem_backed_up.max,byte,1921438699
h96_n1,k2,profiler__replayer_bytes_mem_backed_up.min,byte,1921438699
h96_n1,k2,profiler__replayer_bytes_mem_backed_up.sum,byte,19214386990
h96_n1,k2,profiler__replayer_passes,pass,10
h96_n1,k2,profiler__replayer_passes_type_warmup,pass,0
h96_n1,k2,sass__inst_executed_per_opcode,,173724044
h96_n1,k2,sass__inst_executed_per_opcode_category,,173724044
h96_n1,k2,sass__inst_executed_per_opcode_with_modifier_all,,173724044
h96_n1,k2,sass__inst_executed_per_opcode_with_modifier_selective,,173724044
h96_n1,k2,sass__inst_executed_register_spilling,inst,0
h96_n1,k2,sass__inst_executed_register_spilling_mem_local,byte,no data
h96_n1,k2,sass__inst_executed_register_spilling_mem_shared,byte,no data
h96_n1,k2,sass__inst_executed_register_spilling_op_read,inst,0
h96_n1,k2,sass__inst_executed_register_spilling_op_write,inst,0
h96_n1,k2,sass__thread_inst_executed_per_opcode_category,,0
h96_n1,k2,sass__thread_inst_executed_true_per_opcode,,0
h96_n1,k2,sass__thread_inst_executed_true_per_opcode_with_modifier_all,,0
h96_n1,k2,sass__thread_inst_executed_true_per_opcode_with_modifier_selective,,0
h96_n1,k2,sm__inst_executed.avg.pct_of_peak_sustained_elapsed,%,20.76
h96_n1,k2,sm__inst_executed.max.pct_of_peak_sustained_elapsed,%,32.01
h96_n1,k2,sm__inst_executed.min.pct_of_peak_sustained_elapsed,%,0
h96_n1,k2,sm__inst_executed.sum.pct_of_peak_sustained_elapsed,%,20.76
h96_n1,k2,sm__inst_executed_pipe_adu.avg.pct_of_peak_sustained_elapsed,%,2.26
h96_n1,k2,sm__inst_executed_pipe_adu.max.pct_of_peak_sustained_elapsed,%,3.49
h96_n1,k2,sm__inst_executed_pipe_adu.min.pct_of_peak_sustained_elapsed,%,0
h96_n1,k2,sm__inst_executed_pipe_adu.sum.pct_of_peak_sustained_elapsed,%,2.26
h96_n1,k2,sm__inst_executed_pipe_cbu_pred_on_any.avg.pct_of_peak_sustained_elapsed,%,1.41
h96_n1,k2,sm__inst_executed_pipe_cbu_pred_on_any.max.pct_of_peak_sustained_elapsed,%,2.18
h96_n1,k2,sm__inst_executed_pipe_cbu_pred_on_any.min.pct_of_peak_sustained_elapsed,%,0
h96_n1,k2,sm__inst_executed_pipe_cbu_pred_on_any.sum.pct_of_peak_sustained_elapsed,%,1.41
h96_n1,k2,sm__inst_executed_pipe_ipa.avg.pct_of_peak_sustained_elapsed,%,0
h96_n1,k2,sm__inst_executed_pipe_ipa.max.pct_of_peak_sustained_elapsed,%,0
h96_n1,k2,sm__inst_executed_pipe_ipa.min.pct_of_peak_sustained_elapsed,%,0
h96_n1,k2,sm__inst_executed_pipe_ipa.sum.pct_of_peak_sustained_elapsed,%,0
h96_n1,k2,sm__inst_executed_pipe_lsu.avg.pct_of_peak_sustained_elapsed,%,10.81
h96_n1,k2,sm__inst_executed_pipe_lsu.max.pct_of_peak_sustained_elapsed,%,16.66
h96_n1,k2,sm__inst_executed_pipe_lsu.min.pct_of_peak_sustained_elapsed,%,0
h96_n1,k2,sm__inst_executed_pipe_lsu.sum.pct_of_peak_sustained_elapsed,%,10.81
h96_n1,k2,sm__inst_executed_pipe_tex.avg.pct_of_peak_sustained_elapsed,%,0
h96_n1,k2,sm__inst_executed_pipe_tex.max.pct_of_peak_sustained_elapsed,%,0
h96_n1,k2,sm__inst_executed_pipe_tex.min.pct_of_peak_sustained_elapsed,%,0
h96_n1,k2,sm__inst_executed_pipe_tex.sum.pct_of_peak_sustained_elapsed,%,0
h96_n1,k2,sm__inst_executed_pipe_uniform.avg.pct_of_peak_sustained_elapsed,%,1.32
h96_n1,k2,sm__inst_executed_pipe_uniform.max.pct_of_peak_sustained_elapsed,%,2.04
h96_n1,k2,sm__inst_executed_pipe_uniform.min.pct_of_peak_sustained_elapsed,%,0
h96_n1,k2,sm__inst_executed_pipe_uniform.sum.pct_of_peak_sustained_elapsed,%,1.32
h96_n1,k2,sm__instruction_throughput_internal_activity.avg.pct_of_peak_sustained_elapsed,%,0
h96_n1,k2,sm__instruction_throughput_internal_activity.max.pct_of_peak_sustained_elapsed,%,0
h96_n1,k2,sm__instruction_throughput_internal_activity.min.pct_of_peak_sustained_elapsed,%,0
h96_n1,k2,sm__instruction_throughput_internal_activity.sum.pct_of_peak_sustained_elapsed,%,0
h96_n1,k2,sm__issue_active.avg.pct_of_peak_sustained_elapsed,%,20.81
h96_n1,k2,sm__issue_active.max.pct_of_peak_sustained_elapsed,%,32.08
h96_n1,k2,sm__issue_active.min.pct_of_peak_sustained_elapsed,%,0
h96_n1,k2,sm__issue_active.sum.pct_of_peak_sustained_elapsed,%,20.81
h96_n1,k2,sm__maximum_warps_avg_per_active_cycle,warp,12
h96_n1,k2,sm__maximum_warps_per_active_cycle_pct,%,18.75
h96_n1,k2,sm__mem_tensor_cycles_active.avg.pct_of_peak_sustained_elapsed,%,0
h96_n1,k2,sm__mem_tensor_cycles_active.max.pct_of_peak_sustained_elapsed,%,0
h96_n1,k2,sm__mem_tensor_cycles_active.min.pct_of_peak_sustained_elapsed,%,0
h96_n1,k2,sm__mem_tensor_cycles_active.sum.pct_of_peak_sustained_elapsed,%,0
h96_n1,k2,sm__memory_throughput.avg.pct_of_peak_sustained_elapsed,%,10.81
h96_n1,k2,sm__memory_throughput.max.pct_of_peak_sustained_elapsed,%,16.66
h96_n1,k2,sm__memory_throughput.min.pct_of_peak_sustained_elapsed,%,0
h96_n1,k2,sm__memory_throughput.sum.pct_of_peak_sustained_elapsed,%,10.81
h96_n1,k2,sm__memory_throughput_internal_activity.avg.pct_of_peak_sustained_elapsed,%,0.09
h96_n1,k2,sm__memory_throughput_internal_activity.max.pct_of_peak_sustained_elapsed,%,0.15
h96_n1,k2,sm__memory_throughput_internal_activity.min.pct_of_peak_sustained_elapsed,%,0
h96_n1,k2,sm__memory_throughput_internal_activity.sum.pct_of_peak_sustained_elapsed,%,0.09
h96_n1,k2,sm__mio2rf_writeback_active.avg.pct_of_peak_sustained_elapsed,%,6.49
h96_n1,k2,sm__mio2rf_writeback_active.max.pct_of_peak_sustained_elapsed,%,10.01
h96_n1,k2,sm__mio2rf_writeback_active.min.pct_of_peak_sustained_elapsed,%,0
h96_n1,k2,sm__mio2rf_writeback_active.sum.pct_of_peak_sustained_elapsed,%,6.49
h96_n1,k2,sm__mio_inst_issued.avg.pct_of_peak_sustained_elapsed,%,6.99
h96_n1,k2,sm__mio_inst_issued.max.pct_of_peak_sustained_elapsed,%,10.78
h96_n1,k2,sm__mio_inst_issued.min.pct_of_peak_sustained_elapsed,%,0
h96_n1,k2,sm__mio_inst_issued.sum.pct_of_peak_sustained_elapsed,%,6.99
h96_n1,k2,sm__mio_pq_read_cycles_active.avg.pct_of_peak_sustained_elapsed,%,9.63
h96_n1,k2,sm__mio_pq_read_cycles_active.max.pct_of_peak_sustained_elapsed,%,14.88
h96_n1,k2,sm__mio_pq_read_cycles_active.min.pct_of_peak_sustained_elapsed,%,0
h96_n1,k2,sm__mio_pq_read_cycles_active.sum.pct_of_peak_sustained_elapsed,%,9.63
h96_n1,k2,sm__mio_pq_write_cycles_active.avg.pct_of_peak_sustained_elapsed,%,9.63
h96_n1,k2,sm__mio_pq_write_cycles_active.max.pct_of_peak_sustained_elapsed,%,14.88
h96_n1,k2,sm__mio_pq_write_cycles_active.min.pct_of_peak_sustained_elapsed,%,0
h96_n1,k2,sm__mio_pq_write_cycles_active.sum.pct_of_peak_sustained_elapsed,%,9.63
h96_n1,k2,sm__pipe_alu_cycles_active.avg.pct_of_peak_sustained_elapsed,%,13.71
h96_n1,k2,sm__pipe_alu_cycles_active.max.pct_of_peak_sustained_elapsed,%,21.14
h96_n1,k2,sm__pipe_alu_cycles_active.min.pct_of_peak_sustained_elapsed,%,0
h96_n1,k2,sm__pipe_alu_cycles_active.sum.pct_of_peak_sustained_elapsed,%,13.71
h96_n1,k2,sm__pipe_fma_cycles_active.avg.pct_of_peak_sustained_elapsed,%,6.30
h96_n1,k2,sm__pipe_fma_cycles_active.max.pct_of_peak_sustained_elapsed,%,9.71
h96_n1,k2,sm__pipe_fma_cycles_active.min.pct_of_peak_sustained_elapsed,%,0
h96_n1,k2,sm__pipe_fma_cycles_active.sum.pct_of_peak_sustained_elapsed,%,6.30
h96_n1,k2,sm__pipe_fmaheavy_cycles_active.avg.pct_of_peak_sustained_elapsed,%,7.04
h96_n1,k2,sm__pipe_fmaheavy_cycles_active.max.pct_of_peak_sustained_elapsed,%,10.87
h96_n1,k2,sm__pipe_fmaheavy_cycles_active.min.pct_of_peak_sustained_elapsed,%,0
h96_n1,k2,sm__pipe_fmaheavy_cycles_active.sum.pct_of_peak_sustained_elapsed,%,7.04
h96_n1,k2,sm__pipe_fp64_cycles_active.avg.pct_of_peak_sustained_elapsed,%,0
h96_n1,k2,sm__pipe_fp64_cycles_active.max.pct_of_peak_sustained_elapsed,%,0
h96_n1,k2,sm__pipe_fp64_cycles_active.min.pct_of_peak_sustained_elapsed,%,0
h96_n1,k2,sm__pipe_fp64_cycles_active.sum.pct_of_peak_sustained_elapsed,%,0
h96_n1,k2,sm__pipe_tc_cycles_active.avg.pct_of_peak_sustained_elapsed,%,0
h96_n1,k2,sm__pipe_tc_cycles_active.max.pct_of_peak_sustained_elapsed,%,0
h96_n1,k2,sm__pipe_tc_cycles_active.min.pct_of_peak_sustained_elapsed,%,0
h96_n1,k2,sm__pipe_tc_cycles_active.sum.pct_of_peak_sustained_elapsed,%,0
h96_n1,k2,sm__pipe_tensor_cycles_active.avg.pct_of_peak_sustained_elapsed,%,19.54
h96_n1,k2,sm__pipe_tensor_cycles_active.max.pct_of_peak_sustained_elapsed,%,30.13
h96_n1,k2,sm__pipe_tensor_cycles_active.min.pct_of_peak_sustained_elapsed,%,0
h96_n1,k2,sm__pipe_tensor_cycles_active.sum.pct_of_peak_sustained_elapsed,%,19.54
h96_n1,k2,sm__pipe_tma_cycles_active.avg.pct_of_peak_sustained_elapsed,%,4.07
h96_n1,k2,sm__pipe_tma_cycles_active.max.pct_of_peak_sustained_elapsed,%,6.27
h96_n1,k2,sm__pipe_tma_cycles_active.min.pct_of_peak_sustained_elapsed,%,0
h96_n1,k2,sm__pipe_tma_cycles_active.sum.pct_of_peak_sustained_elapsed,%,4.07
h96_n1,k2,sm__pipe_xu_cycles_active.avg.pct_of_peak_sustained_elapsed,%,0.38
h96_n1,k2,sm__pipe_xu_cycles_active.max.pct_of_peak_sustained_elapsed,%,0.58
h96_n1,k2,sm__pipe_xu_cycles_active.min.pct_of_peak_sustained_elapsed,%,0
h96_n1,k2,sm__pipe_xu_cycles_active.sum.pct_of_peak_sustained_elapsed,%,0.38
h96_n1,k2,smsp__maximum_warps_avg_per_active_cycle,warp,3
h96_n8,k1,c2clink__enabled_mask,,0
h96_n8,k1,c2clink__present,,0
h96_n8,k1,derived__local_spilling_requests,,0
h96_n8,k1,derived__local_spilling_requests_pct,%,no data
h96_n8,k1,device__attribute_architecture,,416
h96_n8,k1,device__attribute_async_engine_count,,4
h96_n8,k1,device__attribute_can_flush_remote_writes,,0
h96_n8,k1,device__attribute_can_map_host_memory,,1
h96_n8,k1,device__attribute_can_tex2d_gather,,1
h96_n8,k1,device__attribute_can_use_64_bit_stream_mem_ops,,1
h96_n8,k1,device__attribute_can_use_64_bit_stream_mem_ops_v1,,0
h96_n8,k1,device__attribute_can_use_host_pointer_for_registered_mem,,1
h96_n8,k1,device__attribute_can_use_stream_mem_ops_v1,,0
h96_n8,k1,device__attribute_can_use_stream_wait_value_nor,,1
h96_n8,k1,device__attribute_can_use_stream_wait_value_nor_v1,,0
h96_n8,k1,device__attribute_chip,,419
h96_n8,k1,device__attribute_clock_rate,,2032000
h96_n8,k1,device__attribute_cluster_launch,,1
h96_n8,k1,device__attribute_compute_capability_major,,10
h96_n8,k1,device__attribute_compute_capability_minor,,3
h96_n8,k1,device__attribute_compute_mode,,0
h96_n8,k1,device__attribute_compute_preemption_supported,,1
h96_n8,k1,device__attribute_concurrent_kernels,,1
h96_n8,k1,device__attribute_concurrent_managed_access,,1
h96_n8,k1,device__attribute_confidential_computing_mode,,No-CC
h96_n8,k1,device__attribute_cooperative_launch,,1
h96_n8,k1,device__attribute_cooperative_multi_device_launch,,1
h96_n8,k1,device__attribute_deferred_mapping_cuda_array_supported,,1
h96_n8,k1,device__attribute_device_index,,0
h96_n8,k1,device__attribute_direct_managed_mem_access_from_host,,0
h96_n8,k1,device__attribute_display_name,,NVIDIA B300 SXM6 AC
h96_n8,k1,device__attribute_dma_buf_supported,,1
h96_n8,k1,device__attribute_ecc_enabled,,1
h96_n8,k1,device__attribute_fb_bus_width,,7680
h96_n8,k1,device__attribute_fbp_count,,16
h96_n8,k1,device__attribute_generic_compression_supported,,1
h96_n8,k1,device__attribute_global_l1_cache_supported,,1
h96_n8,k1,device__attribute_global_memory_bus_width,,7680
h96_n8,k1,device__attribute_gpu_direct_rdma_flush_writes_options,,1
h96_n8,k1,device__attribute_gpu_direct_rdma_supported,,1
h96_n8,k1,device__attribute_gpu_direct_rdma_with_cuda_vmm_supported,,1
h96_n8,k1,device__attribute_gpu_direct_rdma_writes_ordering,,100
h96_n8,k1,device__attribute_gpu_overlap,,1
h96_n8,k1,device__attribute_gpu_pci_device_id,,830607582
h96_n8,k1,device__attribute_gpu_pci_ext_device_id,,12674
h96_n8,k1,device__attribute_gpu_pci_ext_downstream_link_rate,,16000
h96_n8,k1,device__attribute_gpu_pci_ext_downstream_link_width,,32
h96_n8,k1,device__attribute_gpu_pci_ext_gen,,5
h96_n8,k1,device__attribute_gpu_pci_ext_gpu_gen,,5
h96_n8,k1,device__attribute_gpu_pci_ext_gpu_link_rate,,64000
h96_n8,k1,device__attribute_gpu_pci_ext_gpu_link_width,,16
h96_n8,k1,device__attribute_gpu_pci_revision_id,,161
h96_n8,k1,device__attribute_gpu_pci_sub_system_id,,551948510
h96_n8,k1,device__attribute_handle_type_fabric_supported,,1
h96_n8,k1,device__attribute_handle_type_posix_file_descriptor_supported,,1
h96_n8,k1,device__attribute_handle_type_win32_handle_supported,,0
h96_n8,k1,device__attribute_handle_type_win32_kmt_handle_supported,,0
h96_n8,k1,device__attribute_host_native_atomic_supported,,0
h96_n8,k1,device__attribute_host_numa_id,,0
h96_n8,k1,device__attribute_host_register_supported,,1
h96_n8,k1,device__attribute_implementation,,419
h96_n8,k1,device__attribute_integrated,,0
h96_n8,k1,device__attribute_ipc_event_supported,,1
h96_n8,k1,device__attribute_kernel_exec_timeout,,0
h96_n8,k1,device__attribute_l2_cache_size,,132644864
h96_n8,k1,device__attribute_l2s_count,,192
h96_n8,k1,device__attribute_limits_max_cta_per_sm,,32
h96_n8,k1,device__attribute_limits_num_tpcs,,74
h96_n8,k1,device__attribute_local_l1_cache_supported,,1
h96_n8,k1,device__attribute_managed_memory,,1
h96_n8,k1,device__attribute_max_access_policy_window_size,,134217728
h96_n8,k1,device__attribute_max_block_dim_x,,1024
h96_n8,k1,device__attribute_max_block_dim_y,,1024
h96_n8,k1,device__attribute_max_block_dim_z,,64
h96_n8,k1,device__attribute_max_blocks_per_multiprocessor,,32
h96_n8,k1,device__attribute_max_gpu_frequency_khz,,2032000
h96_n8,k1,device__attribute_max_grid_dim_x,,2147483647
h96_n8,k1,device__attribute_max_grid_dim_y,,65535
h96_n8,k1,device__attribute_max_grid_dim_z,,65535
h96_n8,k1,device__attribute_max_ipc_per_multiprocessor,,4
h96_n8,k1,device__attribute_max_ipc_per_scheduler,,1
h96_n8,k1,device__attribute_max_mem_frequency_khz,,3996000
h96_n8,k1,device__attribute_max_persisting_l2_cache_size,,82903040
h96_n8,k1,device__attribute_max_pitch,,2147483647
h96_n8,k1,device__attribute_max_registers_per_block,,65536
h96_n8,k1,device__attribute_max_registers_per_multiprocessor,,65536
h96_n8,k1,device__attribute_max_registers_per_thread,,255
h96_n8,k1,device__attribute_max_shared_memory_per_block,,49152
h96_n8,k1,device__attribute_max_shared_memory_per_block_optin,,232448
h96_n8,k1,device__attribute_max_shared_memory_per_multiprocessor,,233472
h96_n8,k1,device__attribute_max_threads_per_block,,1024
h96_n8,k1,device__attribute_max_threads_per_multiprocessor,,2048
h96_n8,k1,device__attribute_max_warps_per_multiprocessor,,64
h96_n8,k1,device__attribute_max_warps_per_scheduler,,16
h96_n8,k1,device__attribute_maximum_surface1d_layered_layers,,2048
h96_n8,k1,device__attribute_maximum_surface1d_layered_width,,32768
h96_n8,k1,device__attribute_maximum_surface1d_width,,32768
h96_n8,k1,device__attribute_maximum_surface2d_height,,65536
h96_n8,k1,device__attribute_maximum_surface2d_layered_height,,32768
h96_n8,k1,device__attribute_maximum_surface2d_layered_layers,,2048
h96_n8,k1,device__attribute_maximum_surface2d_layered_width,,32768
h96_n8,k1,device__attribute_maximum_surface2d_width,,131072
h96_n8,k1,device__attribute_maximum_surface3d_depth,,16384
h96_n8,k1,device__attribute_maximum_surface3d_height,,16384
h96_n8,k1,device__attribute_maximum_surface3d_width,,16384
h96_n8,k1,device__attribute_maximum_surfacecubemap_layered_layers,,2046
h96_n8,k1,device__attribute_maximum_surfacecubemap_layered_width,,32768
h96_n8,k1,device__attribute_maximum_surfacecubemap_width,,32768
h96_n8,k1,device__attribute_maximum_texture1d_layered_layers,,2048
h96_n8,k1,device__attribute_maximum_texture1d_layered_width,,32768
h96_n8,k1,device__attribute_maximum_texture1d_linear_width,,268435456
h96_n8,k1,device__attribute_maximum_texture1d_mipmapped_width,,32768
h96_n8,k1,device__attribute_maximum_texture1d_width,,131072
h96_n8,k1,device__attribute_maximum_texture2d_gather_height,,32768
h96_n8,k1,device__attribute_maximum_texture2d_gather_width,,32768
h96_n8,k1,device__attribute_maximum_texture2d_height,,65536
h96_n8,k1,device__attribute_maximum_texture2d_layered_height,,32768
h96_n8,k1,device__attribute_maximum_texture2d_layered_layers,,2048
h96_n8,k1,device__attribute_maximum_texture2d_layered_width,,32768
h96_n8,k1,device__attribute_maximum_texture2d_linear_height,,65000
h96_n8,k1,device__attribute_maximum_texture2d_linear_pitch,,2097120
h96_n8,k1,device__attribute_maximum_texture2d_linear_width,,131072
h96_n8,k1,device__attribute_maximum_texture2d_mipmapped_height,,32768
h96_n8,k1,device__attribute_maximum_texture2d_mipmapped_width,,32768
h96_n8,k1,device__attribute_maximum_texture2d_width,,131072
h96_n8,k1,device__attribute_maximum_texture3d_depth,,16384
h96_n8,k1,device__attribute_maximum_texture3d_depth_alternate,,32768
h96_n8,k1,device__attribute_maximum_texture3d_height,,16384
h96_n8,k1,device__attribute_maximum_texture3d_height_alternate,,8192
h96_n8,k1,device__attribute_maximum_texture3d_width,,16384
h96_n8,k1,device__attribute_maximum_texture3d_width_alternate,,8192
h96_n8,k1,device__attribute_maximum_texturecubemap_layered_layers,,2046
h96_n8,k1,device__attribute_maximum_texturecubemap_layered_width,,32768
h96_n8,k1,device__attribute_maximum_texturecubemap_width,,32768
h96_n8,k1,device__attribute_mem_sync_domain_count,,4
h96_n8,k1,device__attribute_memory_clock_rate,,3996000
h96_n8,k1,device__attribute_memory_pools_supported,,1
h96_n8,k1,device__attribute_mempool_supported_handle_types,,9
h96_n8,k1,device__attribute_mps_enabled,,0
h96_n8,k1,device__attribute_multi_gpu_board,,0
h96_n8,k1,device__attribute_multi_gpu_board_group_id,,0
h96_n8,k1,device__attribute_multicast_supported,,1
h96_n8,k1,device__attribute_multiprocessor_count,,148
h96_n8,k1,device__attribute_num_l2s_per_fbp,,12
h96_n8,k1,device__attribute_num_schedulers_per_multiprocessor,,4
h96_n8,k1,device__attribute_num_tex_per_multiprocessor,,1
h96_n8,k1,device__attribute_numa_config,,0
h96_n8,k1,device__attribute_pageable_memory_access,,1
h96_n8,k1,device__attribute_pageable_memory_access_uses_host_page_tables,,0
h96_n8,k1,device__attribute_pci_bus_id,,6
h96_n8,k1,device__attribute_pci_device_id,,0
h96_n8,k1,device__attribute_pci_domain_id,,0
h96_n8,k1,device__attribute_ram_location,,1
h96_n8,k1,device__attribute_ram_type,,0
h96_n8,k1,device__attribute_reserved_shared_memory_per_block,,1024
h96_n8,k1,device__attribute_sass_level,,10
h96_n8,k1,device__attribute_single_to_double_precision_perf_ratio,,64
h96_n8,k1,device__attribute_sparse_cuda_array_supported,,1
h96_n8,k1,device__attribute_stream_priorities_supported,,1
h96_n8,k1,device__attribute_surface_alignment,,512
h96_n8,k1,device__attribute_tcc_driver,,0
h96_n8,k1,device__attribute_tensor_map_access_supported,,1
h96_n8,k1,device__attribute_texture_alignment,,512
h96_n8,k1,device__attribute_texture_pitch_alignment,,32
h96_n8,k1,device__attribute_total_constant_memory,,65536
h96_n8,k1,device__attribute_total_memory,,287428640768
h96_n8,k1,device__attribute_unified_addressing,,1
h96_n8,k1,device__attribute_unified_function_pointers,,1
h96_n8,k1,device__attribute_virtual_address_management_supported,,1
h96_n8,k1,device__attribute_warp_size,,32
h96_n8,k1,dram__bytes.avg.per_second,byte/s,42473741717.19
h96_n8,k1,dram__bytes.max.per_second,byte/s,45377696320.32
h96_n8,k1,dram__bytes.min.per_second,byte/s,22369660228.39
h96_n8,k1,dram__bytes.sum.per_second,byte/s,2718319469899.90
h96_n8,k1,gpc__cycles_elapsed.avg.per_second,hz,1088581777.37
h96_n8,k1,gpc__cycles_elapsed.max.per_second,hz,1092370999.58
h96_n8,k1,gpc__cycles_elapsed.min.per_second,hz,1084240183.98
h96_n8,k1,gpc__cycles_elapsed.sum.per_second,hz,8708654218.95
h96_n8,k1,gpu__compute_memory_access_throughput.avg.pct_of_peak_sustained_elapsed,%,71.45
h96_n8,k1,gpu__compute_memory_access_throughput.max.pct_of_peak_sustained_elapsed,%,74.10
h96_n8,k1,gpu__compute_memory_access_throughput.min.pct_of_peak_sustained_elapsed,%,68.26
h96_n8,k1,gpu__compute_memory_access_throughput.sum.pct_of_peak_sustained_elapsed,%,71.45
h96_n8,k1,gpu__compute_memory_request_throughput.avg.pct_of_peak_sustained_elapsed,%,60.36
h96_n8,k1,gpu__compute_memory_request_throughput.max.pct_of_peak_sustained_elapsed,%,62.15
h96_n8,k1,gpu__compute_memory_request_throughput.min.pct_of_peak_sustained_elapsed,%,58.51
h96_n8,k1,gpu__compute_memory_request_throughput.sum.pct_of_peak_sustained_elapsed,%,60.36
h96_n8,k1,gpu__time_duration.avg,ns,453952
h96_n8,k1,gpu__time_duration.max,ns,453952
h96_n8,k1,gpu__time_duration.min,ns,453952
h96_n8,k1,gpu__time_duration.sum,ns,453952
h96_n8,k1,idc__request_cycles_active.avg.pct_of_peak_sustained_elapsed,%,4.45
h96_n8,k1,idc__request_cycles_active.max.pct_of_peak_sustained_elapsed,%,4.58
h96_n8,k1,idc__request_cycles_active.min.pct_of_peak_sustained_elapsed,%,4.33
h96_n8,k1,idc__request_cycles_active.sum.pct_of_peak_sustained_elapsed,%,4.45
h96_n8,k1,l1tex__data_bank_conflicts_pipe_lsu_mem_shared_op_ld.avg,,34202.55
h96_n8,k1,l1tex__data_bank_conflicts_pipe_lsu_mem_shared_op_ld.max,,38070
h96_n8,k1,l1tex__data_bank_conflicts_pipe_lsu_mem_shared_op_ld.min,,30415
h96_n8,k1,l1tex__data_bank_conflicts_pipe_lsu_mem_shared_op_ld.sum,,5061977
h96_n8,k1,l1tex__data_bank_conflicts_pipe_lsu_mem_shared_op_st.avg,,11232.47
h96_n8,k1,l1tex__data_bank_conflicts_pipe_lsu_mem_shared_op_st.max,,13255
h96_n8,k1,l1tex__data_bank_conflicts_pipe_lsu_mem_shared_op_st.min,,8662
h96_n8,k1,l1tex__data_bank_conflicts_pipe_lsu_mem_shared_op_st.sum,,1662405
h96_n8,k1,l1tex__data_bank_reads.avg.pct_of_peak_sustained_elapsed,%,17.48
h96_n8,k1,l1tex__data_bank_reads.max.pct_of_peak_sustained_elapsed,%,17.95
h96_n8,k1,l1tex__data_bank_reads.min.pct_of_peak_sustained_elapsed,%,16.90
h96_n8,k1,l1tex__data_bank_reads.sum.pct_of_peak_sustained_elapsed,%,17.48
h96_n8,k1,l1tex__data_bank_writes.avg.pct_of_peak_sustained_elapsed,%,12.98
h96_n8,k1,l1tex__data_bank_writes.max.pct_of_peak_sustained_elapsed,%,13.33
h96_n8,k1,l1tex__data_bank_writes.min.pct_of_peak_sustained_elapsed,%,12.55
h96_n8,k1,l1tex__data_bank_writes.sum.pct_of_peak_sustained_elapsed,%,12.98
h96_n8,k1,l1tex__data_pipe_lsu_wavefronts.avg,,353584.60
h96_n8,k1,l1tex__data_pipe_lsu_wavefronts.avg.pct_of_peak_sustained_elapsed,%,71.45
h96_n8,k1,l1tex__data_pipe_lsu_wavefronts.max,,366693
h96_n8,k1,l1tex__data_pipe_lsu_wavefronts.max.pct_of_peak_sustained_elapsed,%,74.10
h96_n8,k1,l1tex__data_pipe_lsu_wavefronts.min,,337797
h96_n8,k1,l1tex__data_pipe_lsu_wavefronts.min.pct_of_peak_sustained_elapsed,%,68.26
h96_n8,k1,l1tex__data_pipe_lsu_wavefronts.sum,,52330521
h96_n8,k1,l1tex__data_pipe_lsu_wavefronts.sum.pct_of_peak_sustained_elapsed,%,71.45
h96_n8,k1,l1tex__data_pipe_lsu_wavefronts_mem_shared.avg,,340537.41
h96_n8,k1,l1tex__data_pipe_lsu_wavefronts_mem_shared.max,,351678
h96_n8,k1,l1tex__data_pipe_lsu_wavefronts_mem_shared.min,,328642
h96_n8,k1,l1tex__data_pipe_lsu_wavefronts_mem_shared.sum,,50399536
h96_n8,k1,l1tex__data_pipe_lsu_wavefronts_mem_shared_op_ld.avg,,181658.55
h96_n8,k1,l1tex__data_pipe_lsu_wavefronts_mem_shared_op_ld.max,,188586
h96_n8,k1,l1tex__data_pipe_lsu_wavefronts_mem_shared_op_ld.min,,174715
h96_n8,k1,l1tex__data_pipe_lsu_wavefronts_mem_shared_op_ld.sum,,26885465
h96_n8,k1,l1tex__data_pipe_lsu_wavefronts_mem_shared_op_st.avg,,111632.72
h96_n8,k1,l1tex__data_pipe_lsu_wavefronts_mem_shared_op_st.max,,115528
h96_n8,k1,l1tex__data_pipe_lsu_wavefronts_mem_shared_op_st.min,,106991
h96_n8,k1,l1tex__data_pipe_lsu_wavefronts_mem_shared_op_st.sum,,16521642
h96_n8,k1,l1tex__data_pipe_tc_wavefronts.avg.pct_of_peak_sustained_elapsed,%,0
h96_n8,k1,l1tex__data_pipe_tc_wavefronts.max.pct_of_peak_sustained_elapsed,%,0
h96_n8,k1,l1tex__data_pipe_tc_wavefronts.min.pct_of_peak_sustained_elapsed,%,0
h96_n8,k1,l1tex__data_pipe_tc_wavefronts.sum.pct_of_peak_sustained_elapsed,%,0
h96_n8,k1,l1tex__data_pipe_tex_wavefronts.avg.pct_of_peak_sustained_elapsed,%,0
h96_n8,k1,l1tex__data_pipe_tex_wavefronts.max.pct_of_peak_sustained_elapsed,%,0
h96_n8,k1,l1tex__data_pipe_tex_wavefronts.min.pct_of_peak_sustained_elapsed,%,0
h96_n8,k1,l1tex__data_pipe_tex_wavefronts.sum.pct_of_peak_sustained_elapsed,%,0
h96_n8,k1,l1tex__f_wavefronts.avg.pct_of_peak_sustained_elapsed,%,0
h96_n8,k1,l1tex__f_wavefronts.max.pct_of_peak_sustained_elapsed,%,0
h96_n8,k1,l1tex__f_wavefronts.min.pct_of_peak_sustained_elapsed,%,0
h96_n8,k1,l1tex__f_wavefronts.sum.pct_of_peak_sustained_elapsed,%,0
h96_n8,k1,l1tex__lsu_writeback_active.avg.pct_of_peak_sustained_elapsed,%,36.24
h96_n8,k1,l1tex__lsu_writeback_active.max.pct_of_peak_sustained_elapsed,%,37.32
h96_n8,k1,l1tex__lsu_writeback_active.min.pct_of_peak_sustained_elapsed,%,35.14
h96_n8,k1,l1tex__lsu_writeback_active.sum.pct_of_peak_sustained_elapsed,%,36.24
h96_n8,k1,l1tex__lsuin_requests.avg.pct_of_peak_sustained_elapsed,%,42.41
h96_n8,k1,l1tex__lsuin_requests.max.pct_of_peak_sustained_elapsed,%,43.55
h96_n8,k1,l1tex__lsuin_requests.min.pct_of_peak_sustained_elapsed,%,41.00
h96_n8,k1,l1tex__lsuin_requests.sum.pct_of_peak_sustained_elapsed,%,42.41
h96_n8,k1,l1tex__m_l1tex2xbar_req_cycles_active.avg.pct_of_peak_sustained_elapsed,%,60.36
h96_n8,k1,l1tex__m_l1tex2xbar_req_cycles_active.max.pct_of_peak_sustained_elapsed,%,62.15
h96_n8,k1,l1tex__m_l1tex2xbar_req_cycles_active.min.pct_of_peak_sustained_elapsed,%,58.51
h96_n8,k1,l1tex__m_l1tex2xbar_req_cycles_active.sum.pct_of_peak_sustained_elapsed,%,60.36
h96_n8,k1,l1tex__m_xbar2l1tex_read_sectors.avg.pct_of_peak_sustained_elapsed,%,6.75
h96_n8,k1,l1tex__m_xbar2l1tex_read_sectors.max.pct_of_peak_sustained_elapsed,%,6.93
h96_n8,k1,l1tex__m_xbar2l1tex_read_sectors.min.pct_of_peak_sustained_elapsed,%,6.52
h96_n8,k1,l1tex__m_xbar2l1tex_read_sectors.sum.pct_of_peak_sustained_elapsed,%,6.75
h96_n8,k1,l1tex__m_xbar2l1tex_read_sectors_mem_dshared.avg.pct_of_peak_sustained_elapsed,%,0
h96_n8,k1,l1tex__m_xbar2l1tex_read_sectors_mem_dshared.max.pct_of_peak_sustained_elapsed,%,0
h96_n8,k1,l1tex__m_xbar2l1tex_read_sectors_mem_dshared.min.pct_of_peak_sustained_elapsed,%,0
h96_n8,k1,l1tex__m_xbar2l1tex_read_sectors_mem_dshared.sum.pct_of_peak_sustained_elapsed,%,0
h96_n8,k1,l1tex__t_sector_hit_rate.pct,%,99.55
h96_n8,k1,l1tex__tex_writeback_active.avg.pct_of_peak_sustained_elapsed,%,0
h96_n8,k1,l1tex__tex_writeback_active.max.pct_of_peak_sustained_elapsed,%,0
h96_n8,k1,l1tex__tex_writeback_active.min.pct_of_peak_sustained_elapsed,%,0
h96_n8,k1,l1tex__tex_writeback_active.sum.pct_of_peak_sustained_elapsed,%,0
h96_n8,k1,l1tex__texin_sm2tex_req_cycles_active.avg.pct_of_peak_sustained_elapsed,%,0.53
h96_n8,k1,l1tex__texin_sm2tex_req_cycles_active.max.pct_of_peak_sustained_elapsed,%,0.57
h96_n8,k1,l1tex__texin_sm2tex_req_cycles_active.min.pct_of_peak_sustained_elapsed,%,0.49
h96_n8,k1,l1tex__texin_sm2tex_req_cycles_active.sum.pct_of_peak_sustained_elapsed,%,0.53
h96_n8,k1,l1tex__tmain_requests.avg.pct_of_peak_sustained_elapsed,%,4.30
h96_n8,k1,l1tex__tmain_requests.max.pct_of_peak_sustained_elapsed,%,4.41
h96_n8,k1,l1tex__tmain_requests.min.pct_of_peak_sustained_elapsed,%,4.15
h96_n8,k1,l1tex__tmain_requests.sum.pct_of_peak_sustained_elapsed,%,4.30
h96_n8,k1,launch__barrier_count,,1
h96_n8,k1,launch__block_dim_x,block,256
h96_n8,k1,launch__block_dim_y,block,1
h96_n8,k1,launch__block_dim_z,block,1
h96_n8,k1,launch__block_size,,256
h96_n8,k1,launch__cluster_dim_x,,0
h96_n8,k1,launch__cluster_dim_y,,0
h96_n8,k1,launch__cluster_dim_z,,0
h96_n8,k1,launch__cluster_max_active,cluster,0
h96_n8,k1,launch__cluster_max_potential_size,block,8
h96_n8,k1,launch__cluster_scheduling_policy,,PolicySpread
h96_n8,k1,launch__cluster_size,,0
h96_n8,k1,launch__context_id,,1
h96_n8,k1,launch__device_id,,0
h96_n8,k1,launch__func_cache_config,,CachePreferNone
h96_n8,k1,launch__function_pcs,,1
h96_n8,k1,launch__grid_dim_x,,512
h96_n8,k1,launch__grid_dim_y,,96
h96_n8,k1,launch__grid_dim_z,,1
h96_n8,k1,launch__grid_size,,49152
h96_n8,k1,launch__occupancy_cluster_gpu_pct,%,0
h96_n8,k1,launch__occupancy_cluster_pct,%,0
h96_n8,k1,launch__occupancy_limit_barriers,block,32
h96_n8,k1,launch__occupancy_limit_blocks,block,32
h96_n8,k1,launch__occupancy_limit_registers,block,8
h96_n8,k1,launch__occupancy_limit_shared_mem,block,9
h96_n8,k1,launch__occupancy_limit_warps,block,8
h96_n8,k1,launch__occupancy_per_barrier_count,,1440
h96_n8,k1,launch__occupancy_per_block_size,,3339
h96_n8,k1,launch__occupancy_per_cluster_size,,0
h96_n8,k1,launch__occupancy_per_register_count,,5504
h96_n8,k1,launch__occupancy_per_shared_mem_size,,9072
h96_n8,k1,launch__persisting_l2_cache_size,byte,24870912
h96_n8,k1,launch__preferred_cluster_dim_x,,0
h96_n8,k1,launch__preferred_cluster_dim_y,,0
h96_n8,k1,launch__preferred_cluster_dim_z,,0
h96_n8,k1,launch__preferred_cluster_size,,0
h96_n8,k1,launch__registers_per_thread,register/thread,32
h96_n8,k1,launch__registers_per_thread_allocated,register/thread,32
h96_n8,k1,launch__shared_mem_config_size,byte,200704
h96_n8,k1,launch__shared_mem_per_block,byte/block,22272
h96_n8,k1,launch__shared_mem_per_block_allocated,byte/block,22272
h96_n8,k1,launch__shared_mem_per_block_driver,byte/block,1024
h96_n8,k1,launch__shared_mem_per_block_dynamic,byte/block,21248
h96_n8,k1,launch__shared_mem_per_block_static,byte/block,0
h96_n8,k1,launch__sm_count,SM,148
h96_n8,k1,launch__stack_size,,1024
h96_n8,k1,launch__stream_id,,7
h96_n8,k1,launch__thread_count,thread,12582912
h96_n8,k1,launch__tpc_count,,74
h96_n8,k1,launch__tpc_enabled,,all
h96_n8,k1,launch__uses_cdp,,0
h96_n8,k1,launch__uses_green_context,,0
h96_n8,k1,launch__uses_mps,,0
h96_n8,k1,launch__uses_nvlink_centric_scheduling,,0
h96_n8,k1,launch__uses_vgpu,,0
h96_n8,k1,launch__waves_per_multiprocessor,,41.51
h96_n8,k1,lrc__average_ilc_input_sector_success_rate.pct,%,0
h96_n8,k1,lrc__average_ilc_output_sector_compression_achieved_rate.pct,%,0
h96_n8,k1,lrc__ilc_input_sectors.sum,sector,788147
h96_n8,k1,lts__d_atomic_input_cycles_active.avg.pct_of_peak_sustained_elapsed,%,0
h96_n8,k1,lts__d_atomic_input_cycles_active.max.pct_of_peak_sustained_elapsed,%,0
h96_n8,k1,lts__d_atomic_input_cycles_active.min.pct_of_peak_sustained_elapsed,%,0
h96_n8,k1,lts__d_atomic_input_cycles_active.sum.pct_of_peak_sustained_elapsed,%,0
h96_n8,k1,lts__d_decomp_input_sectors.avg.pct_of_peak_sustained_elapsed,%,0
h96_n8,k1,lts__d_decomp_input_sectors.max.pct_of_peak_sustained_elapsed,%,0
h96_n8,k1,lts__d_decomp_input_sectors.min.pct_of_peak_sustained_elapsed,%,0
h96_n8,k1,lts__d_decomp_input_sectors.sum.pct_of_peak_sustained_elapsed,%,0
h96_n8,k1,lts__d_sectors.avg.pct_of_peak_sustained_elapsed,%,26.91
h96_n8,k1,lts__d_sectors.max.pct_of_peak_sustained_elapsed,%,28.08
h96_n8,k1,lts__d_sectors.min.pct_of_peak_sustained_elapsed,%,13.39
h96_n8,k1,lts__d_sectors.sum.pct_of_peak_sustained_elapsed,%,26.91
h96_n8,k1,lts__d_sectors_fill_device.avg.pct_of_peak_sustained_elapsed,%,14.61
h96_n8,k1,lts__d_sectors_fill_device.max.pct_of_peak_sustained_elapsed,%,14.94
h96_n8,k1,lts__d_sectors_fill_device.min.pct_of_peak_sustained_elapsed,%,7.47
h96_n8,k1,lts__d_sectors_fill_device.sum.pct_of_peak_sustained_elapsed,%,14.61
h96_n8,k1,lts__ltcfabric2lts_cycles_active.avg.pct_of_peak_sustained_elapsed,%,22.48
h96_n8,k1,lts__ltcfabric2lts_cycles_active.max.pct_of_peak_sustained_elapsed,%,23.71
h96_n8,k1,lts__ltcfabric2lts_cycles_active.min.pct_of_peak_sustained_elapsed,%,11.41
h96_n8,k1,lts__ltcfabric2lts_cycles_active.sum.pct_of_peak_sustained_elapsed,%,22.48
h96_n8,k1,lts__lts2xbar_cycles_active_realtime.avg.pct_of_peak_sustained_elapsed,%,7.53
h96_n8,k1,lts__lts2xbar_cycles_active_realtime.max.pct_of_peak_sustained_elapsed,%,8.31
h96_n8,k1,lts__lts2xbar_cycles_active_realtime.min.pct_of_peak_sustained_elapsed,%,3.54
h96_n8,k1,lts__lts2xbar_cycles_active_realtime.sum.pct_of_peak_sustained_elapsed,%,7.53
h96_n8,k1,lts__t_sector_hit_rate.pct,%,42.08
h96_n8,k1,lts__t_sectors.avg.pct_of_peak_sustained_elapsed,%,23.58
h96_n8,k1,lts__t_sectors.max.pct_of_peak_sustained_elapsed,%,24.73
h96_n8,k1,lts__t_sectors.min.pct_of_peak_sustained_elapsed,%,11.79
h96_n8,k1,lts__t_sectors.sum.pct_of_peak_sustained_elapsed,%,23.58
h96_n8,k1,lts__t_tag_requests.avg.pct_of_peak_sustained_elapsed,%,54.98
h96_n8,k1,lts__t_tag_requests.max.pct_of_peak_sustained_elapsed,%,58.90
h96_n8,k1,lts__t_tag_requests.min.pct_of_peak_sustained_elapsed,%,27.58
h96_n8,k1,lts__t_tag_requests.sum.pct_of_peak_sustained_elapsed,%,54.98
h96_n8,k1,lts__throughput_internal_activity.avg.pct_of_peak_sustained_elapsed,%,54.96
h96_n8,k1,lts__throughput_internal_activity.max.pct_of_peak_sustained_elapsed,%,57.47
h96_n8,k1,lts__throughput_internal_activity.min.pct_of_peak_sustained_elapsed,%,27.64
h96_n8,k1,lts__throughput_internal_activity.sum.pct_of_peak_sustained_elapsed,%,54.96
h96_n8,k1,lts__xbar2lts_cycles_active.avg.pct_of_peak_sustained_elapsed,%,36.00
h96_n8,k1,lts__xbar2lts_cycles_active.max.pct_of_peak_sustained_elapsed,%,39.32
h96_n8,k1,lts__xbar2lts_cycles_active.min.pct_of_peak_sustained_elapsed,%,17.72
h96_n8,k1,lts__xbar2lts_cycles_active.sum.pct_of_peak_sustained_elapsed,%,36.00
h96_n8,k1,numa__cpu_affinity,,1
h96_n8,k1,numa__dev_display_name_all,,1
h96_n8,k1,numa__id_cpu,,1
h96_n8,k1,numa__id_memory,,1
h96_n8,k1,nvlink__bandwidth,,0
h96_n8,k1,nvlink__count_logical,,0
h96_n8,k1,nvlink__count_physical,,0
h96_n8,k1,nvlink__destination_ports,,0
h96_n8,k1,nvlink__dev0Id,,0
h96_n8,k1,nvlink__dev0type,,0
h96_n8,k1,nvlink__dev1Id,,0
h96_n8,k1,nvlink__dev1type,,0
h96_n8,k1,nvlink__dev_display_name_all,,1
h96_n8,k1,nvlink__enabled_mask,,262143
h96_n8,k1,nvlink__is_direct_link,,0
h96_n8,k1,nvlink__is_nvswitch_connected,,0
h96_n8,k1,nvlink__max_count,,18
h96_n8,k1,nvlink__peer_access,,0
h96_n8,k1,nvlink__peer_atomic,,0
h96_n8,k1,nvlink__source_ports,,0
h96_n8,k1,nvlink__system_access,,0
h96_n8,k1,nvlink__system_atomic,,0
h96_n8,k1,profiler__perfworks_session_reuse,,0
h96_n8,k1,profiler__replayer_bytes_mem_accessible.avg,byte,2133251051
h96_n8,k1,profiler__replayer_bytes_mem_accessible.max,byte,2133251051
h96_n8,k1,profiler__replayer_bytes_mem_accessible.min,byte,2133251051
h96_n8,k1,profiler__replayer_bytes_mem_accessible.sum,byte,21332510510
h96_n8,k1,profiler__replayer_bytes_mem_backed_up.avg,byte,2133251051
h96_n8,k1,profiler__replayer_bytes_mem_backed_up.max,byte,2133251051
h96_n8,k1,profiler__replayer_bytes_mem_backed_up.min,byte,2133251051
h96_n8,k1,profiler__replayer_bytes_mem_backed_up.sum,byte,21332510510
h96_n8,k1,profiler__replayer_passes,pass,10
h96_n8,k1,profiler__replayer_passes_type_warmup,pass,0
h96_n8,k1,sass__inst_executed_per_opcode,,215728128
h96_n8,k1,sass__inst_executed_per_opcode_category,,215728128
h96_n8,k1,sass__inst_executed_per_opcode_with_modifier_all,,215728128
h96_n8,k1,sass__inst_executed_per_opcode_with_modifier_selective,,215728128
h96_n8,k1,sass__inst_executed_register_spilling,inst,0
h96_n8,k1,sass__inst_executed_register_spilling_mem_local,byte,no data
h96_n8,k1,sass__inst_executed_register_spilling_mem_shared,byte,no data
h96_n8,k1,sass__inst_executed_register_spilling_op_read,inst,0
h96_n8,k1,sass__inst_executed_register_spilling_op_write,inst,0
h96_n8,k1,sass__thread_inst_executed_per_opcode_category,,0
h96_n8,k1,sass__thread_inst_executed_true_per_opcode,,0
h96_n8,k1,sass__thread_inst_executed_true_per_opcode_with_modifier_all,,0
h96_n8,k1,sass__thread_inst_executed_true_per_opcode_with_modifier_selective,,0
h96_n8,k1,sm__inst_executed.avg.pct_of_peak_sustained_elapsed,%,73.65
h96_n8,k1,sm__inst_executed.max.pct_of_peak_sustained_elapsed,%,75.62
h96_n8,k1,sm__inst_executed.min.pct_of_peak_sustained_elapsed,%,71.18
h96_n8,k1,sm__inst_executed.sum.pct_of_peak_sustained_elapsed,%,73.65
h96_n8,k1,sm__inst_executed_pipe_adu.avg.pct_of_peak_sustained_elapsed,%,22.20
h96_n8,k1,sm__inst_executed_pipe_adu.max.pct_of_peak_sustained_elapsed,%,22.78
h96_n8,k1,sm__inst_executed_pipe_adu.min.pct_of_peak_sustained_elapsed,%,21.45
h96_n8,k1,sm__inst_executed_pipe_adu.sum.pct_of_peak_sustained_elapsed,%,22.20
h96_n8,k1,sm__inst_executed_pipe_cbu_pred_on_any.avg.pct_of_peak_sustained_elapsed,%,6.52
h96_n8,k1,sm__inst_executed_pipe_cbu_pred_on_any.max.pct_of_peak_sustained_elapsed,%,6.69
h96_n8,k1,sm__inst_executed_pipe_cbu_pred_on_any.min.pct_of_peak_sustained_elapsed,%,6.36
h96_n8,k1,sm__inst_executed_pipe_cbu_pred_on_any.sum.pct_of_peak_sustained_elapsed,%,6.52
h96_n8,k1,sm__inst_executed_pipe_ipa.avg.pct_of_peak_sustained_elapsed,%,0
h96_n8,k1,sm__inst_executed_pipe_ipa.max.pct_of_peak_sustained_elapsed,%,0
h96_n8,k1,sm__inst_executed_pipe_ipa.min.pct_of_peak_sustained_elapsed,%,0
h96_n8,k1,sm__inst_executed_pipe_ipa.sum.pct_of_peak_sustained_elapsed,%,0
h96_n8,k1,sm__inst_executed_pipe_lsu.avg.pct_of_peak_sustained_elapsed,%,42.41
h96_n8,k1,sm__inst_executed_pipe_lsu.max.pct_of_peak_sustained_elapsed,%,43.55
h96_n8,k1,sm__inst_executed_pipe_lsu.min.pct_of_peak_sustained_elapsed,%,41.38
h96_n8,k1,sm__inst_executed_pipe_lsu.sum.pct_of_peak_sustained_elapsed,%,42.41
h96_n8,k1,sm__inst_executed_pipe_tex.avg.pct_of_peak_sustained_elapsed,%,0
h96_n8,k1,sm__inst_executed_pipe_tex.max.pct_of_peak_sustained_elapsed,%,0
h96_n8,k1,sm__inst_executed_pipe_tex.min.pct_of_peak_sustained_elapsed,%,0
h96_n8,k1,sm__inst_executed_pipe_tex.sum.pct_of_peak_sustained_elapsed,%,0
h96_n8,k1,sm__inst_executed_pipe_uniform.avg.pct_of_peak_sustained_elapsed,%,3.36
h96_n8,k1,sm__inst_executed_pipe_uniform.max.pct_of_peak_sustained_elapsed,%,3.45
h96_n8,k1,sm__inst_executed_pipe_uniform.min.pct_of_peak_sustained_elapsed,%,3.25
h96_n8,k1,sm__inst_executed_pipe_uniform.sum.pct_of_peak_sustained_elapsed,%,3.36
h96_n8,k1,sm__instruction_throughput_internal_activity.avg.pct_of_peak_sustained_elapsed,%,0
h96_n8,k1,sm__instruction_throughput_internal_activity.max.pct_of_peak_sustained_elapsed,%,0
h96_n8,k1,sm__instruction_throughput_internal_activity.min.pct_of_peak_sustained_elapsed,%,0
h96_n8,k1,sm__instruction_throughput_internal_activity.sum.pct_of_peak_sustained_elapsed,%,0
h96_n8,k1,sm__issue_active.avg.pct_of_peak_sustained_elapsed,%,73.65
h96_n8,k1,sm__issue_active.max.pct_of_peak_sustained_elapsed,%,75.62
h96_n8,k1,sm__issue_active.min.pct_of_peak_sustained_elapsed,%,71.41
h96_n8,k1,sm__issue_active.sum.pct_of_peak_sustained_elapsed,%,73.65
h96_n8,k1,sm__maximum_warps_avg_per_active_cycle,warp,64
h96_n8,k1,sm__maximum_warps_per_active_cycle_pct,%,100
h96_n8,k1,sm__mem_tensor_cycles_active.avg.pct_of_peak_sustained_elapsed,%,0
h96_n8,k1,sm__mem_tensor_cycles_active.max.pct_of_peak_sustained_elapsed,%,0
h96_n8,k1,sm__mem_tensor_cycles_active.min.pct_of_peak_sustained_elapsed,%,0
h96_n8,k1,sm__mem_tensor_cycles_active.sum.pct_of_peak_sustained_elapsed,%,0
h96_n8,k1,sm__memory_throughput.avg.pct_of_peak_sustained_elapsed,%,42.41
h96_n8,k1,sm__memory_throughput.max.pct_of_peak_sustained_elapsed,%,43.55
h96_n8,k1,sm__memory_throughput.min.pct_of_peak_sustained_elapsed,%,41.38
h96_n8,k1,sm__memory_throughput.sum.pct_of_peak_sustained_elapsed,%,42.41
h96_n8,k1,sm__memory_throughput_internal_activity.avg.pct_of_peak_sustained_elapsed,%,6.04
h96_n8,k1,sm__memory_throughput_internal_activity.max.pct_of_peak_sustained_elapsed,%,6.20
h96_n8,k1,sm__memory_throughput_internal_activity.min.pct_of_peak_sustained_elapsed,%,5.87
h96_n8,k1,sm__memory_throughput_internal_activity.sum.pct_of_peak_sustained_elapsed,%,6.04
h96_n8,k1,sm__mio2rf_writeback_active.avg.pct_of_peak_sustained_elapsed,%,9.75
h96_n8,k1,sm__mio2rf_writeback_active.max.pct_of_peak_sustained_elapsed,%,10.04
h96_n8,k1,sm__mio2rf_writeback_active.min.pct_of_peak_sustained_elapsed,%,9.48
h96_n8,k1,sm__mio2rf_writeback_active.sum.pct_of_peak_sustained_elapsed,%,9.75
h96_n8,k1,sm__mio_inst_issued.avg.pct_of_peak_sustained_elapsed,%,28.90
h96_n8,k1,sm__mio_inst_issued.max.pct_of_peak_sustained_elapsed,%,29.65
h96_n8,k1,sm__mio_inst_issued.min.pct_of_peak_sustained_elapsed,%,28.08
h96_n8,k1,sm__mio_inst_issued.sum.pct_of_peak_sustained_elapsed,%,28.90
h96_n8,k1,sm__mio_pq_read_cycles_active.avg.pct_of_peak_sustained_elapsed,%,26.03
h96_n8,k1,sm__mio_pq_read_cycles_active.max.pct_of_peak_sustained_elapsed,%,26.74
h96_n8,k1,sm__mio_pq_read_cycles_active.min.pct_of_peak_sustained_elapsed,%,25.38
h96_n8,k1,sm__mio_pq_read_cycles_active.sum.pct_of_peak_sustained_elapsed,%,26.03
h96_n8,k1,sm__mio_pq_write_cycles_active.avg.pct_of_peak_sustained_elapsed,%,26.03
h96_n8,k1,sm__mio_pq_write_cycles_active.max.pct_of_peak_sustained_elapsed,%,26.74
h96_n8,k1,sm__mio_pq_write_cycles_active.min.pct_of_peak_sustained_elapsed,%,25.38
h96_n8,k1,sm__mio_pq_write_cycles_active.sum.pct_of_peak_sustained_elapsed,%,26.03
h96_n8,k1,sm__pipe_alu_cycles_active.avg.pct_of_peak_sustained_elapsed,%,42.35
h96_n8,k1,sm__pipe_alu_cycles_active.max.pct_of_peak_sustained_elapsed,%,43.48
h96_n8,k1,sm__pipe_alu_cycles_active.min.pct_of_peak_sustained_elapsed,%,40.93
h96_n8,k1,sm__pipe_alu_cycles_active.sum.pct_of_peak_sustained_elapsed,%,42.35
h96_n8,k1,sm__pipe_fma_cycles_active.avg.pct_of_peak_sustained_elapsed,%,27.38
h96_n8,k1,sm__pipe_fma_cycles_active.max.pct_of_peak_sustained_elapsed,%,28.19
h96_n8,k1,sm__pipe_fma_cycles_active.min.pct_of_peak_sustained_elapsed,%,26.55
h96_n8,k1,sm__pipe_fma_cycles_active.sum.pct_of_peak_sustained_elapsed,%,27.38
h96_n8,k1,sm__pipe_fmaheavy_cycles_active.avg.pct_of_peak_sustained_elapsed,%,26.92
h96_n8,k1,sm__pipe_fmaheavy_cycles_active.max.pct_of_peak_sustained_elapsed,%,27.73
h96_n8,k1,sm__pipe_fmaheavy_cycles_active.min.pct_of_peak_sustained_elapsed,%,26.04
h96_n8,k1,sm__pipe_fmaheavy_cycles_active.sum.pct_of_peak_sustained_elapsed,%,26.92
h96_n8,k1,sm__pipe_fp64_cycles_active.avg.pct_of_peak_sustained_elapsed,%,0
h96_n8,k1,sm__pipe_fp64_cycles_active.max.pct_of_peak_sustained_elapsed,%,0
h96_n8,k1,sm__pipe_fp64_cycles_active.min.pct_of_peak_sustained_elapsed,%,0
h96_n8,k1,sm__pipe_fp64_cycles_active.sum.pct_of_peak_sustained_elapsed,%,0
h96_n8,k1,sm__pipe_tc_cycles_active.avg.pct_of_peak_sustained_elapsed,%,0
h96_n8,k1,sm__pipe_tc_cycles_active.max.pct_of_peak_sustained_elapsed,%,0
h96_n8,k1,sm__pipe_tc_cycles_active.min.pct_of_peak_sustained_elapsed,%,0
h96_n8,k1,sm__pipe_tc_cycles_active.sum.pct_of_peak_sustained_elapsed,%,0
h96_n8,k1,sm__pipe_tensor_cycles_active.avg.pct_of_peak_sustained_elapsed,%,5.91
h96_n8,k1,sm__pipe_tensor_cycles_active.max.pct_of_peak_sustained_elapsed,%,6.06
h96_n8,k1,sm__pipe_tensor_cycles_active.min.pct_of_peak_sustained_elapsed,%,5.74
h96_n8,k1,sm__pipe_tensor_cycles_active.sum.pct_of_peak_sustained_elapsed,%,5.91
h96_n8,k1,sm__pipe_tma_cycles_active.avg.pct_of_peak_sustained_elapsed,%,8.19
h96_n8,k1,sm__pipe_tma_cycles_active.max.pct_of_peak_sustained_elapsed,%,8.38
h96_n8,k1,sm__pipe_tma_cycles_active.min.pct_of_peak_sustained_elapsed,%,7.99
h96_n8,k1,sm__pipe_tma_cycles_active.sum.pct_of_peak_sustained_elapsed,%,8.19
h96_n8,k1,sm__pipe_xu_cycles_active.avg.pct_of_peak_sustained_elapsed,%,27.65
h96_n8,k1,sm__pipe_xu_cycles_active.max.pct_of_peak_sustained_elapsed,%,28.39
h96_n8,k1,sm__pipe_xu_cycles_active.min.pct_of_peak_sustained_elapsed,%,26.89
h96_n8,k1,sm__pipe_xu_cycles_active.sum.pct_of_peak_sustained_elapsed,%,27.65
h96_n8,k1,smsp__maximum_warps_avg_per_active_cycle,warp,16
h96_n8,k2,c2clink__enabled_mask,,0
h96_n8,k2,c2clink__present,,0
h96_n8,k2,derived__local_spilling_requests,,0
h96_n8,k2,derived__local_spilling_requests_pct,%,no data
h96_n8,k2,device__attribute_architecture,,416
h96_n8,k2,device__attribute_async_engine_count,,4
h96_n8,k2,device__attribute_can_flush_remote_writes,,0
h96_n8,k2,device__attribute_can_map_host_memory,,1
h96_n8,k2,device__attribute_can_tex2d_gather,,1
h96_n8,k2,device__attribute_can_use_64_bit_stream_mem_ops,,1
h96_n8,k2,device__attribute_can_use_64_bit_stream_mem_ops_v1,,0
h96_n8,k2,device__attribute_can_use_host_pointer_for_registered_mem,,1
h96_n8,k2,device__attribute_can_use_stream_mem_ops_v1,,0
h96_n8,k2,device__attribute_can_use_stream_wait_value_nor,,1
h96_n8,k2,device__attribute_can_use_stream_wait_value_nor_v1,,0
h96_n8,k2,device__attribute_chip,,419
h96_n8,k2,device__attribute_clock_rate,,2032000
h96_n8,k2,device__attribute_cluster_launch,,1
h96_n8,k2,device__attribute_compute_capability_major,,10
h96_n8,k2,device__attribute_compute_capability_minor,,3
h96_n8,k2,device__attribute_compute_mode,,0
h96_n8,k2,device__attribute_compute_preemption_supported,,1
h96_n8,k2,device__attribute_concurrent_kernels,,1
h96_n8,k2,device__attribute_concurrent_managed_access,,1
h96_n8,k2,device__attribute_confidential_computing_mode,,No-CC
h96_n8,k2,device__attribute_cooperative_launch,,1
h96_n8,k2,device__attribute_cooperative_multi_device_launch,,1
h96_n8,k2,device__attribute_deferred_mapping_cuda_array_supported,,1
h96_n8,k2,device__attribute_device_index,,0
h96_n8,k2,device__attribute_direct_managed_mem_access_from_host,,0
h96_n8,k2,device__attribute_display_name,,NVIDIA B300 SXM6 AC
h96_n8,k2,device__attribute_dma_buf_supported,,1
h96_n8,k2,device__attribute_ecc_enabled,,1
h96_n8,k2,device__attribute_fb_bus_width,,7680
h96_n8,k2,device__attribute_fbp_count,,16
h96_n8,k2,device__attribute_generic_compression_supported,,1
h96_n8,k2,device__attribute_global_l1_cache_supported,,1
h96_n8,k2,device__attribute_global_memory_bus_width,,7680
h96_n8,k2,device__attribute_gpu_direct_rdma_flush_writes_options,,1
h96_n8,k2,device__attribute_gpu_direct_rdma_supported,,1
h96_n8,k2,device__attribute_gpu_direct_rdma_with_cuda_vmm_supported,,1
h96_n8,k2,device__attribute_gpu_direct_rdma_writes_ordering,,100
h96_n8,k2,device__attribute_gpu_overlap,,1
h96_n8,k2,device__attribute_gpu_pci_device_id,,830607582
h96_n8,k2,device__attribute_gpu_pci_ext_device_id,,12674
h96_n8,k2,device__attribute_gpu_pci_ext_downstream_link_rate,,16000
h96_n8,k2,device__attribute_gpu_pci_ext_downstream_link_width,,32
h96_n8,k2,device__attribute_gpu_pci_ext_gen,,5
h96_n8,k2,device__attribute_gpu_pci_ext_gpu_gen,,5
h96_n8,k2,device__attribute_gpu_pci_ext_gpu_link_rate,,64000
h96_n8,k2,device__attribute_gpu_pci_ext_gpu_link_width,,16
h96_n8,k2,device__attribute_gpu_pci_revision_id,,161
h96_n8,k2,device__attribute_gpu_pci_sub_system_id,,551948510
h96_n8,k2,device__attribute_handle_type_fabric_supported,,1
h96_n8,k2,device__attribute_handle_type_posix_file_descriptor_supported,,1
h96_n8,k2,device__attribute_handle_type_win32_handle_supported,,0
h96_n8,k2,device__attribute_handle_type_win32_kmt_handle_supported,,0
h96_n8,k2,device__attribute_host_native_atomic_supported,,0
h96_n8,k2,device__attribute_host_numa_id,,0
h96_n8,k2,device__attribute_host_register_supported,,1
h96_n8,k2,device__attribute_implementation,,419
h96_n8,k2,device__attribute_integrated,,0
h96_n8,k2,device__attribute_ipc_event_supported,,1
h96_n8,k2,device__attribute_kernel_exec_timeout,,0
h96_n8,k2,device__attribute_l2_cache_size,,132644864
h96_n8,k2,device__attribute_l2s_count,,192
h96_n8,k2,device__attribute_limits_max_cta_per_sm,,32
h96_n8,k2,device__attribute_limits_num_tpcs,,74
h96_n8,k2,device__attribute_local_l1_cache_supported,,1
h96_n8,k2,device__attribute_managed_memory,,1
h96_n8,k2,device__attribute_max_access_policy_window_size,,134217728
h96_n8,k2,device__attribute_max_block_dim_x,,1024
h96_n8,k2,device__attribute_max_block_dim_y,,1024
h96_n8,k2,device__attribute_max_block_dim_z,,64
h96_n8,k2,device__attribute_max_blocks_per_multiprocessor,,32
h96_n8,k2,device__attribute_max_gpu_frequency_khz,,2032000
h96_n8,k2,device__attribute_max_grid_dim_x,,2147483647
h96_n8,k2,device__attribute_max_grid_dim_y,,65535
h96_n8,k2,device__attribute_max_grid_dim_z,,65535
h96_n8,k2,device__attribute_max_ipc_per_multiprocessor,,4
h96_n8,k2,device__attribute_max_ipc_per_scheduler,,1
h96_n8,k2,device__attribute_max_mem_frequency_khz,,3996000
h96_n8,k2,device__attribute_max_persisting_l2_cache_size,,82903040
h96_n8,k2,device__attribute_max_pitch,,2147483647
h96_n8,k2,device__attribute_max_registers_per_block,,65536
h96_n8,k2,device__attribute_max_registers_per_multiprocessor,,65536
h96_n8,k2,device__attribute_max_registers_per_thread,,255
h96_n8,k2,device__attribute_max_shared_memory_per_block,,49152
h96_n8,k2,device__attribute_max_shared_memory_per_block_optin,,232448
h96_n8,k2,device__attribute_max_shared_memory_per_multiprocessor,,233472
h96_n8,k2,device__attribute_max_threads_per_block,,1024
h96_n8,k2,device__attribute_max_threads_per_multiprocessor,,2048
h96_n8,k2,device__attribute_max_warps_per_multiprocessor,,64
h96_n8,k2,device__attribute_max_warps_per_scheduler,,16
h96_n8,k2,device__attribute_maximum_surface1d_layered_layers,,2048
h96_n8,k2,device__attribute_maximum_surface1d_layered_width,,32768
h96_n8,k2,device__attribute_maximum_surface1d_width,,32768
h96_n8,k2,device__attribute_maximum_surface2d_height,,65536
h96_n8,k2,device__attribute_maximum_surface2d_layered_height,,32768
h96_n8,k2,device__attribute_maximum_surface2d_layered_layers,,2048
h96_n8,k2,device__attribute_maximum_surface2d_layered_width,,32768
h96_n8,k2,device__attribute_maximum_surface2d_width,,131072
h96_n8,k2,device__attribute_maximum_surface3d_depth,,16384
h96_n8,k2,device__attribute_maximum_surface3d_height,,16384
h96_n8,k2,device__attribute_maximum_surface3d_width,,16384
h96_n8,k2,device__attribute_maximum_surfacecubemap_layered_layers,,2046
h96_n8,k2,device__attribute_maximum_surfacecubemap_layered_width,,32768
h96_n8,k2,device__attribute_maximum_surfacecubemap_width,,32768
h96_n8,k2,device__attribute_maximum_texture1d_layered_layers,,2048
h96_n8,k2,device__attribute_maximum_texture1d_layered_width,,32768
h96_n8,k2,device__attribute_maximum_texture1d_linear_width,,268435456
h96_n8,k2,device__attribute_maximum_texture1d_mipmapped_width,,32768
h96_n8,k2,device__attribute_maximum_texture1d_width,,131072
h96_n8,k2,device__attribute_maximum_texture2d_gather_height,,32768
h96_n8,k2,device__attribute_maximum_texture2d_gather_width,,32768
h96_n8,k2,device__attribute_maximum_texture2d_height,,65536
h96_n8,k2,device__attribute_maximum_texture2d_layered_height,,32768
h96_n8,k2,device__attribute_maximum_texture2d_layered_layers,,2048
h96_n8,k2,device__attribute_maximum_texture2d_layered_width,,32768
h96_n8,k2,device__attribute_maximum_texture2d_linear_height,,65000
h96_n8,k2,device__attribute_maximum_texture2d_linear_pitch,,2097120
h96_n8,k2,device__attribute_maximum_texture2d_linear_width,,131072
h96_n8,k2,device__attribute_maximum_texture2d_mipmapped_height,,32768
h96_n8,k2,device__attribute_maximum_texture2d_mipmapped_width,,32768
h96_n8,k2,device__attribute_maximum_texture2d_width,,131072
h96_n8,k2,device__attribute_maximum_texture3d_depth,,16384
h96_n8,k2,device__attribute_maximum_texture3d_depth_alternate,,32768
h96_n8,k2,device__attribute_maximum_texture3d_height,,16384
h96_n8,k2,device__attribute_maximum_texture3d_height_alternate,,8192
h96_n8,k2,device__attribute_maximum_texture3d_width,,16384
h96_n8,k2,device__attribute_maximum_texture3d_width_alternate,,8192
h96_n8,k2,device__attribute_maximum_texturecubemap_layered_layers,,2046
h96_n8,k2,device__attribute_maximum_texturecubemap_layered_width,,32768
h96_n8,k2,device__attribute_maximum_texturecubemap_width,,32768
h96_n8,k2,device__attribute_mem_sync_domain_count,,4
h96_n8,k2,device__attribute_memory_clock_rate,,3996000
h96_n8,k2,device__attribute_memory_pools_supported,,1
h96_n8,k2,device__attribute_mempool_supported_handle_types,,9
h96_n8,k2,device__attribute_mps_enabled,,0
h96_n8,k2,device__attribute_multi_gpu_board,,0
h96_n8,k2,device__attribute_multi_gpu_board_group_id,,0
h96_n8,k2,device__attribute_multicast_supported,,1
h96_n8,k2,device__attribute_multiprocessor_count,,148
h96_n8,k2,device__attribute_num_l2s_per_fbp,,12
h96_n8,k2,device__attribute_num_schedulers_per_multiprocessor,,4
h96_n8,k2,device__attribute_num_tex_per_multiprocessor,,1
h96_n8,k2,device__attribute_numa_config,,0
h96_n8,k2,device__attribute_pageable_memory_access,,1
h96_n8,k2,device__attribute_pageable_memory_access_uses_host_page_tables,,0
h96_n8,k2,device__attribute_pci_bus_id,,6
h96_n8,k2,device__attribute_pci_device_id,,0
h96_n8,k2,device__attribute_pci_domain_id,,0
h96_n8,k2,device__attribute_ram_location,,1
h96_n8,k2,device__attribute_ram_type,,0
h96_n8,k2,device__attribute_reserved_shared_memory_per_block,,1024
h96_n8,k2,device__attribute_sass_level,,10
h96_n8,k2,device__attribute_single_to_double_precision_perf_ratio,,64
h96_n8,k2,device__attribute_sparse_cuda_array_supported,,1
h96_n8,k2,device__attribute_stream_priorities_supported,,1
h96_n8,k2,device__attribute_surface_alignment,,512
h96_n8,k2,device__attribute_tcc_driver,,0
h96_n8,k2,device__attribute_tensor_map_access_supported,,1
h96_n8,k2,device__attribute_texture_alignment,,512
h96_n8,k2,device__attribute_texture_pitch_alignment,,32
h96_n8,k2,device__attribute_total_constant_memory,,65536
h96_n8,k2,device__attribute_total_memory,,287428640768
h96_n8,k2,device__attribute_unified_addressing,,1
h96_n8,k2,device__attribute_unified_function_pointers,,1
h96_n8,k2,device__attribute_virtual_address_management_supported,,1
h96_n8,k2,device__attribute_warp_size,,32
h96_n8,k2,dram__bytes.avg.per_second,byte/s,25182811126.02
h96_n8,k2,dram__bytes.max.per_second,byte/s,26893136483.55
h96_n8,k2,dram__bytes.min.per_second,byte/s,13366409034.11
h96_n8,k2,dram__bytes.sum.per_second,byte/s,1611699912065.53
h96_n8,k2,gpc__cycles_elapsed.avg.per_second,hz,1088132788.27
h96_n8,k2,gpc__cycles_elapsed.max.per_second,hz,1090552251.59
h96_n8,k2,gpc__cycles_elapsed.min.per_second,hz,1082885465.36
h96_n8,k2,gpc__cycles_elapsed.sum.per_second,hz,8705062306.20
h96_n8,k2,gpu__compute_memory_access_throughput.avg.pct_of_peak_sustained_elapsed,%,69.63
h96_n8,k2,gpu__compute_memory_access_throughput.max.pct_of_peak_sustained_elapsed,%,80.16
h96_n8,k2,gpu__compute_memory_access_throughput.min.pct_of_peak_sustained_elapsed,%,66.87
h96_n8,k2,gpu__compute_memory_access_throughput.sum.pct_of_peak_sustained_elapsed,%,69.63
h96_n8,k2,gpu__compute_memory_request_throughput.avg.pct_of_peak_sustained_elapsed,%,48.51
h96_n8,k2,gpu__compute_memory_request_throughput.max.pct_of_peak_sustained_elapsed,%,56.09
h96_n8,k2,gpu__compute_memory_request_throughput.min.pct_of_peak_sustained_elapsed,%,46.75
h96_n8,k2,gpu__compute_memory_request_throughput.sum.pct_of_peak_sustained_elapsed,%,48.51
h96_n8,k2,gpu__time_duration.avg,ns,691424
h96_n8,k2,gpu__time_duration.max,ns,691424
h96_n8,k2,gpu__time_duration.min,ns,691424
h96_n8,k2,gpu__time_duration.sum,ns,691424
h96_n8,k2,idc__request_cycles_active.avg.pct_of_peak_sustained_elapsed,%,0.02
h96_n8,k2,idc__request_cycles_active.max.pct_of_peak_sustained_elapsed,%,0.02
h96_n8,k2,idc__request_cycles_active.min.pct_of_peak_sustained_elapsed,%,0.02
h96_n8,k2,idc__request_cycles_active.sum.pct_of_peak_sustained_elapsed,%,0.02
h96_n8,k2,l1tex__data_bank_conflicts_pipe_lsu_mem_shared_op_ld.avg,,18866.23
h96_n8,k2,l1tex__data_bank_conflicts_pipe_lsu_mem_shared_op_ld.max,,22305
h96_n8,k2,l1tex__data_bank_conflicts_pipe_lsu_mem_shared_op_ld.min,,17317
h96_n8,k2,l1tex__data_bank_conflicts_pipe_lsu_mem_shared_op_ld.sum,,2792202
h96_n8,k2,l1tex__data_bank_conflicts_pipe_lsu_mem_shared_op_st.avg,,38024.80
h96_n8,k2,l1tex__data_bank_conflicts_pipe_lsu_mem_shared_op_st.max,,42760
h96_n8,k2,l1tex__data_bank_conflicts_pipe_lsu_mem_shared_op_st.min,,35292
h96_n8,k2,l1tex__data_bank_conflicts_pipe_lsu_mem_shared_op_st.sum,,5627671
h96_n8,k2,l1tex__data_bank_reads.avg.pct_of_peak_sustained_elapsed,%,22.33
h96_n8,k2,l1tex__data_bank_reads.max.pct_of_peak_sustained_elapsed,%,25.82
h96_n8,k2,l1tex__data_bank_reads.min.pct_of_peak_sustained_elapsed,%,21.52
h96_n8,k2,l1tex__data_bank_reads.sum.pct_of_peak_sustained_elapsed,%,22.33
h96_n8,k2,l1tex__data_bank_writes.avg.pct_of_peak_sustained_elapsed,%,9.54
h96_n8,k2,l1tex__data_bank_writes.max.pct_of_peak_sustained_elapsed,%,11.03
h96_n8,k2,l1tex__data_bank_writes.min.pct_of_peak_sustained_elapsed,%,9.19
h96_n8,k2,l1tex__data_bank_writes.sum.pct_of_peak_sustained_elapsed,%,9.54
h96_n8,k2,l1tex__data_pipe_lsu_wavefronts.avg,,524434
h96_n8,k2,l1tex__data_pipe_lsu_wavefronts.avg.pct_of_peak_sustained_elapsed,%,69.63
h96_n8,k2,l1tex__data_pipe_lsu_wavefronts.max,,603793
h96_n8,k2,l1tex__data_pipe_lsu_wavefronts.max.pct_of_peak_sustained_elapsed,%,80.16
h96_n8,k2,l1tex__data_pipe_lsu_wavefronts.min,,503681
h96_n8,k2,l1tex__data_pipe_lsu_wavefronts.min.pct_of_peak_sustained_elapsed,%,66.87
h96_n8,k2,l1tex__data_pipe_lsu_wavefronts.sum,,77616232
h96_n8,k2,l1tex__data_pipe_lsu_wavefronts.sum.pct_of_peak_sustained_elapsed,%,69.63
h96_n8,k2,l1tex__data_pipe_lsu_wavefronts_mem_shared.avg,,521860.28
h96_n8,k2,l1tex__data_pipe_lsu_wavefronts_mem_shared.max,,602185
h96_n8,k2,l1tex__data_pipe_lsu_wavefronts_mem_shared.min,,501179
h96_n8,k2,l1tex__data_pipe_lsu_wavefronts_mem_shared.sum,,77235322
h96_n8,k2,l1tex__data_pipe_lsu_wavefronts_mem_shared_op_ld.avg,,361601.80
h96_n8,k2,l1tex__data_pipe_lsu_wavefronts_mem_shared_op_ld.max,,418593
h96_n8,k2,l1tex__data_pipe_lsu_wavefronts_mem_shared_op_ld.min,,347557
h96_n8,k2,l1tex__data_pipe_lsu_wavefronts_mem_shared_op_ld.sum,,53517066
h96_n8,k2,l1tex__data_pipe_lsu_wavefronts_mem_shared_op_st.avg,,133675.22
h96_n8,k2,l1tex__data_pipe_lsu_wavefronts_mem_shared_op_st.max,,152825
h96_n8,k2,l1tex__data_pipe_lsu_wavefronts_mem_shared_op_st.min,,127450
h96_n8,k2,l1tex__data_pipe_lsu_wavefronts_mem_shared_op_st.sum,,19783932
h96_n8,k2,l1tex__data_pipe_tc_wavefronts.avg.pct_of_peak_sustained_elapsed,%,0
h96_n8,k2,l1tex__data_pipe_tc_wavefronts.max.pct_of_peak_sustained_elapsed,%,0
h96_n8,k2,l1tex__data_pipe_tc_wavefronts.min.pct_of_peak_sustained_elapsed,%,0
h96_n8,k2,l1tex__data_pipe_tc_wavefronts.sum.pct_of_peak_sustained_elapsed,%,0
h96_n8,k2,l1tex__data_pipe_tex_wavefronts.avg.pct_of_peak_sustained_elapsed,%,0
h96_n8,k2,l1tex__data_pipe_tex_wavefronts.max.pct_of_peak_sustained_elapsed,%,0
h96_n8,k2,l1tex__data_pipe_tex_wavefronts.min.pct_of_peak_sustained_elapsed,%,0
h96_n8,k2,l1tex__data_pipe_tex_wavefronts.sum.pct_of_peak_sustained_elapsed,%,0
h96_n8,k2,l1tex__f_wavefronts.avg.pct_of_peak_sustained_elapsed,%,0
h96_n8,k2,l1tex__f_wavefronts.max.pct_of_peak_sustained_elapsed,%,0
h96_n8,k2,l1tex__f_wavefronts.min.pct_of_peak_sustained_elapsed,%,0
h96_n8,k2,l1tex__f_wavefronts.sum.pct_of_peak_sustained_elapsed,%,0
h96_n8,k2,l1tex__lsu_writeback_active.avg.pct_of_peak_sustained_elapsed,%,48.51
h96_n8,k2,l1tex__lsu_writeback_active.max.pct_of_peak_sustained_elapsed,%,56.09
h96_n8,k2,l1tex__lsu_writeback_active.min.pct_of_peak_sustained_elapsed,%,46.75
h96_n8,k2,l1tex__lsu_writeback_active.sum.pct_of_peak_sustained_elapsed,%,48.51
h96_n8,k2,l1tex__lsuin_requests.avg.pct_of_peak_sustained_elapsed,%,20.31
h96_n8,k2,l1tex__lsuin_requests.max.pct_of_peak_sustained_elapsed,%,23.48
h96_n8,k2,l1tex__lsuin_requests.min.pct_of_peak_sustained_elapsed,%,19.56
h96_n8,k2,l1tex__lsuin_requests.sum.pct_of_peak_sustained_elapsed,%,20.31
h96_n8,k2,l1tex__m_l1tex2xbar_req_cycles_active.avg.pct_of_peak_sustained_elapsed,%,43.17
h96_n8,k2,l1tex__m_l1tex2xbar_req_cycles_active.max.pct_of_peak_sustained_elapsed,%,49.91
h96_n8,k2,l1tex__m_l1tex2xbar_req_cycles_active.min.pct_of_peak_sustained_elapsed,%,41.59
h96_n8,k2,l1tex__m_l1tex2xbar_req_cycles_active.sum.pct_of_peak_sustained_elapsed,%,43.17
h96_n8,k2,l1tex__m_xbar2l1tex_read_sectors.avg.pct_of_peak_sustained_elapsed,%,12.54
h96_n8,k2,l1tex__m_xbar2l1tex_read_sectors.max.pct_of_peak_sustained_elapsed,%,14.50
h96_n8,k2,l1tex__m_xbar2l1tex_read_sectors.min.pct_of_peak_sustained_elapsed,%,12.09
h96_n8,k2,l1tex__m_xbar2l1tex_read_sectors.sum.pct_of_peak_sustained_elapsed,%,12.54
h96_n8,k2,l1tex__m_xbar2l1tex_read_sectors_mem_dshared.avg.pct_of_peak_sustained_elapsed,%,0
h96_n8,k2,l1tex__m_xbar2l1tex_read_sectors_mem_dshared.max.pct_of_peak_sustained_elapsed,%,0
h96_n8,k2,l1tex__m_xbar2l1tex_read_sectors_mem_dshared.min.pct_of_peak_sustained_elapsed,%,0
h96_n8,k2,l1tex__m_xbar2l1tex_read_sectors_mem_dshared.sum.pct_of_peak_sustained_elapsed,%,0
h96_n8,k2,l1tex__t_sector_hit_rate.pct,%,0
h96_n8,k2,l1tex__tex_writeback_active.avg.pct_of_peak_sustained_elapsed,%,0
h96_n8,k2,l1tex__tex_writeback_active.max.pct_of_peak_sustained_elapsed,%,0
h96_n8,k2,l1tex__tex_writeback_active.min.pct_of_peak_sustained_elapsed,%,0
h96_n8,k2,l1tex__tex_writeback_active.sum.pct_of_peak_sustained_elapsed,%,0
h96_n8,k2,l1tex__texin_sm2tex_req_cycles_active.avg.pct_of_peak_sustained_elapsed,%,0.07
h96_n8,k2,l1tex__texin_sm2tex_req_cycles_active.max.pct_of_peak_sustained_elapsed,%,0.08
h96_n8,k2,l1tex__texin_sm2tex_req_cycles_active.min.pct_of_peak_sustained_elapsed,%,0.06
h96_n8,k2,l1tex__texin_sm2tex_req_cycles_active.sum.pct_of_peak_sustained_elapsed,%,0.07
h96_n8,k2,l1tex__tmain_requests.avg.pct_of_peak_sustained_elapsed,%,3.86
h96_n8,k2,l1tex__tmain_requests.max.pct_of_peak_sustained_elapsed,%,4.46
h96_n8,k2,l1tex__tmain_requests.min.pct_of_peak_sustained_elapsed,%,3.72
h96_n8,k2,l1tex__tmain_requests.sum.pct_of_peak_sustained_elapsed,%,3.86
h96_n8,k2,launch__barrier_count,,9
h96_n8,k2,launch__block_dim_x,block,192
h96_n8,k2,launch__block_dim_y,block,1
h96_n8,k2,launch__block_dim_z,block,1
h96_n8,k2,launch__block_size,,192
h96_n8,k2,launch__cluster_dim_x,,0
h96_n8,k2,launch__cluster_dim_y,,0
h96_n8,k2,launch__cluster_dim_z,,0
h96_n8,k2,launch__cluster_max_active,cluster,0
h96_n8,k2,launch__cluster_max_potential_size,block,8
h96_n8,k2,launch__cluster_scheduling_policy,,PolicySpread
h96_n8,k2,launch__cluster_size,,0
h96_n8,k2,launch__context_id,,1
h96_n8,k2,launch__device_id,,0
h96_n8,k2,launch__func_cache_config,,CachePreferNone
h96_n8,k2,launch__function_pcs,,1
h96_n8,k2,launch__grid_dim_x,,8
h96_n8,k2,launch__grid_dim_y,,96
h96_n8,k2,launch__grid_dim_z,,1
h96_n8,k2,launch__grid_size,,768
h96_n8,k2,launch__occupancy_cluster_gpu_pct,%,0
h96_n8,k2,launch__occupancy_cluster_pct,%,0
h96_n8,k2,launch__occupancy_limit_barriers,block,7
h96_n8,k2,launch__occupancy_limit_blocks,block,32
h96_n8,k2,launch__occupancy_limit_registers,block,4
h96_n8,k2,launch__occupancy_limit_shared_mem,block,2
h96_n8,k2,launch__occupancy_limit_warps,block,10
h96_n8,k2,launch__occupancy_per_barrier_count,,588
h96_n8,k2,launch__occupancy_per_block_size,,758
h96_n8,k2,launch__occupancy_per_cluster_size,,0
h96_n8,k2,launch__occupancy_per_register_count,,2556
h96_n8,k2,launch__occupancy_per_shared_mem_size,,5292
h96_n8,k2,launch__persisting_l2_cache_size,byte,24870912
h96_n8,k2,launch__preferred_cluster_dim_x,,0
h96_n8,k2,launch__preferred_cluster_dim_y,,0
h96_n8,k2,launch__preferred_cluster_dim_z,,0
h96_n8,k2,launch__preferred_cluster_size,,0
h96_n8,k2,launch__registers_per_thread,register/thread,73
h96_n8,k2,launch__registers_per_thread_allocated,register/thread,80
h96_n8,k2,launch__shared_mem_config_size,byte,200704
h96_n8,k2,launch__shared_mem_per_block,byte/block,99456
h96_n8,k2,launch__shared_mem_per_block_allocated,byte/block,99456
h96_n8,k2,launch__shared_mem_per_block_driver,byte/block,1024
h96_n8,k2,launch__shared_mem_per_block_dynamic,byte/block,98432
h96_n8,k2,launch__shared_mem_per_block_static,byte/block,0
h96_n8,k2,launch__sm_count,SM,148
h96_n8,k2,launch__stack_size,,1024
h96_n8,k2,launch__stream_id,,7
h96_n8,k2,launch__thread_count,thread,147456
h96_n8,k2,launch__tpc_count,,74
h96_n8,k2,launch__tpc_enabled,,all
h96_n8,k2,launch__uses_cdp,,0
h96_n8,k2,launch__uses_green_context,,0
h96_n8,k2,launch__uses_mps,,0
h96_n8,k2,launch__uses_nvlink_centric_scheduling,,0
h96_n8,k2,launch__uses_vgpu,,0
h96_n8,k2,launch__waves_per_multiprocessor,,2.59
h96_n8,k2,lrc__average_ilc_input_sector_success_rate.pct,%,0
h96_n8,k2,lrc__average_ilc_output_sector_compression_achieved_rate.pct,%,0
h96_n8,k2,lrc__ilc_input_sectors.sum,sector,2022
h96_n8,k2,lts__d_atomic_input_cycles_active.avg.pct_of_peak_sustained_elapsed,%,0
h96_n8,k2,lts__d_atomic_input_cycles_active.max.pct_of_peak_sustained_elapsed,%,0
h96_n8,k2,lts__d_atomic_input_cycles_active.min.pct_of_peak_sustained_elapsed,%,0
h96_n8,k2,lts__d_atomic_input_cycles_active.sum.pct_of_peak_sustained_elapsed,%,0
h96_n8,k2,lts__d_decomp_input_sectors.avg.pct_of_peak_sustained_elapsed,%,0
h96_n8,k2,lts__d_decomp_input_sectors.max.pct_of_peak_sustained_elapsed,%,0
h96_n8,k2,lts__d_decomp_input_sectors.min.pct_of_peak_sustained_elapsed,%,0
h96_n8,k2,lts__d_decomp_input_sectors.sum.pct_of_peak_sustained_elapsed,%,0
h96_n8,k2,lts__d_sectors.avg.pct_of_peak_sustained_elapsed,%,16.95
h96_n8,k2,lts__d_sectors.max.pct_of_peak_sustained_elapsed,%,17.79
h96_n8,k2,lts__d_sectors.min.pct_of_peak_sustained_elapsed,%,8.41
h96_n8,k2,lts__d_sectors.sum.pct_of_peak_sustained_elapsed,%,16.95
h96_n8,k2,lts__d_sectors_fill_device.avg.pct_of_peak_sustained_elapsed,%,14.38
h96_n8,k2,lts__d_sectors_fill_device.max.pct_of_peak_sustained_elapsed,%,14.70
h96_n8,k2,lts__d_sectors_fill_device.min.pct_of_peak_sustained_elapsed,%,7.35
h96_n8,k2,lts__d_sectors_fill_device.sum.pct_of_peak_sustained_elapsed,%,14.38
h96_n8,k2,lts__ltcfabric2lts_cycles_active.avg.pct_of_peak_sustained_elapsed,%,10.55
h96_n8,k2,lts__ltcfabric2lts_cycles_active.max.pct_of_peak_sustained_elapsed,%,11.07
h96_n8,k2,lts__ltcfabric2lts_cycles_active.min.pct_of_peak_sustained_elapsed,%,5.36
h96_n8,k2,lts__ltcfabric2lts_cycles_active.sum.pct_of_peak_sustained_elapsed,%,10.55
h96_n8,k2,lts__lts2xbar_cycles_active_realtime.avg.pct_of_peak_sustained_elapsed,%,12.52
h96_n8,k2,lts__lts2xbar_cycles_active_realtime.max.pct_of_peak_sustained_elapsed,%,13.96
h96_n8,k2,lts__lts2xbar_cycles_active_realtime.min.pct_of_peak_sustained_elapsed,%,5.87
h96_n8,k2,lts__lts2xbar_cycles_active_realtime.sum.pct_of_peak_sustained_elapsed,%,12.52
h96_n8,k2,lts__t_sector_hit_rate.pct,%,51.22
h96_n8,k2,lts__t_sectors.avg.pct_of_peak_sustained_elapsed,%,17.91
h96_n8,k2,lts__t_sectors.max.pct_of_peak_sustained_elapsed,%,19.29
h96_n8,k2,lts__t_sectors.min.pct_of_peak_sustained_elapsed,%,8.70
h96_n8,k2,lts__t_sectors.sum.pct_of_peak_sustained_elapsed,%,17.91
h96_n8,k2,lts__t_tag_requests.avg.pct_of_peak_sustained_elapsed,%,39.04
h96_n8,k2,lts__t_tag_requests.max.pct_of_peak_sustained_elapsed,%,41.74
h96_n8,k2,lts__t_tag_requests.min.pct_of_peak_sustained_elapsed,%,19.02
h96_n8,k2,lts__t_tag_requests.sum.pct_of_peak_sustained_elapsed,%,39.04
h96_n8,k2,lts__throughput_internal_activity.avg.pct_of_peak_sustained_elapsed,%,38.94
h96_n8,k2,lts__throughput_internal_activity.max.pct_of_peak_sustained_elapsed,%,41.45
h96_n8,k2,lts__throughput_internal_activity.min.pct_of_peak_sustained_elapsed,%,19.07
h96_n8,k2,lts__throughput_internal_activity.sum.pct_of_peak_sustained_elapsed,%,38.94
h96_n8,k2,lts__xbar2lts_cycles_active.avg.pct_of_peak_sustained_elapsed,%,31.18
h96_n8,k2,lts__xbar2lts_cycles_active.max.pct_of_peak_sustained_elapsed,%,33.55
h96_n8,k2,lts__xbar2lts_cycles_active.min.pct_of_peak_sustained_elapsed,%,15.42
h96_n8,k2,lts__xbar2lts_cycles_active.sum.pct_of_peak_sustained_elapsed,%,31.18
h96_n8,k2,numa__cpu_affinity,,1
h96_n8,k2,numa__dev_display_name_all,,1
h96_n8,k2,numa__id_cpu,,1
h96_n8,k2,numa__id_memory,,1
h96_n8,k2,nvlink__bandwidth,,0
h96_n8,k2,nvlink__count_logical,,0
h96_n8,k2,nvlink__count_physical,,0
h96_n8,k2,nvlink__destination_ports,,0
h96_n8,k2,nvlink__dev0Id,,0
h96_n8,k2,nvlink__dev0type,,0
h96_n8,k2,nvlink__dev1Id,,0
h96_n8,k2,nvlink__dev1type,,0
h96_n8,k2,nvlink__dev_display_name_all,,1
h96_n8,k2,nvlink__enabled_mask,,262143
h96_n8,k2,nvlink__is_direct_link,,0
h96_n8,k2,nvlink__is_nvswitch_connected,,0
h96_n8,k2,nvlink__max_count,,18
h96_n8,k2,nvlink__peer_access,,0
h96_n8,k2,nvlink__peer_atomic,,0
h96_n8,k2,nvlink__source_ports,,0
h96_n8,k2,nvlink__system_access,,0
h96_n8,k2,nvlink__system_atomic,,0
h96_n8,k2,profiler__perfworks_session_reuse,,0
h96_n8,k2,profiler__replayer_bytes_mem_accessible.avg,byte,2133251051
h96_n8,k2,profiler__replayer_bytes_mem_accessible.max,byte,2133251051
h96_n8,k2,profiler__replayer_bytes_mem_accessible.min,byte,2133251051
h96_n8,k2,profiler__replayer_bytes_mem_accessible.sum,byte,21332510510
h96_n8,k2,profiler__replayer_bytes_mem_backed_up.avg,byte,2133251051
h96_n8,k2,profiler__replayer_bytes_mem_backed_up.max,byte,2133251051
h96_n8,k2,profiler__replayer_bytes_mem_backed_up.min,byte,2133251051
h96_n8,k2,profiler__replayer_bytes_mem_backed_up.sum,byte,21332510510
h96_n8,k2,profiler__replayer_passes,pass,10
h96_n8,k2,profiler__replayer_passes_type_warmup,pass,0
h96_n8,k2,sass__inst_executed_per_opcode,,175482792
h96_n8,k2,sass__inst_executed_per_opcode_category,,175482792
h96_n8,k2,sass__inst_executed_per_opcode_with_modifier_all,,175482792
h96_n8,k2,sass__inst_executed_per_opcode_with_modifier_selective,,175482792
h96_n8,k2,sass__inst_executed_register_spilling,inst,0
h96_n8,k2,sass__inst_executed_register_spilling_mem_local,byte,no data
h96_n8,k2,sass__inst_executed_register_spilling_mem_shared,byte,no data
h96_n8,k2,sass__inst_executed_register_spilling_op_read,inst,0
h96_n8,k2,sass__inst_executed_register_spilling_op_write,inst,0
h96_n8,k2,sass__thread_inst_executed_per_opcode_category,,0
h96_n8,k2,sass__thread_inst_executed_true_per_opcode,,0
h96_n8,k2,sass__thread_inst_executed_true_per_opcode_with_modifier_all,,0
h96_n8,k2,sass__thread_inst_executed_true_per_opcode_with_modifier_selective,,0
h96_n8,k2,sm__inst_executed.avg.pct_of_peak_sustained_elapsed,%,39.23
h96_n8,k2,sm__inst_executed.max.pct_of_peak_sustained_elapsed,%,45.38
h96_n8,k2,sm__inst_executed.min.pct_of_peak_sustained_elapsed,%,37.78
h96_n8,k2,sm__inst_executed.sum.pct_of_peak_sustained_elapsed,%,39.23
h96_n8,k2,sm__inst_executed_pipe_adu.avg.pct_of_peak_sustained_elapsed,%,4.65
h96_n8,k2,sm__inst_executed_pipe_adu.max.pct_of_peak_sustained_elapsed,%,5.47
h96_n8,k2,sm__inst_executed_pipe_adu.min.pct_of_peak_sustained_elapsed,%,4.43
h96_n8,k2,sm__inst_executed_pipe_adu.sum.pct_of_peak_sustained_elapsed,%,4.65
h96_n8,k2,sm__inst_executed_pipe_cbu_pred_on_any.avg.pct_of_peak_sustained_elapsed,%,2.81
h96_n8,k2,sm__inst_executed_pipe_cbu_pred_on_any.max.pct_of_peak_sustained_elapsed,%,3.30
h96_n8,k2,sm__inst_executed_pipe_cbu_pred_on_any.min.pct_of_peak_sustained_elapsed,%,2.68
h96_n8,k2,sm__inst_executed_pipe_cbu_pred_on_any.sum.pct_of_peak_sustained_elapsed,%,2.81
h96_n8,k2,sm__inst_executed_pipe_ipa.avg.pct_of_peak_sustained_elapsed,%,0
h96_n8,k2,sm__inst_executed_pipe_ipa.max.pct_of_peak_sustained_elapsed,%,0
h96_n8,k2,sm__inst_executed_pipe_ipa.min.pct_of_peak_sustained_elapsed,%,0
h96_n8,k2,sm__inst_executed_pipe_ipa.sum.pct_of_peak_sustained_elapsed,%,0
h96_n8,k2,sm__inst_executed_pipe_lsu.avg.pct_of_peak_sustained_elapsed,%,20.31
h96_n8,k2,sm__inst_executed_pipe_lsu.max.pct_of_peak_sustained_elapsed,%,23.48
h96_n8,k2,sm__inst_executed_pipe_lsu.min.pct_of_peak_sustained_elapsed,%,19.56
h96_n8,k2,sm__inst_executed_pipe_lsu.sum.pct_of_peak_sustained_elapsed,%,20.31
h96_n8,k2,sm__inst_executed_pipe_tex.avg.pct_of_peak_sustained_elapsed,%,0
h96_n8,k2,sm__inst_executed_pipe_tex.max.pct_of_peak_sustained_elapsed,%,0
h96_n8,k2,sm__inst_executed_pipe_tex.min.pct_of_peak_sustained_elapsed,%,0
h96_n8,k2,sm__inst_executed_pipe_tex.sum.pct_of_peak_sustained_elapsed,%,0
h96_n8,k2,sm__inst_executed_pipe_uniform.avg.pct_of_peak_sustained_elapsed,%,2.55
h96_n8,k2,sm__inst_executed_pipe_uniform.max.pct_of_peak_sustained_elapsed,%,2.94
h96_n8,k2,sm__inst_executed_pipe_uniform.min.pct_of_peak_sustained_elapsed,%,2.45
h96_n8,k2,sm__inst_executed_pipe_uniform.sum.pct_of_peak_sustained_elapsed,%,2.55
h96_n8,k2,sm__instruction_throughput_internal_activity.avg.pct_of_peak_sustained_elapsed,%,0
h96_n8,k2,sm__instruction_throughput_internal_activity.max.pct_of_peak_sustained_elapsed,%,0
h96_n8,k2,sm__instruction_throughput_internal_activity.min.pct_of_peak_sustained_elapsed,%,0
h96_n8,k2,sm__instruction_throughput_internal_activity.sum.pct_of_peak_sustained_elapsed,%,0
h96_n8,k2,sm__issue_active.avg.pct_of_peak_sustained_elapsed,%,39.34
h96_n8,k2,sm__issue_active.max.pct_of_peak_sustained_elapsed,%,45.54
h96_n8,k2,sm__issue_active.min.pct_of_peak_sustained_elapsed,%,37.88
h96_n8,k2,sm__issue_active.sum.pct_of_peak_sustained_elapsed,%,39.34
h96_n8,k2,sm__maximum_warps_avg_per_active_cycle,warp,12
h96_n8,k2,sm__maximum_warps_per_active_cycle_pct,%,18.75
h96_n8,k2,sm__mem_tensor_cycles_active.avg.pct_of_peak_sustained_elapsed,%,0
h96_n8,k2,sm__mem_tensor_cycles_active.max.pct_of_peak_sustained_elapsed,%,0
h96_n8,k2,sm__mem_tensor_cycles_active.min.pct_of_peak_sustained_elapsed,%,0
h96_n8,k2,sm__mem_tensor_cycles_active.sum.pct_of_peak_sustained_elapsed,%,0
h96_n8,k2,sm__memory_throughput.avg.pct_of_peak_sustained_elapsed,%,20.31
h96_n8,k2,sm__memory_throughput.max.pct_of_peak_sustained_elapsed,%,23.48
h96_n8,k2,sm__memory_throughput.min.pct_of_peak_sustained_elapsed,%,19.56
h96_n8,k2,sm__memory_throughput.sum.pct_of_peak_sustained_elapsed,%,20.31
h96_n8,k2,sm__memory_throughput_internal_activity.avg.pct_of_peak_sustained_elapsed,%,0.19
h96_n8,k2,sm__memory_throughput_internal_activity.max.pct_of_peak_sustained_elapsed,%,0.22
h96_n8,k2,sm__memory_throughput_internal_activity.min.pct_of_peak_sustained_elapsed,%,0.18
h96_n8,k2,sm__memory_throughput_internal_activity.sum.pct_of_peak_sustained_elapsed,%,0.19
h96_n8,k2,sm__mio2rf_writeback_active.avg.pct_of_peak_sustained_elapsed,%,12.20
h96_n8,k2,sm__mio2rf_writeback_active.max.pct_of_peak_sustained_elapsed,%,14.10
h96_n8,k2,sm__mio2rf_writeback_active.min.pct_of_peak_sustained_elapsed,%,11.75
h96_n8,k2,sm__mio2rf_writeback_active.sum.pct_of_peak_sustained_elapsed,%,12.20
h96_n8,k2,sm__mio_inst_issued.avg.pct_of_peak_sustained_elapsed,%,13.25
h96_n8,k2,sm__mio_inst_issued.max.pct_of_peak_sustained_elapsed,%,15.34
h96_n8,k2,sm__mio_inst_issued.min.pct_of_peak_sustained_elapsed,%,12.75
h96_n8,k2,sm__mio_inst_issued.sum.pct_of_peak_sustained_elapsed,%,13.25
h96_n8,k2,sm__mio_pq_read_cycles_active.avg.pct_of_peak_sustained_elapsed,%,18.65
h96_n8,k2,sm__mio_pq_read_cycles_active.max.pct_of_peak_sustained_elapsed,%,21.78
h96_n8,k2,sm__mio_pq_read_cycles_active.min.pct_of_peak_sustained_elapsed,%,17.84
h96_n8,k2,sm__mio_pq_read_cycles_active.sum.pct_of_peak_sustained_elapsed,%,18.65
h96_n8,k2,sm__mio_pq_write_cycles_active.avg.pct_of_peak_sustained_elapsed,%,18.65
h96_n8,k2,sm__mio_pq_write_cycles_active.max.pct_of_peak_sustained_elapsed,%,21.77
h96_n8,k2,sm__mio_pq_write_cycles_active.min.pct_of_peak_sustained_elapsed,%,17.82
h96_n8,k2,sm__mio_pq_write_cycles_active.sum.pct_of_peak_sustained_elapsed,%,18.65
h96_n8,k2,sm__pipe_alu_cycles_active.avg.pct_of_peak_sustained_elapsed,%,25.82
h96_n8,k2,sm__pipe_alu_cycles_active.max.pct_of_peak_sustained_elapsed,%,29.86
h96_n8,k2,sm__pipe_alu_cycles_active.min.pct_of_peak_sustained_elapsed,%,24.88
h96_n8,k2,sm__pipe_alu_cycles_active.sum.pct_of_peak_sustained_elapsed,%,25.82
h96_n8,k2,sm__pipe_fma_cycles_active.avg.pct_of_peak_sustained_elapsed,%,11.84
h96_n8,k2,sm__pipe_fma_cycles_active.max.pct_of_peak_sustained_elapsed,%,13.69
h96_n8,k2,sm__pipe_fma_cycles_active.min.pct_of_peak_sustained_elapsed,%,11.41
h96_n8,k2,sm__pipe_fma_cycles_active.sum.pct_of_peak_sustained_elapsed,%,11.84
h96_n8,k2,sm__pipe_fmaheavy_cycles_active.avg.pct_of_peak_sustained_elapsed,%,13.25
h96_n8,k2,sm__pipe_fmaheavy_cycles_active.max.pct_of_peak_sustained_elapsed,%,15.33
h96_n8,k2,sm__pipe_fmaheavy_cycles_active.min.pct_of_peak_sustained_elapsed,%,12.68
h96_n8,k2,sm__pipe_fmaheavy_cycles_active.sum.pct_of_peak_sustained_elapsed,%,13.25
h96_n8,k2,sm__pipe_fp64_cycles_active.avg.pct_of_peak_sustained_elapsed,%,0
h96_n8,k2,sm__pipe_fp64_cycles_active.max.pct_of_peak_sustained_elapsed,%,0
h96_n8,k2,sm__pipe_fp64_cycles_active.min.pct_of_peak_sustained_elapsed,%,0
h96_n8,k2,sm__pipe_fp64_cycles_active.sum.pct_of_peak_sustained_elapsed,%,0
h96_n8,k2,sm__pipe_tc_cycles_active.avg.pct_of_peak_sustained_elapsed,%,0
h96_n8,k2,sm__pipe_tc_cycles_active.max.pct_of_peak_sustained_elapsed,%,0
h96_n8,k2,sm__pipe_tc_cycles_active.min.pct_of_peak_sustained_elapsed,%,0
h96_n8,k2,sm__pipe_tc_cycles_active.sum.pct_of_peak_sustained_elapsed,%,0
h96_n8,k2,sm__pipe_tensor_cycles_active.avg.pct_of_peak_sustained_elapsed,%,36.68
h96_n8,k2,sm__pipe_tensor_cycles_active.max.pct_of_peak_sustained_elapsed,%,42.42
h96_n8,k2,sm__pipe_tensor_cycles_active.min.pct_of_peak_sustained_elapsed,%,35.35
h96_n8,k2,sm__pipe_tensor_cycles_active.sum.pct_of_peak_sustained_elapsed,%,36.68
h96_n8,k2,sm__pipe_tma_cycles_active.avg.pct_of_peak_sustained_elapsed,%,7.67
h96_n8,k2,sm__pipe_tma_cycles_active.max.pct_of_peak_sustained_elapsed,%,8.87
h96_n8,k2,sm__pipe_tma_cycles_active.min.pct_of_peak_sustained_elapsed,%,7.39
h96_n8,k2,sm__pipe_tma_cycles_active.sum.pct_of_peak_sustained_elapsed,%,7.67
h96_n8,k2,sm__pipe_xu_cycles_active.avg.pct_of_peak_sustained_elapsed,%,0.73
h96_n8,k2,sm__pipe_xu_cycles_active.max.pct_of_peak_sustained_elapsed,%,0.84
h96_n8,k2,sm__pipe_xu_cycles_active.min.pct_of_peak_sustained_elapsed,%,0.70
h96_n8,k2,sm__pipe_xu_cycles_active.sum.pct_of_peak_sustained_elapsed,%,0.73
h96_n8,k2,smsp__maximum_warps_avg_per_active_cycle,warp,3
