shape,m,n,k,batch,repeats,method,round,median_us,min_us,max_us,us_per_gemm
gram,16,16,128,1,1,sm80_w4,0,10.497066378593445,10.486400127410889,10.538666447003683,10.497066378593445
gram,16,16,128,1,1,sm80_pad_w4,0,11.099732915560404,11.0944002866745,11.106133460998535,11.099732915560404
gram,16,16,128,1,1,sm80_transpose_w4,0,10.55466632048289,10.541866223017374,10.567466417948404,10.55466632048289
gram,16,16,128,1,1,sm80_w8,0,6.3893333077430725,6.381866832574208,6.402133405208588,6.3893333077430725
gram,16,16,128,1,1,tc_transpose,0,12.18986709912618,12.186666329701742,12.204800049463907,12.18986709912618
gram,16,16,128,1,1,sm80_w1,0,11.02400024731954,11.019733548164368,11.030399799346924,11.02400024731954
gram,16,16,128,1,1,tc_direct,0,12.667733430862427,12.626133362452189,12.67413298288981,12.667733430862427
gram,16,16,128,1,1,sm80_pad_w4,1,11.103999614715576,11.096533139546713,11.1626664797465,11.103999614715576
gram,16,16,128,1,1,tc_transpose,1,12.18986709912618,12.146133184432983,12.198399504025778,12.18986709912618
gram,16,16,128,1,1,sm80_w8,1,6.412800153096517,6.381866832574208,6.459733347098033,6.412800153096517
gram,16,16,128,1,1,sm80_transpose_w4,1,10.548266768455505,10.50879955291748,10.557867089907328,10.548266768455505
gram,16,16,128,1,1,sm80_w1,1,11.046399672826132,11.017599701881409,11.060266693433126,11.046399672826132
gram,16,16,128,1,1,tc_direct,1,12.665599584579468,12.617599964141846,12.673067053159079,12.665599584579468
gram,16,16,128,1,1,sm80_w4,1,10.482133428255716,10.479999581972757,10.496000448862711,10.482133428255716
gram,16,16,128,1,1,sm80_pad_w4,2,11.110400160153707,11.090133587519327,11.123200257619223,11.110400160153707
gram,16,16,128,1,1,sm80_w8,2,6.394666433334351,6.390400230884552,6.459733347098033,6.394666433334351
gram,16,16,128,1,1,sm80_transpose_w4,2,10.552533467610678,10.492799679438273,10.5621337890625,10.552533467610678
gram,16,16,128,1,1,sm80_w4,2,10.487467050552368,10.482133428255716,10.493866602579752,10.487467050552368
gram,16,16,128,1,1,tc_direct,2,12.666666507720947,12.640000383059183,12.673067053159079,12.666666507720947
gram,16,16,128,1,1,tc_transpose,2,12.186666329701742,12.14293340841929,12.194133798281351,12.186666329701742
gram,16,16,128,1,1,sm80_w1,2,11.045333743095398,11.025066177050272,11.05386714140574,11.045333743095398
gram,16,16,128,1,1,sm80_w8,3,6.4000000556310015,6.3893333077430725,6.418133278687795,6.4000000556310015
gram,16,16,128,1,1,tc_direct,3,12.683733304341635,12.615467111269632,12.686933080355326,12.683733304341635
gram,16,16,128,1,1,sm80_w1,3,11.02826694647471,11.02293332417806,11.052800218264261,11.02826694647471
gram,16,16,128,1,1,sm80_pad_w4,3,11.123200257619223,11.114666859308878,11.124266187349955,11.123200257619223
gram,16,16,128,1,1,tc_transpose,3,12.140799562136332,12.136532862981161,12.181333700815836,12.140799562136332
gram,16,16,128,1,1,sm80_w4,3,10.499200224876404,10.475732882817587,10.51093339920044,10.499200224876404
gram,16,16,128,1,1,sm80_transpose_w4,3,10.513066252072653,10.503466924031576,10.567466417948404,10.513066252072653
gram,16,16,128,1,1,tc_transpose,4,12.18346655368805,12.133333086967468,12.193066875139872,12.18346655368805
gram,16,16,128,1,1,sm80_pad_w4,4,11.096533139546713,11.087999741236368,11.16159955660502,11.096533139546713
gram,16,16,128,1,1,tc_direct,4,12.656000256538391,12.625066439310709,12.680533528327942,12.656000256538391
gram,16,16,128,1,1,sm80_w4,4,10.501333077748617,10.478933652242025,10.545066992441813,10.501333077748617
gram,16,16,128,1,1,sm80_w1,4,11.04853351910909,11.04213297367096,11.055999994277954,11.04853351910909
gram,16,16,128,1,1,sm80_w8,4,6.410666803518931,6.398933132489522,6.452266871929169,6.410666803518931
gram,16,16,128,1,1,sm80_transpose_w4,4,10.507733623186747,10.503466924031576,10.557867089907328,10.507733623186747
gram,16,16,128,1,32,tc_direct,0,22.9802668094635,22.962133089701336,22.995199759801228,0.7181333377957344
gram,16,16,128,1,32,sm80_w1,0,23.13706676165263,23.132799069086712,23.178666830062866,0.7230333363016447
gram,16,16,128,1,32,sm80_pad_w4,0,23.24906587600708,23.23840061823527,23.270400365193684,0.7265333086252213
gram,16,16,128,1,32,sm80_transpose_w4,0,22.631466388702393,22.62079914410909,22.638932863871258,0.7072333246469498
gram,16,16,128,1,32,sm80_w4,0,22.623999913533527,22.589866320292156,22.653865814208984,0.7069999972979227
gram,16,16,128,1,32,tc_transpose,0,22.50880002975464,22.449066241582234,22.518400351206463,0.7034000009298325
gram,16,16,128,1,32,sm80_w8,0,18.53226621945699,18.528000513712566,18.540799617767334,0.5791333193580309
gram,16,16,128,1,32,sm80_transpose_w4,1,22.629332542419434,22.625066836675007,22.639999787012737,0.7071666419506073
gram,16,16,128,1,32,tc_direct,1,22.992000977198284,22.940800587336224,22.999467452367146,0.7185000305374464
gram,16,16,128,1,32,sm80_w4,1,22.651733954747517,22.590933243433636,22.66133427619934,0.7078666860858599
gram,16,16,128,1,32,sm80_w8,1,18.52373282114665,18.492799997329712,18.5589333375295,0.5788666506608328
gram,16,16,128,1,32,tc_transpose,1,22.461867332458496,22.45440085728963,22.516266504923504,0.701933354139328
gram,16,16,128,1,32,sm80_pad_w4,1,23.265065749486286,23.208532730738323,23.27893376350403,0.7270333046714464
gram,16,16,128,1,32,sm80_w1,1,23.13599983851115,23.128533363342285,23.179733753204346,0.7229999949534734
gram,16,16,128,1,32,sm80_w8,2,18.526933590571087,18.52160096168518,18.541866540908813,0.5789666747053465
gram,16,16,128,1,32,sm80_transpose_w4,2,22.653865814208984,22.625066836675007,22.66346613566081,0.7079333066940308
gram,16,16,128,1,32,sm80_w4,2,22.593067089716595,22.587732474009197,22.650667031606037,0.7060333465536436
gram,16,16,128,1,32,tc_direct,2,22.970666488011677,22.964266935984295,22.996266682942707,0.7178333277503649
gram,16,16,128,1,32,sm80_pad_w4,2,23.25013279914856,23.234132925669353,23.270400365193684,0.7265666499733925
gram,16,16,128,1,32,sm80_w1,2,23.183999458948772,23.149865865707397,23.190399010976154,0.7244999830921491
gram,16,16,128,1,32,tc_transpose,2,22.502400477727253,22.446932395299275,22.50880002975464,0.7032000149289767
gram,16,16,128,1,32,sm80_w4,3,22.63360023498535,22.62079914410909,22.643200556437176,0.7073000073432922
gram,16,16,128,1,32,sm80_w1,3,23.17439913749695,23.13493291536967,23.179733753204346,0.7241999730467796
gram,16,16,128,1,32,sm80_pad_w4,3,23.254400491714478,23.23840061823527,23.27359914779663,0.7267000153660774
gram,16,16,128,1,32,tc_direct,3,22.98240065574646,22.978132963180542,22.99306591351827,0.7182000204920769
gram,16,16,128,1,32,tc_transpose,3,22.500266631444294,22.491733233133953,22.516266504923504,0.7031333322326342
gram,16,16,128,1,32,sm80_w8,3,18.53440006573995,18.499199549357098,18.565332889556885,0.5792000020543734
gram,16,16,128,1,32,sm80_transpose_w4,3,22.63466715812683,22.628267606099445,22.644267479578655,0.7073333486914635
gram,16,16,128,1,32,sm80_w8,4,18.5482660929362,18.544000387191772,18.561067183812458,0.5796333154042562
gram,16,16,128,1,32,sm80_transpose_w4,4,22.63573408126831,22.630399465560913,22.644267479578655,0.7073666900396347
gram,16,16,128,1,32,sm80_pad_w4,4,23.25013279914856,23.23840061823527,23.261866966883343,0.7265666499733925
gram,16,16,128,1,32,sm80_w4,4,22.63466715812683,22.595200935999554,22.638932863871258,0.7073333486914635
gram,16,16,128,1,32,tc_transpose,4,22.498132785161335,22.497065862019856,22.525866826375324,0.7030666495362917
gram,16,16,128,1,32,sm80_w1,4,23.177599906921387,23.14026753107707,23.206400871276855,0.7242999970912933
gram,16,16,128,1,32,tc_direct,4,22.9802668094635,22.970666488011677,23.001599311828613,0.7181333377957344
gram,16,16,128,12,1,sm80_transpose_w4,0,10.674132903416952,10.643200079600016,10.679466525713602,10.674132903416952
gram,16,16,128,12,1,sm80_w8,0,6.414933502674103,6.410666803518931,6.457599997520447,6.414933502674103
gram,16,16,128,12,1,tc_direct,0,12.803199887275696,12.744533022244772,12.814933061599731,12.803199887275696
gram,16,16,128,12,1,sm80_pad_w4,0,11.175466577212015,11.174399654070536,11.186133821805319,11.175466577212015
gram,16,16,128,12,1,sm80_w1,0,11.172266801198324,11.160533626874289,11.177600423494974,11.172266801198324
gram,16,16,128,12,1,sm80_w4,0,10.619733730951944,10.58026651541392,10.633599758148193,10.619733730951944
gram,16,16,128,12,1,tc_transpose,0,12.257066369056702,12.250666817029318,12.26026713848114,12.257066369056702
gram,16,16,128,12,1,sm80_pad_w4,1,11.178666353225708,11.172266801198324,11.207466324170431,11.178666353225708
gram,16,16,128,12,1,sm80_w1,1,11.178666353225708,11.159466703732809,11.18399997552236,11.178666353225708
gram,16,16,128,12,1,sm80_transpose_w4,1,10.644267002741495,10.619733730951944,10.685867071151733,10.644267002741495
gram,16,16,128,12,1,tc_transpose,1,12.256000439325968,12.25279966990153,12.27306624253591,12.256000439325968
gram,16,16,128,12,1,sm80_w4,1,10.628267129262289,10.602666934331259,10.635733604431152,10.628267129262289
gram,16,16,128,12,1,sm80_w8,1,6.454400221506755,6.438399851322174,6.469333171844482,6.454400221506755
gram,16,16,128,12,1,tc_direct,1,12.798933188120523,12.757333119710287,12.803199887275696,12.798933188120523
gram,16,16,128,12,1,sm80_pad_w4,2,11.169067025184631,11.160533626874289,11.195733149846395,11.169067025184631
gram,16,16,128,12,1,sm80_transpose_w4,2,10.644267002741495,10.617599884668985,10.680533448855082,10.644267002741495
gram,16,16,128,12,1,tc_transpose,2,12.266666690508524,12.253866593043009,12.285866340001425,12.266666690508524
gram,16,16,128,12,1,sm80_w4,2,10.614400108655294,10.611200332641602,10.638933380444845,10.614400108655294
gram,16,16,128,12,1,sm80_w1,2,11.178666353225708,11.160533626874289,11.192533373832703,11.178666353225708
gram,16,16,128,12,1,sm80_w8,2,6.452266871929169,6.411733229955037,6.455466647942861,6.452266871929169
gram,16,16,128,12,1,tc_direct,2,12.795733412106832,12.734933694203695,12.815999984741211,12.795733412106832
gram,16,16,128,12,1,tc_transpose,3,12.253866593043009,12.248532970746359,12.261333068211874,12.253866593043009
gram,16,16,128,12,1,sm80_w1,3,11.16373340288798,11.156266927719116,11.179733276367188,11.16373340288798
gram,16,16,128,12,1,sm80_transpose_w4,3,10.645332932472229,10.620799660682678,10.67733367284139,10.645332932472229
gram,16,16,128,12,1,sm80_w8,3,6.455466647942861,6.443733473618825,6.465066472689311,6.455466647942861
gram,16,16,128,12,1,tc_direct,3,12.801067034403482,12.770133217175802,12.812800208727518,12.801067034403482
gram,16,16,128,12,1,sm80_pad_w4,3,11.165866255760193,11.16373340288798,11.168000102043152,11.165866255760193
gram,16,16,128,12,1,sm80_w4,3,10.628267129262289,10.615467031796774,10.643200079600016,10.628267129262289
gram,16,16,128,12,1,tc_transpose,4,12.256000439325968,12.249599893887838,12.280533711115519,12.256000439325968
gram,16,16,128,12,1,sm80_pad_w4,4,11.190399527549744,11.176533500353495,11.22773289680481,11.190399527549744
gram,16,16,128,12,1,sm80_transpose_w4,4,10.644267002741495,10.640000303586325,10.685867071151733,10.644267002741495
gram,16,16,128,12,1,sm80_w4,4,10.63146690527598,10.611200332641602,10.640000303586325,10.63146690527598
gram,16,16,128,12,1,sm80_w1,4,11.13706628481547,11.126400033632914,11.18506689866384,11.13706628481547
gram,16,16,128,12,1,sm80_w8,4,6.454400221506755,6.40533318122228,6.460799773534139,6.454400221506755
gram,16,16,128,12,1,tc_direct,4,12.801067034403482,12.794666488965353,12.808533509572348,12.801067034403482
gram,16,16,128,12,32,sm80_transpose_w4,0,22.85333275794983,22.838399807612102,22.86613384882609,0.7141666486859322
gram,16,16,128,12,32,tc_transpose,0,22.702932357788086,22.651733954747517,22.777599096298218,0.7094666361808777
gram,16,16,128,12,32,tc_direct,0,23.203200101852417,23.176532983779907,23.245867093404133,0.725100003182888
gram,16,16,128,12,32,sm80_w4,0,22.830933332443237,22.77653415997823,22.868265708287556,0.7134666666388512
gram,16,16,128,12,32,sm80_w1,0,23.338667551676433,23.291732867558796,23.478400707244873,0.7293333609898885
gram,16,16,128,12,32,sm80_w8,0,18.670932451883953,18.630399306615193,18.695465723673504,0.5834666391213735
gram,16,16,128,12,32,sm80_pad_w4,0,23.40480089187622,23.387734095255535,23.41546614964803,0.7314000278711319
gram,16,16,128,12,32,sm80_w1,1,23.314134279886883,23.282132546106975,23.39093287785848,0.7285666962464651
gram,16,16,128,12,32,tc_transpose,1,22.708266973495483,22.66026735305786,22.734934091567993,0.7096333429217339
gram,16,16,128,12,32,sm80_w8,1,18.68480046590169,18.67733399073283,18.7008003393809,0.5839000145594279
gram,16,16,128,12,32,sm80_transpose_w4,1,22.84053365389506,22.838399807612102,22.862933079401653,0.7137666766842207
gram,16,16,128,12,32,sm80_pad_w4,1,23.386667172114056,23.381332556406658,23.389865954717,0.7308333491285642
gram,16,16,128,12,32,tc_direct,1,23.18720022837321,23.175466060638428,23.245867093404133,0.7246000071366628
gram,16,16,128,12,32,sm80_w4,1,22.79146711031596,22.76693383852641,22.846933205922443,0.7122333471973737
gram,16,16,128,12,32,sm80_w1,2,23.283199469248455,23.27466607093811,23.413334290186565,0.7275999834140142
gram,16,16,128,12,32,sm80_pad_w4,2,23.41653307278951,23.32479953765869,23.460266987482708,0.7317666585246722
gram,16,16,128,12,32,tc_direct,2,23.185066382090252,23.17439913749695,23.270400365193684,0.7245333244403204
gram,16,16,128,12,32,sm80_transpose_w4,2,22.85120089848836,22.77333339055379,22.90453314781189,0.7141000280777613
gram,16,16,128,12,32,tc_transpose,2,22.71359960238139,22.630399465560913,22.77546723683675,0.7097999875744184
gram,16,16,128,12,32,sm80_w8,2,18.670932451883953,18.603734175364178,18.68480046590169,0.5834666391213735
gram,16,16,128,12,32,sm80_w4,2,22.794665892918903,22.779732942581177,22.90346622467041,0.7123333091537157
gram,16,16,128,12,32,sm80_w8,3,18.68480046590169,18.62293283144633,18.746666113535564,0.5839000145594279
gram,16,16,128,12,32,sm80_w1,3,23.32906723022461,23.25226664543152,23.386667172114056,0.729033350944519
gram,16,16,128,12,32,sm80_w4,3,22.780799865722656,22.769065697987873,22.846933205922443,0.711899995803833
gram,16,16,128,12,32,tc_transpose,3,22.69866665204366,22.630399465560913,22.771199544270832,0.7093333328763644
gram,16,16,128,12,32,sm80_pad_w4,3,23.39093287785848,23.38026762008667,23.451733589172363,0.7309666524330775
gram,16,16,128,12,32,sm80_transpose_w4,3,22.845866282780964,22.79040018717448,22.913066546122234,0.7139333213369051
gram,16,16,128,12,32,tc_direct,3,23.18720022837321,23.181867599487305,23.25119972229004,0.7246000071366628
gram,16,16,128,12,32,tc_transpose,4,22.701867421468098,22.667733828226726,22.710400819778442,0.709433356920878
gram,16,16,128,12,32,sm80_w8,4,18.68480046590169,18.60586603482564,18.749866882960003,0.5839000145594279
gram,16,16,128,12,32,tc_direct,4,23.25119972229004,23.18720022837321,23.260800043741863,0.7265999913215637
gram,16,16,128,12,32,sm80_w1,4,23.316266139348347,23.314134279886883,23.342933257420857,0.7286333168546358
gram,16,16,128,12,32,sm80_pad_w4,4,23.386667172114056,23.38026762008667,23.45493237177531,0.7308333491285642
gram,16,16,128,12,32,sm80_transpose_w4,4,22.839466730753582,22.837332884470623,22.858667373657227,0.7137333353360494
gram,16,16,128,12,32,sm80_w4,4,22.81493345896403,22.778666019439697,22.849067052205402,0.712966670592626
gram,16,16,128,96,1,sm80_transpose_w4,0,10.910933216412863,10.894933342933655,10.962133606274923,10.910933216412863
gram,16,16,128,96,1,sm80_w1,0,11.371733744939169,11.36959989865621,11.37493352095286,11.371733744939169
gram,16,16,128,96,1,sm80_w8,0,6.647466619809468,6.599466502666473,6.659199794133504,6.647466619809468
gram,16,16,128,96,1,sm80_pad_w4,0,11.501866579055786,11.499733726183573,11.522133151690165,11.501866579055786
gram,16,16,128,96,1,tc_transpose,0,12.486400206883749,12.479999661445618,12.528000275293985,12.486400206883749
gram,16,16,128,96,1,tc_direct,0,13.004799683888754,13.00266683101654,13.033599654833475,13.004799683888754
gram,16,16,128,96,1,sm80_w4,0,10.891733566919962,10.885333021481832,10.923733313878378,10.891733566919962
gram,16,16,128,96,1,sm80_w1,1,11.37066682179769,11.367467045783997,11.39520009358724,11.37066682179769
gram,16,16,128,96,1,sm80_w4,1,10.894933342933655,10.875733693440756,10.943999886512756,10.894933342933655
gram,16,16,128,96,1,sm80_w8,1,6.600533425807953,6.592000027497609,6.657066444555919,6.600533425807953
gram,16,16,128,96,1,tc_direct,1,13.026133179664612,12.995200355847677,13.040000200271606,13.026133179664612
gram,16,16,128,96,1,sm80_transpose_w4,1,10.9525332848231,10.888533790906271,10.955733060836792,10.9525332848231
gram,16,16,128,96,1,tc_transpose,1,12.523733576138815,12.48853305975596,12.5408003727595,12.523733576138815
gram,16,16,128,96,1,sm80_pad_w4,1,11.510399977366129,11.498666803042093,11.526399850845337,11.510399977366129
gram,16,16,128,96,1,tc_transpose,2,12.534399827321371,12.523733576138815,12.537599603335062,12.534399827321371
gram,16,16,128,96,1,sm80_w4,2,10.894933342933655,10.886399944623312,10.901332894961039,10.894933342933655
gram,16,16,128,96,1,sm80_pad_w4,2,11.510399977366129,11.502933502197266,11.520000298817953,11.510399977366129
gram,16,16,128,96,1,sm80_w8,2,6.623999774456024,6.598400076230367,6.653866668542226,6.623999774456024
gram,16,16,128,96,1,tc_direct,2,13.005866607030233,13.001599907875061,13.027200102806091,13.005866607030233
gram,16,16,128,96,1,sm80_w1,2,11.379200220108032,11.359999577204386,11.40053371588389,11.379200220108032
gram,16,16,128,96,1,sm80_transpose_w4,2,10.916266838709513,10.898133118947348,10.966400305430094,10.916266838709513
gram,16,16,128,96,1,tc_direct,3,13.009066383043924,13.00373375415802,13.014400005340576,13.009066383043924
gram,16,16,128,96,1,tc_transpose,3,12.532266974449158,12.477866808573404,12.53653367360433,12.532266974449158
gram,16,16,128,96,1,sm80_transpose_w4,3,10.957866907119751,10.894933342933655,10.964266459147135,10.957866907119751
gram,16,16,128,96,1,sm80_w4,3,10.884267091751099,10.88320016860962,10.917333761850992,10.884267091751099
gram,16,16,128,96,1,sm80_pad_w4,3,11.500799655914307,11.496532956759134,11.505066355069479,11.500799655914307
gram,16,16,128,96,1,sm80_w8,3,6.656000018119812,6.594133377075195,6.658133367697398,6.656000018119812
gram,16,16,128,96,1,sm80_w1,3,11.372799674669901,11.363200346628824,11.388799548149109,11.372799674669901
gram,16,16,128,96,1,sm80_pad_w4,4,11.507200201352438,11.497599879900614,11.517866452534994,11.507200201352438
gram,16,16,128,96,1,sm80_w1,4,11.37066682179769,11.363200346628824,11.40053371588389,11.37066682179769
gram,16,16,128,96,1,sm80_transpose_w4,4,10.957866907119751,10.909866293271383,10.966400305430094,10.957866907119751
gram,16,16,128,96,1,sm80_w4,4,10.884267091751099,10.88106632232666,10.914132992426554,10.884267091751099
gram,16,16,128,96,1,sm80_w8,4,6.613333523273468,6.594133377075195,6.663466493288676,6.613333523273468
gram,16,16,128,96,1,tc_transpose,4,12.53653367360433,12.487467130025228,12.537599603335062,12.53653367360433
gram,16,16,128,96,1,tc_direct,4,13.014400005340576,12.99626628557841,13.018666704495748,13.014400005340576
gram,16,16,128,96,32,sm80_transpose_w4,0,23.11253348986308,23.04319938023885,23.11786611874898,0.7222666715582212
gram,16,16,128,96,32,sm80_pad_w4,0,23.72693419456482,23.62133264541626,23.738666375478108,0.7414666935801506
gram,16,16,128,96,32,sm80_w1,0,23.54453404744466,23.526400327682495,23.592533667882282,0.7357666889826456
gram,16,16,128,96,32,sm80_w4,0,23.048533995946247,23.038933674494427,23.13599983851115,0.7202666873733202
gram,16,16,128,96,32,sm80_w8,0,18.81493330001831,18.736000855763752,18.824533621470135,0.5879666656255722
gram,16,16,128,96,32,tc_direct,0,23.394133647282917,23.383466402689617,23.450666666030884,0.7310666764775912
gram,16,16,128,96,32,tc_transpose,0,22.908800840377808,22.855466604232788,22.93226718902588,0.7159000262618065
gram,16,16,128,96,32,sm80_pad_w4,1,23.686399062474568,23.660800854365032,23.757867018381756,0.7401999707023302
gram,16,16,128,96,32,tc_direct,1,23.385600248972576,23.360000054041546,23.451733589172363,0.730800007780393
gram,16,16,128,96,32,sm80_w8,1,18.81813406944275,18.741333484649658,18.834133942921955,0.5880666896700859
gram,16,16,128,96,32,sm80_w1,1,23.591466744740803,23.51680000623067,23.601067066192627,0.7372333357731501
gram,16,16,128,96,32,sm80_transpose_w4,1,23.10826579729716,23.046400149663288,23.115734259287517,0.7221333061655363
gram,16,16,128,96,32,sm80_w4,1,23.04213245709737,23.002666234970093,23.11039964358012,0.7200666392842928
gram,16,16,128,96,32,tc_transpose,1,22.870399554570515,22.836265961329143,22.9802668094635,0.7146999860803286
gram,16,16,128,96,32,tc_transpose,2,22.914133469263714,22.84053365389506,22.966400782267254,0.716066670914491
gram,16,16,128,96,32,sm80_transpose_w4,2,23.11360041300456,23.04533322652181,23.128533363342285,0.7223000129063925
gram,16,16,128,96,32,sm80_w4,2,23.049600919087727,23.047467072804768,23.057067394256592,0.7203000287214915
gram,16,16,128,96,32,sm80_w8,2,18.811732530593872,18.7391996383667,18.873600165049236,0.5878666415810585
gram,16,16,128,96,32,tc_direct,2,23.37920069694519,23.319466908772785,23.45493237177531,0.7306000217795372
gram,16,16,128,96,32,sm80_w1,2,23.538132508595783,23.51573308308919,23.601067066192627,0.7355666408936182
gram,16,16,128,96,32,sm80_pad_w4,2,23.72480034828186,23.67039918899536,23.745065927505493,0.7414000108838081
gram,16,16,128,96,32,sm80_w8,3,18.810667594273884,18.75306765238444,18.833067019780476,0.5878333623210589
gram,16,16,128,96,32,tc_direct,3,23.39093287785848,23.319466908772785,23.462400833765667,0.7309666524330775
gram,16,16,128,96,32,sm80_pad_w4,3,23.668267329533894,23.662932713826496,23.86560042699178,0.7396333540479342
gram,16,16,128,96,32,tc_transpose,3,22.911999622980755,22.84053365389506,22.9802668094635,0.7159999882181486
gram,16,16,128,96,32,sm80_transpose_w4,3,23.114667336146038,23.046400149663288,23.12320073445638,0.7223333542545637
gram,16,16,128,96,32,sm80_w4,3,23.065600792566936,23.050665855407715,23.074134190877277,0.7208000247677168
gram,16,16,128,96,32,sm80_w1,3,23.58400026957194,23.51573308308919,23.613866170247395,0.7370000084241232
gram,16,16,128,96,32,sm80_w8,4,18.752000729242962,18.743467330932617,18.883200486501057,0.5860000227888426
gram,16,16,128,96,32,sm80_pad_w4,4,23.7226665019989,23.67039918899536,23.730132977167766,0.7413333281874657
gram,16,16,128,96,32,tc_direct,4,23.411200443903606,23.37813377380371,23.462400833765667,0.7316000138719877
gram,16,16,128,96,32,sm80_w4,4,23.05919925371806,23.057067394256592,23.06666572888692,0.7205999766786894
gram,16,16,128,96,32,sm80_transpose_w4,4,23.102933168411255,23.065600792566936,23.11999996503194,0.7219666615128517
gram,16,16,128,96,32,sm80_w1,4,23.5424002011617,23.51573308308919,23.59679937362671,0.7357000062863032
gram,16,16,128,96,32,tc_transpose,4,22.899200518925984,22.862933079401653,22.924800713857014,0.715600016216437
gram,16,16,128,6144,1,tc_direct,0,88.08426856994629,88.04480234781902,88.11413447062175,88.08426856994629
gram,16,16,128,6144,1,tc_transpose,0,80.57493368784587,80.50560156504314,80.69653511047363,80.57493368784587
gram,16,16,128,6144,1,sm80_w1,0,34.80426470438639,34.710399309794106,34.80960130691528,34.80426470438639
gram,16,16,128,6144,1,sm80_pad_w4,0,85.6928030649821,85.57333151499431,85.77813307444255,85.6928030649821
gram,16,16,128,6144,1,sm80_w8,0,79.15093104044597,79.0613333384196,79.3397347132365,79.15093104044597
gram,16,16,128,6144,1,sm80_w4,0,70.82026799519856,70.79359690348308,70.86079915364583,70.82026799519856
gram,16,16,128,6144,1,sm80_transpose_w4,0,71.2106704711914,71.06560071309407,71.33119901021321,71.2106704711914
gram,16,16,128,6144,1,sm80_w1,1,34.80106592178345,34.76800123850504,34.860801696777344,34.80106592178345
gram,16,16,128,6144,1,sm80_transpose_w4,1,71.20959758758545,71.09546661376953,71.30346298217773,71.20959758758545
gram,16,16,128,6144,1,sm80_w4,1,70.8725372950236,70.72959740956624,70.88639736175537,70.8725372950236
gram,16,16,128,6144,1,tc_transpose,1,80.51839669545491,80.44906457265218,80.58133125305176,80.51839669545491
gram,16,16,128,6144,1,sm80_pad_w4,1,85.68106492360432,85.65013408660889,85.77280044555664,85.68106492360432
gram,16,16,128,6144,1,sm80_w8,1,79.1424036026001,79.08906936645508,79.25653457641602,79.1424036026001
gram,16,16,128,6144,1,tc_direct,1,88.101331392924,88.08639844258626,88.18666934967041,88.101331392924
gram,16,16,128,6144,1,sm80_w8,2,79.07626628875732,79.06986872355144,79.14773623148601,79.07626628875732
gram,16,16,128,6144,1,sm80_pad_w4,2,85.64053376515706,85.56053638458252,85.68639755249023,85.64053376515706
gram,16,16,128,6144,1,sm80_transpose_w4,2,71.23093605041504,71.17973168690999,71.36639753977458,71.23093605041504
gram,16,16,128,6144,1,tc_transpose,2,80.56960105895996,80.50666650136311,80.6495984395345,80.56960105895996
gram,16,16,128,6144,1,tc_direct,2,88.09386889139812,88.08746337890625,88.17066351572673,88.09386889139812
gram,16,16,128,6144,1,sm80_w4,2,70.82346280415852,70.74240048726399,70.8896001180013,70.82346280415852
gram,16,16,128,6144,1,sm80_w1,2,34.740265210469566,34.73493258158366,34.87253189086914,34.740265210469566
gram,16,16,128,6144,1,sm80_pad_w4,3,85.63626607259114,85.5679988861084,85.70026556650798,85.63626607259114
gram,16,16,128,6144,1,sm80_w8,3,79.08586661020915,79.06986872355144,79.15840148925781,79.08586661020915
gram,16,16,128,6144,1,sm80_w1,3,34.78933175404867,34.713598092397056,34.79146560033163,34.78933175404867
gram,16,16,128,6144,1,tc_direct,3,88.03839683532715,87.96160221099854,88.07466824849446,88.03839683532715
gram,16,16,128,6144,1,sm80_w4,3,70.94933191935222,70.69973150889079,70.9760030110677,70.94933191935222
gram,16,16,128,6144,1,tc_transpose,3,80.05332946777344,79.966934521993,80.18453121185303,80.05332946777344
gram,16,16,128,6144,1,sm80_transpose_w4,3,71.30133310953777,71.09333674112956,71.44532998402913,71.30133310953777
gram,16,16,128,6144,1,sm80_pad_w4,4,85.698135693868,85.57439645131429,85.70240338643391,85.698135693868
gram,16,16,128,6144,1,sm80_w8,4,79.16266918182373,79.12533283233643,79.19893264770508,79.16266918182373
gram,16,16,128,6144,1,sm80_transpose_w4,4,71.23520374298096,71.11252943674724,71.30560080210368,71.23520374298096
gram,16,16,128,6144,1,sm80_w4,4,70.76266606648763,70.75733343760173,70.89920043945312,70.76266606648763
gram,16,16,128,6144,1,sm80_w1,4,34.78933175404867,34.71680084864298,34.843734900156655,34.78933175404867
gram,16,16,128,6144,1,tc_transpose,4,80.37760257720947,80.33066590627034,80.38506507873535,80.37760257720947
gram,16,16,128,6144,1,tc_direct,4,88.07893594106038,88.02986939748128,88.11840216318767,88.07893594106038
gram,16,16,128,49152,1,sm80_transpose_w4,0,1079.1520436604817,1078.8074493408203,1079.3941497802734,1079.1520436604817
gram,16,16,128,49152,1,tc_direct,0,952.6816050211588,952.5856018066406,952.6954650878906,952.6816050211588
gram,16,16,128,49152,1,sm80_pad_w4,0,1131.1691284179688,1131.0965220133464,1131.1925252278645,1131.1691284179688
gram,16,16,128,49152,1,sm80_w4,0,1076.7829895019531,1076.6432444254558,1076.9290924072266,1076.7829895019531
gram,16,16,128,49152,1,sm80_w1,0,359.45173899332684,359.3119939168294,359.58080291748047,359.45173899332684
gram,16,16,128,49152,1,sm80_w8,0,1151.1722564697266,1151.0261535644531,1151.2981414794922,1151.1722564697266
gram,16,16,128,49152,1,tc_transpose,0,766.0554885864258,765.8143997192383,766.1450703938802,766.0554885864258
gram,16,16,128,49152,1,sm80_w8,1,1151.1658986409504,1150.976053873698,1151.3771057128906,1151.1658986409504
gram,16,16,128,49152,1,tc_direct,1,952.5493621826172,952.2623697916666,952.8181076049805,952.5493621826172
gram,16,16,128,49152,1,sm80_w1,1,359.4410578409831,359.28640365600586,359.445317586263,359.4410578409831
gram,16,16,128,49152,1,sm80_pad_w4,1,1131.1253865559895,1130.8821360270183,1131.1754862467449,1131.1253865559895
gram,16,16,128,49152,1,tc_transpose,1,765.998903910319,765.8698399861654,766.0949071248373,765.998903910319
gram,16,16,128,49152,1,sm80_transpose_w4,1,1078.9620717366536,1078.7573496500652,1079.1786193847656,1078.9620717366536
gram,16,16,128,49152,1,sm80_w4,1,1076.8639882405598,1076.7957051595051,1077.0047505696614,1076.8639882405598
gram,16,16,128,49152,1,sm80_w8,2,1151.1732737223308,1150.986607869466,1151.2223561604817,1151.1732737223308
gram,16,16,128,49152,1,sm80_transpose_w4,2,1079.0570576985676,1078.6880493164062,1079.3023427327473,1079.0570576985676
gram,16,16,128,49152,1,tc_direct,2,952.5599797566732,952.3808161417643,952.6090621948242,952.5599797566732
gram,16,16,128,49152,1,sm80_w1,2,359.5082600911458,359.37706629435223,359.54453150431317,359.5082600911458
gram,16,16,128,49152,1,sm80_w4,2,1076.7850240071614,1076.6848246256511,1077.1252950032551,1076.7850240071614
gram,16,16,128,49152,1,sm80_pad_w4,2,1131.0901641845703,1131.0763041178386,1131.1232248942058,1131.0901641845703
gram,16,16,128,49152,1,tc_transpose,2,765.9392038981119,765.8058802286783,766.0010655721029,765.9392038981119
gram,16,16,128,49152,1,sm80_w4,3,1082.3445638020833,1082.1951548258464,1082.4661254882812,1082.3445638020833
gram,16,16,128,49152,1,sm80_w1,3,360.98772684733075,360.9589258829753,361.0197385152181,360.98772684733075
gram,16,16,128,49152,1,tc_transpose,3,768.8447952270508,767.1125411987305,769.1562652587891,768.8447952270508
gram,16,16,128,49152,1,sm80_transpose_w4,3,1079.598871866862,1079.5168558756511,1079.7930399576824,1079.598871866862
gram,16,16,128,49152,1,tc_direct,3,952.8746922810873,952.7519861857096,953.2330830891927,952.8746922810873
gram,16,16,128,49152,1,sm80_pad_w4,3,1131.4292907714844,1131.2736511230469,1131.5872192382812,1131.4292907714844
gram,16,16,128,49152,1,sm80_w8,3,1151.6948699951172,1151.6522725423176,1151.908238728841,1151.6948699951172
gram,16,16,128,49152,1,sm80_pad_w4,4,1131.4987182617188,1131.1648050944011,1131.6895802815754,1131.4987182617188
gram,16,16,128,49152,1,sm80_w8,4,1151.700210571289,1151.5572865804036,1151.8442789713542,1151.700210571289
gram,16,16,128,49152,1,sm80_w4,4,1082.378641764323,1081.294886271159,1082.4843088785808,1082.378641764323
gram,16,16,128,49152,1,sm80_transpose_w4,4,1083.6191813151042,1076.9290924072266,1084.4746907552083,1083.6191813151042
gram,16,16,128,49152,1,sm80_w1,4,358.70081583658856,358.6943944295247,358.70399475097656,358.70081583658856
gram,16,16,128,49152,1,tc_transpose,4,764.1632080078125,763.9541625976562,766.4938608805338,764.1632080078125
gram,16,16,128,49152,1,tc_direct,4,949.7983932495117,949.6842702229818,949.829355875651,949.7983932495117
projection,16,128,128,1,1,sm80_w8,0,9.622400005658468,9.612799684206644,9.659733374913534,9.622400005658468
projection,16,128,128,1,1,sm80_pad_w4,0,21.27573291460673,21.266132593154907,21.284266312917072,21.27573291460673
projection,16,128,128,1,1,tc_direct,0,19.973333676656086,19.966934124628704,19.976532459259033,19.973333676656086
projection,16,128,128,1,1,sm80_transpose_w4,0,16.00640018781026,15.994667013486227,16.017066438992817,16.00640018781026
projection,16,128,128,1,1,sm80_w4,0,15.768532951672872,15.749333302179972,15.9061332543691,15.768532951672872
projection,16,128,128,1,1,sm80_w1,0,45.79840103785197,45.77279885609945,45.836798350016274,45.79840103785197
projection,16,128,128,1,1,tc_transpose,0,15.805866320927938,15.772799650828043,15.832533439000448,15.805866320927938
projection,16,128,128,1,1,tc_direct,1,19.998933871587116,19.96799906094869,20.03306746482849,19.998933871587116
projection,16,128,128,1,1,sm80_w1,1,45.797332127889,45.75999975204468,45.83893219629923,45.797332127889
projection,16,128,128,1,1,sm80_transpose_w4,1,16.00746711095174,15.991466244061789,16.019200285275776,16.00746711095174
projection,16,128,128,1,1,sm80_w8,1,9.603200356165567,9.599999586741129,9.669333696365356,9.603200356165567
projection,16,128,128,1,1,tc_transpose,1,15.795200069745382,15.776000420252482,15.83039959271749,15.795200069745382
projection,16,128,128,1,1,sm80_pad_w4,1,21.27573291460673,21.266132593154907,21.27893368403117,21.27573291460673
projection,16,128,128,1,1,sm80_w4,1,15.813333789507547,15.805866320927938,15.81760048866272,15.813333789507547
projection,16,128,128,1,1,sm80_w4,2,15.806933244069418,15.782399972279867,15.811199943224588,15.806933244069418
projection,16,128,128,1,1,sm80_w8,2,9.599999586741129,9.596799810727438,9.648000200589498,9.599999586741129
projection,16,128,128,1,1,sm80_transpose_w4,2,16.012799739837646,15.999999642372131,16.02346698443095,16.012799739837646
projection,16,128,128,1,1,tc_direct,2,19.972266753514607,19.965867201487224,20.01813252766927,19.972266753514607
projection,16,128,128,1,1,sm80_pad_w4,2,21.26506765683492,21.2554673353831,21.272534132003784,21.26506765683492
projection,16,128,128,1,1,sm80_w1,2,45.71839968363444,45.715200901031494,45.77279885609945,45.71839968363444
projection,16,128,128,1,1,tc_transpose,2,15.808000167210897,15.767467021942139,15.812266866366068,15.808000167210897
projection,16,128,128,1,1,tc_transpose,3,15.812266866366068,15.770666797955831,15.828266739845276,15.812266866366068
projection,16,128,128,1,1,sm80_w8,3,9.599999586741129,9.588266412417093,9.655466675758362,9.599999586741129
projection,16,128,128,1,1,sm80_transpose_w4,3,16.019200285275776,15.998933712641398,16.02773368358612,16.019200285275776
projection,16,128,128,1,1,sm80_pad_w4,3,21.268266439437866,21.25973304112752,21.28000060717265,21.268266439437866
projection,16,128,128,1,1,tc_direct,3,19.985065857569378,19.971199830373127,20.030933618545532,19.985065857569378
projection,16,128,128,1,1,sm80_w4,3,15.810133020083109,15.804800391197205,15.819733341534933,15.810133020083109
projection,16,128,128,1,1,sm80_w1,3,45.768535137176514,45.730133851369224,45.783468087514244,45.768535137176514
projection,16,128,128,1,1,sm80_w8,4,9.614933530489603,9.604266285896301,9.641599655151367,9.614933530489603
projection,16,128,128,1,1,sm80_transpose_w4,4,16.085333625475567,16.076800227165222,16.099199652671814,16.085333625475567
projection,16,128,128,1,1,tc_direct,4,20.048000415166218,20.04479964574178,20.69973349571228,20.048000415166218
projection,16,128,128,1,1,tc_transpose,4,16.334933042526245,16.29333297411601,16.34346644083659,16.334933042526245
projection,16,128,128,1,1,sm80_w1,4,47.277867794036865,47.266133626302086,47.29173183441162,47.277867794036865
projection,16,128,128,1,1,sm80_pad_w4,4,22.02240029970805,22.01813260714213,22.034132480621338,22.02240029970805
projection,16,128,128,1,1,sm80_w4,4,15.97653329372406,15.76640009880066,16.331733266512554,15.97653329372406
projection,16,128,128,1,32,sm80_w1,0,91.2992000579834,91.25119845072429,91.34506384531657,2.853100001811981
projection,16,128,128,1,32,sm80_transpose_w4,0,27.475200096766155,27.399466435114544,27.483733495076496,0.8586000030239423
projection,16,128,128,1,32,sm80_w4,0,27.212800582249958,27.202133337656658,27.291733026504517,0.8504000181953112
projection,16,128,128,1,32,tc_direct,0,34.5141331354777,34.503467877705894,34.53866640726725,1.078566660483678
projection,16,128,128,1,32,tc_transpose,0,26.140799125035603,26.116265853246052,26.14293297131856,0.8168999726573626
projection,16,128,128,1,32,sm80_w8,0,22.228266795476276,22.172800699869793,22.282665967941284,0.6946333373586336
projection,16,128,128,1,32,sm80_pad_w4,0,118.46400101979573,118.43199729919434,118.46613089243571,3.7020000318686166
projection,16,128,128,1,32,sm80_pad_w4,1,118.46613089243571,118.4607982635498,118.48533153533936,3.702066590388616
projection,16,128,128,1,32,sm80_transpose_w4,1,27.476267019907635,27.46453285217285,27.49226689338684,0.8586333443721136
projection,16,128,128,1,32,sm80_w1,1,91.30132993062337,91.28639698028564,91.31200313568115,2.8531665603319802
projection,16,128,128,1,32,tc_direct,1,34.53119993209839,34.52159961064657,34.54080025355021,1.0790999978780746
projection,16,128,128,1,32,sm80_w8,1,22.24853237469991,22.225066026051838,22.284799814224243,0.6952666367093722
projection,16,128,128,1,32,tc_transpose,1,26.139734188715618,26.12266739209493,26.18773380915324,0.8168666933973631
projection,16,128,128,1,32,sm80_w4,1,27.20639904340108,27.1999994913737,27.23306616147359,0.8501999701062838
projection,16,128,128,1,32,sm80_pad_w4,2,118.47786903381348,118.44693024953206,118.50132942199707,3.702433407306671
projection,16,128,128,1,32,sm80_w4,2,27.19786763191223,27.194666862487793,27.20746596654256,0.8499333634972572
projection,16,128,128,1,32,tc_transpose,2,26.115200916926067,26.104533672332764,26.16106669108073,0.8161000286539396
projection,16,128,128,1,32,sm80_transpose_w4,2,27.495465675989788,27.437865734100342,27.507199843724568,0.8592333023746809
projection,16,128,128,1,32,sm80_w1,2,91.2981351216634,91.29172960917155,91.30667050679524,2.8530667225519815
projection,16,128,128,1,32,sm80_w8,2,22.231467564900715,22.169599930445354,22.285866737365723,0.6947333614031473
projection,16,128,128,1,32,tc_direct,2,34.50986544291178,34.486401081085205,34.522668520609535,1.0784332950909932
projection,16,128,128,1,32,tc_direct,3,34.52479839324951,34.50453281402588,34.528001149495445,1.0788999497890472
projection,16,128,128,1,32,sm80_pad_w4,3,118.4618631998698,118.45973332722981,118.46720377604167,3.701933224995931
projection,16,128,128,1,32,sm80_w8,3,22.231467564900715,22.21333384513855,22.285866737365723,0.6947333614031473
projection,16,128,128,1,32,sm80_w1,3,91.28426710764568,91.27360184987386,91.36640230814616,2.8526333471139274
projection,16,128,128,1,32,sm80_w4,3,27.210666735967,27.1999994913737,27.270400524139404,0.8503333354989687
projection,16,128,128,1,32,tc_transpose,3,26.1354664961497,26.114133993784588,26.13760034243266,0.8167333280046781
projection,16,128,128,1,32,sm80_transpose_w4,3,27.43893265724182,27.41439938545227,27.50399907430013,0.8574666455388069
projection,16,128,128,1,32,tc_direct,4,34.53439871470133,34.52373345692953,34.54506794611613,1.0791999598344166
projection,16,128,128,1,32,sm80_pad_w4,4,118.46613089243571,118.4618631998698,118.48533153533936,3.702066590388616
projection,16,128,128,1,32,sm80_w8,4,22.229333718617756,22.182399034500122,22.286933660507202,0.6946666787068049
projection,16,128,128,1,32,sm80_transpose_w4,4,27.420800924301147,27.38986611366272,27.4944007396698,0.8569000288844109
projection,16,128,128,1,32,sm80_w1,4,91.29066467285156,91.27573172251384,91.30880037943523,2.8528332710266113
projection,16,128,128,1,32,sm80_w4,4,27.230934302012127,27.204267183939617,27.23733385403951,0.850966696937879
projection,16,128,128,1,32,tc_transpose,4,26.131200790405273,26.126933097839355,26.13866726557414,0.8166000247001648
projection,16,128,128,12,1,tc_transpose,0,15.836800138155619,15.827199816703796,15.897599856058756,15.836800138155619
projection,16,128,128,12,1,tc_direct,0,20.039467016855877,20.03200054168701,20.040533939997356,20.039467016855877
projection,16,128,128,12,1,sm80_w8,0,9.664000074068705,9.660800298055014,9.689600268999735,9.664000074068705
projection,16,128,128,12,1,sm80_w4,0,15.870933731396994,15.819733341534933,15.901866555213928,15.870933731396994
projection,16,128,128,12,1,sm80_transpose_w4,0,16.080000003178913,16.019200285275776,16.088533401489258,16.080000003178913
projection,16,128,128,12,1,sm80_w1,0,46.05226516723633,45.98933458328247,46.0533340771993,46.05226516723633
projection,16,128,128,12,1,sm80_pad_w4,0,21.33973240852356,21.335466702779133,21.348265806833904,21.33973240852356
projection,16,128,128,12,1,tc_transpose,1,15.878400206565857,15.865600109100342,15.88479975859324,15.878400206565857
projection,16,128,128,12,1,tc_direct,1,20.041600863138836,20.03413240114848,20.048000415166218,20.041600863138836
projection,16,128,128,12,1,sm80_w4,1,15.88053305943807,15.867732961972555,15.88586668173472,15.88053305943807
projection,16,128,128,12,1,sm80_w8,1,9.666132926940918,9.652266899744669,9.681066870689392,9.666132926940918
projection,16,128,128,12,1,sm80_pad_w4,1,21.361066897710163,21.34079933166504,21.36533260345459,21.361066897710163
projection,16,128,128,12,1,sm80_w1,1,46.072534720102944,46.04800144831339,46.13226652145386,46.072534720102944
projection,16,128,128,12,1,sm80_transpose_w4,1,16.078933080037434,16.013866662979126,16.08213285605113,16.078933080037434
projection,16,128,128,12,1,sm80_w1,2,46.01279894510905,46.00640137990316,46.049066384633385,46.01279894510905
projection,16,128,128,12,1,sm80_transpose_w4,2,16.076800227165222,16.013866662979126,16.08746647834778,16.076800227165222
projection,16,128,128,12,1,sm80_pad_w4,2,21.337600549062092,21.32800022761027,21.356799205144245,21.337600549062092
projection,16,128,128,12,1,sm80_w4,2,15.869866808255514,15.867732961972555,15.877333283424377,15.869866808255514
projection,16,128,128,12,1,sm80_w8,2,9.67466632525126,9.656533598899841,9.6778670946757,9.67466632525126
projection,16,128,128,12,1,tc_transpose,2,15.873066584269205,15.820800264676413,15.877333283424377,15.873066584269205
projection,16,128,128,12,1,tc_direct,2,20.054399967193604,20.03626624743144,20.07146676381429,20.054399967193604
projection,16,128,128,12,1,sm80_transpose_w4,3,16.078933080037434,16.015999515851338,16.0863995552063,16.078933080037434
projection,16,128,128,12,1,sm80_w1,3,46.05013529459635,46.00319862365723,46.0533340771993,46.05013529459635
projection,16,128,128,12,1,tc_transpose,3,15.878400206565857,15.81760048866272,15.883733828862509,15.878400206565857
projection,16,128,128,12,1,sm80_pad_w4,3,21.337600549062092,21.331199010213215,21.352533499399822,21.337600549062092
projection,16,128,128,12,1,sm80_w8,3,9.662933150927225,9.65119997660319,9.683199723561605,9.662933150927225
projection,16,128,128,12,1,tc_direct,3,20.037333170572918,20.03306746482849,20.04266579945882,20.037333170572918
projection,16,128,128,12,1,sm80_w4,3,15.877333283424377,15.868799885114035,15.88266690572103,15.877333283424377
projection,16,128,128,12,1,sm80_w4,4,15.870933731396994,15.866667032241821,15.879467129707336,15.870933731396994
projection,16,128,128,12,1,sm80_w8,4,9.67039962609609,9.664000074068705,9.67466632525126,9.67039962609609
projection,16,128,128,12,1,tc_direct,4,20.064000288645428,20.03626624743144,20.066134134928387,20.064000288645428
projection,16,128,128,12,1,tc_transpose,4,15.83466629187266,15.81546664237976,15.865600109100342,15.83466629187266
projection,16,128,128,12,1,sm80_transpose_w4,4,16.0778671503067,16.00640018781026,16.09280010064443,16.0778671503067
projection,16,128,128,12,1,sm80_pad_w4,4,21.34079933166504,21.33013407389323,21.36746644973755,21.34079933166504
projection,16,128,128,12,1,sm80_w1,4,46.05439901351929,45.98506689071655,46.0810661315918,46.05439901351929
projection,16,128,128,12,32,tc_transpose,0,26.219733556111652,26.175999641418457,26.366933186848957,0.8193666736284891
projection,16,128,128,12,32,sm80_pad_w4,0,119.41546599070232,119.28853193918864,119.49973106384277,3.7317333122094474
projection,16,128,128,12,32,sm80_w1,0,91.649063428243,91.62773291269939,91.72159830729167,2.8640332321325936
projection,16,128,128,12,32,tc_direct,0,34.67306693394979,34.63893334070841,34.742399056752525,1.083533341685931
projection,16,128,128,12,32,sm80_w4,0,27.29919950167338,27.281065781911213,27.30240027109782,0.8530999844272932
projection,16,128,128,12,32,sm80_w8,0,22.484266757965088,22.3743995030721,22.50666618347168,0.702633336186409
projection,16,128,128,12,32,sm80_transpose_w4,0,27.538132667541504,27.475200096766155,27.54453420639038,0.860566645860672
projection,16,128,128,12,32,sm80_w1,1,91.649063428243,91.62773291269939,91.70666535695393,2.8640332321325936
projection,16,128,128,12,32,sm80_transpose_w4,1,27.510400613149006,27.502934137980144,27.54666606585185,0.8597000191609064
projection,16,128,128,12,32,tc_direct,1,34.67946847279867,34.579201539357506,34.74133412043253,1.0837333897749584
projection,16,128,128,12,32,sm80_pad_w4,1,119.42506631215413,119.22880013783772,119.4912036259969,3.7320333222548165
projection,16,128,128,12,32,sm80_w4,1,27.333333094914753,27.268266677856445,27.349332968393963,0.854166659216086
projection,16,128,128,12,32,tc_transpose,1,26.235733429590862,26.181334257125854,26.246400674184162,0.8198666696747144
projection,16,128,128,12,32,sm80_w8,1,22.431999444961548,22.37653334935506,22.512000799179077,0.7009999826550484
projection,16,128,128,12,32,sm80_pad_w4,2,119.3621317545573,119.30346488952637,119.49866612752278,3.7300666173299155
projection,16,128,128,12,32,sm80_w4,2,27.30026642481486,27.283199628194172,27.360000212987263,0.8531333257754644
projection,16,128,128,12,32,sm80_w8,2,22.457599639892578,22.42986758550008,22.517333428064983,0.7017999887466431
projection,16,128,128,12,32,sm80_w1,2,91.63413047790527,91.63093566894531,91.70026779174805,2.86356657743454
projection,16,128,128,12,32,tc_transpose,2,26.244266827901203,26.1845330397288,26.25066637992859,0.8201333383719126
projection,16,128,128,12,32,tc_direct,2,34.651732444763184,34.64426596959432,34.71680084864298,1.0828666388988495
projection,16,128,128,12,32,sm80_transpose_w4,2,27.537065744400024,27.473066250483196,27.548799912134807,0.8605333045125008
projection,16,128,128,12,32,sm80_transpose_w4,3,27.50399907430013,27.497599522272747,27.57013241449992,0.859499971071879
projection,16,128,128,12,32,sm80_pad_w4,3,119.3621317545573,119.27253405253093,119.57120100657146,3.7300666173299155
projection,16,128,128,12,32,tc_transpose,3,26.209066311518352,26.175999641418457,26.24959945678711,0.8190333222349485
projection,16,128,128,12,32,sm80_w8,3,22.45333393414815,22.380799055099487,22.49493400255839,0.7016666854421297
projection,16,128,128,12,32,sm80_w4,3,27.28853424390157,27.268266677856445,27.344000339508057,0.852766695121924
projection,16,128,128,12,32,sm80_w1,3,91.6437307993571,91.63520336151123,91.70239766438802,2.8638665874799094
projection,16,128,128,12,32,tc_direct,3,34.661332766215004,34.58453416824341,34.73493258158366,1.0831666489442189
projection,16,128,128,12,32,sm80_pad_w4,4,119.43253676096599,119.29706732432048,119.55946286519368,3.732266773780187
projection,16,128,128,12,32,sm80_w1,4,93.83680025736491,91.5765364964803,94.2570686340332,2.9324000080426535
projection,16,128,128,12,32,tc_transpose,4,26.183466116587322,26.178133487701416,26.210133234659832,0.8182333161433538
projection,16,128,128,12,32,sm80_w8,4,22.492800156275432,22.438400983810425,22.499199708302815,0.7029000048836073
projection,16,128,128,12,32,sm80_w4,4,27.283199628194172,27.27680007616679,27.28640039761861,0.8525999883810679
projection,16,128,128,12,32,sm80_transpose_w4,4,27.50506599744161,27.483733495076496,27.566933631896973,0.8595333124200503
projection,16,128,128,12,32,tc_direct,4,34.610132376352944,34.579201539357506,34.71893469492594,1.0815666367610295
projection,16,128,128,96,1,sm80_w1,0,46.01066509882609,45.97653150558472,46.0746685663859,46.01066509882609
projection,16,128,128,96,1,sm80_transpose_w4,0,16.15679959456126,16.08213285605113,16.178133090337116,16.15679959456126
projection,16,128,128,96,1,sm80_pad_w4,0,21.49440050125122,21.46666646003723,21.564799547195435,21.49440050125122
projection,16,128,128,96,1,tc_transpose,0,15.947733322779337,15.93706707159678,15.956266721089682,15.947733322779337
projection,16,128,128,96,1,sm80_w4,0,15.973333517710367,15.943466623624166,16.008533040682476,15.973333517710367
projection,16,128,128,96,1,sm80_w8,0,9.734400113423666,9.730133414268494,9.746133287747702,9.734400113423666
projection,16,128,128,96,1,tc_direct,0,20.17386754353841,20.115200678507488,20.243199666341145,20.17386754353841
projection,16,128,128,96,1,tc_transpose,1,15.943466623624166,15.936000148455301,15.954132874806723,15.943466623624166
projection,16,128,128,96,1,sm80_transpose_w4,1,16.147200266520183,16.085333625475567,16.16213321685791,16.147200266520183
projection,16,128,128,96,1,sm80_w4,1,15.960533420244852,15.948800245920816,16.00320041179657,15.960533420244852
projection,16,128,128,96,1,sm80_pad_w4,1,21.539199352264404,21.471999088923138,21.55733307202657,21.539199352264404
projection,16,128,128,96,1,tc_direct,1,20.180267095565796,20.11199990908305,20.272000630696613,20.180267095565796
projection,16,128,128,96,1,sm80_w1,1,45.99680105845133,45.97760041554769,46.0533340771993,45.99680105845133
projection,16,128,128,96,1,sm80_w8,1,9.750399986902872,9.734400113423666,9.785599509874979,9.750399986902872
projection,16,128,128,96,1,sm80_pad_w4,2,21.477333704630535,21.465599536895752,21.5445339679718,21.477333704630535
projection,16,128,128,96,1,sm80_transpose_w4,2,16.151466965675354,16.13759994506836,16.15893344084422,16.151466965675354
projection,16,128,128,96,1,tc_transpose,2,15.95093309879303,15.946666399637857,16.00533326466878,15.95093309879303
projection,16,128,128,96,1,tc_direct,2,20.185599724451702,20.16426722208659,20.18773357073466,20.185599724451702
projection,16,128,128,96,1,sm80_w4,2,15.95093309879303,15.944533546765646,16.008533040682476,15.95093309879303
projection,16,128,128,96,1,sm80_w8,2,9.738666812578836,9.725866715113321,9.761066238085428,9.738666812578836
projection,16,128,128,96,1,sm80_w1,2,45.97973426183065,45.93173265457153,45.988265673319496,45.97973426183065
projection,16,128,128,96,1,sm80_w4,3,15.955199797948202,15.941333770751953,15.959466497103373,15.955199797948202
projection,16,128,128,96,1,sm80_w8,3,9.737599889437357,9.727999567985535,9.783466657002768,9.737599889437357
projection,16,128,128,96,1,tc_transpose,3,15.965867042541504,15.960533420244852,15.967999895413717,15.965867042541504
projection,16,128,128,96,1,sm80_w1,3,45.978665351867676,45.93280156453451,46.072534720102944,45.978665351867676
projection,16,128,128,96,1,sm80_pad_w4,3,21.49333357810974,21.462400754292805,21.541333198547363,21.49333357810974
projection,16,128,128,96,1,tc_direct,3,20.17173369725545,20.133332411448162,20.19840081532796,20.17173369725545
projection,16,128,128,96,1,sm80_transpose_w4,3,16.16639991601308,16.102400422096252,16.170666615168255,16.16639991601308
projection,16,128,128,96,1,sm80_w8,4,9.730133414268494,9.724799791971842,9.757866462071737,9.730133414268494
projection,16,128,128,96,1,sm80_pad_w4,4,21.482666333516438,21.471999088923138,21.550933519999187,21.482666333516438
projection,16,128,128,96,1,tc_transpose,4,15.945600469907125,15.941333770751953,15.960533420244852,15.945600469907125
projection,16,128,128,96,1,sm80_w1,4,45.96693515777588,45.92533508936564,45.978665351867676,45.96693515777588
projection,16,128,128,96,1,sm80_transpose_w4,4,16.14400049050649,16.098133722941082,16.147200266520183,16.14400049050649
projection,16,128,128,96,1,sm80_w4,4,15.966932972272238,15.957333644231161,16.00213348865509,15.966932972272238
projection,16,128,128,96,1,tc_direct,4,20.17280062039693,20.127999782562256,20.260266462961834,20.17280062039693
projection,16,128,128,96,32,tc_transpose,0,26.471465826034546,26.333866516749065,26.48106614748637,0.8272333070635796
projection,16,128,128,96,32,sm80_transpose_w4,0,27.81226634979248,27.748266855875652,27.826132376988728,0.869133323431015
projection,16,128,128,96,32,tc_direct,0,35.05706787109375,34.92159843444824,35.114665826161705,1.0955333709716797
projection,16,128,128,96,32,sm80_w8,0,22.684800624847412,22.56106734275818,22.77226646741231,0.7089000195264816
projection,16,128,128,96,32,sm80_w1,0,91.98826948801677,91.97653134663899,91.99679692586263,2.874633421500524
projection,16,128,128,96,32,sm80_w4,0,27.63413389523824,27.60853370030721,27.691733837127686,0.863566684226195
projection,16,128,128,96,32,sm80_pad_w4,0,119.9893315633138,119.91039911905925,120.04693349202473,3.749666611353556
projection,16,128,128,96,32,sm80_pad_w4,1,119.97546354929607,119.90613142649333,120.04053592681885,3.749233235915502
projection,16,128,128,96,32,tc_transpose,1,26.38933261235555,26.318933566411335,26.51093403498332,0.8246666441361109
projection,16,128,128,96,32,sm80_transpose_w4,1,27.81226634979248,27.70026723543803,27.89120078086853,0.869133323431015
projection,16,128,128,96,32,sm80_w1,1,91.96693102518718,91.90826416015625,91.99039936065674,2.8739665945370994
projection,16,128,128,96,32,tc_direct,1,35.0816011428833,35.02613306045532,35.09440024693807,1.0963000357151031
projection,16,128,128,96,32,sm80_w4,1,27.63413389523824,27.542400360107422,27.70986755688985,0.863566684226195
projection,16,128,128,96,32,sm80_w8,1,22.652800877888996,22.58346676826477,22.717867294947307,0.7079000274340311
projection,16,128,128,96,32,sm80_pad_w4,2,119.98613675435384,119.96800104777019,120.03946304321289,3.7495667735735574
projection,16,128,128,96,32,sm80_w8,2,22.590933243433636,22.567466894785564,22.759467363357544,0.7059666638573011
projection,16,128,128,96,32,sm80_w1,2,91.9157346089681,91.9104019800822,91.98719660441081,2.872366706530253
projection,16,128,128,96,32,tc_transpose,2,26.385066906611126,26.348799467086792,26.521599292755127,0.8245333408315977
projection,16,128,128,96,32,sm80_w4,2,27.64799992243449,27.57333318392436,27.692800760269165,0.8639999975760778
projection,16,128,128,96,32,tc_direct,2,35.00159978866577,34.926935036977135,35.085864861806236,1.0937999933958054
projection,16,128,128,96,32,sm80_transpose_w4,2,27.820799748102825,27.70773371060689,27.894399563471477,0.8693999921282133
projection,16,128,128,96,32,tc_transpose,3,26.460800568262737,26.318933566411335,26.470400889714558,0.8269000177582105
projection,16,128,128,96,32,tc_direct,3,35.058132807413735,34.995198249816895,35.082666079203285,1.0955666502316792
projection,16,128,128,96,32,sm80_transpose_w4,3,27.825067440668743,27.755733331044514,27.888000011444092,0.8695333575208982
projection,16,128,128,96,32,sm80_w8,3,22.595200935999554,22.564266125361126,22.786132494608562,0.706100029249986
projection,16,128,128,96,32,sm80_w4,3,27.689599990844727,27.617067098617554,27.769599358240765,0.8652999997138977
projection,16,128,128,96,32,sm80_w1,3,91.92852973937988,91.89013640085857,91.93600018819173,2.8727665543556213
projection,16,128,128,96,32,sm80_pad_w4,3,119.98079617818196,119.95733578999837,120.04906336466472,3.7493998805681863
projection,16,128,128,96,32,tc_transpose,4,26.4629324277242,26.38933261235555,26.4682670434316,0.8269666383663813
projection,16,128,128,96,32,tc_direct,4,35.063465436299644,34.926935036977135,35.12746493021647,1.0957332948843639
projection,16,128,128,96,32,sm80_transpose_w4,4,27.81546711921692,27.76426672935486,27.888000011444092,0.8692333474755287
projection,16,128,128,96,32,sm80_pad_w4,4,119.98720169067383,119.90400155385335,120.05120118459065,3.749600052833557
projection,16,128,128,96,32,sm80_w1,4,91.97226365407307,91.91253185272217,91.98613166809082,2.8741332391897836
projection,16,128,128,96,32,sm80_w4,4,27.63200004895528,27.613866329193115,27.69813338915507,0.8635000015298525
projection,16,128,128,96,32,sm80_w8,4,22.6367990175883,22.565333048502605,22.730666399002075,0.7073999692996343
projection,16,128,128,6144,1,sm80_transpose_w4,0,291.96265538533527,291.33866628011066,292.04479853312176,291.96265538533527
projection,16,128,128,6144,1,sm80_w1,0,792.6037470499674,792.4053192138672,792.6528294881185,792.6037470499674
projection,16,128,128,6144,1,tc_direct,0,399.91893768310547,399.7983932495117,400.2005259195964,399.91893768310547
projection,16,128,128,6144,1,sm80_w8,0,250.7978598276774,250.70080757141113,250.92266400655112,250.7978598276774
projection,16,128,128,6144,1,sm80_pad_w4,0,438.1279945373535,437.8517468770345,438.3488019307454,438.1279945373535
projection,16,128,128,6144,1,tc_transpose,0,237.2671922047933,237.24800745646158,237.44212786356607,237.2671922047933
projection,16,128,128,6144,1,sm80_w4,0,283.8368097941081,283.78238677978516,283.9029312133789,283.8368097941081
projection,16,128,128,6144,1,tc_direct,1,400.01386006673175,399.93492762247723,400.12372334798175,400.01386006673175
projection,16,128,128,6144,1,sm80_w8,1,252.402130762736,250.56427319844565,252.4618625640869,252.402130762736
projection,16,128,128,6144,1,sm80_transpose_w4,1,293.94133885701496,293.7301317850749,294.02348200480145,293.94133885701496
projection,16,128,128,6144,1,sm80_pad_w4,1,440.4650688171387,439.7290547688802,440.58027267456055,440.4650688171387
projection,16,128,128,6144,1,tc_transpose,1,237.8602663675944,237.78239885965982,237.98826535542807,237.8602663675944
projection,16,128,128,6144,1,sm80_w1,1,793.885866800944,793.8122431437174,793.9637502034506,793.885866800944
projection,16,128,128,6144,1,sm80_w4,1,284.2858632405599,284.2506726582845,284.4554583231608,284.2858632405599
projection,16,128,128,6144,1,tc_direct,2,400.55678685506183,400.53014755249023,400.9429295857747,400.55678685506183
projection,16,128,128,6144,1,sm80_w4,2,284.3477249145508,284.170659383138,284.5898628234863,284.3477249145508
projection,16,128,128,6144,1,sm80_pad_w4,2,439.1167958577474,439.04746373494464,439.45919672648114,439.1167958577474
projection,16,128,128,6144,1,sm80_transpose_w4,2,292.7786509195964,292.64745712280273,292.849063873291,292.7786509195964
projection,16,128,128,6144,1,sm80_w8,2,251.37066841125488,251.3055960337321,251.73333485921225,251.37066841125488
projection,16,128,128,6144,1,sm80_w1,2,793.9562479654948,793.8218434651693,794.0160115559896,793.9562479654948
projection,16,128,128,6144,1,tc_transpose,2,237.90507316589355,237.8986676534017,237.99039522806802,237.90507316589355
projection,16,128,128,6144,1,tc_transpose,3,237.9242738087972,237.85600662231445,238.06293805440268,237.9242738087972
projection,16,128,128,6144,1,sm80_w4,3,284.4287872314453,284.17491912841797,284.5770517985026,284.4287872314453
projection,16,128,128,6144,1,sm80_pad_w4,3,439.142386118571,439.01119232177734,439.34933344523114,439.142386118571
projection,16,128,128,6144,1,sm80_w1,3,793.8816070556641,793.7407811482748,793.9317067464193,793.8816070556641
projection,16,128,128,6144,1,sm80_w8,3,251.44319534301758,251.29920641581217,251.64373715718588,251.44319534301758
projection,16,128,128,6144,1,sm80_transpose_w4,3,292.77334213256836,292.59198506673175,292.90774663289386,292.77334213256836
projection,16,128,128,6144,1,tc_direct,3,400.6506601969401,400.5397478739421,400.80426534016925,400.6506601969401
projection,16,128,128,6144,1,tc_direct,4,400.7424036661784,400.5642573038737,400.9674708048503,400.7424036661784
projection,16,128,128,6144,1,tc_transpose,4,238.00959587097168,237.87412643432617,238.21867307027182,238.00959587097168
projection,16,128,128,6144,1,sm80_pad_w4,4,439.1039848327637,438.99946212768555,439.27148183186847,439.1039848327637
projection,16,128,128,6144,1,sm80_w1,4,793.9509073893229,793.890126546224,794.1386540730795,793.9509073893229
projection,16,128,128,6144,1,sm80_w8,4,251.47093137105307,251.4421304066976,251.50399208068848,251.47093137105307
projection,16,128,128,6144,1,sm80_transpose_w4,4,292.7189191182454,292.67412821451825,292.78825124104816,292.7189191182454
projection,16,128,128,6144,1,sm80_w4,4,284.30932362874347,284.30614471435547,284.43199793497723,284.30932362874347
projection,16,128,128,49152,1,sm80_w4,0,2103.621292114258,2103.419748942057,2103.717295328776,2103.621292114258
projection,16,128,128,49152,1,sm80_w1,0,5896.563212076823,5896.358235677083,5896.875508626302,5896.563212076823
projection,16,128,128,49152,1,sm80_transpose_w4,0,2176.9312540690103,2176.781972249349,2177.0304361979165,2176.9312540690103
projection,16,128,128,49152,1,sm80_pad_w4,0,3249.9872843424478,3249.421946207682,3250.444793701172,3249.9872843424478
projection,16,128,128,49152,1,tc_transpose,0,1792.630386352539,1792.5301869710286,1792.730712890625,1792.630386352539
projection,16,128,128,49152,1,tc_direct,0,3015.72265625,3015.5957539876304,3016.0489400227866,3015.72265625
projection,16,128,128,49152,1,sm80_w8,0,1939.090092976888,1938.8416290283203,1939.2587025960286,1939.090092976888
projection,16,128,128,49152,1,tc_transpose,1,1792.4884796142578,1792.3189798990886,1792.633565266927,1792.4884796142578
projection,16,128,128,49152,1,tc_direct,1,3015.9093221028647,3015.6768798828125,3016.0672505696616,3015.9093221028647
projection,16,128,128,49152,1,sm80_w1,1,5896.800231933594,5896.535237630208,5897.020975748698,5896.800231933594
projection,16,128,128,49152,1,sm80_w8,1,1939.0581766764324,1938.8256072998047,1939.2820994059246,1939.0581766764324
projection,16,128,128,49152,1,sm80_w4,1,2103.563690185547,2103.429285685221,2103.764216105143,2103.563690185547
projection,16,128,128,49152,1,sm80_transpose_w4,1,2177.026112874349,2176.6571044921875,2177.3022969563804,2177.026112874349
projection,16,128,128,49152,1,sm80_pad_w4,1,3249.634043375651,3249.4954427083335,3250.3829956054688,3249.634043375651
projection,16,128,128,49152,1,tc_transpose,2,1792.4725850423176,1792.289098103841,1792.9365793863933,1792.4725850423176
projection,16,128,128,49152,1,sm80_w8,2,1939.0356699625652,1939.0069325764973,1939.2991383870442,1939.0356699625652
projection,16,128,128,49152,1,sm80_pad_w4,2,3249.6907552083335,3249.5081583658853,3249.8400370279946,3249.6907552083335
projection,16,128,128,49152,1,sm80_w4,2,2103.7845611572266,2103.5466512044272,2103.8890838623047,2103.7845611572266
projection,16,128,128,49152,1,tc_direct,2,3016.1270141601562,3015.8358256022134,3016.3904825846353,3016.1270141601562
projection,16,128,128,49152,1,sm80_transpose_w4,2,2177.1967569986978,2176.641082763672,2177.375030517578,2177.1967569986978
projection,16,128,128,49152,1,sm80_w1,2,5896.66748046875,5896.5708414713545,5896.923828125,5896.66748046875
projection,16,128,128,49152,1,sm80_w4,3,2103.500747680664,2103.432591756185,2103.7792205810547,2103.500747680664
projection,16,128,128,49152,1,tc_transpose,3,1792.581303914388,1792.401123046875,1792.6741282145183,1792.581303914388
projection,16,128,128,49152,1,sm80_pad_w4,3,3249.9679565429688,3249.456024169922,3250.1012166341147,3249.9679565429688
projection,16,128,128,49152,1,sm80_transpose_w4,3,2176.98974609375,2176.6527811686196,2177.069854736328,2176.98974609375
projection,16,128,128,49152,1,sm80_w8,3,1939.0954335530598,1938.8682047526042,1939.306640625,1939.0954335530598
projection,16,128,128,49152,1,tc_direct,3,3016.3297017415366,3015.9584045410156,3016.552480061849,3016.3297017415366
projection,16,128,128,49152,1,sm80_w1,3,5896.605936686198,5896.2717692057295,5896.9431559244795,5896.605936686198
projection,16,128,128,49152,1,sm80_w1,4,5896.759541829427,5896.608988444011,5897.1689860026045,5896.759541829427
projection,16,128,128,49152,1,sm80_w4,4,2103.7130991617837,2103.5658518473306,2103.7845611572266,2103.7130991617837
projection,16,128,128,49152,1,sm80_pad_w4,4,3249.494425455729,3248.820241292318,3249.9359130859375,3249.494425455729
projection,16,128,128,49152,1,tc_transpose,4,1792.6197052001953,1792.4447377522786,1792.7626291910808,1792.6197052001953
projection,16,128,128,49152,1,sm80_transpose_w4,4,2176.741282145182,2176.66015625,2177.0411173502603,2176.741282145182
projection,16,128,128,49152,1,sm80_w8,4,1939.1979217529297,1938.9471689860027,1939.3002827962239,1939.1979217529297
projection,16,128,128,49152,1,tc_direct,4,3016.186777750651,3016.0438537597656,3016.3113911946616,3016.186777750651
local_mix,16,128,16,1,1,sm80_transpose_w4,0,6.883200009663899,6.877866884072621,6.929066777229309,6.883200009663899
local_mix,16,128,16,1,1,tc_direct,0,10.294399658838907,10.264533758163452,10.30506690343221,10.294399658838907
local_mix,16,128,16,1,1,sm80_w1,0,10.512000322341919,10.49173374970754,10.544000069300333,10.512000322341919
local_mix,16,128,16,1,1,sm80_w4,0,6.923733154932658,6.8885331352551775,6.95360004901886,6.923733154932658
local_mix,16,128,16,1,1,tc_transpose,0,7.340799768765767,7.319466769695282,7.347199817498525,7.340799768765767
local_mix,16,128,16,1,1,sm80_pad_w4,0,8.712533116340637,8.69546631971995,8.718933661778768,8.712533116340637
local_mix,16,128,16,1,1,sm80_w8,0,4.407466451327006,4.4042666753133135,4.419200122356415,4.407466451327006
local_mix,16,128,16,1,1,tc_transpose,1,7.339733342329661,7.332266867160797,7.35040009021759,7.339733342329661
local_mix,16,128,16,1,1,sm80_w1,1,10.504532853762308,10.475732882817587,10.533333818117777,10.504532853762308
local_mix,16,128,16,1,1,sm80_transpose_w4,1,6.909866631031036,6.878933310508728,6.929066777229309,6.909866631031036
local_mix,16,128,16,1,1,sm80_w8,1,4.413866500059764,4.3935999274253845,4.426666597525279,4.413866500059764
local_mix,16,128,16,1,1,sm80_w4,1,6.921599805355072,6.89279983441035,6.948266426722209,6.921599805355072
local_mix,16,128,16,1,1,sm80_pad_w4,1,8.713600039482117,8.700799942016602,8.724266290664673,8.713600039482117
local_mix,16,128,16,1,1,tc_direct,1,10.28480033079783,10.269866387049357,10.290132959683737,10.28480033079783
local_mix,16,128,16,1,1,sm80_w1,2,10.530133048693338,10.481066505114237,10.548266768455505,10.530133048693338
local_mix,16,128,16,1,1,sm80_transpose_w4,2,6.875733534495036,6.870399912198384,6.9333334763844805,6.875733534495036
local_mix,16,128,16,1,1,tc_direct,2,10.301867127418518,10.277332862218222,10.310399532318115,10.301867127418518
local_mix,16,128,16,1,1,sm80_pad_w4,2,8.703999718030294,8.669867118199667,8.710400263468424,8.703999718030294
local_mix,16,128,16,1,1,sm80_w4,2,6.935466825962067,6.881066660086314,6.939733525117238,6.935466825962067
local_mix,16,128,16,1,1,tc_transpose,2,7.344000041484833,7.3365335663159685,7.362133264541626,7.344000041484833
local_mix,16,128,16,1,1,sm80_w8,2,4.4042666753133135,4.391466577847798,4.408533374468486,4.4042666753133135
local_mix,16,128,16,1,1,sm80_w1,3,10.492799679438273,10.483200351397196,10.548266768455505,10.492799679438273
local_mix,16,128,16,1,1,sm80_transpose_w4,3,6.889600058396657,6.87360018491745,6.932266553243001,6.889600058396657
local_mix,16,128,16,1,1,sm80_w8,3,4.4064000248909,4.399999976158142,4.4277335206667585,4.4064000248909
local_mix,16,128,16,1,1,sm80_w4,3,6.92799985408783,6.921599805355072,6.942933301130931,6.92799985408783
local_mix,16,128,16,1,1,tc_direct,3,10.28053363164266,10.267733534177145,10.30506690343221,10.28053363164266
local_mix,16,128,16,1,1,tc_transpose,3,7.342933118343353,7.3365335663159685,7.362133264541626,7.342933118343353
local_mix,16,128,16,1,1,sm80_pad_w4,3,8.701866865158081,8.656000097592672,8.72213343779246,8.701866865158081
local_mix,16,128,16,1,1,sm80_pad_w4,4,8.666666348775228,8.661333719889322,8.700799942016602,8.666666348775228
local_mix,16,128,16,1,1,sm80_w8,4,4.397866626580556,4.365866879622142,4.411733150482178,4.397866626580556
local_mix,16,128,16,1,1,sm80_transpose_w4,4,6.935466825962067,6.877866884072621,6.94400022427241,6.935466825962067
local_mix,16,128,16,1,1,sm80_w1,4,10.487467050552368,10.477866729100546,10.507733623186747,10.487467050552368
local_mix,16,128,16,1,1,sm80_w4,4,6.92799985408783,6.8800002336502075,6.947200000286102,6.92799985408783
local_mix,16,128,16,1,1,tc_direct,4,10.283733407656351,10.27946670850118,10.293333729108175,10.283733407656351
local_mix,16,128,16,1,1,tc_transpose,4,7.348266740640004,7.342933118343353,7.3525334397951765,7.348266740640004
local_mix,16,128,16,1,32,sm80_pad_w4,0,13.927466670672098,13.913599650065104,13.95093301932017,0.43523333345850307
local_mix,16,128,16,1,32,sm80_transpose_w4,0,8.242133259773254,8.233599861462912,8.252800007661184,0.2575666643679142
local_mix,16,128,16,1,32,tc_transpose,0,8.71573289235433,8.712533116340637,8.72106651465098,0.2723666528860728
local_mix,16,128,16,1,32,tc_direct,0,12.056533495585123,12.053333719571432,12.078932921091715,0.3767666717370351
local_mix,16,128,16,1,32,sm80_w8,0,5.362133185068767,5.358933409055074,5.373866856098175,0.16756666203339896
local_mix,16,128,16,1,32,sm80_w4,0,8.230400085449219,8.217599987983704,8.24426660935084,0.2572000026702881
local_mix,16,128,16,1,32,sm80_w1,0,15.878400206565857,15.870933731396994,15.890133380889893,0.49620000645518303
local_mix,16,128,16,1,32,sm80_transpose_w4,1,8.235733211040497,8.226133386294046,8.259200056393942,0.2573666628450155
local_mix,16,128,16,1,32,tc_direct,1,12.060800194740295,12.056533495585123,12.063999970753988,0.37690000608563423
local_mix,16,128,16,1,32,sm80_w8,1,5.368533233801524,5.364266534646352,5.373866856098175,0.16776666355629763
local_mix,16,128,16,1,32,sm80_pad_w4,1,13.929599523544312,13.898666699727377,13.961600263913473,0.43529998511075974
local_mix,16,128,16,1,32,sm80_w4,1,8.235733211040497,8.221866687138876,8.26453318198522,0.2573666628450155
local_mix,16,128,16,1,32,tc_transpose,1,8.718933661778768,8.697600166002909,8.727467060089111,0.2724666769305865
local_mix,16,128,16,1,32,sm80_w1,1,15.883733828862509,15.876266360282898,15.894400080045065,0.4963666821519534
local_mix,16,128,16,1,32,sm80_w1,2,15.925332903862,15.88159998257955,15.93706707159678,0.4976666532456875
local_mix,16,128,16,1,32,tc_direct,2,12.0469331741333,12.013866504033407,12.053333719571432,0.37646666169166565
local_mix,16,128,16,1,32,sm80_w8,2,5.376000205675761,5.365333457787831,5.3834666808446245,0.16800000642736754
local_mix,16,128,16,1,32,sm80_w4,2,8.23999991019567,8.230400085449219,8.258133133252462,0.25749999719361466
local_mix,16,128,16,1,32,sm80_transpose_w4,2,8.235733211040497,8.233599861462912,8.237866560618082,0.2573666628450155
local_mix,16,128,16,1,32,tc_transpose,2,8.713600039482117,8.701866865158081,8.725333213806152,0.27230000123381615
local_mix,16,128,16,1,32,sm80_pad_w4,2,13.954133788744608,13.909332950909933,13.966932892799377,0.436066680898269
local_mix,16,128,16,1,32,tc_direct,3,12.056533495585123,12.041599551836649,12.059733271598816,0.3767666717370351
local_mix,16,128,16,1,32,sm80_w1,3,15.889066457748413,15.876266360282898,15.893333156903585,0.4965333268046379
local_mix,16,128,16,1,32,sm80_w8,3,5.363200108210246,5.3568000594774885,5.3674668073654175,0.1676000033815702
local_mix,16,128,16,1,32,sm80_transpose_w4,3,8.255999783674875,8.230400085449219,8.29440007607142,0.25799999323983985
local_mix,16,128,16,1,32,sm80_w4,3,8.233599861462912,8.227199812730154,8.250666658083597,0.257299995670716
local_mix,16,128,16,1,32,tc_transpose,3,8.697600166002909,8.694400389989218,8.72213343779246,0.2718000051875909
local_mix,16,128,16,1,32,sm80_pad_w4,3,13.920000195503235,13.901866475741068,13.967999815940857,0.4350000061094761
local_mix,16,128,16,1,32,sm80_w8,4,5.366399884223938,5.354666709899902,5.390933156013489,0.16769999638199806
local_mix,16,128,16,1,32,sm80_transpose_w4,4,8.255999783674875,8.24533353249232,8.262399832407633,0.25799999323983985
local_mix,16,128,16,1,32,tc_direct,4,12.052266796429953,12.017066280047098,12.069333593050638,0.376633337388436
local_mix,16,128,16,1,32,sm80_w4,4,8.243200182914734,8.222933113574982,8.250666658083597,0.25760000571608543
local_mix,16,128,16,1,32,sm80_pad_w4,4,13.954133788744608,13.914666573206583,13.9573335647583,0.436066680898269
local_mix,16,128,16,1,32,sm80_w1,4,15.878400206565857,15.868799885114035,15.933866302172342,0.49620000645518303
local_mix,16,128,16,1,32,tc_transpose,4,8.708266417185465,8.697600166002909,8.71573289235433,0.2721333255370458
local_mix,16,128,16,12,1,sm80_w8,0,4.411733150482178,4.362666606903076,4.428799947102864,4.411733150482178
local_mix,16,128,16,12,1,sm80_pad_w4,0,8.83733332157135,8.794666330019632,8.846933643023172,8.83733332157135
local_mix,16,128,16,12,1,tc_direct,0,10.351999600728353,10.34986674785614,10.4010671377182,10.351999600728353
local_mix,16,128,16,12,1,tc_transpose,0,7.406933108965556,7.398400207360585,7.423999905586243,7.406933108965556
local_mix,16,128,16,12,1,sm80_w4,0,7.019733389218648,6.991999844710032,7.027199864387512,7.019733389218648
local_mix,16,128,16,12,1,sm80_transpose_w4,0,6.9994668165842695,6.995200117429097,7.021866738796234,6.9994668165842695
local_mix,16,128,16,12,1,sm80_w1,0,10.505599776903788,10.496000448862711,10.567466417948404,10.505599776903788
local_mix,16,128,16,12,1,sm80_w1,1,10.553600390752157,10.532266894976297,10.55466632048289,10.553600390752157
local_mix,16,128,16,12,1,tc_direct,1,10.351999600728353,10.347732901573181,10.406399766604105,10.351999600728353
local_mix,16,128,16,12,1,sm80_w4,1,6.9994668165842695,6.991999844710032,7.008000214894612,6.9994668165842695
local_mix,16,128,16,12,1,sm80_w8,1,4.40533310174942,4.397866626580556,4.413866500059764,4.40533310174942
local_mix,16,128,16,12,1,sm80_transpose_w4,1,7.005866865317027,6.9994668165842695,7.021866738796234,7.005866865317027
local_mix,16,128,16,12,1,sm80_pad_w4,1,8.799999952316284,8.795733253161112,8.842666943868002,8.799999952316284
local_mix,16,128,16,12,1,tc_transpose,1,7.426133255163829,7.410133381684621,7.436800003051758,7.426133255163829
local_mix,16,128,16,12,1,sm80_w1,2,10.481066505114237,10.474666953086853,10.497066378593445,10.481066505114237
local_mix,16,128,16,12,1,tc_direct,2,10.344533125559488,10.344533125559488,10.364799698193869,10.344533125559488
local_mix,16,128,16,12,1,sm80_w8,2,4.399999976158142,4.39680020014445,4.413866500059764,4.399999976158142
local_mix,16,128,16,12,1,sm80_w4,2,7.001600166161855,6.996266543865204,7.031466563542684,7.001600166161855
local_mix,16,128,16,12,1,sm80_pad_w4,2,8.835200468699137,8.808533350626627,8.850133419036865,8.835200468699137
local_mix,16,128,16,12,1,sm80_transpose_w4,2,7.020799815654755,6.996266543865204,7.066666583220164,7.020799815654755
local_mix,16,128,16,12,1,tc_transpose,2,7.425066828727722,7.4111998081207275,7.43146687746048,7.425066828727722
local_mix,16,128,16,12,1,sm80_w1,3,10.487467050552368,10.479999581972757,10.537599523862204,10.487467050552368
local_mix,16,128,16,12,1,sm80_transpose_w4,3,7.01333334048589,7.006933291753133,7.0186664660771685,7.01333334048589
local_mix,16,128,16,12,1,tc_transpose,3,7.4165334304173784,7.406933108965556,7.43146687746048,7.4165334304173784
local_mix,16,128,16,12,1,tc_direct,3,10.355200370152792,10.345600048700968,10.361599922180176,10.355200370152792
local_mix,16,128,16,12,1,sm80_w4,3,7.015466690063477,7.002666592597961,7.02400008837382,7.015466690063477
local_mix,16,128,16,12,1,sm80_w8,3,4.370133578777313,4.366933306058248,4.433066646258037,4.370133578777313
local_mix,16,128,16,12,1,sm80_pad_w4,3,8.79253347714742,8.787199854850769,8.846933643023172,8.79253347714742
local_mix,16,128,16,12,1,sm80_transpose_w4,4,7.008000214894612,6.993066767851512,7.01333334048589,7.008000214894612
local_mix,16,128,16,12,1,tc_transpose,4,7.43146687746048,7.4111998081207275,7.441066702206929,7.43146687746048
local_mix,16,128,16,12,1,sm80_w1,4,10.492799679438273,10.479999581972757,10.513066252072653,10.492799679438273
local_mix,16,128,16,12,1,sm80_pad_w4,4,8.849066495895386,8.804266651471456,8.853333195050558,8.849066495895386
local_mix,16,128,16,12,1,sm80_w8,4,4.410666724046071,4.40533310174942,4.4277335206667585,4.410666724046071
local_mix,16,128,16,12,1,sm80_w4,4,7.008000214894612,6.9994668165842695,7.011199990908305,7.008000214894612
local_mix,16,128,16,12,1,tc_direct,4,10.355200370152792,10.35093367099762,10.412800312042236,10.355200370152792
local_mix,16,128,16,12,32,tc_transpose,0,8.780800302823385,8.76906712849935,8.79786709944407,0.2744000094632308
local_mix,16,128,16,12,32,sm80_w1,0,15.941333770751953,15.909333030382792,15.948800245920816,0.49816668033599854
local_mix,16,128,16,12,32,sm80_pad_w4,0,14.037332932154337,14.033066232999166,14.062933127085367,0.43866665412982303
local_mix,16,128,16,12,32,sm80_transpose_w4,0,8.368000388145447,8.361599842707315,8.372267087300619,0.2615000121295452
local_mix,16,128,16,12,32,tc_direct,0,12.132267157236734,12.120532989501953,12.231466174125671,0.37913334866364795
local_mix,16,128,16,12,32,sm80_w8,0,5.372799932956696,5.366399884223938,5.373866856098175,0.16789999790489674
local_mix,16,128,16,12,32,sm80_w4,0,8.366933465003967,8.321066697438559,8.373333017031351,0.261466670781374
local_mix,16,128,16,12,32,sm80_transpose_w4,1,8.373333017031351,8.361599842707315,8.385066191355387,0.2616666567822297
local_mix,16,128,16,12,32,sm80_w1,1,15.88159998257955,15.877333283424377,15.892266233762106,0.49629999945561093
local_mix,16,128,16,12,32,sm80_w8,1,5.355733136336009,5.347200234731038,5.377066632111867,0.16736666051050028
local_mix,16,128,16,12,32,sm80_pad_w4,1,14.037332932154337,14.030933380126953,14.05333379904429,0.43866665412982303
local_mix,16,128,16,12,32,tc_direct,1,12.13866670926412,12.120532989501953,12.16319998105367,0.37933333466450375
local_mix,16,128,16,12,32,tc_transpose,1,8.776533603668213,8.76906712849935,8.801066875457764,0.27426667511463165
local_mix,16,128,16,12,32,sm80_w4,1,8.368000388145447,8.309333523114523,8.380800485610962,0.2615000121295452
local_mix,16,128,16,12,32,sm80_transpose_w4,2,8.372267087300619,8.360532919565836,8.379733562469482,0.26163334647814435
local_mix,16,128,16,12,32,sm80_w8,2,5.365333457787831,5.363200108210246,5.376000205675761,0.16766667055586973
local_mix,16,128,16,12,32,tc_transpose,2,8.781866232554117,8.77226690451304,8.791466554005941,0.27443331976731616
local_mix,16,128,16,12,32,sm80_pad_w4,2,14.04906709988912,14.034133156140646,14.062933127085367,0.439033346871535
local_mix,16,128,16,12,32,sm80_w1,2,15.930666526158651,15.891200304031372,15.936000148455301,0.49783332894245785
local_mix,16,128,16,12,32,sm80_w4,2,8.364799618721008,8.314666648705801,8.496000369389852,0.2613999880850315
local_mix,16,128,16,12,32,tc_direct,2,12.132267157236734,12.120532989501953,12.146133184432983,0.37913334866364795
local_mix,16,128,16,12,32,sm80_w8,3,5.3834666808446245,5.365333457787831,5.4208000500996905,0.16823333377639452
local_mix,16,128,16,12,32,sm80_w4,3,8.365866541862488,8.311466872692108,8.373333017031351,0.26143332943320274
local_mix,16,128,16,12,32,tc_transpose,3,8.788266777992249,8.782933155695597,8.817066748936972,0.27463333681225777
local_mix,16,128,16,12,32,sm80_w1,3,15.934933225313822,15.874133507410685,15.946666399637857,0.49796666329105693
local_mix,16,128,16,12,32,tc_direct,3,12.120532989501953,12.11733321348826,12.131200234095255,0.37876665592193604
local_mix,16,128,16,12,32,sm80_pad_w4,3,14.060800274213156,14.032000303268433,14.094932874043783,0.4394000085691611
local_mix,16,128,16,12,32,sm80_transpose_w4,3,8.384000261624655,8.361599842707315,8.387200037638346,0.26200000817577046
local_mix,16,128,16,12,32,sm80_w8,4,5.384533107280731,5.366399884223938,5.386666456858317,0.16826665960252285
local_mix,16,128,16,12,32,tc_direct,4,12.11733321348826,12.09920048713684,12.140799562136332,0.37866666292150813
local_mix,16,128,16,12,32,sm80_w4,4,8.363733688990274,8.346666892369589,8.378666639328003,0.2613666777809461
local_mix,16,128,16,12,32,tc_transpose,4,8.795733253161112,8.77226690451304,8.806399504343668,0.27486666416128475
local_mix,16,128,16,12,32,sm80_w1,4,15.898666779200235,15.876266360282898,15.936000148455301,0.49683333685000736
local_mix,16,128,16,12,32,sm80_transpose_w4,4,8.361599842707315,8.356266220410665,8.37439994017283,0.2612999950846036
local_mix,16,128,16,12,32,sm80_pad_w4,4,14.062933127085367,14.040533701578775,14.089600245157877,0.4394666602214177
local_mix,16,128,16,96,1,sm80_w4,0,7.098666826883952,7.086933155854543,7.149866720040639,7.098666826883952
local_mix,16,128,16,96,1,sm80_w1,0,10.830932855606079,10.778666536013285,10.834133625030518,10.830932855606079
local_mix,16,128,16,96,1,tc_direct,0,10.477866729100546,10.474666953086853,10.493866602579752,10.477866729100546
local_mix,16,128,16,96,1,sm80_transpose_w4,0,7.127466797828674,7.086933155854543,7.132799923419952,7.127466797828674
local_mix,16,128,16,96,1,sm80_pad_w4,0,8.90666643778483,8.901333808898926,8.914132912953695,8.90666643778483
local_mix,16,128,16,96,1,tc_transpose,0,7.5093333919843035,7.499733567237854,7.548800110816956,7.5093333919843035
local_mix,16,128,16,96,1,sm80_w8,0,4.471466441949208,4.426666597525279,4.4970666368802386,4.471466441949208
local_mix,16,128,16,96,1,sm80_transpose_w4,1,7.090133428573608,7.086933155854543,7.1402668952941895,7.090133428573608
local_mix,16,128,16,96,1,sm80_w1,1,10.823466380437216,10.7722669839859,10.836266477902731,10.823466380437216
local_mix,16,128,16,96,1,tc_direct,1,10.48426628112793,10.472533106803894,10.500267148017883,10.48426628112793
local_mix,16,128,16,96,1,tc_transpose,1,7.5413331389427185,7.529599964618683,7.547733187675476,7.5413331389427185
local_mix,16,128,16,96,1,sm80_w8,1,4.483200112978618,4.46613331635793,4.578133424123128,4.483200112978618
local_mix,16,128,16,96,1,sm80_w4,1,7.141333321730296,7.090133428573608,7.146666447321574,7.141333321730296
local_mix,16,128,16,96,1,sm80_pad_w4,1,8.914132912953695,8.90773336092631,8.919466535250345,8.914132912953695
local_mix,16,128,16,96,1,tc_direct,2,10.488532980283102,10.438399513562521,10.500267148017883,10.488532980283102
local_mix,16,128,16,96,1,sm80_w1,2,10.825600226720175,10.777599612871805,10.833066701889038,10.825600226720175
local_mix,16,128,16,96,1,sm80_transpose_w4,2,7.136000196139018,7.088000078996022,7.146666447321574,7.136000196139018
local_mix,16,128,16,96,1,sm80_w4,2,7.142400244871776,7.079466680685679,7.1456000208854675,7.142400244871776
local_mix,16,128,16,96,1,tc_transpose,2,7.544533411661784,7.4879998962084455,7.547733187675476,7.544533411661784
local_mix,16,128,16,96,1,sm80_w8,2,4.435199995835622,4.4277335206667585,4.484266539414723,4.435199995835622
local_mix,16,128,16,96,1,sm80_pad_w4,2,8.916266759236654,8.90559951464335,8.921600381533304,8.916266759236654
local_mix,16,128,16,96,1,sm80_w4,3,7.13919997215271,7.072000205516815,7.146666447321574,7.13919997215271
local_mix,16,128,16,96,1,tc_direct,3,10.486400127410889,10.476799805959066,10.503466924031576,10.486400127410889
local_mix,16,128,16,96,1,sm80_w8,3,4.472533365090688,4.421333471934001,4.489600161711375,4.472533365090688
local_mix,16,128,16,96,1,sm80_pad_w4,3,8.913066983222961,8.90559951464335,8.918399612108866,8.913066983222961
local_mix,16,128,16,96,1,sm80_w1,3,10.831999778747559,10.777599612871805,10.83840032418569,10.831999778747559
local_mix,16,128,16,96,1,tc_transpose,3,7.503999769687653,7.483733197053273,7.546666761239369,7.503999769687653
local_mix,16,128,16,96,1,sm80_transpose_w4,3,7.137066622575124,7.091199855009715,7.142400244871776,7.137066622575124
local_mix,16,128,16,96,1,sm80_w8,4,4.47680006424586,4.422399898370107,4.483200112978618,4.47680006424586
local_mix,16,128,16,96,1,tc_transpose,4,7.542400062084198,7.493333518505096,7.548800110816956,7.542400062084198
local_mix,16,128,16,96,1,sm80_transpose_w4,4,7.1402668952941895,7.096533477306366,7.142400244871776,7.1402668952941895
local_mix,16,128,16,96,1,sm80_w4,4,7.088000078996022,7.075199981530507,7.09440012772878,7.088000078996022
local_mix,16,128,16,96,1,sm80_pad_w4,4,8.931199709574381,8.912000060081482,8.935466408729553,8.931199709574381
local_mix,16,128,16,96,1,tc_direct,4,10.496000448862711,10.44160028298696,10.50879955291748,10.496000448862711
local_mix,16,128,16,96,1,sm80_w1,4,10.822400450706482,10.773332913716635,10.829866925875345,10.822400450706482
local_mix,16,128,16,96,32,sm80_transpose_w4,0,8.457600076993307,8.447999755541483,8.507733543713888,0.26430000240604085
local_mix,16,128,16,96,32,sm80_w4,0,8.449066678682962,8.442667126655579,8.502399921417236,0.2640333337088426
local_mix,16,128,16,96,32,tc_transpose,0,8.914132912953695,8.904533584912619,8.921600381533304,0.278566653529803
local_mix,16,128,16,96,32,tc_direct,0,12.32640047868093,12.314666310946146,12.340266505877176,0.38520001495877904
local_mix,16,128,16,96,32,sm80_pad_w4,0,14.169599612553915,14.116266369819641,14.179199934005737,0.44279998789230984
local_mix,16,128,16,96,32,sm80_w8,0,5.448533097902934,5.433600147565206,5.461333195368449,0.1702666593094667
local_mix,16,128,16,96,32,sm80_w1,0,16.21333360671997,16.210132837295532,16.226133704185486,0.5066666752099991
local_mix,16,128,16,96,32,sm80_w1,1,16.21119976043701,16.16320013999939,16.220800081888836,0.5065999925136566
local_mix,16,128,16,96,32,sm80_transpose_w4,1,8.492799599965414,8.442667126655579,8.499200145403544,0.2653999874989192
local_mix,16,128,16,96,32,sm80_w4,1,8.49173367023468,8.435199658075968,8.504533767700195,0.26536667719483376
local_mix,16,128,16,96,32,tc_direct,1,12.327466408411661,12.317867080370585,12.330666184425354,0.3852333252628644
local_mix,16,128,16,96,32,sm80_pad_w4,1,14.168533682823181,14.16320006052653,14.177067081133524,0.4427666775882244
local_mix,16,128,16,96,32,tc_transpose,1,8.93226663271586,8.90559951464335,8.938666184743246,0.27913333227237064
local_mix,16,128,16,96,32,sm80_w8,1,5.450666447480519,5.434666574001312,5.4922665158907575,0.17033332648376623
local_mix,16,128,16,96,32,sm80_w4,2,8.486400047938028,8.428800106048584,8.500267068545023,0.2652000014980634
local_mix,16,128,16,96,32,sm80_transpose_w4,2,8.49173367023468,8.435199658075968,8.500267068545023,0.26536667719483376
local_mix,16,128,16,96,32,sm80_w8,2,5.442133545875549,5.4261331756909685,5.461333195368449,0.17006667330861092
local_mix,16,128,16,96,32,tc_direct,2,12.344533205032349,12.281599640846252,12.35093375047048,0.3857666626572609
local_mix,16,128,16,96,32,sm80_pad_w4,2,14.166399836540222,14.16320006052653,14.170666535695394,0.44269999489188194
local_mix,16,128,16,96,32,sm80_w1,2,16.214399536450703,16.200533509254456,16.21760030587514,0.5066999855140845
local_mix,16,128,16,96,32,tc_transpose,2,8.909866213798523,8.903466661771139,8.912000060081482,0.27843331918120384
local_mix,16,128,16,96,32,tc_direct,3,12.318933010101318,12.313600381215414,12.334932883580526,0.3849666565656662
local_mix,16,128,16,96,32,tc_transpose,3,8.920533458391825,8.90559951464335,8.937600255012512,0.2787666705747445
local_mix,16,128,16,96,32,sm80_pad_w4,3,14.189866185188293,14.123732844988504,14.190933108329773,0.44343331828713417
local_mix,16,128,16,96,32,sm80_transpose_w4,3,8.493866523106893,8.455466230710348,8.501332998275757,0.2654333288470904
local_mix,16,128,16,96,32,sm80_w1,3,16.170666615168255,16.15893344084422,16.214399536450703,0.505333331724008
local_mix,16,128,16,96,32,sm80_w4,3,8.462933699289957,8.442667126655579,8.492799599965414,0.26446667810281116
local_mix,16,128,16,96,32,sm80_w8,3,5.432533224423726,5.4261331756909685,5.4976001381874084,0.16976666326324144
local_mix,16,128,16,96,32,sm80_pad_w4,4,14.164266983668009,14.1567995150884,14.172800381978353,0.4426333432396253
local_mix,16,128,16,96,32,sm80_w8,4,5.490133166313171,5.433600147565206,5.496533215045929,0.1715666614472866
local_mix,16,128,16,96,32,tc_direct,4,12.346667051315308,12.318933010101318,12.353066603342691,0.38583334535360336
local_mix,16,128,16,96,32,tc_transpose,4,8.93440047899882,8.904533584912619,8.948266506195068,0.2792000149687131
local_mix,16,128,16,96,32,sm80_transpose_w4,4,8.444799979527792,8.438400427500406,8.502399921417236,0.2638999993602435
local_mix,16,128,16,96,32,sm80_w1,4,16.210132837295532,16.199466586112976,16.222932934761047,0.5065666511654854
local_mix,16,128,16,96,32,sm80_w4,4,8.453333377838135,8.447999755541483,8.498133222262064,0.2641666680574417
local_mix,16,128,16,6144,1,sm80_transpose_w4,0,35.95093488693237,35.92106501261393,36.06186707814535,35.95093488693237
local_mix,16,128,16,6144,1,sm80_w8,0,34.19093290964762,34.11306540171305,34.289065996805824,34.19093290964762
local_mix,16,128,16,6144,1,tc_transpose,0,48.42559893925985,48.24533462524414,48.57706626256307,48.42559893925985
local_mix,16,128,16,6144,1,sm80_w4,0,34.4650665918986,34.31466817855835,34.520534674326576,34.4650665918986
local_mix,16,128,16,6144,1,sm80_w1,0,35.46880086263021,35.38986841837565,35.591467221577965,35.46880086263021
local_mix,16,128,16,6144,1,tc_direct,0,111.21706962585449,111.16053263346355,111.38026714324951,111.21706962585449
local_mix,16,128,16,6144,1,sm80_pad_w4,0,49.24373229344686,49.23306703567505,49.419732888539635,49.24373229344686
local_mix,16,128,16,6144,1,tc_direct,1,111.2394650777181,111.15307013193767,111.35893662770589,111.2394650777181
local_mix,16,128,16,6144,1,sm80_transpose_w4,1,35.99679867426554,35.817599296569824,36.1407995223999,35.99679867426554
local_mix,16,128,16,6144,1,sm80_pad_w4,1,49.2576003074646,49.176534016927086,49.38453435897827,49.2576003074646
local_mix,16,128,16,6144,1,sm80_w1,1,35.51786740620931,35.33546527226766,35.65333286921183,35.51786740620931
local_mix,16,128,16,6144,1,sm80_w4,1,34.56746737162272,34.41386620203654,34.64320103327433,34.56746737162272
local_mix,16,128,16,6144,1,sm80_w8,1,34.18560028076172,34.11306540171305,34.25493240356445,34.18560028076172
local_mix,16,128,16,6144,1,tc_transpose,1,48.48320086797079,48.2965350151062,48.55680068333944,48.48320086797079
local_mix,16,128,16,6144,1,tc_direct,2,111.20426654815674,111.14986737569173,111.75893147786458,111.20426654815674
local_mix,16,128,16,6144,1,sm80_w4,2,34.499200185139976,34.433066844940186,34.50560172398885,34.499200185139976
local_mix,16,128,16,6144,1,sm80_pad_w4,2,49.24373229344686,49.17759895324707,49.37066634496053,49.24373229344686
local_mix,16,128,16,6144,1,sm80_w8,2,34.29333368937174,34.155734380086265,34.30293401082357,34.29333368937174
local_mix,16,128,16,6144,1,tc_transpose,2,48.287999629974365,48.21439981460571,48.50026766459147,48.287999629974365
local_mix,16,128,16,6144,1,sm80_transpose_w4,2,35.98933219909668,35.93813180923462,36.16000016530355,35.98933219909668
local_mix,16,128,16,6144,1,sm80_w1,2,35.52960157394409,35.34719944000244,35.66506703694662,35.52960157394409
local_mix,16,128,16,6144,1,sm80_transpose_w4,3,36.00639899571737,35.87199846903483,36.14933490753174,36.00639899571737
local_mix,16,128,16,6144,1,tc_transpose,3,48.50026766459147,48.290133476257324,48.62293402353922,48.50026766459147
local_mix,16,128,16,6144,1,sm80_w8,3,34.16320085525513,34.101335207621254,34.23680067062378,34.16320085525513
local_mix,16,128,16,6144,1,sm80_w1,3,35.523200035095215,35.33759911855062,35.59786478678385,35.523200035095215
local_mix,16,128,16,6144,1,sm80_w4,3,34.49493249257406,34.370132287343345,34.54933166503906,34.49493249257406
local_mix,16,128,16,6144,1,tc_direct,3,111.29813194274902,111.22666994730632,111.43253644307454,111.29813194274902
local_mix,16,128,16,6144,1,sm80_pad_w4,3,49.24586613972982,49.173335234324135,49.273598194122314,49.24586613972982
local_mix,16,128,16,6144,1,sm80_w4,4,34.50986544291178,34.38080151875814,34.77973143259684,34.50986544291178
local_mix,16,128,16,6144,1,sm80_pad_w4,4,49.249064922332764,49.17226632436117,49.378132820129395,49.249064922332764
local_mix,16,128,16,6144,1,sm80_transpose_w4,4,35.93920071919759,35.80160140991211,36.075735092163086,35.93920071919759
local_mix,16,128,16,6144,1,tc_transpose,4,48.44799836476644,48.305066426595054,48.6410657564799,48.44799836476644
local_mix,16,128,16,6144,1,sm80_w8,4,34.22400156656901,34.104533990224205,34.250664710998535,34.22400156656901
local_mix,16,128,16,6144,1,tc_direct,4,111.29173437754314,111.06239954630534,111.29706700642903,111.29173437754314
local_mix,16,128,16,6144,1,sm80_w1,4,35.6117328008016,35.46453317006429,35.68426767985026,35.6117328008016
local_mix,16,128,16,49152,1,tc_direct,0,1042.1621322631836,1042.082150777181,1042.2112147013347,1042.1621322631836
local_mix,16,128,16,49152,1,sm80_w4,0,299.4058609008789,299.39308166503906,299.4688034057617,299.4058609008789
local_mix,16,128,16,49152,1,sm80_w1,0,243.74826749165854,243.61066818237305,243.85174115498862,243.74826749165854
local_mix,16,128,16,49152,1,tc_transpose,0,323.6991882324219,323.69171778361004,323.7183888753255,323.6991882324219
local_mix,16,128,16,49152,1,sm80_pad_w4,0,403.14985911051434,403.0367851257324,403.21388244628906,403.14985911051434
local_mix,16,128,16,49152,1,sm80_transpose_w4,0,307.81545639038086,307.7749252319336,307.86345799763996,307.81545639038086
local_mix,16,128,16,49152,1,sm80_w8,0,319.9861208597819,319.9359893798828,320.14719645182294,319.9861208597819
local_mix,16,128,16,49152,1,sm80_transpose_w4,1,307.85706837972003,307.7941258748372,307.88265864054364,307.85706837972003
local_mix,16,128,16,49152,1,sm80_w8,1,320.0160026550293,320.00532150268555,320.0821240743001,320.0160026550293
local_mix,16,128,16,49152,1,sm80_w4,1,299.40481185913086,299.3365287780762,299.5210647583008,299.40481185913086
local_mix,16,128,16,49152,1,tc_transpose,1,323.76639048258465,323.7215995788574,323.7738609313965,323.76639048258465
local_mix,16,128,16,49152,1,tc_direct,1,1042.1589533487956,1042.0703887939453,1042.2880172729492,1042.1589533487956
local_mix,16,128,16,49152,1,sm80_pad_w4,1,403.2650629679362,403.0655860900879,403.4709294637044,403.2650629679362
local_mix,16,128,16,49152,1,sm80_w1,1,243.667205174764,243.58612696329752,243.7162717183431,243.667205174764
local_mix,16,128,16,49152,1,sm80_w8,2,320.0127919514974,319.90826924641925,320.0629234313965,320.0127919514974
local_mix,16,128,16,49152,1,sm80_transpose_w4,2,307.8624089558919,307.7247937520345,307.8730583190918,307.8624089558919
local_mix,16,128,16,49152,1,sm80_w1,2,243.63946914672852,243.52320035298666,243.7397321065267,243.63946914672852
local_mix,16,128,16,49152,1,tc_transpose,2,323.7653414408366,323.6245473225911,323.7749417622884,323.7653414408366
local_mix,16,128,16,49152,1,sm80_w4,2,299.4773228963216,299.38987096150714,299.5775858561198,299.4773228963216
local_mix,16,128,16,49152,1,sm80_pad_w4,2,403.1200091044108,402.99733479817706,403.27253341674805,403.1200091044108
local_mix,16,128,16,49152,1,tc_direct,2,1042.2805150349934,1042.14293162028,1042.3477172851562,1042.2805150349934
local_mix,16,128,16,49152,1,sm80_w1,3,243.79307428995767,243.72587203979492,243.85493596394858,243.79307428995767
local_mix,16,128,16,49152,1,sm80_w8,3,320.0544039408366,319.96692021687824,320.2047983805339,320.0544039408366
local_mix,16,128,16,49152,1,sm80_w4,3,299.47519302368164,299.33013916015625,299.59786732991535,299.47519302368164
local_mix,16,128,16,49152,1,tc_direct,3,1042.1578725179036,1041.7503992716472,1042.2805150349934,1042.1578725179036
local_mix,16,128,16,49152,1,sm80_pad_w4,3,403.1349182128906,402.9439926147461,403.2416025797526,403.1349182128906
local_mix,16,128,16,49152,1,tc_transpose,3,323.70131810506183,323.63414764404297,323.77599080403644,323.70131810506183
local_mix,16,128,16,49152,1,sm80_transpose_w4,3,307.80372619628906,307.80054728190106,307.9360008239746,307.80372619628906
local_mix,16,128,16,49152,1,sm80_pad_w4,4,403.1455993652344,402.9941240946452,403.27253341674805,403.1455993652344
local_mix,16,128,16,49152,1,sm80_transpose_w4,4,307.806936899821,307.7322642008464,307.8922589619954,307.806936899821
local_mix,16,128,16,49152,1,tc_direct,4,1042.1375910441081,1041.9594446818035,1042.2197341918945,1042.1375910441081
local_mix,16,128,16,49152,1,tc_transpose,4,323.70773951212567,323.6554781595866,323.7824122111003,323.70773951212567
local_mix,16,128,16,49152,1,sm80_w1,4,243.74933242797852,243.73226165771484,243.88052622477213,243.74933242797852
local_mix,16,128,16,49152,1,sm80_w4,4,299.39734141031903,299.3376096089681,299.4677225748698,299.39734141031903
local_mix,16,128,16,49152,1,sm80_w8,4,320.0127919514974,319.9616114298503,320.08533477783203,320.0127919514974
state_update,128,128,16,1,1,sm80_w8,0,9.194667140642801,9.19040044148763,9.222400188446045,9.194667140642801
state_update,128,128,16,1,1,sm80_w1,0,29.804799954096477,29.7599991162618,29.805866877237957,29.804799954096477
state_update,128,128,16,1,1,sm80_w4,0,15.009066462516785,14.986667037010193,15.015467007954916,15.009066462516785
state_update,128,128,16,1,1,tc_direct,0,14.672000209490458,14.660267035166422,14.734933773676554,14.672000209490458
state_update,128,128,16,1,1,sm80_transpose_w4,0,15.193600455919901,15.18933375676473,15.203199783960978,15.193600455919901
state_update,128,128,16,1,1,sm80_pad_w4,0,14.998400211334229,14.993066589037577,15.016532937685648,14.998400211334229
state_update,128,128,16,1,1,tc_transpose,0,12.53546675046285,12.524799505869547,12.539733449618021,12.53546675046285
state_update,128,128,16,1,1,tc_direct,1,14.71466620763143,14.659200112024942,14.725333452224731,14.71466620763143
state_update,128,128,16,1,1,sm80_transpose_w4,1,15.191466609636942,15.166933337847391,15.204266707102457,15.191466609636942
state_update,128,128,16,1,1,sm80_w1,1,29.769599437713623,29.745066165924072,29.817599058151245,29.769599437713623
state_update,128,128,16,1,1,tc_transpose,1,12.520533800125122,12.487467130025228,12.551466623942057,12.520533800125122
state_update,128,128,16,1,1,sm80_w4,1,14.997333288192749,14.980266491572062,15.134933590888977,14.997333288192749
state_update,128,128,16,1,1,sm80_w8,1,9.193600217501322,9.185066819190979,9.197866916656494,9.193600217501322
state_update,128,128,16,1,1,sm80_pad_w4,1,14.998400211334229,14.989866813023886,15.010133385658264,14.998400211334229
state_update,128,128,16,1,1,sm80_w1,2,29.790933926900227,29.733333985010784,29.809067646662395,29.790933926900227
state_update,128,128,16,1,1,sm80_w4,2,14.988799889882406,14.983466267585754,15.0026669104894,14.988799889882406
state_update,128,128,16,1,1,sm80_pad_w4,2,15.001599987347921,14.989866813023886,15.010133385658264,15.001599987347921
state_update,128,128,16,1,1,sm80_transpose_w4,2,15.197867155075073,15.194666385650635,15.214932958285013,15.197867155075073
state_update,128,128,16,1,1,tc_direct,2,14.710399508476257,14.674133062362671,14.737066626548767,14.710399508476257
state_update,128,128,16,1,1,sm80_w8,2,9.193600217501322,9.18293297290802,9.196799993515015,9.193600217501322
state_update,128,128,16,1,1,tc_transpose,2,12.532266974449158,12.526933352152506,12.537599603335062,12.532266974449158
state_update,128,128,16,1,1,sm80_pad_w4,3,15.010133385658264,14.995200435320536,15.036799510320028,15.010133385658264
state_update,128,128,16,1,1,sm80_w8,3,9.185066819190979,9.14453367392222,9.202133615811666,9.185066819190979
state_update,128,128,16,1,1,tc_direct,3,14.707199732462565,14.673067132631937,14.728533228238424,14.707199732462565
state_update,128,128,16,1,1,sm80_w4,3,15.005866686503092,14.983466267585754,15.014400084813436,15.005866686503092
state_update,128,128,16,1,1,tc_transpose,3,12.542933225631714,12.494933605194092,12.548266847928366,12.542933225631714
state_update,128,128,16,1,1,sm80_w1,3,29.752532641092937,29.729066292444866,29.764266808827717,29.752532641092937
state_update,128,128,16,1,1,sm80_transpose_w4,3,15.18933375676473,15.186132987340292,15.192533532778421,15.18933375676473
state_update,128,128,16,1,1,sm80_w1,4,29.78559931119283,29.733333985010784,29.798400402069092,29.78559931119283
state_update,128,128,16,1,1,sm80_transpose_w4,4,15.18933375676473,15.179733435312906,15.198933084805807,15.18933375676473
state_update,128,128,16,1,1,sm80_w8,4,9.180800120035807,9.172266721725464,9.202133615811666,9.180800120035807
state_update,128,128,16,1,1,sm80_w4,4,14.997333288192749,14.98240033785502,15.007999539375305,14.997333288192749
state_update,128,128,16,1,1,tc_transpose,4,12.525866429011026,12.479999661445618,12.552533547083536,12.525866429011026
state_update,128,128,16,1,1,sm80_pad_w4,4,15.012266238530477,15.003732840220133,15.016532937685648,15.012266238530477
state_update,128,128,16,1,1,tc_direct,4,14.709333578745523,14.664533734321594,14.723199605941772,14.709333578745523
state_update,128,128,16,1,32,sm80_w4,0,25.683200359344482,25.641600290934246,25.69813330968221,0.8026000112295151
state_update,128,128,16,1,32,sm80_w8,0,16.621866822242737,16.568533579508465,16.633599996566772,0.5194333381950855
state_update,128,128,16,1,32,sm80_w1,0,72.93226718902588,72.87147045135498,72.94080257415771,2.2791333496570587
state_update,128,128,16,1,32,sm80_transpose_w4,0,26.00746750831604,25.97973346710205,26.054400205612183,0.8127333596348763
state_update,128,128,16,1,32,sm80_pad_w4,0,25.637332598368328,25.631999969482422,25.706666707992554,0.8011666436990103
state_update,128,128,16,1,32,tc_transpose,0,14.324266711870829,14.293332894643148,14.335999886194864,0.4476333347459634
state_update,128,128,16,1,32,tc_direct,0,16.482133666674297,16.47893289724986,16.48853321870168,0.5150666770835718
state_update,128,128,16,1,32,sm80_w1,1,72.91200160980225,72.87680308024089,72.9418675104777,2.27850005030632
state_update,128,128,16,1,32,tc_transpose,1,14.344533284505209,14.309333761533102,14.361600081125895,0.4482666651407878
state_update,128,128,16,1,32,sm80_transpose_w4,1,26.00746750831604,25.995733340581257,26.101332902908325,0.8127333596348763
state_update,128,128,16,1,32,tc_direct,1,16.502400239308674,16.47999982039134,16.516266266504925,0.5157000074783961
state_update,128,128,16,1,32,sm80_pad_w4,1,25.66293279329936,25.654399394989014,25.68853298823039,0.801966649790605
state_update,128,128,16,1,32,sm80_w4,1,25.65973401069641,25.651200612386067,25.679999589920044,0.8018666878342628
state_update,128,128,16,1,32,sm80_w8,1,16.625066598256428,16.577066977818806,16.63146714369456,0.5195333311955134
state_update,128,128,16,1,32,sm80_w1,2,72.88533051808675,72.87360032399495,72.9354699452718,2.277666578690211
state_update,128,128,16,1,32,tc_transpose,2,14.32319978872935,14.307199915250143,14.327466487884521,0.44759999339779216
state_update,128,128,16,1,32,sm80_w4,2,25.655466318130493,25.64586599667867,25.69493254025777,0.8017333224415779
state_update,128,128,16,1,32,sm80_w8,2,16.619732975959778,16.58453345298767,16.625066598256428,0.5193666554987431
state_update,128,128,16,1,32,tc_direct,2,16.48533344268799,16.450132926305134,16.492799917856853,0.5151666700839996
state_update,128,128,16,1,32,sm80_transpose_w4,2,25.990400711695354,25.98080039024353,26.051199436187744,0.8122000222404798
state_update,128,128,16,1,32,sm80_pad_w4,2,25.64586599667867,25.642667214075725,25.675733884175617,0.8014333123962084
state_update,128,128,16,1,32,sm80_w1,3,72.92479674021403,72.8874683380127,72.94080257415771,2.2788998981316886
state_update,128,128,16,1,32,sm80_transpose_w4,3,26.00533366203308,25.990400711695354,26.048000653584797,0.8126666769385338
state_update,128,128,16,1,32,sm80_w4,3,25.69599946339925,25.666133562723797,25.706666707992554,0.8029999832312266
state_update,128,128,16,1,32,tc_transpose,3,14.311466614405314,14.297599593798319,14.32960033416748,0.44723333170016605
state_update,128,128,16,1,32,sm80_pad_w4,3,25.650133689244587,25.64586599667867,25.693867603937786,0.8015666777888933
state_update,128,128,16,1,32,tc_direct,3,16.48853321870168,16.482133666674297,16.50453309218089,0.5152666630844275
state_update,128,128,16,1,32,sm80_w8,3,16.622933745384216,16.56426688035329,16.633599996566772,0.5194666795432568
state_update,128,128,16,1,32,sm80_transpose_w4,4,26.010666290918987,25.985066095987957,26.06079975763957,0.8128333215912183
state_update,128,128,16,1,32,sm80_pad_w4,4,25.638399521509807,25.63413381576538,25.667200485865276,0.8011999850471815
state_update,128,128,16,1,32,tc_direct,4,16.498133540153503,16.466133793195088,16.50560001532237,0.515566673129797
state_update,128,128,16,1,32,sm80_w8,4,16.634666919708252,16.55893325805664,16.6485329469045,0.5198333412408829
state_update,128,128,16,1,32,tc_transpose,4,14.308266838391622,14.293332894643148,14.330666263898214,0.4471333386997382
state_update,128,128,16,1,32,sm80_w1,4,72.88106282552083,72.87253538767497,72.94080257415771,2.277533213297526
state_update,128,128,16,1,32,sm80_w4,4,25.66186587015788,25.657600164413452,25.71199933687846,0.8019333084424337
state_update,128,128,16,12,1,sm80_w1,0,30.07040023803711,29.971200227737427,30.09386658668518,30.07040023803711
state_update,128,128,16,12,1,tc_direct,0,14.878933628400167,14.872533082962036,14.922666549682617,14.878933628400167
state_update,128,128,16,12,1,sm80_transpose_w4,0,15.399466951688131,15.379200379053751,15.408000349998474,15.399466951688131
state_update,128,128,16,12,1,sm80_w8,0,9.321600198745728,9.309867024421692,9.33013359705607,9.321600198745728
state_update,128,128,16,12,1,sm80_pad_w4,0,15.192533532778421,15.18933375676473,15.196800231933594,15.192533532778421
state_update,128,128,16,12,1,tc_transpose,0,12.735999623934427,12.698666254679361,12.757333119710287,12.735999623934427
state_update,128,128,16,12,1,sm80_w4,0,15.218133727709452,15.170133113861084,15.220266580581665,15.218133727709452
state_update,128,128,16,12,1,sm80_transpose_w4,1,15.426133076349894,15.421866377194723,15.46986699104309,15.426133076349894
state_update,128,128,16,12,1,tc_transpose,1,12.734933694203695,12.69760032494863,12.762666742006937,12.734933694203695
state_update,128,128,16,12,1,sm80_pad_w4,1,15.196800231933594,15.190399686495462,15.218133727709452,15.196800231933594
state_update,128,128,16,12,1,tc_direct,1,14.921599626541138,14.908799529075623,14.940800269444784,14.921599626541138
state_update,128,128,16,12,1,sm80_w8,1,9.313066800435385,9.306666254997253,9.33013359705607,9.313066800435385
state_update,128,128,16,12,1,sm80_w4,1,15.187199910481771,15.178666512171427,15.204266707102457,15.187199910481771
state_update,128,128,16,12,1,sm80_w1,1,30.073599020640057,29.998934268951416,30.136533578236897,30.073599020640057
state_update,128,128,16,12,1,tc_transpose,2,12.732799847920736,12.72213359673818,12.742400169372559,12.732799847920736
state_update,128,128,16,12,1,tc_direct,2,14.923733472824097,14.913066228230795,14.93119994799296,14.923733472824097
state_update,128,128,16,12,1,sm80_pad_w4,2,15.18933375676473,15.186132987340292,15.215999881426493,15.18933375676473
state_update,128,128,16,12,1,sm80_w4,2,15.213867028554281,15.194666385650635,15.221333503723145,15.213867028554281
state_update,128,128,16,12,1,sm80_transpose_w4,2,15.403733650843302,15.382400155067444,15.409066279729208,15.403733650843302
state_update,128,128,16,12,1,sm80_w1,2,30.001066128412884,29.998934268951416,30.138667424519856,30.001066128412884
state_update,128,128,16,12,1,sm80_w8,2,9.320533275604248,9.313066800435385,9.337600072224935,9.320533275604248
state_update,128,128,16,12,1,tc_transpose,3,12.74773379166921,12.72640029589335,12.759466965993246,12.74773379166921
state_update,128,128,16,12,1,sm80_pad_w4,3,15.191466609636942,15.190399686495462,15.20746648311615,15.191466609636942
state_update,128,128,16,12,1,tc_direct,3,14.921599626541138,14.919466773668924,14.93013302485148,14.921599626541138
state_update,128,128,16,12,1,sm80_w4,3,15.187199910481771,15.185067057609558,15.215999881426493,15.187199910481771
state_update,128,128,16,12,1,sm80_w8,3,9.316266576449076,9.315199653307596,9.32479997475942,9.316266576449076
state_update,128,128,16,12,1,sm80_transpose_w4,3,15.422933300336203,15.370666980743408,15.427199999491373,15.422933300336203
state_update,128,128,16,12,1,sm80_w1,3,30.06933331489563,30.028800169626873,30.090665817260742,30.06933331489563
state_update,128,128,16,12,1,tc_direct,4,14.874666929244995,14.872533082962036,14.936533570289612,14.874666929244995
state_update,128,128,16,12,1,sm80_pad_w4,4,15.187199910481771,15.180800358454386,15.213867028554281,15.187199910481771
state_update,128,128,16,12,1,sm80_w4,4,15.187199910481771,15.18186628818512,15.217066804567972,15.187199910481771
state_update,128,128,16,12,1,sm80_w8,4,9.308800101280212,9.266133109728495,9.32479997475942,9.308800101280212
state_update,128,128,16,12,1,sm80_transpose_w4,4,15.396266182263693,15.386666854222616,15.410133202870687,15.396266182263693
state_update,128,128,16,12,1,tc_transpose,4,12.735999623934427,12.723199526468912,12.753066420555115,12.735999623934427
state_update,128,128,16,12,1,sm80_w1,4,29.99253273010254,29.96693253517151,30.09706735610962,29.99253273010254
state_update,128,128,16,12,32,tc_transpose,0,14.482133587201437,14.466133713722229,14.522666732470194,0.4525666746000449
state_update,128,128,16,12,32,tc_direct,0,16.683733463287354,16.629333297411602,16.69119993845622,0.5213666707277298
state_update,128,128,16,12,32,sm80_transpose_w4,0,26.259199778238933,26.182399193445843,26.318933566411335,0.8205999930699667
state_update,128,128,16,12,32,sm80_w1,0,73.62346649169922,73.47626686096191,73.68853092193604,2.3007333278656006
state_update,128,128,16,12,32,sm80_w4,0,25.896533330281574,25.84106723467509,25.961599747339886,0.8092666665712992
state_update,128,128,16,12,32,sm80_w8,0,16.771199305852253,16.757333278656006,16.845866044362385,0.5240999783078829
state_update,128,128,16,12,32,sm80_pad_w4,0,25.922133525212605,25.83893338839213,25.97973346710205,0.8100666726628939
state_update,128,128,16,12,32,sm80_w4,1,25.874133904774983,25.845332940419514,25.939200321833294,0.8085666845242182
state_update,128,128,16,12,32,sm80_w8,1,16.833066940307617,16.70080025990804,16.834133863449097,0.526033341884613
state_update,128,128,16,12,32,tc_direct,1,16.682666540145874,16.632533073425293,16.709333658218384,0.5213333293795586
state_update,128,128,16,12,32,sm80_transpose_w4,1,26.255999008814495,26.18666688601176,26.3264000415802,0.820499969025453
state_update,128,128,16,12,32,sm80_pad_w4,1,25.916800896326702,25.85066755612691,25.976532697677612,0.8099000280102094
state_update,128,128,16,12,32,tc_transpose,1,14.518400033315023,14.5087997118632,14.58133359750112,0.4537000010410945
state_update,128,128,16,12,32,sm80_w1,1,73.61813386281331,73.55626424153645,73.63306681315105,2.300566683212916
state_update,128,128,16,12,32,tc_direct,2,16.633599996566772,16.621866822242737,16.69013301531474,0.5197999998927116
state_update,128,128,16,12,32,sm80_pad_w4,2,25.913600126902264,25.844266017278034,25.98080039024353,0.8098000039656957
state_update,128,128,16,12,32,sm80_w1,2,73.56159687042236,73.49226474761963,73.63519668579102,2.298799902200699
state_update,128,128,16,12,32,sm80_w8,2,16.76693360010783,16.76479975382487,16.840533415476482,0.5239666750033697
state_update,128,128,16,12,32,sm80_transpose_w4,2,26.317866643269856,26.18880073229472,26.334933439890545,0.822433332602183
state_update,128,128,16,12,32,tc_transpose,2,14.51520025730133,14.495999614397684,14.526933431625366,0.4536000080406666
state_update,128,128,16,12,32,sm80_w4,2,25.873066981633503,25.79840024312337,25.975465774536133,0.808533343176047
state_update,128,128,16,12,32,tc_transpose,3,14.516266187032064,14.466133713722229,14.53333298365275,0.453633318344752
state_update,128,128,16,12,32,tc_direct,3,16.633599996566772,16.633599996566772,16.71359936396281,0.5197999998927116
state_update,128,128,16,12,32,sm80_w8,3,16.825600465138752,16.76586667696635,16.839466492335003,0.525800014535586
state_update,128,128,16,12,32,sm80_w4,3,25.910399357477825,25.845332940419514,25.970133145650227,0.809699979921182
state_update,128,128,16,12,32,sm80_pad_w4,3,25.922133525212605,25.844266017278034,25.98293423652649,0.8100666726628939
state_update,128,128,16,12,32,sm80_transpose_w4,3,26.261333624521892,26.18880073229472,26.32853388786316,0.8206666757663091
state_update,128,128,16,12,32,sm80_w1,3,73.62666924794515,73.56373469034831,73.67466290791829,2.300833413998286
state_update,128,128,16,12,32,sm80_transpose_w4,4,26.260266701380413,26.24959945678711,26.318933566411335,0.8206333344181379
state_update,128,128,16,12,32,sm80_w1,4,73.60640366872151,73.49119981129964,73.62240155537923,2.3002001146475473
state_update,128,128,16,12,32,sm80_w4,4,25.909332434336346,25.84213415781657,25.961599747339886,0.8096666385730108
state_update,128,128,16,12,32,tc_direct,4,16.641066471735638,16.63146714369456,16.686934232711792,0.5200333272417387
state_update,128,128,16,12,32,sm80_w8,4,16.835200786590576,16.706132888793945,16.840533415476482,0.5261000245809555
state_update,128,128,16,12,32,tc_transpose,4,14.524799585342407,14.506666858990988,14.58560029665629,0.4538999870419502
state_update,128,128,16,12,32,sm80_pad_w4,4,25.907200574874878,25.844266017278034,25.99253257115682,0.8096000179648399
state_update,128,128,16,96,1,sm80_pad_w4,0,15.395200252532959,15.339733163515726,15.396266182263693,15.395200252532959
state_update,128,128,16,96,1,tc_transpose,0,12.932266791661581,12.889599800109863,12.946133812268576,12.932266791661581
state_update,128,128,16,96,1,sm80_w8,0,9.458133578300476,9.390933314959208,9.476266304651896,9.458133578300476
state_update,128,128,16,96,1,sm80_w4,0,15.39413332939148,15.34933348496755,15.403733650843302,15.39413332939148
state_update,128,128,16,96,1,sm80_w1,0,30.282666285832722,30.14400005340576,30.342400074005127,30.282666285832722
state_update,128,128,16,96,1,tc_direct,0,15.118933717409769,15.085867047309875,15.149866541226706,15.118933717409769
state_update,128,128,16,96,1,sm80_transpose_w4,0,15.60640037059784,15.596800049146017,15.60640037059784,15.60640037059784
state_update,128,128,16,96,1,sm80_pad_w4,1,15.39306640625,15.325867136319479,15.402666727701822,15.39306640625
state_update,128,128,16,96,1,tc_transpose,1,12.936533490816752,12.93333371480306,12.941867113113403,12.936533490816752
state_update,128,128,16,96,1,sm80_transpose_w4,1,15.598932902018229,15.588266650835672,15.60533344745636,15.598932902018229
state_update,128,128,16,96,1,sm80_w4,1,15.402666727701822,15.387733777364096,15.404799580574036,15.402666727701822
state_update,128,128,16,96,1,sm80_w1,1,30.212267239888508,30.14506697654724,30.35413424173991,30.212267239888508
state_update,128,128,16,96,1,tc_direct,1,15.114667018254599,15.07306694984436,15.11786679426829,15.114667018254599
state_update,128,128,16,96,1,sm80_w8,1,9.470933675765991,9.418666362762451,9.481599926948547,9.470933675765991
state_update,128,128,16,96,1,sm80_pad_w4,2,15.395200252532959,15.388799707094828,15.409066279729208,15.395200252532959
state_update,128,128,16,96,1,sm80_w8,2,9.455999732017517,9.399466713269552,9.470933675765991,9.455999732017517
state_update,128,128,16,96,1,tc_transpose,2,12.942933042844137,12.896000345547995,12.947199741999308,12.942933042844137
state_update,128,128,16,96,1,tc_direct,2,15.118933717409769,15.080533425013224,15.128533045450846,15.118933717409769
state_update,128,128,16,96,1,sm80_w4,2,15.395200252532959,15.392000476519266,15.426133076349894,15.395200252532959
state_update,128,128,16,96,1,sm80_w1,2,30.293333530426025,30.166399478912354,30.35306731859843,30.293333530426025
state_update,128,128,16,96,1,sm80_transpose_w4,2,15.601066748301188,15.553067127863565,15.637333194414774,15.601066748301188
state_update,128,128,16,96,1,sm80_w4,3,15.401599804560343,15.365333358446756,15.41759967803955,15.401599804560343
state_update,128,128,16,96,1,tc_transpose,3,12.939733266830444,12.875733772913614,12.947199741999308,12.939733266830444
state_update,128,128,16,96,1,sm80_w1,3,30.30293385187785,30.14400005340576,30.356266101201374,30.30293385187785
state_update,128,128,16,96,1,sm80_w8,3,9.418666362762451,9.400533636411032,9.483733773231506,9.418666362762451
state_update,128,128,16,96,1,sm80_pad_w4,3,15.389866630236307,15.337600310643515,15.413332978884378,15.389866630236307
state_update,128,128,16,96,1,sm80_transpose_w4,3,15.6031996011734,15.588266650835672,15.613866845766703,15.6031996011734
state_update,128,128,16,96,1,tc_direct,3,15.121066570281982,15.060266852378845,15.131733814875284,15.121066570281982
state_update,128,128,16,96,1,sm80_w4,4,15.39413332939148,15.388799707094828,15.404799580574036,15.39413332939148
state_update,128,128,16,96,1,sm80_transpose_w4,4,15.598932902018229,15.589333573977152,15.615999698638916,15.598932902018229
state_update,128,128,16,96,1,sm80_w1,4,30.289065837860107,30.135466655095417,30.348799626032513,30.289065837860107
state_update,128,128,16,96,1,sm80_pad_w4,4,15.39413332939148,15.383467078208923,15.421866377194723,15.39413332939148
state_update,128,128,16,96,1,tc_transpose,4,12.937600413958231,12.890666723251343,12.942933042844137,12.937600413958231
state_update,128,128,16,96,1,tc_direct,4,15.127467115720114,15.056000153223673,15.129599968592325,15.127467115720114
state_update,128,128,16,96,1,sm80_w8,4,9.46026643117269,9.404800335566202,9.469866752624512,9.46026643117269
state_update,128,128,16,96,32,tc_transpose,0,14.88746702671051,14.853333433469137,14.919466773668924,0.46523334458470345
state_update,128,128,16,96,32,sm80_w1,0,73.81973266601562,73.76960118611653,73.83786837259929,2.3068666458129883
state_update,128,128,16,96,32,sm80_pad_w4,0,26.076799631118774,25.996800263722736,26.14399989446004,0.8148999884724617
state_update,128,128,16,96,32,sm80_w4,0,26.11839969952901,26.046933730443318,26.1845330397288,0.8161999906102816
state_update,128,128,16,96,32,sm80_transpose_w4,0,26.417066653569538,26.385066906611126,26.551467180252075,0.8255333329240481
state_update,128,128,16,96,32,tc_direct,0,17.04426606496175,17.041067282358807,17.057067155838013,0.5326333145300547
state_update,128,128,16,96,32,sm80_w8,0,16.99413259824117,16.95893406867981,17.07200010617574,0.5310666436950365
state_update,128,128,16,96,32,tc_transpose,1,14.867200454076132,14.855466286341349,14.921599626541138,0.4646000141898791
state_update,128,128,16,96,32,sm80_pad_w4,1,26.045866807301838,26.013867060343426,26.116265853246052,0.8139333377281824
state_update,128,128,16,96,32,sm80_w1,1,73.76960118611653,73.75893592834473,73.83999824523926,2.3053000370661416
state_update,128,128,16,96,32,sm80_w8,1,16.974933942159016,16.90453290939331,17.102932929992676,0.5304666856924692
state_update,128,128,16,96,32,tc_direct,1,17.03679958979289,17.031466960906982,17.04746683438619,0.5323999871810278
state_update,128,128,16,96,32,sm80_w4,1,26.07040007909139,26.04479988416036,26.205867528915405,0.8147000024716059
state_update,128,128,16,96,32,sm80_transpose_w4,1,26.460800568262737,26.380799214045208,26.600533723831177,0.8269000177582105
state_update,128,128,16,96,32,sm80_pad_w4,2,26.05866591135661,26.051199436187744,26.252800226211548,0.814333309729894
state_update,128,128,16,96,32,tc_transpose,2,14.919466773668924,14.897066354751587,14.923733472824097,0.4662333366771539
state_update,128,128,16,96,32,tc_direct,2,17.041067282358807,17.03360080718994,17.064533631006878,0.5325333525737127
state_update,128,128,16,96,32,sm80_transpose_w4,2,26.45653287569682,26.393600304921467,26.655999819437664,0.8267666523655256
state_update,128,128,16,96,32,sm80_w8,2,16.976000865300495,16.967467466990154,17.09973414738973,0.5305000270406405
state_update,128,128,16,96,32,sm80_w4,2,26.11946662267049,26.039467255274456,26.25066637992859,0.8162333319584528
state_update,128,128,16,96,32,sm80_w1,2,73.7674633661906,73.76213073730469,73.8858699798584,2.305233230193456
state_update,128,128,16,96,32,sm80_w1,3,73.76853624979655,73.74080022176106,73.89973004659016,2.3052667578061423
state_update,128,128,16,96,32,sm80_transpose_w4,3,26.45439902941386,26.391466458638508,26.614399751027424,0.8266999696691831
state_update,128,128,16,96,32,sm80_w4,3,26.055467128753662,26.050132513046265,26.21333400408427,0.8142333477735519
state_update,128,128,16,96,32,tc_transpose,3,14.868266383806864,14.856533209482828,14.921599626541138,0.4646333244939645
state_update,128,128,16,96,32,sm80_w8,3,16.972800095876057,16.925867398579914,17.0687993367513,0.5304000029961268
state_update,128,128,16,96,32,tc_direct,3,17.05919901529948,17.03360080718994,17.106133699417114,0.5330999692281088
state_update,128,128,16,96,32,sm80_pad_w4,3,26.053333282470703,26.002132892608643,26.139734188715618,0.8141666650772095
state_update,128,128,16,96,32,tc_transpose,4,14.917332927385965,14.869333306948343,14.923733472824097,0.4661666539808114
state_update,128,128,16,96,32,sm80_w8,4,16.966400543848675,16.917334000269573,17.150932550430298,0.5302000169952711
state_update,128,128,16,96,32,sm80_w4,4,26.074665784835815,26.003199815750122,26.24746759732564,0.8148333057761192
state_update,128,128,16,96,32,tc_direct,4,17.052799463272095,17.03360080718994,17.065600554148357,0.532899983227253
state_update,128,128,16,96,32,sm80_transpose_w4,4,26.387200752894085,26.37973427772522,26.586665709813435,0.8246000235279402
state_update,128,128,16,96,32,sm80_w1,4,73.744002978007,73.66507053375244,73.79626433054607,2.304500093062719
state_update,128,128,16,96,32,sm80_pad_w4,4,26.046933730443318,26.027733087539673,26.11093322436015,0.8139666790763537
state_update,128,128,16,6144,1,sm80_w4,0,162.62720425923666,162.54080136617026,162.7786636352539,162.62720425923666
state_update,128,128,16,6144,1,tc_direct,0,262.5706672668457,262.3626708984375,262.71360715230304,262.5706672668457
state_update,128,128,16,6144,1,sm80_pad_w4,0,162.58986790974936,162.38293647766113,162.86932627360025,162.58986790974936
state_update,128,128,16,6144,1,tc_transpose,0,230.21225929260254,230.14507293701172,230.27413686116537,230.21225929260254
state_update,128,128,16,6144,1,sm80_w1,0,190.49386978149414,190.447998046875,190.52693049112955,190.49386978149414
state_update,128,128,16,6144,1,sm80_w8,0,152.08853085835776,151.92960103352866,152.15147336324057,152.08853085835776
state_update,128,128,16,6144,1,sm80_transpose_w4,0,166.4735953013102,166.3935979207357,166.54933293660483,166.4735953013102
state_update,128,128,16,6144,1,sm80_transpose_w4,1,166.48640632629395,166.34880701700845,166.66240692138672,166.48640632629395
state_update,128,128,16,6144,1,sm80_w4,1,162.63786951700845,162.3957316080729,162.7679983774821,162.63786951700845
state_update,128,128,16,6144,1,sm80_pad_w4,1,162.66560554504395,162.53013610839844,162.80320485432944,162.66560554504395
state_update,128,128,16,6144,1,sm80_w1,1,190.51626523335776,190.44906298319498,190.85760116577148,190.51626523335776
state_update,128,128,16,6144,1,sm80_w8,1,151.94667180379233,151.93920135498047,152.02239354451498,151.94667180379233
state_update,128,128,16,6144,1,tc_direct,1,262.43732770284015,262.37227121988934,262.7658685048421,262.43732770284015
state_update,128,128,16,6144,1,tc_transpose,1,230.14399210611978,229.9466609954834,230.15252749125162,230.14399210611978
state_update,128,128,16,6144,1,tc_transpose,2,230.06399472554526,229.93599573771158,230.1952044169108,230.06399472554526
state_update,128,128,16,6144,1,sm80_w4,2,162.53652572631836,162.2858683268229,162.73706754048666,162.53652572631836
state_update,128,128,16,6144,1,sm80_w1,2,190.57920773824057,190.3776009877523,190.6709353129069,190.57920773824057
state_update,128,128,16,6144,1,sm80_w8,2,152.07893053690592,151.92853609720865,152.292267481486,152.07893053690592
state_update,128,128,16,6144,1,sm80_pad_w4,2,162.45226860046387,162.38187154134116,162.53439585367838,162.45226860046387
state_update,128,128,16,6144,1,tc_direct,2,262.50027020772296,262.40320205688477,262.7061367034912,262.50027020772296
state_update,128,128,16,6144,1,sm80_transpose_w4,2,166.50452613830566,166.4127985636393,166.8725331624349,166.50452613830566
state_update,128,128,16,6144,1,sm80_transpose_w4,3,166.46293004353842,166.35519663492838,166.62933031717935,166.46293004353842
state_update,128,128,16,6144,1,sm80_w8,3,152.0245393117269,151.9477367401123,152.1706740061442,152.0245393117269
state_update,128,128,16,6144,1,sm80_w4,3,162.59306271870932,162.46506373087564,162.6592000325521,162.59306271870932
state_update,128,128,16,6144,1,tc_transpose,3,230.08106549580893,229.9626668294271,230.15039761861166,230.08106549580893
state_update,128,128,16,6144,1,sm80_w1,3,190.56426684061685,190.5109405517578,190.70293108622232,190.56426684061685
state_update,128,128,16,6144,1,sm80_pad_w4,3,162.59519259134927,162.33386993408203,162.67306009928384,162.59519259134927
state_update,128,128,16,6144,1,tc_direct,3,262.446928024292,262.4106725056966,262.7840042114258,262.446928024292
state_update,128,128,16,6144,1,sm80_transpose_w4,4,166.48853619893393,166.4127985636393,166.69440269470215,166.48853619893393
state_update,128,128,16,6144,1,tc_direct,4,262.6453399658203,262.30400403340656,262.90879249572754,262.6453399658203
state_update,128,128,16,6144,1,sm80_pad_w4,4,162.59946823120117,162.46719360351562,162.67840067545572,162.59946823120117
state_update,128,128,16,6144,1,sm80_w4,4,162.59519259134927,162.52692540486655,162.7413272857666,162.59519259134927
state_update,128,128,16,6144,1,sm80_w1,4,190.52586555480957,190.44267336527506,190.66774050394693,190.52586555480957
state_update,128,128,16,6144,1,tc_transpose,4,230.14079729715982,230.10452588399252,230.3050676981608,230.14079729715982
state_update,128,128,16,6144,1,sm80_w8,4,152.020263671875,151.88159942626953,152.1557331085205,152.020263671875
state_update,128,128,16,49152,1,sm80_w4,0,1169.3344116210938,1169.144566853841,1169.5519765218098,1169.3344116210938
state_update,128,128,16,49152,1,sm80_w1,0,1245.7674662272136,1245.4271952311199,1245.9840138753254,1245.7674662272136
state_update,128,128,16,49152,1,sm80_transpose_w4,0,1224.1940816243489,1223.9648183186848,1224.2443084716797,1224.1940816243489
state_update,128,128,16,49152,1,tc_transpose,0,1720.6698099772136,1720.254898071289,1720.9354400634766,1720.6698099772136
state_update,128,128,16,49152,1,sm80_w8,0,1117.0271555582683,1116.7733510335286,1117.095438639323,1117.0271555582683
state_update,128,128,16,49152,1,sm80_pad_w4,0,1169.2437489827473,1169.0687815348308,1169.4292704264324,1169.2437489827473
state_update,128,128,16,49152,1,tc_direct,0,1946.510950724284,1946.0885365804036,1946.946080525716,1946.510950724284
state_update,128,128,16,49152,1,tc_transpose,1,1720.2410380045574,1720.138676961263,1720.6858317057292,1720.2410380045574
state_update,128,128,16,49152,1,tc_direct,1,1946.7455546061199,1945.5679575602214,1947.0325469970703,1946.7455546061199
state_update,128,128,16,49152,1,sm80_w4,1,1169.1509246826172,1168.991978963216,1169.4100697835286,1169.1509246826172
state_update,128,128,16,49152,1,sm80_transpose_w4,1,1223.7845102945964,1223.5776265462239,1224.0458170572917,1223.7845102945964
state_update,128,128,16,49152,1,sm80_w8,1,1116.6656494140625,1116.5247599283855,1116.962178548177,1116.6656494140625
state_update,128,128,16,49152,1,sm80_w1,1,1245.8175659179688,1245.3503926595051,1246.072514851888,1245.8175659179688
state_update,128,128,16,49152,1,sm80_pad_w4,1,1168.9781188964844,1168.8458760579426,1169.0410614013672,1168.9781188964844
state_update,128,128,16,49152,1,tc_direct,2,1946.456527709961,1946.1055755615234,1946.987787882487,1946.456527709961
state_update,128,128,16,49152,1,sm80_w4,2,1169.217046101888,1169.0111796061199,1169.4730122884114,1169.217046101888
state_update,128,128,16,49152,1,sm80_w8,2,1117.0516967773438,1116.8074289957683,1117.2171274820964,1117.0516967773438
state_update,128,128,16,49152,1,sm80_w1,2,1245.9349314371746,1245.6116994222004,1246.2762196858723,1245.9349314371746
state_update,128,128,16,49152,1,sm80_transpose_w4,2,1224.1920471191406,1223.9743550618489,1224.2720286051433,1224.1920471191406
state_update,128,128,16,49152,1,sm80_pad_w4,2,1169.2459106445312,1169.1893259684246,1169.4048563639324,1169.2459106445312
state_update,128,128,16,49152,1,tc_transpose,2,1720.5813090006511,1720.4308827718098,1721.0015614827473,1720.5813090006511
state_update,128,128,16,49152,1,tc_direct,3,1946.6752370198567,1946.3231404622395,1946.9781239827473,1946.6752370198567
state_update,128,128,16,49152,1,sm80_transpose_w4,3,1223.9178975423176,1223.8389333089192,1224.1920471191406,1223.9178975423176
state_update,128,128,16,49152,1,tc_transpose,3,1720.3819274902344,1720.3018188476562,1720.7082112630208,1720.3819274902344
state_update,128,128,16,49152,1,sm80_w8,3,1116.8042500813801,1116.603724161784,1116.9077555338542,1116.8042500813801
state_update,128,128,16,49152,1,sm80_w4,3,1169.1285451253254,1169.049580891927,1169.3845113118489,1169.1285451253254
state_update,128,128,16,49152,1,sm80_w1,3,1245.736567179362,1245.3280131022136,1246.1418151855469,1245.736567179362
state_update,128,128,16,49152,1,sm80_pad_w4,3,1168.9844767252605,1168.8341776529949,1169.2768096923828,1168.9844767252605
state_update,128,128,16,49152,1,sm80_w8,4,1116.8703715006511,1116.659164428711,1117.1274820963542,1116.8703715006511
state_update,128,128,16,49152,1,sm80_transpose_w4,4,1224.2357889811199,1224.1141001383464,1224.4042714436848,1224.2357889811199
state_update,128,128,16,49152,1,tc_transpose,4,1720.4522450764973,1720.302963256836,1720.6570943196614,1720.4522450764973
state_update,128,128,16,49152,1,sm80_w4,4,1169.1946665445964,1169.1424051920574,1169.3247477213542,1169.1946665445964
state_update,128,128,16,49152,1,sm80_w1,4,1245.8015441894531,1245.7300821940105,1245.9466298421223,1245.8015441894531
state_update,128,128,16,49152,1,sm80_pad_w4,4,1168.9664204915364,1168.8468933105469,1169.1903432210286,1168.9664204915364
state_update,128,128,16,49152,1,tc_direct,4,1946.6410319010417,1946.3072458902996,1946.9844818115234,1946.6410319010417
square,16,16,16,1,1,sm80_w4,0,2.5802666942278543,2.5642665723959603,2.5898667673269906,2.5802666942278543
square,16,16,16,1,1,tc_transpose,0,3.8581334054470062,3.8165333370367684,3.8730666041374207,3.8581334054470062
square,16,16,16,1,1,sm80_transpose_w4,0,2.588800092538198,2.5557334224383035,2.594133218129476,2.588800092538198
square,16,16,16,1,1,sm80_w1,0,5.506133536497752,5.5007999142011,5.565866827964783,5.506133536497752
square,16,16,16,1,1,tc_direct,0,4.124800115823746,4.097066571315129,4.152533411979675,4.124800115823746
square,16,16,16,1,1,sm80_pad_w4,0,2.769066641728083,2.7669332921504974,2.791466563940048,2.769066641728083
square,16,16,16,1,1,sm80_w8,0,1.7439999928077061,1.735466718673706,1.7525333911180496,1.7439999928077061
square,16,16,16,1,1,sm80_pad_w4,1,2.777600040038427,2.761599918206533,2.8021333118279776,2.777600040038427
square,16,16,16,1,1,tc_transpose,1,3.8592000802357993,3.8560000558694205,3.861333429813385,3.8592000802357993
square,16,16,16,1,1,sm80_transpose_w4,1,2.5631998976071677,2.5621332228183746,2.5792000194390616,2.5631998976071677
square,16,16,16,1,1,sm80_w1,1,5.549866457780202,5.504000186920166,5.569066603978475,5.549866457780202
square,16,16,16,1,1,sm80_w8,1,1.7557332913080852,1.700266698996226,1.7599999904632568,1.7557332913080852
square,16,16,16,1,1,sm80_w4,1,2.570666621128718,2.567466596762339,2.584533393383026,2.570666621128718
square,16,16,16,1,1,tc_direct,1,4.137599964936574,4.109866668780644,4.150400062402089,4.137599964936574
square,16,16,16,1,1,tc_direct,2,4.146133363246918,4.137599964936574,4.1599998871485395,4.146133363246918
square,16,16,16,1,1,sm80_w8,2,1.7546666165192921,1.748266691962878,1.757866640885671,1.7546666165192921
square,16,16,16,1,1,sm80_transpose_w4,2,2.5770666698614755,2.5610665480295816,2.583466718594233,2.5770666698614755
square,16,16,16,1,1,sm80_pad_w4,2,2.772266666094462,2.7679999669392905,2.798933287461599,2.772266666094462
square,16,16,16,1,1,tc_transpose,2,3.867733230193456,3.8165333370367684,3.8751999537150064,3.867733230193456
square,16,16,16,1,1,sm80_w4,2,2.54720002412796,2.5184000531832376,2.571733295917511,2.54720002412796
square,16,16,16,1,1,sm80_w1,2,5.505066613356273,5.5029332637786865,5.515733361244202,5.505066613356273
square,16,16,16,1,1,sm80_w1,3,5.5136000116666155,5.508266886075337,5.566933254400889,5.5136000116666155
square,16,16,16,1,1,tc_transpose,3,3.869866579771042,3.8165333370367684,3.8773333032925925,3.869866579771042
square,16,16,16,1,1,sm80_w4,3,2.575999995072683,2.514133354028066,2.5792000194390616,2.575999995072683
square,16,16,16,1,1,sm80_transpose_w4,3,2.5631998976071677,2.5439999997615814,2.572799970706304,2.5631998976071677
square,16,16,16,1,1,sm80_w8,3,1.7504000415404637,1.7034667233626049,1.7514667163292568,1.7504000415404637
square,16,16,16,1,1,tc_direct,3,4.135466615358989,4.094933221737544,4.14720003803571,4.135466615358989
square,16,16,16,1,1,sm80_pad_w4,3,2.7829334139823914,2.7541334430376687,2.794666588306427,2.7829334139823914
square,16,16,16,1,1,sm80_w8,4,1.7493333667516708,1.7322666943073273,1.758933315674464,1.7493333667516708
square,16,16,16,1,1,sm80_w1,4,5.512533088525136,5.5029332637786865,5.559466779232025,5.512533088525136
square,16,16,16,1,1,sm80_transpose_w4,4,2.570666621128718,2.5663999219735465,2.5770666698614755,2.570666621128718
square,16,16,16,1,1,tc_direct,4,4.152533411979675,4.123733441034953,4.166399935881297,4.152533411979675
square,16,16,16,1,1,tc_transpose,4,3.868799904982249,3.8399999340375266,3.8762666285037994,3.868799904982249
square,16,16,16,1,1,sm80_w4,4,2.5621332228183746,2.515200028816859,2.583466718594233,2.5621332228183746
square,16,16,16,1,1,sm80_pad_w4,4,2.772266666094462,2.75093341867129,2.8469334046045938,2.772266666094462
square,16,16,16,1,32,sm80_pad_w4,0,3.390933324893316,3.3781332274278006,3.4143999218940735,0.10596666640291612
square,16,16,16,1,32,sm80_w8,0,2.3893333971500397,2.365866551796595,2.421333392461141,0.07466666866093874
square,16,16,16,1,32,tc_direct,0,5.505066613356273,5.485866467158,5.514666438102722,0.17203333166738352
square,16,16,16,1,32,sm80_w1,0,6.1823998888333636,6.172800064086914,6.192000210285187,0.1931999965260426
square,16,16,16,1,32,sm80_w4,0,3.1871999303499856,3.1786667803923288,3.2032000521818795,0.09959999782343705
square,16,16,16,1,32,tc_transpose,0,5.233066777388255,5.225599805514018,5.23520012696584,0.16353333679338297
square,16,16,16,1,32,sm80_transpose_w4,0,3.2448001205921173,3.2000000278155007,3.2479998966058097,0.10140000376850367
square,16,16,16,1,32,sm80_pad_w4,1,3.3898666501045227,3.373866776625315,3.421866645415624,0.10593333281576633
square,16,16,16,1,32,tc_direct,1,5.5029332637786865,5.4922665158907575,5.528533458709717,0.17196666449308395
square,16,16,16,1,32,sm80_w4,1,3.180799881617228,3.1701333820819855,3.198933353026708,0.09939999630053838
square,16,16,16,1,32,sm80_w1,1,6.185600161552429,6.181333462397258,6.190933287143707,0.1933000050485134
square,16,16,16,1,32,tc_transpose,1,5.2298665046691895,5.188266436258952,5.24586687485377,0.16343332827091217
square,16,16,16,1,32,sm80_transpose_w4,1,3.2384000718593597,3.2000000278155007,3.2437334458033242,0.10120000224560499
square,16,16,16,1,32,sm80_w8,1,2.421333392461141,2.3679999013741813,2.4288001159826913,0.07566666851441066
square,16,16,16,1,32,sm80_w8,2,2.4117333193620047,2.363733450571696,2.4224000672499337,0.07536666623006265
square,16,16,16,1,32,sm80_w4,2,3.1871999303499856,3.176533430814743,3.2064000765482583,0.09959999782343705
square,16,16,16,1,32,sm80_w1,2,6.179200112819672,6.175999840100606,6.21013343334198,0.19310000352561474
square,16,16,16,1,32,sm80_pad_w4,2,3.383466601371765,3.3770665526390076,3.3887999753157296,0.10573333129286766
square,16,16,16,1,32,tc_direct,2,5.504000186920166,5.491200089454651,5.518933137257894,0.1720000058412552
square,16,16,16,1,32,sm80_transpose_w4,2,3.235200047492981,3.193599979082743,3.2640000184377036,0.10110000148415565
square,16,16,16,1,32,tc_transpose,2,5.233066777388255,5.178666611512502,5.239466826121013,0.16353333679338297
square,16,16,16,1,32,sm80_w1,3,6.187733511130015,6.1749334136645,6.190933287143707,0.19336667222281298
square,16,16,16,1,32,sm80_w4,3,3.179733455181122,3.1733334064483643,3.1882666051387787,0.09936667047441006
square,16,16,16,1,32,tc_direct,3,5.5029332637786865,5.471999943256378,5.524266759554545,0.17196666449308395
square,16,16,16,1,32,tc_transpose,3,5.2191997567812605,5.180799961090088,5.2266667286554975,0.1630999923994144
square,16,16,16,1,32,sm80_w8,3,2.366933226585388,2.36160010099411,2.423466742038727,0.07396666333079338
square,16,16,16,1,32,sm80_pad_w4,3,3.386666625738144,3.3749334514141083,3.3962666988372803,0.105833332054317
square,16,16,16,1,32,sm80_transpose_w4,3,3.2426667710145316,3.2287999987602234,3.25546662012736,0.10133333659420411
square,16,16,16,1,32,sm80_w1,4,6.188799937566121,6.1823998888333636,6.203733384609222,0.19339999804894129
square,16,16,16,1,32,tc_transpose,4,5.221333106358846,5.218133330345154,5.240533252557118,0.16316665957371393
square,16,16,16,1,32,tc_direct,4,5.5007999142011,5.495466788609822,5.5295998851458235,0.1718999973187844
square,16,16,16,1,32,sm80_transpose_w4,4,3.2426667710145316,3.2032000521818795,3.2458665470282235,0.10133333659420411
square,16,16,16,1,32,sm80_w4,4,3.1744000812371573,3.1701333820819855,3.1946666538715363,0.09920000253866117
square,16,16,16,1,32,sm80_w8,4,2.3775999744733176,2.36160010099411,2.4277334411938987,0.07429999920229118
square,16,16,16,1,32,sm80_pad_w4,4,3.3973333736260733,3.3791999022165933,3.4101332227389016,0.10616666792581479
square,16,16,16,12,1,sm80_transpose_w4,0,2.84906675418218,2.8384000062942505,2.865066627661387,2.84906675418218
square,16,16,16,12,1,tc_transpose,0,4.142933338880539,4.085333396991094,4.148266712824504,4.142933338880539
square,16,16,16,12,1,tc_direct,0,4.419200122356415,4.39680020014445,4.434133569399516,4.419200122356415
square,16,16,16,12,1,sm80_w8,0,2.0266667008399963,1.970133309563001,2.0330666253964105,2.0266667008399963
square,16,16,16,12,1,sm80_w1,0,5.91893345117569,5.9093331297238665,5.974400043487549,5.91893345117569
square,16,16,16,12,1,sm80_pad_w4,0,3.05173322558403,3.0442667504151664,3.054933249950409,3.05173322558403
square,16,16,16,12,1,sm80_w4,0,2.845866729815801,2.844800055027008,2.8575999041398368,2.845866729815801
square,16,16,16,12,1,sm80_w8,1,2.0234666764736176,2.0128000527620316,2.0266667008399963,2.0234666764736176
square,16,16,16,12,1,sm80_w1,1,5.91786652803421,5.910400052865346,5.9754664699236555,5.91786652803421
square,16,16,16,12,1,sm80_transpose_w4,1,2.8384000062942505,2.829866607983907,2.8394666810830436,2.8384000062942505
square,16,16,16,12,1,sm80_w4,1,2.8416000306606293,2.836266656716665,2.867199977238973,2.8416000306606293
square,16,16,16,12,1,tc_transpose,1,4.145066688458125,4.126933217048645,4.14720003803571,4.145066688458125
square,16,16,16,12,1,sm80_pad_w4,1,3.0410667260487876,3.0357333521048226,3.05173322558403,3.0410667260487876
square,16,16,16,12,1,tc_direct,1,4.417066772778829,4.409599800904592,4.434133569399516,4.417066772778829
square,16,16,16,12,1,sm80_pad_w4,2,3.0442667504151664,3.0400000512599945,3.05173322558403,3.0442667504151664
square,16,16,16,12,1,tc_transpose,2,4.1386666397253675,4.130133241415024,4.144000013669332,4.1386666397253675
square,16,16,16,12,1,sm80_w1,2,5.95306654771169,5.9168001015981035,5.9754664699236555,5.95306654771169
square,16,16,16,12,1,sm80_w8,2,2.0256000260512033,1.9669332851966221,2.029866725206375,2.0256000260512033
square,16,16,16,12,1,tc_direct,2,4.412800073623657,4.398933549722035,4.4202665487925215,4.412800073623657
square,16,16,16,12,1,sm80_transpose_w4,2,2.843733380238215,2.8373333315054574,2.8501334289709725,2.843733380238215
square,16,16,16,12,1,sm80_w4,2,2.84906675418218,2.843733380238215,2.8639999528725943,2.84906675418218
square,16,16,16,12,1,sm80_w4,3,2.8351999819278717,2.827733258406321,2.8554665545622506,2.8351999819278717
square,16,16,16,12,1,tc_direct,3,4.413866500059764,4.40533310174942,4.419200122356415,4.413866500059764
square,16,16,16,12,1,sm80_w8,3,2.0245333512624106,2.0191999773184457,2.029866725206375,2.0245333512624106
square,16,16,16,12,1,tc_transpose,3,4.134399940570195,4.1173333923021955,4.153600086768468,4.134399940570195
square,16,16,16,12,1,sm80_pad_w4,3,3.047466774781545,3.04213340083758,3.05173322558403,3.047466774781545
square,16,16,16,12,1,sm80_transpose_w4,3,2.8426667054494223,2.8373333315054574,2.8639999528725943,2.8426667054494223
square,16,16,16,12,1,sm80_w1,3,5.91786652803421,5.911466479301453,5.926399926344554,5.91786652803421
square,16,16,16,12,1,tc_transpose,4,4.133333265781403,4.092800120512645,4.148266712824504,4.133333265781403
square,16,16,16,12,1,sm80_w8,4,2.0266667008399963,2.0191999773184457,2.029866725206375,2.0266667008399963
square,16,16,16,12,1,sm80_transpose_w4,4,2.8426667054494223,2.831999957561493,2.848000079393387,2.8426667054494223
square,16,16,16,12,1,sm80_w1,4,5.921066800753276,5.912533402442932,5.9754664699236555,5.921066800753276
square,16,16,16,12,1,sm80_w4,4,2.8394666810830436,2.827733258406321,2.8426667054494223,2.8394666810830436
square,16,16,16,12,1,tc_direct,4,4.403199752171834,4.39680020014445,4.407466451327006,4.403199752171834
square,16,16,16,12,1,sm80_pad_w4,4,3.0432000756263733,3.03466667731603,3.050666550795237,3.0432000756263733
square,16,16,16,12,32,tc_direct,0,5.764266848564148,5.7631999254226685,5.7791997989018755,0.18013333901762962
square,16,16,16,12,32,tc_transpose,0,5.4922665158907575,5.457066496213277,5.509333312511444,0.17163332862158617
square,16,16,16,12,32,sm80_w4,0,3.4517332911491394,3.4442665676275888,3.479466587305069,0.1078666653484106
square,16,16,16,12,32,sm80_w1,0,6.58240020275116,6.559999783833821,6.600533425807953,0.20570000633597374
square,16,16,16,12,32,sm80_pad_w4,0,3.655466685692469,3.6544000109036765,3.664000084002813,0.11423333392788966
square,16,16,16,12,32,sm80_transpose_w4,0,3.515733281771342,3.475199888149897,3.6544000109036765,0.10986666505535443
square,16,16,16,12,32,sm80_w8,0,2.631466587384542,2.6240001122156777,2.668799956639608,0.08223333085576694
square,16,16,16,12,32,sm80_w4,1,3.4517332911491394,3.4506666163603463,3.4559999903043113,0.1078666653484106
square,16,16,16,12,32,sm80_transpose_w4,1,3.516799956560135,3.5029334326585135,3.5221333305040994,0.10989999864250422
square,16,16,16,12,32,tc_transpose,1,5.493333439032237,5.487999816735585,5.507199962933858,0.1716666699697574
square,16,16,16,12,32,sm80_w1,1,6.5962667266527815,6.579199930032094,6.615466872851054,0.20613333520789942
square,16,16,16,12,32,sm80_pad_w4,1,3.6757332583268485,3.669333209594091,3.7130666275819144,0.11486666432271402
square,16,16,16,12,32,tc_direct,1,5.7706668972969055,5.734399954477946,5.789866546789805,0.1803333405405283
square,16,16,16,12,32,sm80_w8,1,2.644266684850057,2.6197334130605063,2.658133457104365,0.08263333390156428
square,16,16,16,12,32,sm80_pad_w4,2,3.6682667831579843,3.660800059636434,3.7055999040603638,0.11463333697368701
square,16,16,16,12,32,sm80_w1,2,6.593066453933716,6.579199930032094,6.603733201821645,0.20603332668542862
square,16,16,16,12,32,sm80_transpose_w4,2,3.5189333061377206,3.472000112136205,3.533866753180822,0.10996666581680377
square,16,16,16,12,32,tc_transpose,2,5.4976001381874084,5.490133166313171,5.50186683734258,0.17180000431835651
square,16,16,16,12,32,sm80_w8,2,2.6357332865397134,2.628266563018163,2.679466704527537,0.08236666520436604
square,16,16,16,12,32,tc_direct,2,5.771733323733012,5.7631999254226685,5.7791997989018755,0.18036666636665663
square,16,16,16,12,32,sm80_w4,2,3.4559999903043113,3.4506666163603463,3.504000107447306,0.10799999969700973
square,16,16,16,12,32,sm80_w8,3,2.631466587384542,2.626133213440577,2.6410666604836783,0.08223333085576694
square,16,16,16,12,32,sm80_w4,3,3.457066665093104,3.442133218050003,3.458133339881897,0.1080333332841595
square,16,16,16,12,32,sm80_transpose_w4,3,3.5189333061377206,3.5050667822360992,3.5562666753927865,0.10996666581680377
square,16,16,16,12,32,tc_transpose,3,5.496533215045929,5.480533341566722,5.506133536497752,0.17176666297018528
square,16,16,16,12,32,tc_direct,3,5.774933099746704,5.766400198141734,5.781333148479462,0.1804666593670845
square,16,16,16,12,32,sm80_w1,3,6.603733201821645,6.584533552328746,6.617600222428639,0.2063666625569264
square,16,16,16,12,32,sm80_pad_w4,3,3.658666710058848,3.656533360481262,3.6735999087492623,0.114333334689339
square,16,16,16,12,32,sm80_pad_w4,4,3.6672001083691916,3.660800059636434,3.714133302370707,0.11460000338653724
square,16,16,16,12,32,sm80_transpose_w4,4,3.525333354870478,3.4976000587145486,3.5349334279696145,0.11016666733970244
square,16,16,16,12,32,sm80_w4,4,3.4645333886146545,3.45920001467069,3.5701334476470947,0.10826666839420795
square,16,16,16,12,32,tc_direct,4,5.785599847634633,5.76746662457784,5.791999896367391,0.18079999523858228
square,16,16,16,12,32,sm80_w8,4,2.6399999856948853,2.6165333886941275,2.646400034427643,0.08249999955296516
square,16,16,16,12,32,tc_transpose,4,5.504000186920166,5.464533468087514,5.517866710821788,0.1720000058412552
square,16,16,16,12,32,sm80_w1,4,6.584533552328746,6.5802668531735735,6.595199803511302,0.2057666735102733
square,16,16,16,96,1,sm80_w1,0,6.121600170930226,6.114133199055989,6.13866647084554,6.121600170930226
square,16,16,16,96,1,tc_direct,0,4.418133199214935,4.407466451327006,4.469333092371623,4.418133199214935
square,16,16,16,96,1,tc_transpose,0,4.136533290147781,4.130133241415024,4.1546667615572614,4.136533290147781
square,16,16,16,96,1,sm80_transpose_w4,0,2.903466671705246,2.902399996916453,2.915200094381968,2.903466671705246
square,16,16,16,96,1,sm80_w4,0,2.8416000306606293,2.8309332827727,2.8629332780838013,2.8416000306606293
square,16,16,16,96,1,sm80_pad_w4,0,3.109333415826162,3.0741333961486816,3.1157332162062326,3.109333415826162
square,16,16,16,96,1,sm80_w8,0,2.018133302529653,2.01706662774086,2.0309332758188248,2.018133302529653
square,16,16,16,96,1,sm80_pad_w4,1,3.1114667654037476,3.1072000662485757,3.1157332162062326,3.1114667654037476
square,16,16,16,96,1,sm80_w8,1,2.018133302529653,2.0149332781632743,2.0458667228619256,2.018133302529653
square,16,16,16,96,1,sm80_w1,1,6.185600161552429,6.13973339398702,6.208000083764394,6.185600161552429
square,16,16,16,96,1,tc_transpose,1,4.137599964936574,4.135466615358989,4.1599998871485395,4.137599964936574
square,16,16,16,96,1,sm80_w4,1,2.8501334289709725,2.8416000306606293,2.8554665545622506,2.8501334289709725
square,16,16,16,96,1,tc_direct,1,4.422399898370107,4.40533310174942,4.472533365090688,4.422399898370107
square,16,16,16,96,1,sm80_transpose_w4,1,2.918400118748347,2.916266769170761,2.9226665695508323,2.918400118748347
square,16,16,16,96,1,sm80_w8,2,2.0202666521072388,2.0138667275508246,2.029866725206375,2.0202666521072388
square,16,16,16,96,1,sm80_w1,2,6.1823998888333636,6.140799820423126,6.1983997623125715,6.1823998888333636
square,16,16,16,96,1,tc_direct,2,4.410666724046071,4.4042666753133135,4.437333345413208,4.410666724046071
square,16,16,16,96,1,sm80_w4,2,2.8426667054494223,2.831999957561493,2.854399879773458,2.8426667054494223
square,16,16,16,96,1,tc_transpose,2,4.142933338880539,4.130133241415024,4.151466737190883,4.142933338880539
square,16,16,16,96,1,sm80_pad_w4,2,3.1072000662485757,3.048533449570338,3.1104000906149545,3.1072000662485757
square,16,16,16,96,1,sm80_transpose_w4,2,2.904533346494039,2.903466671705246,2.9141334195931754,2.904533346494039
square,16,16,16,96,1,sm80_transpose_w4,3,2.8981332977612815,2.8682666520277658,2.9333333174387612,2.8981332977612815
square,16,16,16,96,1,sm80_w1,3,6.129066646099091,6.099199752012889,6.146133442719777,6.129066646099091
square,16,16,16,96,1,tc_transpose,3,4.141866664091746,4.134399940570195,4.166399935881297,4.141866664091746
square,16,16,16,96,1,tc_direct,3,4.424533247947693,4.411733150482178,4.43093329668045,4.424533247947693
square,16,16,16,96,1,sm80_w8,3,2.0085333536068597,1.9999999552965164,2.028800050417582,2.0085333536068597
square,16,16,16,96,1,sm80_pad_w4,3,3.0965333183606467,3.059199949105581,3.10506671667099,3.0965333183606467
square,16,16,16,96,1,sm80_w4,3,2.8416000306606293,2.8341333071390786,2.887466549873352,2.8416000306606293
square,16,16,16,96,1,sm80_transpose_w4,4,2.9013333221276603,2.890666574239731,2.920533219973246,2.9013333221276603
square,16,16,16,96,1,tc_direct,4,4.4277335206667585,4.407466451327006,4.4405331214269,4.4277335206667585
square,16,16,16,96,1,sm80_w1,4,6.1770667632420855,6.135466694831848,6.197333335876465,6.1770667632420855
square,16,16,16,96,1,sm80_w4,4,2.8639999528725943,2.8469334046045938,2.869333326816559,2.8639999528725943
square,16,16,16,96,1,sm80_w8,4,2.0128000527620316,2.010666703184446,2.0383999993403754,2.0128000527620316
square,16,16,16,96,1,sm80_pad_w4,4,3.067733347415924,3.0645333230495453,3.1114667654037476,3.067733347415924
square,16,16,16,96,1,tc_transpose,4,4.126933217048645,4.12266676624616,4.145066688458125,4.126933217048645
square,16,16,16,96,32,sm80_w1,0,6.751999755700429,6.744533280531566,6.804266571998596,0.2109999923656384
square,16,16,16,96,32,sm80_w4,0,3.5199999809265137,3.5082665582497916,3.5349334279696145,0.10999999940395355
square,16,16,16,96,32,tc_direct,0,5.791999896367391,5.7706668972969055,5.8378666639328,0.18099999676148096
square,16,16,16,96,32,sm80_pad_w4,0,3.7237333754698434,3.7151999771595,3.752533346414566,0.1163666679834326
square,16,16,16,96,32,tc_transpose,0,5.498666564623515,5.490133166313171,5.506133536497752,0.17183333014448485
square,16,16,16,96,32,sm80_transpose_w4,0,3.5370667775472007,3.513599932193756,3.54666660229365,0.11053333679835002
square,16,16,16,96,32,sm80_w8,0,2.6997332771619162,2.6954665780067444,2.7072000006834664,0.08436666491130988
square,16,16,16,96,32,tc_direct,1,5.795200169086456,5.765333275000255,5.8037335673968,0.18110000528395176
square,16,16,16,96,32,sm80_w1,1,6.808533271153768,6.7925333976745605,6.859733164310455,0.21276666472355524
square,16,16,16,96,32,sm80_transpose_w4,1,3.525333354870478,3.5103999078273773,3.533866753180822,0.11016666733970244
square,16,16,16,96,32,tc_transpose,1,5.508266886075337,5.489066739877065,5.526400109132131,0.1721333401898543
square,16,16,16,96,32,sm80_w4,1,3.5413332283496857,3.4847999612490335,3.5530666510264077,0.11066666338592768
square,16,16,16,96,32,sm80_w8,1,2.700799951950709,2.6943999032179513,2.7104000250498452,0.08439999849845965
square,16,16,16,96,32,sm80_pad_w4,1,3.7237333754698434,3.716266651948293,3.7333334485689798,0.1163666679834326
square,16,16,16,96,32,sm80_w1,2,6.750933329264323,6.725333134333293,6.859733164310455,0.2109666665395101
square,16,16,16,96,32,tc_transpose,2,5.4976001381874084,5.496533215045929,5.50186683734258,0.17180000431835651
square,16,16,16,96,32,tc_direct,2,5.791999896367391,5.774933099746704,5.848533411820729,0.18099999676148096
square,16,16,16,96,32,sm80_w8,2,2.7050666511058807,2.68053337931633,2.7114666998386383,0.08453333284705877
square,16,16,16,96,32,sm80_transpose_w4,2,3.516799956560135,3.5029334326585135,3.5370667775472007,0.10989999864250422
square,16,16,16,96,32,sm80_pad_w4,2,3.7290667494138083,3.726933399836222,3.752533346414566,0.11653333591918151
square,16,16,16,96,32,sm80_w4,2,3.5242666800816855,3.513599932193756,3.5413332283496857,0.11013333375255267
square,16,16,16,96,32,tc_transpose,3,5.509333312511444,5.495466788609822,5.51146666208903,0.17216666601598263
square,16,16,16,96,32,sm80_transpose_w4,3,3.5242666800816855,3.5210666557153067,3.5264000296592712,0.11013333375255267
square,16,16,16,96,32,sm80_w4,3,3.530666728814443,3.517866631348928,3.5360001027584076,0.11033333527545135
square,16,16,16,96,32,sm80_pad_w4,3,3.735466549793879,3.7055999040603638,3.7418665985266366,0.11673332968105872
square,16,16,16,96,32,sm80_w1,3,6.8032001455624895,6.796800096829732,6.8192000190416975,0.2126000045488278
square,16,16,16,96,32,sm80_w8,3,2.7039999763170877,2.6933332284291587,2.7072000006834664,0.08449999925990899
square,16,16,16,96,32,tc_direct,3,5.795200169086456,5.782400071620941,5.8400000135103864,0.18110000528395176
square,16,16,16,96,32,sm80_w8,4,2.7050666511058807,2.6570667823155723,2.7082666754722595,0.08453333284705877
square,16,16,16,96,32,tc_transpose,4,5.507199962933858,5.493333439032237,5.510400235652924,0.17209999884168306
square,16,16,16,96,32,sm80_w4,4,3.5210666557153067,3.514666606982549,3.533866753180822,0.11003333299110334
square,16,16,16,96,32,sm80_pad_w4,4,3.732266773780187,3.726933399836222,3.7450666228930154,0.11663333668063085
square,16,16,16,96,32,sm80_w1,4,6.798933446407318,6.7317331830660505,6.80213322242101,0.2124666702002287
square,16,16,16,96,32,tc_direct,4,5.8240001400311785,5.773866673310597,5.8400000135103864,0.18200000437597433
square,16,16,16,96,32,sm80_transpose_w4,4,3.525333354870478,3.5210666557153067,3.532800078392029,0.11016666733970244
square,16,16,16,6144,1,sm80_w1,0,13.377066453297934,13.361066579818726,13.385599851608276,13.377066453297934
square,16,16,16,6144,1,sm80_pad_w4,0,10.282666484514872,10.235733787218729,10.302933057149252,10.282666484514872
square,16,16,16,6144,1,tc_direct,0,38.74133427937826,38.72960011164347,38.81813287734985,38.74133427937826
square,16,16,16,6144,1,tc_transpose,0,38.06293408075968,38.061865170796715,38.1279985109965,38.06293408075968
square,16,16,16,6144,1,sm80_w4,0,8.444799979527792,8.438400427500406,8.450133601824442,8.444799979527792
square,16,16,16,6144,1,sm80_w8,0,7.7557335297266645,7.752533257007599,7.842133442560832,7.7557335297266645
square,16,16,16,6144,1,sm80_transpose_w4,0,8.58240028222402,8.573866883913675,8.643200000127157,8.58240028222402
square,16,16,16,6144,1,sm80_transpose_w4,1,8.573866883913675,8.567466338475546,8.579199512799581,8.573866883913675
square,16,16,16,6144,1,sm80_pad_w4,1,10.285866260528564,10.273067156473795,10.290132959683737,10.285866260528564
square,16,16,16,6144,1,sm80_w8,1,7.825066645940145,7.820799946784973,7.829333345095317,7.825066645940145
square,16,16,16,6144,1,sm80_w1,1,13.358933726946512,13.347199559211731,13.366400202115377,13.358933726946512
square,16,16,16,6144,1,sm80_w4,1,8.430932958920797,8.418132861455282,8.438400427500406,8.430932958920797
square,16,16,16,6144,1,tc_transpose,1,38.06613286336263,38.05226484934489,38.11839818954468,38.06613286336263
square,16,16,16,6144,1,tc_direct,1,38.806398709615074,38.74133427937826,38.81066640218099,38.806398709615074
square,16,16,16,6144,1,sm80_w4,2,8.447999755541483,8.429867029190063,8.489599823951721,8.447999755541483
square,16,16,16,6144,1,sm80_transpose_w4,2,8.588799834251404,8.564266562461853,8.630399902661642,8.588799834251404
square,16,16,16,6144,1,tc_direct,2,38.80319992701212,38.74666690826416,38.81066640218099,38.80319992701212
square,16,16,16,6144,1,tc_transpose,2,38.06293408075968,38.0511999130249,38.1279985109965,38.06293408075968
square,16,16,16,6144,1,sm80_w1,2,13.351466258366903,13.35040032863617,13.41866652170817,13.351466258366903
square,16,16,16,6144,1,sm80_pad_w4,2,10.276266932487488,10.273067156473795,10.27946670850118,10.276266932487488
square,16,16,16,6144,1,sm80_w8,2,7.810133198897044,7.75679995616277,7.820799946784973,7.810133198897044
square,16,16,16,6144,1,sm80_w4,3,8.430932958920797,8.425600330034891,8.493866523106893,8.430932958920797
square,16,16,16,6144,1,sm80_transpose_w4,3,8.594133456548056,8.528000116348267,8.598400155703226,8.594133456548056
square,16,16,16,6144,1,tc_transpose,3,38.06293408075968,38.056532541910805,38.11413447062174,38.06293408075968
square,16,16,16,6144,1,sm80_pad_w4,3,10.283733407656351,10.263466835021973,10.354133447011312,10.283733407656351
square,16,16,16,6144,1,tc_direct,3,38.80213499069214,38.74346812566122,38.83519967397054,38.80213499069214
square,16,16,16,6144,1,sm80_w8,3,7.769600053628285,7.7482665578524275,7.816533247629802,7.769600053628285
square,16,16,16,6144,1,sm80_w1,3,13.358933726946512,13.342932860056559,13.371733824412027,13.358933726946512
square,16,16,16,6144,1,sm80_pad_w4,4,10.29866635799408,10.274133086204529,10.338133573532104,10.29866635799408
square,16,16,16,6144,1,tc_transpose,4,38.06826670964559,38.0511999130249,38.12160094579061,38.06826670964559
square,16,16,16,6144,1,sm80_w1,4,13.34933340549469,13.345066706339518,13.365333278973898,13.34933340549469
square,16,16,16,6144,1,tc_direct,4,38.76159985860189,38.73066504796346,38.81280024846395,38.76159985860189
square,16,16,16,6144,1,sm80_w8,4,7.807999849319458,7.776000102361043,7.838933169841766,7.807999849319458
square,16,16,16,6144,1,sm80_transpose_w4,4,8.596266309420267,8.577066659927368,8.602666854858398,8.596266309420267
square,16,16,16,6144,1,sm80_w4,4,8.446933825810751,8.427733182907104,8.462933699289957,8.446933825810751
square,16,16,16,49152,1,tc_direct,0,286.53119405110675,286.4906628926595,286.5887959798177,286.53119405110675
square,16,16,16,49152,1,sm80_w4,0,64.94613488515218,64.90026712417603,64.97600078582764,64.94613488515218
square,16,16,16,49152,1,sm80_w1,0,82.89706707000732,82.86186854044597,82.95679887135823,82.89706707000732
square,16,16,16,49152,1,sm80_transpose_w4,0,65.85066715876262,65.76639811197917,65.90506633122762,65.85066715876262
square,16,16,16,49152,1,sm80_w8,0,59.24586852391561,59.22559897104899,59.28213198979696,59.24586852391561
square,16,16,16,49152,1,sm80_pad_w4,0,79.69813346862793,79.6277364095052,79.7258694966634,79.69813346862793
square,16,16,16,49152,1,tc_transpose,0,281.9957415262858,281.986141204834,282.0074717203776,281.9957415262858
square,16,16,16,49152,1,tc_transpose,1,281.9989204406738,281.94026947021484,282.06294377644855,281.9989204406738
square,16,16,16,49152,1,sm80_transpose_w4,1,65.84213177363078,65.82080125808716,65.95199902852376,65.84213177363078
square,16,16,16,49152,1,sm80_w8,1,59.27786827087402,59.24160083134969,59.31306680043539,59.27786827087402
square,16,16,16,49152,1,sm80_pad_w4,1,79.69706853230794,79.6832005182902,79.76426283518474,79.69706853230794
square,16,16,16,49152,1,tc_direct,1,286.50347391764325,286.42880121866864,286.56320571899414,286.50347391764325
square,16,16,16,49152,1,sm80_w4,1,64.94933366775513,64.90879853566487,64.97706572214763,64.94933366775513
square,16,16,16,49152,1,sm80_w1,1,82.89173444112141,82.83733526865642,82.91306495666504,82.89173444112141
square,16,16,16,49152,1,sm80_w4,2,64.97706572214763,64.87893263498943,65.02826611200969,64.97706572214763
square,16,16,16,49152,1,sm80_transpose_w4,2,65.79306523005168,65.78666766484578,65.83360036214192,65.79306523005168
square,16,16,16,49152,1,tc_direct,2,286.5205446879069,286.49492263793945,286.572806040446,286.5205446879069
square,16,16,16,49152,1,sm80_w8,2,59.27466551462809,59.237333138783775,59.31413173675537,59.27466551462809
square,16,16,16,49152,1,tc_transpose,2,281.99466069539386,281.98293050130206,282.01494216918945,281.99466069539386
square,16,16,16,49152,1,sm80_pad_w4,2,79.69813346862793,79.68213558197021,79.74826494852702,79.69813346862793
square,16,16,16,49152,1,sm80_w1,2,82.87680149078369,82.83519744873047,82.95893669128418,82.87680149078369
square,16,16,16,49152,1,sm80_w1,3,82.88319905598958,82.83519744873047,82.97599951426189,82.88319905598958
square,16,16,16,49152,1,sm80_w4,3,64.96320168177287,64.95039860407512,65.01546700795491,64.96320168177287
square,16,16,16,49152,1,sm80_transpose_w4,3,65.82186619440715,65.7589316368103,65.9007986386617,65.82186619440715
square,16,16,16,49152,1,tc_transpose,3,282.0074717203776,281.9360097249349,282.0661226908366,282.0074717203776
square,16,16,16,49152,1,tc_direct,3,286.5088144938151,286.49600346883136,286.572806040446,286.5088144938151
square,16,16,16,49152,1,sm80_w8,3,59.285334746042885,59.237333138783775,59.31093295415243,59.285334746042885
square,16,16,16,49152,1,sm80_pad_w4,3,79.72479661305745,79.6895980834961,79.76746559143066,79.72479661305745
square,16,16,16,49152,1,sm80_w8,4,59.283200899759926,59.26719903945923,59.309868017832436,59.283200899759926
square,16,16,16,49152,1,sm80_transpose_w4,4,65.77706734339397,65.7535990079244,65.82826773325603,65.77706734339397
square,16,16,16,49152,1,tc_transpose,4,281.99148178100586,281.98719024658203,281.9978713989258,281.99148178100586
square,16,16,16,49152,1,sm80_pad_w4,4,79.71306641896565,79.63519891103108,79.76213296254475,79.71306641896565
square,16,16,16,49152,1,sm80_w4,4,64.96533155441284,64.94400103886922,64.98666604359944,64.96533155441284
square,16,16,16,49152,1,tc_direct,4,286.571725209554,286.571725209554,286.6208076477051,286.571725209554
square,16,16,16,49152,1,sm80_w1,4,82.88959662119548,82.80746936798096,82.95466899871826,82.88959662119548
